序号,股票代码,股票简称,每股收益,营业总收入-营业总收入,营业总收入-同比增长,营业总收入-季度环比增长,净利润-净利润,净利润-同比增长,净利润-季度环比增长,每股净资产,净资产收益率,每股经营现金流量,销售毛利率,所处行业,最新公告日期
1,688121,*ST卓然,-0.19,130298708.5,-22.6204339025,-54.1377,-43634145.58,-423.9981278748,82.3969,9.617904318475,-1.93,-1.000163856102,15.7969842042,专用设备,2026-08-06
2,000637,茂化实华,-0.05,833736445.5,5.8213641682,3.6499,-28251396.94,19.44,41.0843,0.920569070348,-5.73,0.099292496815,3.3452756816,炼化及贸易,2026-08-06
3,688836,宇树科技,0.14,422840542.29,68.4900864552,-20.4857,50013826.62,-47.69,-71.07,7.294518937263,1.9,0.094499865592,58.4216727498,自动化设备,2026-07-31
4,301655,绿控传动,0.15,1013907266.14,100.2434123029,,58663991.34,87.62,,2.505887823156,6.26,-0.759299670692,15.860396057,汽车零部件,2026-07-31
5,688826,频准激光,0.93,101133631.37,55.205164551,,27940994.04,33.5,,17.018483398,5.64,0.048640681,69.2143032755,光学光电子,2026-07-30
6,874790,科州药物,-0.7,7240068.28,-48.3648624483,,-33477788.86,78.8985492423,,3.760354703546,-17.22,-0.39185970507,94.9595382821,,2026-07-27
7,688828,国仪公司,-0.2,52671993.59,-2.9890426501,,-71412321.7,-64.95,,1.906275098389,-9.96,-0.261298290833,31.3609460439,通用设备,2026-07-23
8,301717,超纯应材,0.82,146997734.78,62.3914797422,,62411891.68,58.85,,12.007489012022,7.05,1.022827518735,56.9031268918,半导体,2026-07-23
9,874746,前景无忧,0.1,91225613.76,-29.0962703892,-67.2595,10512016.63,-46.4623087024,-76.2589,4.668264054352,2.11,0.52386888463,35.3598495099,,2026-07-20
10,002330,得利斯,0.014,780289533.59,4.6364895237,3.4253,9179328.96,-5.93,158.4442,3.618861298411,0.4,-0.062882525541,11.7016880747,食品加工,2026-07-18
11,301707,展芯股份,0.13,130304555.34,12.9756413402,,49646701.65,72.1123423513,,3.946935249995,3.46,0.19684033215,82.6072062248,半导体,2026-07-17
12,603468,津富士达,0.224,1360993936.18,12.7416601486,,83084510.46,-9.4802829619,,7.725787077959,,-0.180615488298,12.7295934585,摩托车及其他,2026-07-16
13,001232,嘉立创,0.75,3028998779.41,45.2877622074,,376491009.19,51.71,,15.13743738642,5.11,0.96094041164,27.3332081735,元件,2026-07-16
14,874320,恒基金属,0.43,266645849.48,-14.09789827,,24867073.04,-24.3805702723,,14.321556739487,3.01,-0.017654012308,24.5377880802,,2026-07-15
15,874800,玄机科技,0.66,99943394.52,7.3203385353,6.5684,34153305.49,37.6939901854,17.0147,11.822315728388,5.78,0.570095108316,57.3501782137,,2026-07-10
16,301677,欣兴工具,0.63,125792609.34,6.7814939347,,47315677.28,4.250446952,,18.6105952892,3.45,0.219180455467,53.8819724033,通用设备,2026-07-10
17,688825,长鑫科技,0.4114,50800145545.85,719.1338353865,70.9542,24762031466.04,1688.2994641797,246.0881,1.357710761979,35.76,0.707160901804,79.1575472751,半导体,2026-07-09
18,874798,环能涡轮,0.43,129173051.15,0.1152461404,-14.6692,28226353.19,-46.744606711,-29.6139,14.401193070303,3.02,0.373961929545,37.9801013394,,2026-07-08
19,834948,晨泰科技,0.25,209474809.16,75.9248103641,3.063,32610816.33,64.2327493808,16.0733,5.550960263913,4.69,-0.239660473204,30.7480205559,,2026-07-07
20,874571,宇特光电,0.21,76829852.77,2.2980648006,,11009998.05,4.5632956491,,6.603154175472,3.2,0.148026124717,31.4871667559,,2026-07-02
21,688806,泰诺麦博,-0.25,24928922.56,14623.3569901583,,-96384971.74,45.46,,0.040341071262,-161.38,-0.277804388259,50.9445743972,生物制品,2026-07-02
22,874402,德耐尔,0.36,154728211.05,17.1881548615,-7.7597,18184177.95,-1.2134054233,-4.2136,7.185069958135,5.15,0.345161557937,34.5253689728,,2026-06-30
23,874769,莫森泰克,0.43,385105326.17,-7.6236245153,-27.8798,45838010.2,-3.419664528,-7.8686,11.255974945671,3.92,-0.83172989568,18.2913134208,,2026-06-29
24,874414,上舜科技,0.3888,59153041.0,50.5824814921,,11664324.51,58.3589157076,,5.492783476333,7.3459,-0.013898782333,36.5164744954,,2026-06-29
25,874233,华茂精密,0.32,39773166.98,13.655636472,,11248349.7,15.9219639785,,6.612258566566,5.04,0.008792397077,48.0120059074,,2026-06-29
26,874515,云眼视界,-0.14,24788992.67,2.3048038118,,-4178332.37,-223.9451806368,,10.250960858215,-1.35,-1.261759348515,25.4860563481,,2026-06-26
27,874036,久正工学,0.4,207350874.51,22.9795790105,,20255712.6,-9.8650085601,,10.927438026903,3.76,-0.380051673974,27.9393358658,,2026-06-26
28,430428,陕西瑞科,0.33,465328006.23,69.8993415871,36.6704,38166010.84,41.1668722219,-13.7865,7.303109024872,4.57,-1.334639560342,13.3716676424,,2026-06-26
29,874385,斯坦德,-0.33,125914482.53,-6.4192830432,-47.8259,-20674621.63,-7.8497010797,-150.9146,9.301559990746,-3.48,-0.418109098105,29.1633591801,,2026-06-25
30,874281,联川生物,0.3,107955935.15,21.9888444443,-21.127,13781713.27,30.752600798,-52.3873,13.390308654839,2.24,-0.903104549677,48.3055436161,,2026-06-25
31,873514,高义包装,-0.16,344207302.03,1.2540770173,-12.1329,-17289955.29,-189.5605025203,-247.699,9.514626338481,-1.65,0.489441455831,19.7773503724,,2026-06-25
32,874969,嘉拓智能,0.05,1122783533.66,64.3298138584,,16078154.45,649.4347573855,,5.993626767836,0.76,1.761512452702,15.8549994503,,2026-06-24
33,874870,武晓集团,0.3,509804850.53,-12.9145539982,-61.5781,44696555.54,343.8418435523,-53.3206,6.476909718267,4.71,-1.705336874667,18.7123853708,,2026-06-24
34,874792,八环科技,0.32,232550951.74,12.8421878438,,18592319.0,-9.7052354091,,13.521649322825,2.42,-0.729371200805,22.7625441538,,2026-06-24
35,874239,中健康桥,0.8,187360745.13,97.3776423813,31.1792,59971866.9,906.9757690973,203.1756,9.509690923767,8.73,0.888093301074,93.6965469625,,2026-06-24
36,873688,宇星股份,0.21,93312817.53,-16.3070642564,,8484750.81,1.322217948,,12.760199581277,1.67,-0.036958785077,21.5382352093,,2026-06-24
37,831474,上海科特,0.11,130792488.96,43.7575740178,,10831026.27,31.6224711093,,4.402114500741,2.64,0.056764763119,24.5594292726,,2026-06-24
38,688835,高凯技术,,173211500.0,50.4969893912,76.151,53658200.0,104.9963324062,126.1295,,,,,,2026-06-24
39,874915,中维化纤,0.05,227349481.43,6.1864241002,,18794808.55,-9.4623093677,,2.316088650824,2.17,0.170796676728,22.2361578755,,2026-06-23
40,874874,安保医疗,0.03,69377312.86,67.439761968,,2953349.48,135.6827609009,,2.94033559646,1.02,0.107886124814,57.9070150801,,2026-06-23
41,874720,祥晋股份,0.29,247959986.66,49.9453121794,-35.1626,18466765.24,1470.7101088061,-43.1428,6.341306120965,4.67,0.035255700316,15.2923957977,,2026-06-23
42,874382,九目化学,0.22,225717139.15,8.4892087589,30.2189,40770548.57,-16.0338083408,48.2804,6.437431130613,3.44,0.136701047787,38.0679092441,,2026-06-23
43,874332,文峰光电,0.35,64301807.33,26.7608697388,71.795,21054009.33,52.8215097514,306.1952,9.832395405167,3.63,0.026439933167,59.8651224256,,2026-06-23
44,873464,皇裕精密,0.1,213131433.67,0.3086758355,-14.1033,10231347.44,-56.4379648655,-58.9064,4.407697595842,2.33,-0.028169116423,23.807819896,,2026-06-23
45,873024,玫瑰岛,0.21,172959553.07,5.7919663118,,12526516.26,19.9071333309,,10.401918069841,2.02,-0.276314054579,31.7595828475,,2026-06-23
46,875011,优云科技,0.77,646766222.54,37.910565146,,69330692.71,44.3258216493,,9.203883946556,8.75,2.214820176444,19.6758245182,,2026-06-22
47,874901,星网信通,0.06,75971848.86,-50.1364776517,,4966910.08,-75.8483730904,,5.382517737328,1.18,-0.494124266291,36.7135342479,,2026-06-22
48,874736,裕富照明,0.4,103443477.58,0.1419294811,,11903965.95,-32.2402517953,,15.815321071667,2.54,0.539742010333,33.8467812269,,2026-06-22
49,874723,信联电科,0.15,110429001.25,12.4573290831,,17451302.36,48.8529505584,,3.517660986168,4.42,0.038103674032,36.8092500248,,2026-06-22
50,874591,日信高科,0.59,101772621.05,65.5476311043,,18088892.67,296.5,,14.647380444732,4.13,0.219733591334,46.2968703998,,2026-06-22
51,874347,泓毅股份,0.42,790885312.42,6.4265197888,,65706142.66,3.2913110746,,8.989339318305,4.83,-0.177108006256,17.6020977775,,2026-06-22
52,874191,华益泰康,0.12,53333126.63,-39.1019694022,-19.7041,7451395.99,-74.2527544805,-10.0892,7.186673503364,1.74,0.613430218325,71.3301408783,,2026-06-22
53,830978,先临三维,0.32,455605766.84,50.9830978941,-6.4701,130402489.3,118.90941059,-8.4897,5.285830312371,6.3,0.013370401692,75.1689894084,,2026-06-22
54,920079,乔路铭,0.27,677563407.04,0.3426062053,-25.602,97086538.41,4.013016216,-24.1811,4.91630747358,5.54,1.133038854179,24.0759712442,汽车零部件,2026-06-18
55,875083,林泉股份,0.28,200653345.84,15.1916267896,,34649163.92,15.1004177282,,6.491282282369,4.35,0.415506395584,30.5604849714,,2026-06-18
56,874879,戈尔德,0.21,593014830.81,25.4927313174,,17792532.99,-33.2790589562,,19.01354011204,1.09,-0.792363658804,24.5532225292,,2026-06-18
57,874823,腾龙健康,0.2,76428444.21,-4.0622298815,,19128850.23,-28.0343727998,,5.488152307134,3.72,0.145500251684,53.3189115534,,2026-06-18
58,874777,中星联华,-0.07,20148604.97,-26.0410995388,,-2391306.29,-149.6632771997,,3.050212380278,-2.15,0.286130214722,50.3102263164,,2026-06-18
59,837611,德芯科技,0.23,40149332.55,13.0666539921,,13814122.82,41.89,,10.002839935333,2.33,-0.153168726333,51.7482840446,,2026-06-18
60,301583,托伦斯,0.11,178753596.17,15.3740665424,,14641449.14,-14.5758737552,,6.539564056125,1.63,-0.543125647814,23.2516962011,半导体,2026-06-18
61,875148,普诺威,0.3,219969574.32,69.6627600037,,42560432.13,129.0149735147,,6.403646501868,4.8,-0.108228854071,32.6305192443,,2026-06-17
62,875117,北变科技,0.27,142845024.95,71.1735932528,,15294248.96,68.4018629691,,6.720618936425,4.04,-0.253288371027,21.9238261822,,2026-06-17
63,875037,景隆智装,0.02,58217804.66,-31.6448900999,,1073857.02,-86.3441323176,,8.4805001336,0.25,-0.2966015102,35.3707475063,,2026-06-17
64,875000,江苏永成,0.17,483595910.93,28.9952565438,,19799538.23,1004.4690996952,,6.703011500464,2.54,-1.768355719145,15.0236502993,,2026-06-17
65,874847,美昱新材,0.66,253602878.67,11.9886262454,,19766193.48,38.3525732357,,15.396809399333,4.37,-0.159931889667,14.9954067554,,2026-06-17
66,874831,利星科技,1.44,506311447.59,83.0355316133,,77620284.29,289.3690837567,,16.385052233216,9.17,-0.673366892362,24.5745799334,,2026-06-17
67,874817,昊翔股份,0.54,219018925.57,51.857443563,,27049282.66,44.0204747492,,8.5893013124,6.53,0.413869614,21.6952475665,,2026-06-17
68,874496,贝昂智能,0.28,123144023.15,4.4277712772,,16961005.25,-22.9939917566,,5.6975455595,5.09,-0.304351921,55.4749573244,,2026-06-17
69,874369,贵鑫环保,0.53,181825951.27,282.2313388623,,22330343.81,3257.959717946,,11.141754213481,4.86,-0.39371074445,20.53149414,,2026-06-17
70,875078,聚能磁体,0.0572,30357403.94,49.5544815414,,4857944.47,78.243697297,,4.162845167765,1.38,0.119861557412,43.9549533167,,2026-06-16
71,875070,陌桑高科,1.05,532403972.72,52.1730197738,,158571217.07,242.6873035582,,11.900423449423,9.22,1.54268071769,37.8956664615,,2026-06-16
72,874821,易事达,0.47,105946213.09,10.9829350157,,16199831.36,-10.6050286227,,11.264591161116,4.29,-0.047909929086,33.829938527,,2026-06-16
73,874806,华光股份,0.05,332083107.64,8.7684736209,,25456740.08,84.4980683333,,2.100150708374,,0.073216627608,18.2801905527,,2026-06-16
74,874766,远征传导,0.06,82925796.31,-44.661734844,,3181226.71,-46.0884138353,,6.846122056792,0.88,-1.729007123396,15.9727029216,,2026-06-16
75,874673,金龙稀土,0.0342,1691331374.99,32.6478210176,,84967181.88,42.6192932914,,1.591033688501,2.17,-0.395013612536,13.3138817868,,2026-06-16
76,874593,安特磁材,0.26,153356422.1,-1.8704203569,,15573675.51,-13.0277951194,,6.647833468333,3.98,0.2068318395,17.8344439023,,2026-06-16
77,874070,天广实,-0.67,20152442.07,-74.21459715,48.419,-50410904.8,-3795.8028612918,-234.7649,1.705690899468,-33.96,-0.535735405741,86.6415623444,,2026-06-16
78,874049,文依电气,0.31,97888921.41,26.9266672542,,17388985.47,66.9266253683,,7.563225931581,4.21,0.023890437865,43.0930545483,,2026-06-16
79,874886,映日科技,0.44,221669942.04,-2.28045771,61.9391,39683822.46,6.4851325172,153.158,9.343687016917,4.87,-1.551903317502,27.1439759835,,2026-06-15
80,874717,鹰峰电子,0.14,381269419.23,-16.7453925217,,15063427.71,-6.5215839149,,10.671315660112,1.36,0.04160360939,17.0328667878,,2026-06-15
81,874989,恒业股份,0.05,42528200.73,138.556661968,,5569117.91,482.9580857914,,3.243792838923,1.41,0.048518617462,38.8807542905,,2026-06-12
82,874868,华日激光,0.16,74196309.53,52.3548227836,,7864271.71,170.8334287422,,6.589373544811,2.51,-0.767613336022,44.840159114,,2026-06-12
83,874810,中欣晶圆,-0.03,587533241.1,49.4384689552,,-132089452.69,33.8528849623,,0.893310219797,-2.79,-0.035867674853,-10.4650376181,,2026-06-12
84,874419,振华海科,0.16,111857086.42,8.6918554523,,18289493.92,535.3393685433,,7.052755367592,2.29,-0.003583091592,27.8165834958,,2026-06-12
85,874390,佑威新材,0.58,191192029.0,10.6186626178,,28929707.69,98.4362781371,,15.942978108,3.7,-0.073265758,28.5229668283,,2026-06-12
86,872824,先歌国际,0.06,107451607.18,-5.133025216,-25.0463,12812570.69,4.6706402747,-54.439,2.32332182525,2.78,0.06907030455,44.9938219993,,2026-06-12
87,874781,泰丰智能,0.19,164462390.19,33.4088458635,,12654521.41,10.2107327281,,12.285523377785,1.52,-1.009408687481,23.6331532122,,2026-06-11
88,874451,紫光国芯,2.0266,868130086.48,232.1400996646,,276265611.61,2225.1803332659,,10.99662747942,20.3,-4.548750732959,48.0138828836,,2026-06-11
89,874249,邦泽创科,0.86,472699850.93,11.8418074664,8.7917,45516852.92,2.4023338483,12.2678,12.087675391384,7.42,1.312593342747,42.1578905743,,2026-06-11
90,874023,传美讯,0.11,55567995.9,10.5109920441,,9612111.62,3.6775533855,,2.940204853172,3.84,0.05113217624,39.2683405917,,2026-06-11
91,872726,中机试验,0.07,108117196.35,25.4478695144,,7532891.52,4.53576097,,4.987712371493,1.41,-0.300014831702,24.4029527131,,2026-06-11
92,001248,华润新能源,0.15,6210765692.24,-2.8098388038,,1616795103.15,-31.07,,,,,46.6798585304,电力,2026-06-11
93,874877,越新科技,0.29,116991504.32,15.3371727224,,17625993.69,48.3078878846,,3.542318752833,8.65,0.455490046333,30.9768629788,,2026-06-10
94,874818,睿龙科技,0.12,47243847.03,-55.5260152067,,14174255.35,-76.3152970426,,5.00792818861,2.33,0.017519027615,67.0840008433,,2026-06-10
95,874773,犇星新材,0.589,1583885166.98,29.1443120381,32.4966,212041109.01,107.9356177759,56.1298,9.171727981778,6.64,-0.514528871444,23.5595027038,,2026-06-09
96,874391,金钛股份,0.23,484853260.72,29.9852187951,17.4709,48243158.05,35.4564185096,17.3141,7.198266906952,3.24,-0.116865154476,18.2982481191,,2026-06-09
97,874236,华晟智能,0.39,185949083.91,91.7511072642,-54.6573,19521520.75,409.5323624928,-64.755,8.6297849974,4.63,-1.5256090098,22.5699643029,,2026-06-09
98,301042,安联锐视,0.1613,177305208.18,76.8583196774,31.4708,11244708.61,62.5,-4.5519,15.430755981008,1.05,-1.026667877926,29.9865571665,计算机设备,2026-06-09
99,874695,赛维达,0.32,92303302.25,-31.3009097997,,15056285.26,-59.956834626,,7.364334869036,4.41,-0.977344843364,30.9211896154,,2026-06-08
100,873074,富士智能,0.11,253311461.97,1.8589107166,,16349269.49,-28.0297968493,,5.169527659738,2.24,0.046301849159,19.9060543206,,2026-06-08
101,920136,永励精密,0.39,117892395.46,-11.5075188444,-26.5694,23270793.01,-13.0467839285,-27.6981,13.343555160833,2.95,0.755143841833,32.8905145567,汽车零部件,2026-06-05
102,920117,龙鑫智能,0.32,147403717.46,59.8801603642,-24.5466,21356508.23,45.7334121368,-49.0053,10.330231047906,3.12,-0.054116178435,27.0739201274,通用设备,2026-06-05
103,873254,科蓝环保,0.16,45138335.91,19.9686753643,,9014076.6,160.6270687766,,6.796092201638,2.34,-0.080792355525,48.2801367854,,2026-06-05
104,874976,澳维科技,,106598172.22,18.4089500376,,20477953.66,15.4158500285,,4.3434673286,,-0.029779593343,39.5518406103,,2026-06-04
105,874352,福建三星,0.31,135680962.4,39.6260744298,,22544674.66,68.7222225152,,8.647928506797,3.61,-0.328548834421,29.4348584898,,2026-06-04
106,688797,臻宝科技,0.44,222949316.92,34.9297029194,,51025494.75,72.38,,10.84633107922,4.13,0.350572448518,46.8357950913,半导体,2026-06-04
107,001399,惠科股份,0.15,10263351404.3,5.8490729097,-11.9727,995464218.45,-1.61,18.9591,4.020386485143,3.88,0.465980701103,20.9576975945,光学光电子,2026-06-04
108,920222,益坤电气,0.15,88426077.89,12.6459875126,-11.3013,10774413.7,13.9974420608,-39.1013,4.83750322033,3.11,0.388943688462,28.9364611781,电网设备,2026-06-03
109,874775,云岭光电,0.0291,83635216.21,78.3622896111,12.0479,9258966.93,35.6580039455,-25.7627,1.94085202535,1.51,-0.044006412897,35.4626339884,,2026-06-03
110,874726,国电股份,0.38,437380374.63,13.4079699734,,17460441.74,12.2457578414,,3.913377535575,9.79,-1.384069583225,9.9881460678,,2026-06-03
111,832836,银钢一通,0.27,92741629.3,9.0420237962,,13814800.32,16.4105867092,,8.145210617289,3.33,0.00292748643,24.4229249485,,2026-06-03
112,920065,千岸科技,0.71,455770050.98,3.9545523962,-25.3873,51970787.34,-14.9787011409,-16.1505,10.174013520687,7.27,1.213038407835,46.4113799942,互联网电商,2026-06-02
113,874860,帅特龙,0.52,298213198.52,8.3508169404,-32.2976,31008960.5,8.4537212385,4.286,14.273381828333,3.69,0.331988115167,24.6446941969,,2026-06-02
114,874522,中德科技,0.09,84724525.01,6.7417316234,-49.513,5923678.73,666.0829308539,-79.3191,6.955432133746,1.29,-0.358683918441,28.9415288042,,2026-06-02
115,874494,新涛智控,0.17,66372888.58,-14.5269059237,-34.3226,8644518.07,-19.8291819359,-36.8052,8.5258508346,2.05,0.4815798446,26.5526114157,,2026-06-02
116,833755,扬德环能,0.08,102886820.64,19.9183362993,2.6698,27804335.53,0.6208116977,39.5349,2.962939784465,2.66,0.0379621789,43.0879744113,,2026-06-02
117,874779,朱炳仁铜,0.68,379272799.99,92.1676488108,,71820770.53,168.4416877087,,6.18822187,,0.871582149429,59.9097233564,,2026-06-01
118,874438,亚信股份,0.29,95606178.46,31.6285043911,,14360736.37,58.697897585,,4.7570855918,6.23,0.0952773554,29.6934456614,,2026-06-01
119,834377,德博科技,0.6,131207727.1,38.888434029,,26243013.74,36.2379750355,,7.43972783,8.26,0.508246007045,32.1955408143,,2026-06-01
120,875058,博涛智能,0.81,565211669.46,45.5998991236,,85490823.14,30.7428515915,,12.183025591577,6.83,0.750875727359,26.6989768425,,2026-05-29
121,874729,深达威,0.283,71417131.66,1.6001387594,,14362871.58,-0.5873281598,,7.395019394946,3.9,-0.052441571523,36.7303207652,,2026-05-29
122,874579,康华股份,0.05,114140106.42,-12.2457389853,-46.8718,16576812.63,62.2247221007,-75.2889,3.593319649389,1.56,0.033625764333,60.6963187025,,2026-05-29
123,873952,鑫森炭业,0.06,73953199.98,-6.1771054391,-1.3907,7365694.53,-35.1432352372,-31.1886,3.239591365576,1.88,-0.023717606623,26.7298332802,,2026-05-29
124,832684,天运股份,0.03,71138120.08,-36.976360123,-25.2011,4038456.29,-74.043852607,-65.7563,2.272930934988,1.48,-0.036717276563,16.7399937285,,2026-05-29
125,874873,卓目科技,-0.14,10999048.38,-14.8664676705,,-6217814.41,-312.9924267354,,5.651502075178,-2.38,-1.16579389609,41.593720947,,2026-05-28
126,874684,科建股份,0.3,108980584.86,6.0663297296,-27.9784,15964857.02,34.097080147,-27.9509,7.641657527608,3.95,0.37704210516,32.8863129851,,2026-05-28
127,920193,吉和昌,0.3,158343038.86,33.264532074,,25139078.3,66.5332953692,,6.424749324379,4.81,-0.010111315864,31.8230116226,电池,2026-05-27
128,874778,格兰达,0.13,407773945.48,25.970278012,,21405375.66,110.1293510023,,2.621789842291,5.18,0.027560329969,19.2327846689,,2026-05-27
129,874595,中塑股份,0.68,178137586.76,17.5270172694,,25238449.61,-2.22,,16.62551898687,4.19,0.102453678579,29.9621109058,,2026-05-27
130,874159,邦特科技,0.22,195439694.74,-1.9173137795,,12303486.25,-2.1482517002,,7.855861264607,2.8,0.584649658605,16.2589529738,,2026-05-27
131,873845,鑫宇科技,0.51,261725609.6,242.8441413476,,64291734.46,454.7459601215,,5.491001692166,9.3,-0.141181224395,40.367968565,,2026-05-27
132,002842,翔鹭钨业,0.77,1148072573.02,138.6536376602,44.867,250511730.78,2917.13,172.5004,4.461930855713,18.79,-1.779880166856,31.0205527263,小金属,2026-05-27
133,874930,海明润,0.28,97822868.06,15.0078230085,-0.6276,17589002.9,-25.1069455949,125.5558,6.526043800057,4.0,0.006168483803,51.0179994614,,2026-05-26
134,874786,嘉泰激光,0.29,201698792.5,26.7595460529,-11.6982,23429136.18,115.8681392748,82.8787,6.342931136005,4.74,0.19226460025,27.1824634944,,2026-05-26
135,874642,星基智造,0.47,71185331.32,-5.1504368595,-15.2591,15551881.81,-16.7764730126,-12.555,5.63289311303,8.75,0.071368602727,42.1581665822,,2026-05-26
136,874536,浙江天际,0.15,168662388.76,50.6903226086,,20108082.78,36.4773170125,,4.334393031111,3.5,-0.183945830815,29.2378513387,,2026-05-26
137,874379,舒友仪器,0.54,56428637.36,5.0976230817,,16317086.9,2.3100954788,,14.019000752333,3.96,0.444124603667,49.22093809,,2026-05-26
138,874701,永志股份,0.154,319041246.27,25.0863079833,,17433067.8,20.0528809915,,5.271114942194,2.96,-0.002744296483,14.1686018559,,2026-05-25
139,874360,世纪数码,0.43,170840776.55,5.5281255014,5.4441,14227657.18,17.6622593445,-19.5963,9.853245622376,4.43,-0.407404296941,20.726577141,,2026-05-25
140,839010,延安医药,0.09,95676699.27,13.2549203999,,11774754.46,110.147709632,,5.796572902837,1.61,0.291244320883,40.0747162293,,2026-05-25
141,874987,科麦特科,0.23,98619586.37,22.2880559739,,12293910.01,-33.377690312,,6.665238950745,3.59,-0.275704366155,32.7762552854,,2026-05-22
142,874751,宏景电子,0.33,378148197.52,22.9909826817,,38711192.94,44.2163915148,,4.111491596275,8.38,-0.027615523236,22.5749031834,,2026-05-22
143,874498,艾斯迪,0.22,183469591.95,-0.2890283478,-22.6817,11457688.62,-20.8882884214,-27.8537,10.306256758627,2.2,0.484564481961,16.6599278034,,2026-05-22
144,874392,祺龙海洋,0.09,59446543.83,-31.7188588997,13.1383,12209313.92,-45.5345138057,159.3616,2.670737643068,3.27,0.07729710834,37.9230282159,,2026-05-22
145,874386,杰锋动力,0.83,567786756.39,11.8647718216,-19.6779,40874016.47,49.4815383921,-30.9942,15.960230695134,5.35,-2.206220860892,20.8493172283,,2026-05-22
146,873981,正导技术,0.1,334431987.2,22.4054927415,-10.804,9787795.55,14.9908439036,-53.3245,3.810878459,2.6,-0.548084309,12.2141069914,,2026-05-22
147,871633,华电光大,0.02,54194861.33,21.8773500482,-59.1527,2065673.05,159.2131411948,-91.0878,2.615592167154,0.61,-0.296950924,40.2996357662,,2026-05-22
148,837291,汉盛海装,0.53,97804596.35,39.9351845336,,25438198.81,37.9915071399,,7.1497472225,7.67,0.319404795625,48.679685942,,2026-05-22
149,430555,英派瑞,0.07,134610149.99,12.4520350073,0.5654,16839961.7,21.759586991,-9.3402,2.006940685878,3.52,-0.057279018504,29.3421077704,,2026-05-22
150,920126,永大股份,0.2547,191622469.35,-2.1799875409,-47.6269,35540085.92,-11.5806087942,-8.7844,5.810423678346,4.48,-0.033003628475,24.7912455993,专用设备,2026-05-21
151,874544,邦正精机,0.24,33139670.89,21.4213108588,,7501352.86,19.9503582066,,8.13546859086,2.98,0.859932970202,45.7403612737,,2026-05-21
152,874445,科金明,0.11,168870981.91,12.8768066775,-59.3709,3061202.69,336.94825789,-93.5355,13.034923026428,0.86,-0.262083073654,32.0680034944,,2026-05-21
153,874158,天元重工,0.0866,84256788.04,21.8530991052,-69.0066,14823144.26,46.5634179705,-61.1545,3.688487606659,2.38,0.236932007652,28.5303552143,,2026-05-21
154,874025,凯达重工,0.07,87832419.9,-19.5828097152,,11011092.67,-28.1761299679,,3.267765900303,2.06,0.088100076788,26.611865888,,2026-05-21
155,603435,嘉德利,0.15,209388700.0,15.3932675913,,63418600.0,3.2803891584,,,,,,电子化学品Ⅱ,2026-05-21
156,301688,格林生物,,318053000.0,15.9532356134,25.1652,50086900.0,-1.1336091526,40.8483,,,,,,2026-05-21
157,301669,高特电子,0.04,232971097.99,26.1447578299,-35.641,15454103.68,29.85,-65.9344,2.651294834611,1.63,-0.4124130335,23.7006102673,其他电源设备Ⅱ,2026-05-21
158,001237,惠康科技,0.75,561067055.45,5.4571058619,-2.9194,82939303.27,3.61,44.1442,13.349973985825,5.73,0.102494587627,25.9744247723,通用设备,2026-05-21
159,874772,腾信精密,0.8155,203154926.26,4.7493722348,,48928224.83,-14.1684747414,,16.654736013,5.02,0.748828271667,48.0923744891,,2026-05-20
160,874727,尚睿科技,0.55,374878192.8,11.4628248219,-52.3916,29051691.46,-8.3687278888,-61.6892,13.011637715154,4.3,-2.363216586472,44.874565966,,2026-05-20
161,874617,双英集团,0.06,758190058.87,20.4900730455,-38.0641,7084430.86,44.0834049975,-91.6585,6.800214585795,0.92,0.800078845178,11.8598223886,,2026-05-20
162,874569,菊乐股份,0.9147,452480549.28,17.1149919903,15.2454,84590012.68,29.504656983,51.7044,15.907529227097,5.92,1.061787450693,37.2371463697,,2026-05-20
163,873264,广规科技,0.13,150220949.58,2.9895238344,-58.2147,15262913.27,-5.1296796168,-79.7172,8.780467235167,1.46,-1.026143104833,44.1161178153,,2026-05-20
164,874811,重数传媒,0.74,89689056.93,5.5830508373,,33285682.61,-1.6356269667,,16.148313523556,4.69,0.235063680222,43.0527635608,,2026-05-19
165,874611,北方实验,-0.13,36697031.73,8.7258885944,-83.1737,-9415549.2,-289.9271559995,-110.2197,8.741355542,-1.43,-0.337332487733,60.4724676733,,2026-05-19
166,874565,耀泰股份,0.76,220700784.0,10.4889883318,-7.4163,46821490.76,0.9245556128,20.0509,7.461976447642,10.73,0.733141976098,46.8909447236,,2026-05-19
167,874537,美康股份,0.3546,56885791.39,13.6090034109,-17.8063,19939583.65,12.5748515175,-26.1838,8.92539742517,4.05,0.040395793301,80.078128979,,2026-05-19
168,874226,博韬合纤,0.35,216961947.68,11.6144887723,-10.1898,16305580.1,10.6165050216,-26.5087,14.008928122501,2.56,-0.550505592226,13.2816048981,,2026-05-19
169,874142,南方乳业,0.31,402333894.37,4.2353688125,-21.7995,47040621.04,-6.8433779542,4.5605,13.019827618667,2.44,0.354248385533,27.5992725654,,2026-05-19
170,874111,兢强科技,0.47,427979975.93,10.5749032512,4.7253,27930954.14,18.717956263,45.0785,11.802877130856,4.03,-0.926090934113,11.8417166317,,2026-05-19
171,875017,泽天春来,0.09,91200469.02,7.9187435452,,7803409.71,6.1243208002,,4.386517373333,2.0,-0.786347501444,37.1652982756,,2026-05-18
172,874978,中源技术,0.14,41034092.81,-70.4374629597,,7100889.34,-87.4999396596,,7.7295747492,,-0.2687340746,34.4085807023,,2026-05-18
173,874812,铁近科技,0.53,109989967.89,50.2536100264,-10.2964,23373156.82,91.8475915568,-15.1058,11.784252636821,4.47,0.022212536006,39.2347662408,,2026-05-18
174,874785,芬尼股份,-0.02,281075758.79,11.7159179983,-39.2338,-2279140.8,-356.7999906976,-104.9281,9.10199713286,-0.24,-0.122465435529,29.877054379,,2026-05-18
175,874668,江锅股份,0.13,145483042.64,-7.6727753441,-22.1297,12116435.02,-36.3686083246,-49.0406,5.46193700766,2.33,-0.827923996167,18.4810459708,,2026-05-18
176,874378,华汇智能,0.43,141048678.83,3.3637461313,-30.9159,21933504.22,7.32,-14.1988,5.827062751103,7.69,0.455785056331,33.2144157596,,2026-05-18
177,920211,新睿电子,0.56,84116307.92,4.3275691189,,15610828.68,-15.7502198985,,9.839486148929,5.83,0.468234108214,34.3922629932,自动化设备,2026-05-15
178,874709,华大海天,0.25,127994827.51,13.758744823,-37.0712,13633975.13,11.13112108,-45.7456,10.423660256727,2.41,0.617361108182,22.3818745861,,2026-05-15
179,874421,旭阳新材,0.24,346867909.98,15.5042469014,,28905175.82,52.3001966918,,6.60395048616,3.75,-0.481412947847,21.4107006221,,2026-05-15
180,874322,幺麻子,0.23,119029384.99,4.7354733859,,30790140.74,7.2226158332,,9.091164826818,2.6,-0.255533958485,40.4127600458,,2026-05-15
181,874200,广泰真空,0.31,121405185.23,97.9439627906,82.8446,21061573.8,46.3695959876,316.8548,5.276747451758,6.11,0.228989384861,28.5091188605,,2026-05-15
182,688981,中芯国际,0.17,17617218000.0,8.0738981485,-1.0979,1361209000.0,0.4,11.3315,18.722359595308,0.9,0.641349093381,21.4758595824,半导体,2026-05-15
183,688347,华虹宏力,0.08,4625372637.73,18.2191831331,-1.7562,139562597.0,513.1,11.3444,26.040080109042,0.31,0.524439149776,17.625466293,半导体,2026-05-15
184,001365,天海电子,0.26,3456355339.43,12.8778343588,-31.8327,116907780.39,13.8903762888,11.6207,11.823465873363,2.24,-0.040246793251,12.039713489,汽车零部件,2026-05-15
185,920206,彩客科技,0.58,139007223.29,-8.5678368661,35.4242,36572956.13,-20.9034308676,24.6752,9.804644484856,6.05,0.265860178504,38.2550610259,化学制品,2026-05-14
186,874567,辛帕智能,0.5,79380743.67,80.8807485534,38.1935,27111099.63,215.5012127166,89.2022,10.117164439362,5.07,-0.107209092874,48.8329605366,,2026-05-14
187,874552,原力数字,1.01,125449500.9,41.4508782163,-43.0664,24375979.82,47.8788115223,-39.9761,34.711111537744,2.96,0.998176035523,42.5506100838,,2026-05-14
188,874543,百利食品,0.45,564385537.75,13.5523873574,4.3711,80005130.93,16.468751832,2.7489,7.858408494045,5.89,0.455817159101,31.5305383939,,2026-05-14
189,834044,富泰和,0.18,227708542.21,5.2475823475,5.2308,15767795.7,-45.7590356352,156.8846,7.728853940771,2.31,-0.018410921346,30.1579642834,,2026-05-14
190,001393,维通利,0.26,667239800.91,10.625515372,-27.0166,49150038.85,-10.2360648599,-42.0651,10.092081712834,2.65,0.041455086791,19.0663245473,电网设备,2026-05-14
191,920038,森合高科,0.72,188028393.47,0.6740387406,-10.9139,61128741.68,8.6101807313,-13.9155,10.249914005527,7.24,0.713554321482,47.9118795717,化学制品,2026-05-13
192,874867,佳宏新材,0.54,111192602.98,59.5175814013,-20.0406,20305935.66,233.2532828162,-23.7298,16.739524610389,3.25,0.21994452485,47.3640231981,,2026-05-13
193,874848,新派能源,0.58,349766863.75,4.0173839211,-17.1399,32172288.69,-49.7809539387,-33.3135,20.438920865841,2.9,-0.275150725651,23.270608564,,2026-05-13
194,874550,奥立思特,0.15,154647587.68,-14.8792744626,6.1597,13663305.5,-18.6893153285,20.6216,8.335669867068,1.78,0.004375606905,20.888065947,,2026-05-13
195,874222,欣战江,0.2972,83875416.46,0.0201735067,-23.821,16893283.51,20.4248744816,-31.5581,11.576100609499,2.57,0.005067351099,36.0611620503,,2026-05-13
196,300860,锋尚文化,0.03,88262799.85,-5.7352855927,117.0867,4851464.12,468.91,119.2296,16.597418477031,0.16,-0.011586456158,14.0901670479,专业服务,2026-05-13
197,874637,百瑞吉,0.49,91027543.23,26.0906445015,8.5675,29274306.8,55.6970684574,47.6139,5.820495779667,8.76,0.178572012,81.8439304923,,2026-05-12
198,874456,石羊农科,0.9,904579767.15,-10.2254821584,-11.2037,84191926.28,-43.7497881337,46.5459,22.813853840729,4.1,-0.136364789925,14.8148316275,,2026-05-12
199,688235,百济神州,1.11,10544044000.0,31.0165795422,-0.8064,1607782000.0,1801.3026041501,399.1345,21.429251673712,5.05,0.877808632952,89.0212427035,化学制药,2026-05-12
200,920176,维琪科技,0.48,66121338.28,2.2434584144,0.1564,24092357.51,3.2894060109,12.2853,12.4478461848,3.95,0.1891770156,67.9572044953,化妆品,2026-05-11
201,920083,金戈新材,0.21,122335187.68,4.7562738522,-15.9319,14027904.51,67.6895529264,-10.4456,6.796819034293,3.13,-0.01951790179,23.4760956064,非金属材料Ⅱ,2026-05-11
202,920072,科莱瑞迪,0.24,77262592.08,19.4171981829,,14703582.57,39.2707310769,,8.427573219579,2.86,-0.025652146602,61.8819293825,医疗器械,2026-05-11
203,874919,济人药业,0.11,263155406.6,-7.6524638707,-13.4383,39817427.73,64.0139748258,-24.927,2.579615536387,4.36,-0.080223333877,44.9424998817,,2026-05-11
204,874774,里得科技,-0.01,62517325.33,37.5449397679,-67.9033,-935072.47,-274.7227029267,-101.8078,11.183880033789,-0.13,-0.186559478862,24.8205870742,,2026-05-11
205,874640,百迈科,0.34,52642174.04,31.4966537699,-22.8193,13682278.14,11.904032418,-17.1698,9.077799180074,3.78,-0.12739321476,67.7536292914,,2026-05-11
206,874527,贝尔生物,0.46,70878618.66,-8.0446239439,-49.2899,34231308.68,10.8081427307,-54.836,12.998316929733,3.58,-0.041681069733,82.6807363178,,2026-05-11
207,874387,百英生物,1.383,207836230.96,91.2753416817,10.7759,82430379.72,153.6996761161,26.6653,19.757195145596,7.26,0.90530393621,70.230233259,,2026-05-11
208,873974,培源股份,0.19,182531005.89,20.1781412043,-14.8653,12950146.08,2.2678712315,-58.1522,8.588377755819,2.26,0.62960867235,24.9497177468,,2026-05-11
209,001235,里得电科,-0.01,62517325.33,37.5449397679,-67.9033,-935072.47,-274.7227029267,-101.8078,11.183880033789,-0.13,-0.186559478862,24.8205870742,,2026-05-11
210,600400,红豆股份,0.002,685717985.52,-8.8167066498,-37.4072,5600663.28,128.8949580708,102.7424,0.605353573127,0.4,0.091053770469,42.0573589551,服装家纺,2026-05-09
211,000928,中钢国际,0.1286,2879400012.36,-18.1676130191,-39.2453,184563912.14,-20.3,361.9142,5.991384596938,2.18,-0.211050540042,15.11971572,专业工程,2026-05-09
212,874885,鑫巨宏,1.52,404946363.11,251.2729543907,32.6022,96070584.67,322.0251255344,25.8903,9.293921146477,17.84,-0.935019597625,37.9519210865,,2026-05-08
213,874669,德硕科技,0.49,285989356.99,33.8404525099,-5.108,24479454.01,-0.5916954054,-5.7304,9.9418568988,5.05,1.7440989704,19.8951979293,,2026-05-08
214,874539,四维材料,0.33,661482769.77,29.5679943265,,21180144.44,79.3417593845,,7.300211578688,4.57,-0.719021102798,8.747883158,,2026-05-08
215,872893,威易发,0.53,35768396.58,5.0026308037,,15957999.1,1.8317140447,,9.090857985333,6.03,0.421383519,70.6522023806,,2026-05-08
216,688635,长进光子,,53952952.2,20.6193001474,-20.042,19886513.59,30.98,-35.6728,9.222845561653,3.12,0.063642579837,62.2909621802,通信设备,2026-05-08
217,603407,长裕集团,0.15,383210600.83,-1.37,-16.6414,55766769.88,7.27,-24.4846,4.280851278455,3.61,0.03127513686,28.4501122709,化学原料,2026-05-08
218,301531,春光集团,0.18,330664141.65,35.9123407237,,29684786.29,45.59,,4.888775788835,3.75,-0.286884493265,22.8381784681,金属新材料,2026-05-08
219,300817,双飞集团,0.0762,251292553.93,21.1071293071,-9.0327,16631788.4,28.27,-12.6088,4.829766775215,1.59,-0.151373428022,24.5620245665,通用设备,2026-05-08
220,300152,*ST动力,-0.0047,62059960.9,9.8887795183,-32.3469,-3389143.25,38.46,87.4553,0.296474613735,-1.59,-0.003512777469,32.0147381208,环境治理,2026-05-08
221,920258,聚仁新材,0.1318,201475772.61,31.4250678505,,47463734.25,59.3571873588,,2.381220164833,5.69,0.046046086056,34.9072780707,化学制品,2026-05-07
222,920238,长鹰硬科,2.16,561932685.75,163.6107868342,45.3027,166931538.22,1303.9310332422,179.505,12.147904808996,19.56,-2.412622548709,44.199919588,通用设备,2026-05-07
223,920189,康美特,0.18,114431195.3,14.7330199908,-1.5815,21605645.72,24.7816947697,-4.3095,5.023823692263,3.64,-0.043612695507,41.8157112617,电子化学品Ⅱ,2026-05-07
224,874685,苏州双祺,0.37,141997707.05,104.9714679461,-55.3,23095535.96,540.9652199889,-53.2404,7.5800676494,4.99,1.267337780336,24.039564722,,2026-05-07
225,874433,安达股份,0.26,271544667.6,13.8107279627,-0.0171,22135238.84,-1.1081216893,116.1741,5.855615376905,4.6,-0.049768525476,17.9021080987,,2026-05-07
226,874279,定西高强,0.48,220802503.41,24.3659853733,-26.0508,21735717.13,24.7004490688,2.015,15.104161292845,3.23,-0.443327968419,19.5445674544,,2026-05-07
227,874149,同富股份,0.31,671298751.44,14.4987459957,-16.0545,31702294.6,-17.3536856864,0.5461,13.211263391965,2.38,-1.237431919353,26.6335983609,,2026-05-07
228,688216,气派科技,-0.03,223444354.82,69.770469289,-6.21,-3724645.45,88.4228488576,-389.9099,6.394133007544,-0.59,-0.081342915594,10.5717337943,半导体,2026-05-07
229,002863,今飞凯达,0.05,1396714731.6,14.972221889,2.4013,29400575.45,15.95,333.2167,4.710962920861,1.03,0.130922556434,12.4712443607,汽车零部件,2026-05-07
230,874827,元立光电,0.53,96238248.85,26.4036143966,,15568182.58,27.8238253712,,11.243445355487,4.84,-0.475896940014,36.3713952698,,2026-05-06
231,874679,正大种业,0.16,77850203.23,-2.8629192715,-70.472,23124289.72,4.6583379826,-74.5747,4.441236461133,,0.002019860974,47.2695314889,,2026-05-06
232,874251,衡美健康,0.34,218481836.73,0.7342926494,-16.2516,17061504.65,-15.5627279325,-11.8045,11.719001557,2.96,-1.841981725,23.928991326,,2026-05-06
233,600166,福田汽车,0.063,15779016045.36,6.6051874603,-0.1203,501440493.03,15.1,99.6349,2.03258216971,3.16,0.150647684083,10.8819812606,商用车,2026-05-01
234,600085,同仁堂,0.344,4664047730.98,-11.5933683334,18.1289,471176748.55,-19.07,3886.7689,10.270223727862,3.4,0.687218521308,41.6573481709,中药Ⅱ,2026-05-01
235,920218,新天力,0.22,256600955.02,5.949973374,20.946,15140775.94,8.982485817,458.066,8.652292798231,2.52,0.47591130127,16.9481817075,包装印刷,2026-04-30
236,900948,伊泰B股,0.46,10901197332.69,3.194469976,6.2071,1360676453.89,6.06,3.4974,16.906439308829,2.77,0.773881467611,30.9749034036,煤炭开采,2026-04-30
237,900945,海控B股,0.0399,18473382000.0,4.9546513584,22.8826,1725206000.0,533.63,299.3713,0.160918135223,28.1,0.098868551711,11.8656399786,航空机场,2026-04-30
238,900943,开开B股,0.069,269496014.99,-0.0503831328,-12.3175,18047875.28,126.21,25786.1793,3.025460114754,2.3,-0.011828566013,16.4118680499,医药商业,2026-04-30
239,900942,黄山B股,0.0475,417246229.91,3.5295067055,-27.3004,34626675.88,-6.15,-11.1916,6.586913077369,0.72,0.081065680149,38.0785151526,旅游及景区,2026-04-30
240,900938,海科B,0.0045,482461016.78,84.2021961314,-2.5979,13042542.72,-69.65,116.7292,2.607565314497,0.17,-0.046854438678,2.869162931,航运港口,2026-04-30
241,900936,鄂资B股,0.23,5858690979.74,4.5706217261,-22.3145,655464803.24,42.8,-0.1283,8.031453014632,2.96,0.286399150134,22.8761623394,冶钢原料,2026-04-30
242,900934,锦江B股,0.13,3120656918.51,6.087902043,-12.5799,136877924.73,280.09,-23.7025,15.113870907234,0.85,0.907326806781,33.4495965182,酒店餐饮,2026-04-30
243,900929,锦旅B股,-0.0715,144231028.13,16.6982269066,-56.8948,-9633300.87,-212.34,-149.3163,7.740318300296,-0.93,-0.290851029001,12.3459378477,旅游及景区,2026-04-30
244,900927,物贸B股,0.0119,357997180.36,-24.2098250646,2.5201,5878596.45,-12.81,-37.6083,2.501921030772,0.4747,0.015533245229,15.7731315267,汽车服务,2026-04-30
245,900924,上工B股,0.0016,1055792522.74,-3.8992110284,2.4194,1133058.53,104.5221954575,100.7568,3.803679237616,0.0414,-0.451387163934,16.8721558955,专用设备,2026-04-30
246,900923,百联B股,0.4438,6915182200.85,-8.9253566581,20.6723,791779641.87,310.76,135.6348,11.534323793608,3.81,0.59056853125,24.1034592551,一般零售,2026-04-30
247,900922,三毛B股,0.02,212647069.12,-42.0720391947,-63.3113,3974402.17,5.64,203.6101,2.358345883733,0.84,-0.138636759743,7.5633984689,综合Ⅱ,2026-04-30
248,900921,金煤B股,-0.0112,226553792.31,-4.7052596243,63.5708,-11334817.83,69.0484412955,85.9367,0.05154583085,-19.5201,0.004813452604,7.6959840276,化学原料,2026-04-30
249,900914,锦在线B,0.025,338827200.04,-11.3080224724,16.2966,13813273.25,4.75,-72.7926,7.699817728684,0.318,-0.052429098983,11.9613418861,铁路公路,2026-04-30
250,900913,国新B股,0.07,4808369062.61,-12.5997691506,23.4279,125706411.88,7.9,145.6634,1.658088224594,4.02,0.264465842866,8.8883474504,燃气Ⅱ,2026-04-30
251,900912,外高B股,0.0109,1310117201.8,-0.4594984093,-16.0129,14822767.21,-63.63,-98.0748,11.733393079016,0.0929,-0.733285885788,26.3236624538,房地产开发,2026-04-30
252,900911,金桥B股,0.0649,590947164.22,15.7622099901,-87.0133,72275439.25,-29.8,-90.1682,13.418655779678,0.63,0.244556324764,44.416900578,房地产开发,2026-04-30
253,900910,海立B股,0.07,6806922117.72,0.7911950552,69.7881,72429007.51,374.75,339.2911,5.74881334127,1.18,0.253046030987,13.1329486042,家电零部件Ⅱ,2026-04-30
254,900903,大众B股,-0.07,465985108.82,-14.0229501597,-12.81,-166241092.2,-360.6249628883,-547.3702,4.050321208467,-1.71,0.069990371537,12.8335953238,铁路公路,2026-04-30
255,874923,和烁丰,0.58,373606279.85,47.5274013549,,61153369.26,43.02,,8.601099642333,7.02,0.764966939507,28.157533557,,2026-04-30
256,874865,森峰激光,0.59,394212066.67,17.6767246857,-5.0661,33653900.82,25.8203686621,7.9821,10.160419865965,5.97,0.270644183509,30.6628513889,,2026-04-30
257,874712,浙阿波罗,0.45,133457680.79,33.0809519574,,12309347.91,-5.52,,11.613514741655,3.92,-0.418906372642,23.4288835869,,2026-04-30
258,874344,瑞思普利,-0.36,18012.48,1587.7311995203,21.5595,-14769669.97,-16.27,19.9467,1.883561662897,-37.14,-0.233469883605,-7.4930825739,,2026-04-30
259,874235,远大健科,0.36,227777311.57,-0.695800083,,18395486.29,7.8380615981,,10.040586491569,3.64,-0.043746507647,53.8415087414,,2026-04-30
260,874178,孕婴世界,0.21,586038609.17,45.4643125006,96.8498,73850618.85,67.6480036829,82.5217,2.489181936086,8.6,-0.082110922744,20.54710254,,2026-04-30
261,873999,凯瑞博,0.19,173227839.11,20.8385997381,,14489800.07,13.47,,4.424398163867,4.46,-0.041670627333,22.4637800887,,2026-04-30
262,873619,太湖文旅,-0.21,441278.4,-66.1099884927,,-208191.14,-4336.76,,2.700995149,-0.77,-0.68336363,66.0310747138,,2026-04-30
263,873534,金万众,0.64,300487581.92,43.0728910173,1.5855,38123831.97,87.7,69.6735,15.083052407,4.31,-0.101697781333,25.4061703256,,2026-04-30
264,873404,潍坊精华,0.04,25008713.18,-74.0229445775,-81.779,1147121.25,-95.16,-95.2054,9.206175718775,0.47,0.606509609107,45.4344373428,,2026-04-30
265,872920,富铭科技,0.05,17394805.48,72.3035664729,,2509682.66,264.28,,1.42485944335,3.55,-0.00075028128,27.4887148091,,2026-04-30
266,872774,威沃敦,-0.07,19655641.55,-64.4997937322,,-3564640.43,-119.92,,5.875597570667,-1.15,-0.047738233714,25.7063698336,,2026-04-30
267,870804,科志股份,0.07,30874972.89,-59.2052677918,,6727443.85,-82.77,,7.067766628521,0.99,-0.047139566053,49.2511429052,,2026-04-30
268,870307,传味股份,0.15,151549677.99,2.2336905449,,11755711.97,-21.18,,1.917924162972,7.91,-0.015213153574,13.0935394078,,2026-04-30
269,836047,信元股份,0.64,52084726.94,15.8506161018,,32591000.82,29.56,,8.112316832047,8.28,0.161938731355,83.5131093422,,2026-04-30
270,835595,固润科技,0.5,180229803.97,50.3237204364,,47386379.43,153.21,,5.31647047109,10.85,0.449852747551,41.7712560141,,2026-04-30
271,835401,杭摩集团,0.04,362834427.71,-14.5438405434,,8550676.0,1130.85,,3.088220805736,1.16,-0.466183305445,12.0534592558,,2026-04-30
272,835075,清源投资,-0.06,8819856.44,57.0401266062,,-1216212.25,33.77,,16.9596338595,-0.36,-0.054329808,,,2026-04-30
273,834418,好买财富,0.25,307660887.53,40.215598867,7.2319,88284403.62,62.41,-7.4525,6.129518423184,4.24,4.129034926195,96.8006861746,,2026-04-30
274,833565,方元企业,-0.0282,1915326.58,-28.8240367461,-3.672,-3112557.01,-380.74,95.4423,0.758624066389,-3.73,0.005011784537,,,2026-04-30
275,689009,九号公司,0.283,5869970864.48,14.8164077611,103.2389,203367666.19,-55.42,800.5067,10.245118531293,2.79,-0.659445568794,26.5415492184,摩托车及其他,2026-04-30
276,688820,盛合晶微,0.12,1698374915.96,13.1349997272,,191328450.33,51.55,,9.130172715916,1.32,0.366119755967,29.5945057388,半导体,2026-04-30
277,688819,天能股份,0.08,9744706481.34,-4.8232108601,-21.3517,75083719.48,-82.14,-67.5874,17.631713467997,0.44,-2.010287099146,13.0546620896,电池,2026-04-30
278,688816,易思维,-0.36,27287423.84,37.6976452357,-88.779,-30177974.35,-59.187692934,-135.2404,18.1936290531,-3.08,-0.3813197736,61.7290108028,自动化设备,2026-04-30
279,688811,有研复材,0.0007,106874723.0,62.223714804,-54.029,265993.67,110.5685168145,-99.4188,2.175739331868,0.03,0.058758049772,23.7986286524,金属新材料,2026-04-30
280,688805,健信超导,0.14,163896216.98,21.4279149946,-11.8607,23161884.54,50.31,-15.6572,7.431913391162,1.88,0.193077563573,27.8494825512,医疗器械,2026-04-30
281,688802,沐曦股份,-0.25,561916460.39,75.3713191255,37.7247,-98842443.1,57.4893575814,77.7354,32.738074517171,-0.75,-1.373444856811,60.0519659997,半导体,2026-04-30
282,688793,倍轻松,-0.14,195467125.35,-0.7852960977,-14.0625,-11636777.66,-535.0083790566,63.2145,2.592958880915,-5.09,-0.528310240479,61.9666067136,小家电,2026-04-30
283,688789,宏华数科,0.23,368295559.81,-22.9954445775,-45.0734,41558132.42,-61.64,-70.4255,20.056328820416,1.16,-0.529445567023,39.9083560214,专用设备,2026-04-30
284,688776,国光电气,-0.37,51086093.82,-51.3245595768,124.7317,-40122631.38,-1994.63,31.7194,15.753481960557,-2.32,-0.434658793519,7.810522437,军工电子Ⅱ,2026-04-30
285,688772,珠海冠宇,-0.08,3635413118.92,45.5120833382,-11.0977,-84719658.23,-257.4605595195,-199.9253,6.363732260446,-1.1,0.49444062294,21.1043578353,电池,2026-04-30
286,688750,金天钛业,0.0209,153470340.72,15.2747851682,-18.9854,9670317.96,2.49,-18.4257,5.349467761297,0.39,-0.006181535784,25.9082116215,小金属,2026-04-30
287,688737,中自科技,0.03,715604770.0,77.6407175327,24.2858,3443134.89,-55.29,111.6681,14.840459973871,0.19,-0.316434307191,11.714217654,汽车零部件,2026-04-30
288,688733,壹石通,0.0,185527923.31,54.6845045947,-4.9951,419301.67,102.495681873,105.0535,10.474711115529,0.02,-0.17085070048,21.3802838798,电池,2026-04-30
289,688728,格科微,0.0,1880960733.0,23.4012110562,-8.6568,1410126.0,102.7258874991,340.0071,3.026632796699,0.02,0.190855766239,19.9646696187,半导体,2026-04-30
290,688721,龙图光罩,0.08,61976414.04,13.9955326594,-2.252,10215024.88,-41.07,137.5862,9.164535472434,0.84,-0.014141328165,33.9662431202,半导体,2026-04-30
291,688711,宏微科技,0.0043,308809854.51,3.825883746,-15.2934,909102.67,-16.11,-92.2625,4.934658279489,0.08,0.474596584311,13.8894681383,半导体,2026-04-30
292,688710,益诺思,0.09,210075783.52,0.4308926451,-12.7002,12208594.73,121.23,177.6242,16.580527315953,0.52,0.677745021789,30.7610421236,医疗服务,2026-04-30
293,688709,成都华微,-0.11,103305888.34,-33.6367152426,-57.3705,-67101947.38,-406.66,-173.7381,4.570819884381,-2.28,-0.124456108868,71.9397235184,半导体,2026-04-30
294,688699,明微电子,0.22,215313360.15,94.9081453552,6.2709,23681216.87,171.15,218.7617,11.033380463971,1.97,-0.231234528364,23.6875758822,半导体,2026-04-30
295,688696,极米科技,0.73,792506802.73,-2.1421966363,-30.5165,50269453.37,-19.75,-21.2031,42.744974594259,1.66,-1.037446642959,36.143661492,黑色家电,2026-04-30
296,688693,锴威特,-0.25,64797670.26,44.5429756319,-6.7705,-18015267.35,-40.3676279352,57.1034,10.540322202269,-2.29,-0.65548579885,32.7440966394,半导体,2026-04-30
297,688681,科汇股份,0.02,97417929.94,17.4633564541,-37.0965,2555687.61,533.8054089925,-77.8607,5.930149956339,0.41,-0.054543740709,36.4036994235,电网设备,2026-04-30
298,688679,通源环境,0.0041,259405427.53,-3.4489557644,-46.8912,535247.04,120.775520446,102.1368,8.335300852022,0.05,0.186055556975,14.9497242094,环境治理,2026-04-30
299,688678,福立旺,0.12,540307903.22,59.6263603687,-9.4932,45522268.88,223.03,113.5001,8.119313807544,2.39,0.620240972616,27.7254134573,消费电子,2026-04-30
300,688671,碧兴物联,-0.22,47436215.78,-10.2037900684,-66.417,-17148342.37,-67.7166640723,61.9849,12.734657020412,-1.7,-0.33404998096,26.510889925,环保设备Ⅱ,2026-04-30
301,688667,菱电电控,0.6,218257875.24,-29.9817823021,-28.2398,31430070.56,79.85,-48.4039,34.56947610664,1.74,1.234930161627,29.3290537533,汽车零部件,2026-04-30
302,688665,四方光电,0.34,224295090.46,4.0953642008,-26.277,33770225.41,3.11,33.7851,11.717832166567,2.89,0.1004860103,43.5330780847,通用设备,2026-04-30
303,688658,悦康药业,-0.07,556037071.94,-3.6970673816,-19.0608,-33106026.51,32.808475745,71.0642,7.2935585664,-1.0,0.09882278,56.9291473382,化学制药,2026-04-30
304,688651,盛邦安全,-0.21,44121119.05,-6.6244649229,-71.1769,-15726664.06,-18.2805954429,-340.7203,12.107374783883,-1.71,-0.323285998355,65.7707138323,软件开发,2026-04-30
305,688630,芯碁微装,0.83,514721784.95,112.4815452402,8.45,108392641.7,108.98,18.9551,18.36091226641,4.59,1.249134650521,40.9441747158,专用设备,2026-04-30
306,688627,精智达,0.15,332881168.58,118.8401694313,-11.2367,14550635.88,189.7312549621,-39.2512,18.529323939855,0.84,-2.640344884109,43.2299345451,通用设备,2026-04-30
307,688625,呈和科技,0.49,249178916.69,13.8954001783,4.944,90186737.61,26.2,87.903,8.433210413323,5.83,0.105404149164,45.5720603486,化学制品,2026-04-30
308,688622,*ST禾信,-0.11,19151903.1,-39.5323893445,-33.6306,-7677061.37,-8.6048116804,86.9,4.200182402966,-2.56,-0.0970755841,48.0772717569,通用设备,2026-04-30
309,688618,三旺通信,-0.01,68758686.09,-14.887437274,-28.0331,-854106.99,-110.71,-177.6962,7.493076557896,-0.1,-0.012055255844,57.3042940472,通信设备,2026-04-30
310,688615,合合信息,1.11,503725382.48,27.5266277496,-0.487,155248167.62,33.67,50.6647,22.088742566143,5.16,1.364566290857,87.5827612474,软件开发,2026-04-30
311,688611,杭州柯林,-0.02,44881232.48,31.4061835199,-34.1518,-3006058.75,-163.95,17.6925,5.624109538261,-0.35,-0.030337628496,35.5084317194,电网设备,2026-04-30
312,688608,恒玄科技,0.5278,669086078.76,-32.721536646,13.1531,89044102.72,-53.26,-3.6449,42.385448885224,1.25,0.008330248957,42.5534671395,半导体,2026-04-30
313,688605,先锋精科,0.12,283585024.29,-5.4648975077,5.3561,24771792.43,-41.0,-8.4468,8.251048408,1.5,-0.258983260024,25.7101761994,半导体,2026-04-30
314,688601,力芯微,-0.01,206426912.63,25.7051061343,1.2005,-1392980.71,-113.97,-116.6871,9.329412652673,-0.11,-0.105844544616,35.3585661385,半导体,2026-04-30
315,688599,天合光能,-0.12,16829558355.51,17.4012431787,-1.0263,-283070624.77,78.5501541986,89.9974,8.711262385069,-1.34,1.747012713036,6.7514256294,光伏设备,2026-04-30
316,688595,芯海科技,-0.28,177497857.54,12.0683188825,-23.9607,-38986210.1,-62.1882669676,8.1903,4.492063567638,-5.35,-0.113267016721,29.5877605386,半导体,2026-04-30
317,688590,新致软件,0.01,439236675.89,1.1662171646,-34.1931,1736760.75,-88.96,101.0965,5.300777999612,0.12,-0.824972382254,26.2580398634,软件开发,2026-04-30
318,688586,江航装备,0.02,180870698.4,-13.9479790265,-41.7493,15930792.7,-20.44,26.2283,3.148564150527,0.67,-0.048202783953,29.5730092454,航空装备Ⅱ,2026-04-30
319,688585,上纬新材,-0.1,417936529.17,13.2326078537,-19.2317,-41068588.81,-282.12,-111.0187,3.224316463336,-3.12,0.005218075052,12.5392564522,塑料,2026-04-30
320,688584,上海合晶,0.02,280032071.87,-0.0389660777,-8.4145,12550573.55,-34.66,-38.9401,6.25313202888,0.31,0.109406944149,28.1366028662,半导体,2026-04-30
321,688579,地纬智能,-0.0498,39534839.44,-55.946284561,-79.633,-19902820.08,-476.2552804318,-169.5711,3.464853608285,-1.43,-0.10942779173,56.7698867579,软件开发,2026-04-30
322,688576,西山科技,0.16,71832159.58,9.0395783865,-35.3947,7290537.08,-36.48,-14.3604,38.16047274575,0.42,-0.107809983547,62.1537541277,医疗器械,2026-04-30
323,688573,信宇人,-0.38,83461720.03,51.9710369108,-49.8639,-35536934.98,-37.392544549,88.6664,3.537835608157,-9.77,-0.364869176717,5.4504763362,电池,2026-04-30
324,688570,天玛智控,0.03,278318930.87,-16.0305917232,-48.178,12321785.93,-77.07,-35.1047,9.965043850531,0.29,-0.249648585543,32.7428389205,自动化设备,2026-04-30
325,688567,孚能科技,-0.11,1666980577.34,-28.3094550613,-34.6951,-140248696.67,8.0282047524,61.1151,7.470076428282,-1.52,-0.324742146597,13.8189615867,电池,2026-04-30
326,688562,航天软件,-0.15,47685976.93,-27.8612627467,-94.0586,-58713034.49,-31.8159931278,-164.3286,4.167371242225,-3.46,-0.484074510275,20.2709926111,IT服务Ⅱ,2026-04-30
327,688561,奇安信,-0.57,716556472.14,4.4419343033,-53.86,-388107947.81,7.0809717891,42.1017,10.349372852721,-5.35,-0.725180702664,53.9898280626,软件开发,2026-04-30
328,688559,海目星,0.1,1316889123.93,144.3631764837,-12.9855,25210085.93,113.3526595396,-23.5181,9.774612143079,1.05,5.264597273834,21.8579844475,自动化设备,2026-04-30
329,688558,国盛智科,0.31,320130800.17,11.8865095036,7.5529,41049908.82,18.53,10.3614,13.308323279091,2.36,-0.079328341061,25.3828794064,通用设备,2026-04-30
330,688557,兰剑智能,0.03,205407525.72,15.865421538,-44.6844,3207649.51,95.0,-79.5916,11.957946905248,0.26,-1.685115038678,25.2622232599,通用设备,2026-04-30
331,688556,高测股份,-0.06,791837077.7,15.4637187234,-35.0441,-50227922.29,32.2523888743,-222.358,4.687149866079,-1.28,-0.134338195112,10.2167850267,光伏设备,2026-04-30
332,688529,豪森智能,-0.56,560922034.66,10.8862336539,13.2482,-94172498.83,-198.423019489,86.1903,5.890379229901,-9.08,0.581910429668,7.8408538215,专用设备,2026-04-30
333,688526,科前生物,0.17,227536944.76,-7.1993018061,7.3902,79236163.81,-26.79,-2.0946,9.251876591376,1.85,0.108278321054,64.0016596573,动物保健Ⅱ,2026-04-30
334,688521,芯原股份,-0.65,835739470.03,114.473459151,-6.9237,-340842945.2,-54.6871251507,-88.1928,5.983853977882,-10.38,-0.586413042715,32.2948328539,半导体,2026-04-30
335,688520,神州细胞,-0.41,323190678.39,-37.8164362615,30.1761,-175685454.77,-375.5080445676,44.0813,0.159034518866,-434.17,-0.208576724704,89.5669004539,生物制品,2026-04-30
336,688518,联赢激光,0.13,885409155.72,1.7391683081,-12.6624,45942918.0,-2.08,-22.3508,9.685114202634,1.4,0.953722953626,26.8617315773,自动化设备,2026-04-30
337,688511,天微电子,0.0402,17011190.39,-57.9448593392,-22.9895,5377941.88,-66.07,240.1682,7.982888582791,0.63,0.280075754789,53.5567477709,军工电子Ⅱ,2026-04-30
338,688505,复旦张江,0.01,149051087.0,-17.1506042175,10.636,7711649.0,189.36,105.4498,2.048782527525,0.36,-0.006426147298,91.7595428204,化学制药,2026-04-30
339,688502,茂莱光学,-0.2114,182938155.14,28.631582016,-2.6013,-11107935.61,-166.75,-1838.6716,22.592527310606,-0.88,-0.841656147538,40.3571139238,光学光电子,2026-04-30
340,688500,慧辰股份,-0.38,105046021.53,36.4785914044,-44.8082,-27558708.7,-56.0778870768,-921.5589,9.650310464826,-3.78,0.179450535887,21.5734182599,IT服务Ⅱ,2026-04-30
341,688499,利元亨,0.11,875013117.8,22.4276390299,33.9604,18877372.27,47.25,370.3753,13.888447687175,0.81,-1.051704636045,24.3485877464,电池,2026-04-30
342,688489,三未信安,-0.1963,72154760.18,10.1083475448,-72.1604,-22614789.47,33.508251598,-405.9078,15.729075111538,-1.2403,-0.6685049504,79.7317507902,计算机设备,2026-04-30
343,688488,艾迪药业,0.02,178023123.63,-10.0259614305,6.7476,7606253.11,-51.19,159.9304,2.315944550235,0.78,0.002124242728,67.5157647665,生物制品,2026-04-30
344,688484,南芯科技,0.01,757079463.58,10.4837628947,-13.9812,3338306.7,-94.74,-92.962,9.76173260765,0.08,-0.488031469486,37.4429421318,半导体,2026-04-30
345,688478,晶升股份,-0.06,3022085.47,-95.7323343584,-76.1036,-8759329.45,-245.79,70.7341,10.832584271583,-0.58,-0.245100463411,30.2404008448,半导体,2026-04-30
346,688458,美芯晟,-0.05,116575550.7,-6.8468291318,-12.7114,-5393445.24,-246.91,77.8859,16.324797921856,-0.3,-0.030387384937,34.3849500511,半导体,2026-04-30
347,688443,智翔金泰,-0.41,67246651.62,233.6339382736,190.213,-149402933.92,-23.7574558749,26.4232,3.914495332252,-9.89,-0.451082754309,86.8532612598,生物制品,2026-04-30
348,688439,振华风光,-0.0671,137274785.42,-27.4537389635,93.0608,-13428870.21,-166.86,-118.1496,25.0852132054,-0.27,0.02210737525,58.0665935526,军工电子Ⅱ,2026-04-30
349,688426,康为世纪,-0.14,58997297.36,37.1855188481,9.3646,-15352046.16,32.4989551571,50.8736,11.896469515239,-1.14,-0.30766328761,47.1754018496,医疗器械,2026-04-30
350,688418,震有科技,-0.2332,116513121.36,-30.8496983255,-68.3471,-44904364.54,-2313.95,-134.316,4.241969559559,-5.32,-0.509282362324,38.7495138942,通信设备,2026-04-30
351,688410,山外山,0.1705,229628936.29,21.3283648714,3.1479,54476678.85,47.21,31.5923,5.739642601071,3.02,0.028376666551,55.107666074,医疗器械,2026-04-30
352,688409,富创精密,0.19,1042618485.43,36.8383959188,28.1986,57944907.12,361.5212295884,225.7059,14.756918031241,1.29,-0.279807076871,27.0536596705,半导体,2026-04-30
353,688408,中信博,-0.22,1421866660.88,-8.7721214119,-5.6582,-48490044.48,-144.01,63.1233,18.511470785871,-1.19,-1.934662796744,15.4674033853,光伏设备,2026-04-30
354,688403,汇成股份,-0.01,410922425.4,9.7024986009,-15.7563,-12809187.46,-131.56,-142.017,4.308296420506,-0.36,0.08840231653,14.5030530694,半导体,2026-04-30
355,688401,路维光电,0.35,326568217.57,25.564540578,-0.5067,68222926.31,38.81,-14.961,8.655187264336,4.02,0.237430036288,35.3907445127,半导体,2026-04-30
356,688399,硕世生物,0.25,78583971.79,-14.2174738771,-3.6248,21122244.19,64.77,147.7553,35.142352582463,0.72,-0.031571750388,58.7170584904,医疗器械,2026-04-30
357,688391,钜泉科技,0.03,114889741.35,-5.3547965513,-12.024,3900177.85,-56.36,332.7448,16.181517239218,0.21,-0.150371613477,38.9049974043,半导体,2026-04-30
358,688386,泛亚微透,0.19,164002454.85,24.9498053384,-26.2278,18160088.64,-24.59,1.6763,15.234852973264,1.7,-0.387987363948,40.6276832447,塑料,2026-04-30
359,688385,复旦微电,0.18,1032049852.98,16.2287452137,7.7503,148308606.45,8.91,251.4091,7.627161547541,2.39,0.303092129974,55.2740519756,半导体,2026-04-30
360,688379,华光新材,0.43,1078658556.2,84.107422414,47.7237,37055188.95,-61.17,22.7331,14.77974101029,3.11,-5.753077266037,12.0834973617,通用设备,2026-04-30
361,688375,国博电子,0.0,318878713.94,-8.8960608476,-60.9929,856305.62,-98.51,-99.6712,10.852360076116,0.01,-0.363751174291,33.6245650408,军工电子Ⅱ,2026-04-30
362,688371,菲沃泰,-0.07,75157786.75,-28.3978028424,-53.6562,-21211128.07,-435.96,-1820.6168,5.826437952074,-1.08,-0.013065834223,29.3950231976,电子化学品Ⅱ,2026-04-30
363,688363,华熙生物,0.14,829407051.84,-23.0553584421,-19.9175,64654739.6,-36.55,62.9477,14.801957582485,0.91,0.271882761688,67.8369686105,医疗美容,2026-04-30
364,688360,德马科技,0.14,397382872.54,13.2218928292,-15.3466,37057112.95,17.14,353.1546,5.645470361794,2.52,0.180351574724,32.740445198,通用设备,2026-04-30
365,688357,建龙微纳,0.16,181676785.65,2.3187292243,-27.4434,16439114.59,-35.31,-36.2647,17.583296943355,0.88,0.046006390374,32.2616649729,化学制品,2026-04-30
366,688353,华盛锂电,0.63,327009427.45,96.8250370344,-1.1858,97017036.04,325.1873561961,131.6268,22.11706447442,2.79,-0.682862428276,54.8840472428,电池,2026-04-30
367,688351,微电生理,0.0618,125927267.47,20.9678123919,-1.72,29084706.21,62.75,217.4583,3.840449133213,1.61,-0.046956567106,55.7965022839,医疗器械,2026-04-30
368,688348,昱能科技,-0.39,148032033.52,-22.4190441144,-39.4036,-61631440.83,-313.41,69.3131,21.377693612965,-1.83,-0.661273992947,35.1219187994,光伏设备,2026-04-30
369,688343,云天励飞,-0.37,311518467.02,17.9686669498,-19.8229,-134007663.17,-56.4742358461,-7.8228,10.344553945377,-3.57,0.257630047165,28.1401786445,IT服务Ⅱ,2026-04-30
370,688339,亿华通,-0.21,16673836.66,58.4020984948,-89.2446,-51043437.82,45.1193073199,85.8105,8.012697522872,-2.61,-0.208664066603,-35.9642787817,电池,2026-04-30
371,688333,铂力特,0.0612,325907509.31,43.5662453493,-52.8311,16775787.66,212.2114739001,-65.0837,18.230868186398,0.34,-0.514625756429,37.2647290782,通用设备,2026-04-30
372,688330,宏力达,0.1023,74086882.06,-53.3913505764,-57.7322,14187853.43,-32.1,-97.1209,31.364776544643,0.32,0.803006638,38.7744468268,电网设备,2026-04-30
373,688325,赛微微电,0.1332,106971056.13,17.216570762,-26.047,11208970.46,-28.19,-68.2861,20.604522145279,0.63,-0.320055474282,52.5938423115,半导体,2026-04-30
374,688323,瑞华泰,-0.13,91861177.51,15.9030436103,-11.7663,-22631592.48,-22.8980007238,23.6034,3.975452158761,-2.69,0.028030325267,17.3733767328,塑料,2026-04-30
375,688321,微芯生物,0.0664,257038676.31,58.4079613055,8.959,28271869.04,247.6,242.727,5.555796733033,1.45,0.054959785472,85.7984833318,化学制药,2026-04-30
376,688319,欧林生物,0.0671,157803808.92,80.3672423368,-19.994,27189316.87,484.3604177659,207.8101,2.29442350328,2.96,-0.062667071169,91.8413381983,生物制品,2026-04-30
377,688318,财富趋势,0.13,53718447.85,-2.1583855778,-68.3674,34538758.32,-25.71,-73.6727,15.117537970327,0.9,0.014417774842,68.817842491,软件开发,2026-04-30
378,688317,之江生物,-0.15,25419230.44,-20.8978101489,-26.0763,-25510247.42,-59.2665109728,-418.5315,17.186882416745,-0.76,-0.019045477831,68.8581218118,医疗器械,2026-04-30
379,688316,青云科技,-0.29,47630504.48,1.3154570272,-24.6752,-13720093.59,40.0887409821,17.7201,1.109460471828,-21.89,0.201104919568,34.0767661968,IT服务Ⅱ,2026-04-30
380,688307,中润光学,0.17,188217025.9,67.7438770654,-6.02,14899604.01,44.71,-36.3979,10.342082287156,1.64,-0.141042820195,32.4673481518,光学光电子,2026-04-30
381,688306,均普智能,-0.03,471071374.91,43.0144126117,-55.2022,-34307367.2,-13.73,-151.5423,1.424331741053,-1.89,0.011323759178,18.0744252283,自动化设备,2026-04-30
382,688305,科德数控,0.1701,108094698.67,-17.3956896009,-28.5884,22548248.36,6.85,-8.6255,14.442948808336,1.18,0.062695208588,43.9382028392,通用设备,2026-04-30
383,688303,大全能源,-0.37,188536328.97,-79.2188397321,-88.1853,-800813290.72,-43.5109731951,-1330.7072,17.792085982058,-2.08,-0.580423618984,-120.7614838232,光伏设备,2026-04-30
384,688293,奥浦迈,0.3,182155236.88,117.6837388797,118.4477,39228916.96,167.45,607.7008,20.37545607192,1.44,-0.035888628202,43.7876727544,生物制品,2026-04-30
385,688289,圣湘生物,0.08,437346014.85,-8.0217134139,10.0535,49739326.83,-45.78,553.0851,12.364756706441,0.69,-0.001664494501,73.3143086876,医疗器械,2026-04-30
386,688286,敏芯股份,-0.19,107022596.26,-20.7021459557,-31.7574,-10361009.2,-463.72,-1762.5656,18.931992918202,-0.97,-0.355794482539,25.1580844055,半导体,2026-04-30
387,688282,理工导航,-0.17,9401388.98,116.7460568945,-94.5385,-13909761.27,-32.2727685243,-96.0076,14.320041383068,-1.1,-0.168325039091,19.213799087,航天装备Ⅱ,2026-04-30
388,688275,万润新能,3.25,5380056775.35,136.1573292864,29.4493,400978712.22,357.2898566582,476.9283,43.717867615148,7.55,-8.723457972605,14.3488653459,电池,2026-04-30
389,688272,富吉瑞,-0.18,45216927.44,-0.4870876025,-21.2983,-13444080.29,-26.3401118179,60.9353,5.244166383421,-3.32,-0.227031488421,34.9829801704,军工电子Ⅱ,2026-04-30
390,688265,南模生物,0.01,99917106.36,13.033335775,-15.556,683635.56,170.7097734576,-85.3662,21.968653606848,0.04,-0.453775736863,53.9566318362,医疗服务,2026-04-30
391,688261,东微半导,0.05,279775301.7,-1.0993764386,-3.2135,5557920.59,-28.8,337.546,24.050188640789,0.19,-0.624360133706,16.6742853377,半导体,2026-04-30
392,688257,新锐股份,1.2488,1117720354.8,111.5669933744,58.6873,312303489.06,576.15,413.8738,10.59894729569,12.41,0.667078157755,47.0561080436,通用设备,2026-04-30
393,688256,寒武纪,2.4,2884696746.86,159.5554734937,52.6479,1013213581.94,185.04,122.8887,30.523510402132,8.2,1.977702540737,54.3303762465,半导体,2026-04-30
394,688248,南网科技,0.09,445200601.46,-12.6601037623,-71.9281,49316595.6,-13.38,-63.2304,5.860779151797,1.5,-0.387104091146,38.575522128,电网设备,2026-04-30
395,688247,宣泰医药,0.04,94546671.06,-13.2017763743,-17.8599,16563338.25,-19.16,203.6527,2.88638228901,1.27,0.08862522321,38.9757405489,化学制药,2026-04-30
396,688239,航宇科技,0.3,531132161.68,25.882476741,2.8899,56397377.95,31.65,40.6756,10.856217713374,2.79,0.218367415521,30.0321422686,航空装备Ⅱ,2026-04-30
397,688237,超卓航科,0.04,102732437.77,30.9450610797,-13.0582,3691559.78,76.01,142.3921,13.532229185645,0.3,-0.066224250337,21.4797540864,航空装备Ⅱ,2026-04-30
398,688236,春立医疗,0.16,216972373.23,-5.6001338188,-25.0974,61710990.86,6.27,-23.8239,7.944288509119,2.05,-0.028490489782,66.2639355645,医疗器械,2026-04-30
399,688223,晶科能源,-0.13,12247625530.56,-11.5238484027,-30.0369,-1350127115.87,2.8485362538,54.4057,2.426702868764,-5.4,-0.080991106471,6.156302092,光伏设备,2026-04-30
400,688220,翱捷科技,-0.07,1129984554.24,24.1816052291,20.6716,-28018334.9,77.0789142364,55.4346,13.005972924934,-0.51,-0.713627016652,30.1398158269,半导体,2026-04-30
401,688219,会通股份,0.1,1639884323.86,11.7454796726,-7.3151,55092141.83,11.1,92.4364,5.541996731787,1.82,-0.102951472653,13.7708317589,塑料,2026-04-30
402,688218,江苏北人,0.03,92286403.46,18.5141356043,-45.7815,3795286.16,119.9806823113,108.0714,7.322384428367,0.45,-0.031941608789,26.4963284441,自动化设备,2026-04-30
403,688213,思特威,0.59,2111500539.86,20.6834100852,-22.2022,236746699.09,23.66,-21.552,13.570981736711,4.43,1.098605554803,25.7369703527,半导体,2026-04-30
404,688212,澳华内镜,-0.18,137504067.69,11.1343082645,-60.8518,-24433325.62,15.1368986097,-136.1737,9.549116608034,-1.88,-0.331283472314,71.6266052304,医疗器械,2026-04-30
405,688211,中科微至,0.02,447284070.32,19.098957721,-65.8796,2954081.55,111.2168177473,-96.5913,26.646918976336,0.09,1.303550773497,29.6896644352,专用设备,2026-04-30
406,688206,概伦电子,-0.028,100649719.27,10.0911673647,-40.4648,-12291463.32,-917.21,-58.6498,4.574789673223,-0.62,-0.1316631428,86.2121275343,软件开发,2026-04-30
407,688202,美迪西,0.12,364644480.63,36.5242815642,13.9166,15615353.71,207.3454008884,111.3037,14.576051753874,0.8,-0.035995655493,26.055049051,医疗服务,2026-04-30
408,688192,迪哲医药,-0.21,252521933.82,58.18066745,17.5426,-95557355.51,50.3632573891,48.0953,2.656917633173,-7.53,-0.431474913718,95.9249079894,化学制药,2026-04-30
409,688190,云路股份,0.52,468257893.69,11.2092410245,8.4715,61919183.64,-21.53,38.891,22.415053284333,2.33,0.481796795417,23.0597784287,金属新材料,2026-04-30
410,688189,ST南新,-0.0483,26048842.59,-35.8794855049,-55.679,-13243582.08,-64.9610559423,80.6002,2.795911889541,-1.74,-0.043289568768,25.2142256506,化学制药,2026-04-30
411,688188,柏楚电子,1.1,548075579.22,10.5343791644,-4.8539,316449078.2,23.87,51.9672,22.133816545765,5.08,0.60372669706,74.5145787414,计算机设备,2026-04-30
412,688182,灿勤科技,0.0,247703117.8,98.0279944341,6.4193,1632438.38,-92.8,-95.2166,5.650688866125,0.07,-0.088987761175,20.0726848542,通信设备,2026-04-30
413,688176,亚虹医药,-0.2,71085894.94,16.3413834072,17.0847,-112398504.64,-34.5594531479,32.8697,2.56796866309,-7.4,-0.217981268398,72.5615467506,化学制药,2026-04-30
414,688173,希荻微,-0.02,251410914.78,41.4970111102,13.0269,-7640066.46,71.978280908,79.6611,3.451479426014,-0.53,-0.113428507096,29.0503671545,半导体,2026-04-30
415,688171,纬德信息,-0.0018,26987605.33,203.2540421151,-60.0287,-149009.58,84.4925972575,-101.9772,9.866688282557,-0.02,0.146412994936,60.4861575542,软件开发,2026-04-30
416,688166,博瑞医药,0.02,324934750.4,30.5169323387,-6.9995,9293715.39,-28.29,121.5604,5.835674772216,0.37,-0.262972160227,56.771464795,化学制药,2026-04-30
417,688165,埃夫特,-0.02,304126829.69,20.5508613219,32.1804,-9786013.76,85.4715292801,96.7029,2.316485694105,-0.81,0.021429620472,14.6935277383,自动化设备,2026-04-30
418,688161,威高骨科,0.11,296330838.73,2.1179018703,-28.8576,44229577.44,-14.6,-27.774,10.48834831825,1.06,0.092432525,60.4779900661,医疗器械,2026-04-30
419,688159,有方科技,0.3,549091583.49,-40.8600201553,138.7573,27806020.27,57.99,149.579,10.076848247777,3.05,-4.081545331541,20.1190414298,通信设备,2026-04-30
420,688155,先惠技术,1.21,1033161578.0,98.4071653054,-6.3703,153546863.33,163.46,5.6138,19.418270433688,6.45,-1.338611119864,30.3040250457,电池,2026-04-30
421,688152,麒麟信安,-0.08,41234364.99,14.788437829,-72.7489,-8627248.95,36.9394689899,78.241,11.773117318398,-0.71,-0.293611262701,76.2152111658,软件开发,2026-04-30
422,688150,莱特光电,0.11,133010777.56,-8.2041695794,2.9894,45979236.04,-24.47,17.002,4.845745987021,2.37,0.089314913715,69.7426660318,电子化学品Ⅱ,2026-04-30
423,688141,杰华特,-0.61,764751694.46,44.7992122815,7.3185,-276194125.02,-143.5411476499,-7.3782,2.771816855229,-19.92,-0.832797471818,25.3225844471,半导体,2026-04-30
424,688139,海尔生物,0.25,652078594.24,-5.3572386487,14.9069,79460846.19,-27.93,51.817,14.073137165102,1.8,0.036895698255,47.5498391312,医疗器械,2026-04-30
425,688133,泰坦科技,-0.2,582902884.3,-3.4880196495,-13.439,-32387530.99,-731.36,23.0472,16.545172256238,-1.18,-0.51302098019,19.0172693747,化学制品,2026-04-30
426,688131,皓元医药,0.32,728650826.78,20.2146099092,-10.9044,67840532.33,8.75,2055.0048,14.688236992741,2.14,0.172421578687,52.4250972936,医疗服务,2026-04-30
427,688129,东来技术,0.2,126729153.96,1.5756342035,-36.0576,22853671.11,7.5,-28.3422,8.577296593592,2.29,-0.156017668254,37.5578108846,化学制品,2026-04-30
428,688127,蓝特光学,0.32,451370564.97,76.5331069804,-6.9561,129548549.84,184.4,-6.7253,5.753183776774,5.74,0.572280296981,46.5073571765,光学光电子,2026-04-30
429,688126,沪硅产业,-0.146,1083907443.11,35.2167744683,0.833,-483090287.72,-131.6662775084,44.867,5.093202951478,-2.87,-0.050107269371,-11.8466012468,半导体,2026-04-30
430,688116,天奈科技,0.15,315240195.45,-5.8206887678,6.3321,56392787.15,-3.01,77.8795,10.275612033836,1.48,0.119570000609,35.8455083619,电池,2026-04-30
431,688110,东芯股份,0.32,479323726.35,236.9495879086,37.3878,138284520.98,333.4237401231,384.481,8.126529850967,3.91,0.092496498664,53.1695990288,半导体,2026-04-30
432,688106,金宏气体,0.01,663138794.22,6.5259671356,-11.0619,4869099.34,-88.93,-69.4854,6.734242437886,0.15,0.095969717089,28.1453917079,电子化学品Ⅱ,2026-04-30
433,688092,爱科科技,0.07,98051584.49,2.8109339793,-17.7863,5898448.8,-42.75,-56.1578,8.052010611666,0.89,0.386799275595,43.8163313765,专用设备,2026-04-30
434,688079,美迪凯,-0.1,169334154.66,13.2694212239,-20.374,-41487436.96,-159.4250140961,44.5207,3.034515431236,-3.29,0.133535795939,18.0566157497,光学光电子,2026-04-30
435,688076,ST诺泰,0.41,552980939.25,-2.230359265,33.0492,129463386.74,-15.17,215.4648,9.858544556023,4.24,0.467850466817,61.9655810171,化学制药,2026-04-30
436,688075,安旭生物,-0.08,71198925.07,-38.2471207044,-43.4787,-10360017.27,-130.44,-304.6343,40.52866517992,-0.2,-0.024194270185,40.7995938583,医疗器械,2026-04-30
437,688073,毕得医药,0.54,323276733.74,9.0770537683,-6.2149,46829140.4,52.57,46.3153,23.106287688093,2.26,0.433864862526,48.8833136155,医疗服务,2026-04-30
438,688071,华依科技,0.02,156541956.48,10.5995481069,26.715,1350867.04,-54.32,104.173,11.931370209437,0.13,0.256509122025,29.4519278644,专用设备,2026-04-30
439,688070,纵横股份,-0.21,52094118.27,34.3422101552,-82.5517,-18361509.78,34.26,-160.2182,6.61001659831,-3.13,-0.287623117607,51.9949792597,航空装备Ⅱ,2026-04-30
440,688066,*ST航图,-0.41,17259574.41,-86.055044375,-61.812,-108260250.16,5.6391708896,92.7522,-4.726337618184,,-0.052968981518,41.3414934256,IT服务Ⅱ,2026-04-30
441,688065,凯赛生物,0.23,874529796.39,12.7305604521,16.6022,165716872.97,21.01,50.5884,24.776966837909,0.93,-0.029107044193,36.0400272902,化学制品,2026-04-30
442,688061,灿瑞科技,-0.18,131356731.79,4.7622476202,-12.4165,-20998277.97,-55.734629657,1.1352,19.986070029042,-0.9,-0.582788029923,28.4815078909,半导体,2026-04-30
443,688057,金达莱,0.0489,68284126.26,-19.3842555179,-19.134,13487150.97,-72.55,-27.8095,11.514716953949,0.42,0.233484672645,46.7752084553,环境治理,2026-04-30
444,688053,ST思科瑞,-0.04,45328864.82,17.2466989869,0.1556,-3471546.62,34.5227052989,83.9245,15.8374996671,-0.22,-0.0785507553,29.876076301,军工电子Ⅱ,2026-04-30
445,688051,佳华科技,-0.26,42096359.24,-24.2524893459,2.8713,-20295724.77,-52.7155955841,62.0831,7.484457283213,-3.45,-0.438271964983,23.1841475752,IT服务Ⅱ,2026-04-30
446,688037,芯源微,0.02,330586511.36,20.0751144363,-65.5,3508887.8,-24.7,-95.708,13.891574790102,0.13,-1.703616437876,46.6892680179,半导体,2026-04-30
447,688033,*ST天宜,-0.15,116404941.8,-49.9306236473,-1.8588,-85164766.95,4.600955663,95.4303,2.359033925745,-6.22,0.018929948342,-19.0618833847,轨交设备Ⅱ,2026-04-30
448,688032,禾迈股份,-0.51,988986164.65,194.2169406639,62.4735,-62190348.46,-500.4344634085,39.0338,45.71858605918,-1.09,1.620222760057,14.526299502,光伏设备,2026-04-30
449,688031,星环科技,-0.46,81245830.77,26.2426151238,-63.4771,-55998432.6,32.9978558695,-75.3028,6.657922195594,-6.71,-0.489701285868,40.4494795223,软件开发,2026-04-30
450,688026,洁特生物,-0.03,107856760.78,-12.8940993096,-34.9463,-4223181.24,-125.65,53.3609,7.717554074153,-0.35,0.151542406681,34.3726136423,医疗器械,2026-04-30
451,688025,杰普特,1.03,660862470.64,92.7494410044,16.936,97678469.44,170.98,30.2297,25.295537953555,4.16,0.076058928627,42.9601112869,自动化设备,2026-04-30
452,688022,ST瀚川,-0.01,149114823.69,-21.9675235837,-25.8404,-1348862.85,-112.49,87.9044,3.752094751312,-0.2,0.488389832564,26.7331827605,专用设备,2026-04-30
453,688021,奥福科技,0.14,98204781.01,2.2423672859,11.5157,10928424.02,434.2218858086,-26.0473,11.560452131912,1.24,0.138804606639,34.4940126047,汽车零部件,2026-04-30
454,688020,方邦股份,-0.26,79927738.16,-9.9209780735,-10.5262,-17312782.48,-1305.94,69.5942,15.969168735754,-1.31,-0.336218220636,29.0977199848,元件,2026-04-30
455,688016,心脉医疗,1.28,370236154.73,11.4533367078,10.2377,154841911.99,19.44,15.3215,34.220538159344,3.63,0.086661841854,73.1291240796,医疗器械,2026-04-30
456,688009,中国通号,0.05,6495492102.72,-3.5356413852,-49.3951,521446986.96,-7.16,-62.8149,4.521790649674,1.04,-0.131439276067,27.424558442,轨交设备Ⅱ,2026-04-30
457,688007,光峰科技,-0.08,232192207.41,-49.6746309566,-34.7972,-37278869.82,-74.5300007103,72.9819,5.24461063756,-1.54,-0.123704776645,34.1001254276,消费电子,2026-04-30
458,688006,杭可科技,0.21,845309143.87,24.3059473803,206.5526,128077067.02,10.62,844.615,9.16249305918,2.35,-0.073174931995,33.6047361205,电池,2026-04-30
459,688005,容百科技,0.02,3781360590.93,27.5824859661,15.2298,11600657.66,175.18,-28.3838,10.858642786747,0.15,-0.874504019131,9.4326140574,电池,2026-04-30
460,688001,华兴源创,0.01,364779138.11,37.013503263,-44.8083,2919703.73,109.6177705897,104.0848,7.639573340973,0.09,0.176426013149,56.3642258122,通用设备,2026-04-30
461,605588,冠石科技,-0.3,317397019.83,-5.8397267903,-6.3131,-21934651.17,-134.2381045656,57.3907,12.908016267406,-2.29,0.550563620592,-0.9283063154,光学光电子,2026-04-30
462,605566,福莱蒽特,0.19,262789843.94,45.3491868289,29.4035,25050708.03,82.51,1310.8453,15.242797577321,1.24,-0.163692734888,19.2266335572,化学制品,2026-04-30
463,605499,东鹏饮料,2.3563,5888248861.37,21.4554820991,46.0631,1257422750.29,28.31,92.1666,36.238562236416,8.42,0.801194296603,46.889690821,饮料乳品,2026-04-30
464,605399,晨光新材,-0.06,334516320.76,43.8645277307,7.6707,-19352506.75,-309.1251683329,68.1385,6.595447343006,-0.94,-0.250918397427,8.4240083999,化学制品,2026-04-30
465,605366,宏柏新材,-0.04,390712067.07,9.8045278798,14.3091,-28023458.33,-398.7080442915,61.7726,3.448679923608,-1.34,-0.113254505599,2.2141996189,化学制品,2026-04-30
466,605303,园林股份,-0.07,147329373.39,-11.8714294145,-6.6724,-11581649.29,26.3327111238,81.0431,5.247935532863,-1.37,-0.513188548032,8.9310150021,基础建设,2026-04-30
467,605288,凯迪股份,-0.12,303520552.71,9.326844637,-26.4781,-8590968.16,-149.66,-126.7931,31.68080861277,-0.38,0.555483767127,22.3953472913,自动化设备,2026-04-30
468,605287,德才股份,0.2524,453536255.43,-17.6815710868,-70.7381,33800963.81,-22.83,61.9141,11.295007832286,2.16,0.806198968071,5.8467745263,装修装饰Ⅱ,2026-04-30
469,605286,同力天启,0.05,389383489.18,-28.3526998729,103.105,9094653.46,-87.47,54.8085,12.851543028512,0.42,1.177842192381,16.2875168086,专用设备,2026-04-30
470,605259,绿田机械,0.26,634729591.28,-0.6120541724,-1.8328,44959402.23,-21.69,-0.4982,10.925978720663,2.41,0.108550195965,18.915734311,专用设备,2026-04-30
471,605198,安德利,0.22,329900469.78,-23.2466143441,-7.3943,72709547.65,-15.52,55.753,8.535412530701,2.58,0.814122606886,28.6256366391,农产品加工,2026-04-30
472,605189,富春染织,0.38,872743251.07,30.3176422796,-12.8578,73297404.63,1415.88,37.3219,9.829672869296,3.73,-2.373614977922,13.5885790563,纺织制造,2026-04-30
473,605177,东亚药业,-0.31,264569472.69,38.5752098379,-23.056,-35201658.01,-408.725610686,-252.6367,14.482453667664,-1.97,0.280106659179,21.3280040725,化学制药,2026-04-30
474,605158,华达新材,-0.06,1451313234.41,3.6257481973,-32.6185,-28854048.84,-173.98,-1437.0265,4.738895222791,-1.18,-1.137141590493,2.7302046733,金属新材料,2026-04-30
475,605155,西大门,0.11,195066234.25,4.416943188,-15.6154,20053911.12,-12.94,-15.5367,7.163290108841,1.48,0.191828249836,47.1322364291,家居用品,2026-04-30
476,605128,上海沿浦,0.22,448854823.27,3.7308457713,-44.6585,46312679.86,40.99,-24.1948,10.386062677631,2.13,0.142715481642,17.1110949105,汽车零部件,2026-04-30
477,605123,派克新材,0.7071,1047766199.05,35.8044810373,21.6121,85674480.27,11.82,475.3996,38.45534693819,1.86,-1.033551414724,19.6045733672,航空装备Ⅱ,2026-04-30
478,605122,四方新材,0.04,187567193.46,-24.2186359042,-26.9124,6659151.81,875.3530276275,102.418,10.086159094712,0.38,0.07348391073,5.0857269942,水泥,2026-04-30
479,605117,德业股份,1.31,4459437239.86,73.7675519223,32.0402,1187894272.36,68.37,44.1909,12.716140853859,10.87,2.013182715108,41.4467670557,光伏设备,2026-04-30
480,605108,同庆楼,0.06,717322014.88,3.637684961,-8.5511,16763874.28,-67.65,-76.6945,8.973590169808,0.73,0.265631052654,17.0580102648,酒店餐饮,2026-04-30
481,605077,华康股份,0.07,1186818531.72,45.345921091,-3.489,22171444.34,-72.64,-30.5359,10.124701657674,0.68,-0.102953400124,11.3877432824,化学制品,2026-04-30
482,605069,正和生态,-0.06,67108546.66,-5.2989451177,-53.9627,-12902978.78,-130.71,90.5161,3.246385172262,-1.82,-0.296677898055,-3.3636849289,环境治理,2026-04-30
483,605068,明新旭腾,-0.1,302360057.47,7.4003017305,-31.1512,-15415359.31,-246.87,-128.3809,9.524844284961,-0.91,1.469105816241,13.8016487823,汽车零部件,2026-04-30
484,605056,咸亨国际,0.06,878636366.27,37.3358577792,-52.9097,25998576.42,20.52,-80.2134,4.488149389804,1.43,-0.642444532591,17.1871966034,通用设备,2026-04-30
485,605050,福然德,0.18,2543643480.37,4.3122812643,-27.9957,86556500.23,-4.71,-34.4608,9.062708845055,1.96,-1.233450853005,6.2565516893,物流,2026-04-30
486,605033,美邦股份,0.26,336338029.23,16.2143191508,10.9788,35620121.96,18.92,185.6791,8.791906532914,3.04,-1.100306808506,36.7989844959,农化制品,2026-04-30
487,605016,百龙创园,0.29,392610242.01,25.3153943,-4.2783,120585818.74,48.1,16.0321,4.957120759862,5.79,0.326713465572,45.1081131056,化学制品,2026-04-30
488,605008,长鸿高科,-0.04,797122353.62,11.0677165117,-16.767,-28856813.1,-75.6471781735,-20.0094,3.02342357023,-1.47,-0.096964443476,5.5706387982,塑料,2026-04-30
489,605006,山东玻纤,0.02,844809576.19,39.0540287866,18.7809,10082317.29,15.43,176.275,4.176368808442,0.39,0.070214255443,14.4830377494,玻璃玻纤,2026-04-30
490,603997,继峰股份,0.1,6241788480.82,23.9166916279,-6.1588,131632387.44,26.04,-34.9909,4.251303927914,2.45,-0.36332919113,14.877543074,汽车零部件,2026-04-30
491,603989,艾华集团,0.1726,988746446.25,4.7617383487,-3.8038,68822399.97,-0.87,57.3861,9.910508540301,1.85,0.014075570115,22.6291381586,元件,2026-04-30
492,603988,中电电机,0.02,117357695.59,-0.614131895,-34.8305,4501235.39,7.21,152.5223,2.833632356633,0.68,0.013630325043,29.1445790734,电机Ⅱ,2026-04-30
493,603986,兆易创新,2.19,4188075574.04,119.3786758368,76.5758,1461248353.08,522.79,158.722,36.047950793414,6.12,2.543219291527,57.0767184326,半导体,2026-04-30
494,603983,丸美生物,0.25,881288902.19,4.0914490855,-12.6518,101019964.38,-25.2,2918.3263,8.558986227207,2.99,0.092751886983,73.8197564503,化妆品,2026-04-30
495,603980,吉华集团,0.027,411430548.95,20.8876283272,-12.0532,18256076.97,187.89,-54.1958,5.823011438901,0.47,-0.029365135253,15.8448327297,化学制品,2026-04-30
496,603978,深圳新星,0.1,902092279.78,21.6203559618,-4.2088,18040415.79,645.05,203.1034,7.857294745085,1.23,0.52927276397,8.071074193,金属新材料,2026-04-30
497,603968,醋化股份,-0.0886,644417782.37,-6.3680394362,0.7879,-18124373.66,-169.7911827888,47.3487,8.561733253521,-1.02,-0.975743790689,13.0643619067,化学制品,2026-04-30
498,603959,ST百利,-0.1,88010298.87,-72.3269637243,-29.9572,-47752923.24,-54.27,-22.4831,0.000797426441,-196.37,-0.013623463538,14.3130444979,专业工程,2026-04-30
499,603955,大千生态,-0.0931,96460561.82,335.1858274933,-54.1898,-12632749.56,-613.84,85.2618,10.528525220085,-0.88,-0.129954109637,15.8911714288,基础建设,2026-04-30
500,603950,长源东谷,0.26,500827903.15,-0.0655407839,-17.5909,82845606.23,6.65,-27.9361,9.551715598456,2.71,0.669380637847,25.6900391274,汽车零部件,2026-04-30
501,603929,亚翔集成,1.1621,1130437772.48,35.3811962439,-37.1225,247952192.27,202.41,-44.86,11.838892188367,10.27,-1.109041913198,25.0284747598,专业工程,2026-04-30
502,603927,中科软,-0.02,1008972018.38,-7.7114530189,-55.4851,-15842314.6,2.4288574376,-131.3103,3.820992821152,-0.5,-0.997875981457,23.7582840389,软件开发,2026-04-30
503,603918,金桥信息,-0.0834,120638586.96,19.3204909748,-54.6046,-30460243.69,-31.5596163044,-1329.5258,2.680388488048,-3.07,-0.137475741954,22.5011580325,IT服务Ⅱ,2026-04-30
504,603917,合力科技,-0.0269,122760483.65,0.5365392348,-52.0565,-5477290.61,-305.41,-234.6365,8.235866653405,-0.33,0.227838346154,24.1535846377,汽车零部件,2026-04-30
505,603912,佳力图,-0.04,143075831.36,5.3465559524,-43.9474,-20252831.42,-57.8343280636,-88.3856,3.175572532192,-1.14,-0.073917797664,9.9678013921,通用设备,2026-04-30
506,603906,龙蟠科技,0.31,3496818576.55,119.6108427844,12.3514,214261681.0,925.7100260976,445.2521,4.442702222915,7.3,-2.530145747095,19.7777054202,电池,2026-04-30
507,603903,中持股份,0.07,138638455.6,-9.9285144714,-61.8461,17246068.14,459.36,111.2408,5.597334524886,1.21,-0.142186209176,40.6917586292,环境治理,2026-04-30
508,603900,莱绅通灵,0.16,363138383.09,-2.2078645636,10.1766,53508532.86,88.83,672.6576,5.816721272482,2.72,-0.472998255239,47.7749213189,饰品,2026-04-30
509,603898,好莱客,-0.07,277314237.24,-29.026197345,-30.6474,-22110146.57,-1104.69,-32.5289,9.850244192632,-0.72,-0.32814422671,24.2453072439,家居用品,2026-04-30
510,603887,城地香江,-0.02,489798291.51,16.6504645545,-77.1527,-13413332.96,-173.6,80.8156,5.786590503058,-0.38,-0.172773775038,27.5347206386,IT服务Ⅱ,2026-04-30
511,603885,吉祥航空,0.2,5980362157.13,4.5069117364,19.152,440529835.69,27.69,984.9098,4.737574411405,3.91,0.944525159872,16.1216623813,航空机场,2026-04-30
512,603880,南卫股份,-0.018,155090495.26,-9.2624563711,1.2302,-5090315.77,35.71,93.3705,0.595415433709,-2.91,0.146885122958,9.0902599649,医疗器械,2026-04-30
513,603879,永悦科技,-0.02,67569777.25,11.0618973316,-31.7492,-6274136.83,-7.4952093459,85.7059,0.644836876786,-2.73,-0.009012653793,2.2192043263,塑料,2026-04-30
514,603876,鼎胜新材,0.21,7261155091.95,12.4605972719,8.381,193812230.62,127.28,-5.9803,8.221923676414,2.55,-0.072392616912,11.1299836105,工业金属,2026-04-30
515,603863,松炀资源,-0.02,121027810.78,18.1206230639,-6.3098,-5090408.1,71.7352857182,95.646,1.183318872954,-2.08,-0.011665962277,-3.7512081486,造纸,2026-04-30
516,603860,中公高科,0.01,25051893.61,-1.6984648802,-86.5103,682134.98,281.4336625729,-98.3258,12.608513782843,0.08,-0.675293954259,46.7005201368,工程咨询服务Ⅱ,2026-04-30
517,603859,能科科技,0.2,333261870.53,-1.0180271528,-23.5973,49079656.45,0.18,-18.9207,12.926871189485,1.56,-0.480895379724,52.5368449717,IT服务Ⅱ,2026-04-30
518,603843,*ST正平,-0.04,110009840.14,-25.1502816166,-84.7861,-26115409.54,-279.22,37.6747,0.036820640307,-68.0,0.011591647177,3.4995006129,基础建设,2026-04-30
519,603833,欧派家居,0.25,2653307354.68,-23.0329695112,-33.9682,154786845.31,-49.73,-5.7726,30.369223244138,0.82,-0.597028601722,35.0710829715,家居用品,2026-04-30
520,603829,洛凯股份,0.02,447541987.48,-4.3974976475,-16.8241,3235437.97,-88.42,-60.9477,8.019014583857,0.22,-0.972862800483,14.9259861977,电网设备,2026-04-30
521,603828,*ST利达,0.01,179166324.54,-58.287079065,-49.5828,3046626.77,-76.15,102.2516,0.859209923342,0.6,-0.087264281852,1.7791124187,装修装饰Ⅱ,2026-04-30
522,603825,ST华扬,-0.09,371891403.18,112.741194931,-12.6153,-23830745.05,57.1769704584,93.824,0.122945674574,-53.86,-0.727958703804,17.3288128601,广告营销,2026-04-30
523,603823,百合花,0.1,572864807.87,0.7361375931,11.7392,42938466.15,-6.23,36.3157,6.014749560547,1.73,0.176487954407,20.0175905405,化学制品,2026-04-30
524,603822,ST嘉澳,-0.5777,551501185.34,18.0887089958,-69.8002,-44383819.68,5.6449599742,-178.259,4.335766895549,-12.5126,-2.33643391031,7.4182902045,化学制品,2026-04-30
525,603818,曲美家居,0.002,846811755.21,-3.6084491374,-1.0827,1240071.1,129.17,101.5172,3.006780238722,0.06,0.135069611118,35.6714912035,家居用品,2026-04-30
526,603816,顾家家居,0.61,5032747329.25,2.4209984967,-0.2295,496253206.54,-4.39,97.3059,13.494044085638,4.58,0.123743848138,33.5937232685,家居用品,2026-04-30
527,603815,交建股份,0.09,634407822.87,-19.5865094922,-23.3233,57353725.54,73.64,106.2323,2.544050005119,3.71,-0.146892601855,11.2529495943,基础建设,2026-04-30
528,603813,原尚股份,-0.19,83571817.12,-4.6304816924,-14.4456,-19901138.49,-41.1792072509,32.4056,4.724642723325,-3.93,0.098403239061,4.3170026743,物流,2026-04-30
529,603809,豪能股份,0.1126,687213197.54,10.9658151139,-13.5128,103591456.16,-0.45,792.2108,4.098872436455,2.79,0.044163962846,31.2396165351,汽车零部件,2026-04-30
530,603808,歌力思,0.11,743608779.23,7.7674528064,-11.2709,41001149.67,0.14,-20.186,7.102598234393,1.57,0.517601087876,70.8387478891,服装家纺,2026-04-30
531,603801,志邦家居,-0.2172,575327710.8,-29.6305635147,-55.1585,-94344390.08,-324.22,-399.0587,7.252985677838,-2.86,-0.783589731265,25.8590893324,家居用品,2026-04-30
532,603800,洪田股份,-0.08,117862064.14,-12.7762625027,-40.4067,-16020835.19,36.55,66.5684,3.802835350288,-2.0,0.048659098221,-1.8958152619,专用设备,2026-04-30
533,603789,ST星农,-0.1136,103119031.71,119.9143178816,-32.6764,-30733931.35,-8.3448734859,7.9751,0.394601701641,-24.82,-0.129254226049,17.8171056548,专用设备,2026-04-30
534,603778,国晟科技,-0.05,119557427.03,25.0181701053,-65.4805,-34835151.73,16.9280128853,91.7476,0.427684282861,-11.88,-0.089463366792,-19.0581470311,光伏设备,2026-04-30
535,603759,海天股份,0.01,1513853762.63,366.883377657,28.5841,3868426.78,-92.25,-94.6894,6.330189143321,0.13,-0.890768292879,10.5433871375,环境治理,2026-04-30
536,603738,泰晶科技,0.06,249233100.14,24.3117772476,10.2685,23044495.9,165.22,33.9741,4.712282700446,1.28,0.162867894562,20.2491716396,元件,2026-04-30
537,603733,仙鹤股份,0.35,3167316099.61,5.8800813463,-3.442,250865291.56,6.2,6.9304,12.379522964039,2.79,0.427383165983,14.8370893201,造纸,2026-04-30
538,603730,岱美股份,0.09,1539312622.72,-3.360175348,-5.4001,186431844.31,-10.79,-13.3013,2.315059743409,3.76,0.045185324212,27.0192199045,汽车零部件,2026-04-30
539,603729,ST龙韵,0.03,82253334.87,-19.5961287654,340.4654,2406805.45,196.4304344997,105.6391,2.960281396537,0.87,0.122518553322,15.4641887288,广告营销,2026-04-30
540,603726,朗迪集团,0.47,392361843.34,-16.560333914,19.9766,87423301.98,133.72,5689.1014,8.057804317828,6.02,0.08883053398,22.1290992393,家电零部件Ⅱ,2026-04-30
541,603721,中广天择,-0.06,65369830.17,92.3417537689,-57.4676,-7539882.36,8.5037365479,-119.9922,3.772231959923,-1.53,-0.422086644308,13.3345638612,影视院线,2026-04-30
542,603718,*ST海利,0.01,47388715.59,-23.3105193433,24.2875,6336081.81,-41.88,101.9098,1.359616695232,0.716,0.005646099806,64.6759108543,医疗器械,2026-04-30
543,603717,天域生物,-0.0363,153901746.67,-31.6819253338,-18.9939,-10518672.2,-176.4,90.0101,1.318158275289,-2.59,-0.142581562456,6.5236833286,基础建设,2026-04-30
544,603712,七一二,-0.08,245937659.02,13.7901492728,-74.2653,-65205269.14,-20.71,77.206,4.95422486465,-1.69,0.097327921114,36.969686136,军工电子Ⅱ,2026-04-30
545,603711,香飘飘,0.23,878318411.2,51.413175804,-29.2768,93389265.22,597.4135875561,-49.3685,8.672129304454,2.64,0.0316316993,40.8432082244,饮料乳品,2026-04-30
546,603707,健友股份,0.06,928664346.8,4.9078621034,-12.7961,89011918.16,5.07,-41.4661,4.296995496741,1.28,0.315708592542,32.3088694558,化学制药,2026-04-30
547,603699,纽威股份,0.45,1813061001.57,16.5283120327,-16.2405,345185396.9,31.4,-29.1383,6.450901924615,7.27,0.379829145554,39.1646320276,通用设备,2026-04-30
548,603698,航天工程,0.08,956758827.12,12.9043895156,-22.2005,40964069.81,20.98,-50.0548,6.566909891826,1.17,-0.553413423553,16.1365832646,专用设备,2026-04-30
549,603696,安记食品,0.05,131968142.25,10.1174285224,-20.7306,11193404.07,101.47,81.383,2.459373651658,1.95,-0.243639007738,24.0979939535,调味发酵品Ⅱ,2026-04-30
550,603690,至纯科技,-0.204,620674466.14,-14.7049487433,27.1811,-78853142.03,-232.7631472908,89.3973,9.071738161956,-2.0,-0.079428366564,27.0627423816,半导体,2026-04-30
551,603689,皖天然气,0.22,1335321291.46,-8.1827318483,2.9686,114597320.26,13.64,84.4308,7.177086016768,3.03,0.456886719683,15.3980405139,燃气Ⅱ,2026-04-30
552,603687,大胜达,0.04,517348913.07,5.2782353554,-16.1436,22063254.64,-25.94,259.7723,5.949350603295,0.68,0.015840434292,19.3497585538,包装印刷,2026-04-30
553,603668,天马科技,0.01,1548359809.25,3.5042988565,3.3992,6705498.83,-61.24,102.6799,4.190956662013,0.32,0.22997715521,8.4494964839,饲料,2026-04-30
554,603667,五洲新春,0.08,721790126.21,-18.8288041736,5.7734,30800005.98,-18.62,534.2328,8.193064266417,1.03,0.121051669271,19.7571807956,通用设备,2026-04-30
555,603666,亿嘉和,-0.25,69294365.4,-45.745315658,-64.3976,-50759402.12,-775.33,-6814.8995,10.308059027613,-2.38,0.135015823448,18.4773789125,自动化设备,2026-04-30
556,603665,康隆达,0.1,353742676.44,-6.8762707621,1.0504,15982869.88,-85.99,129.941,4.119265148015,2.44,-0.245540888109,21.1100594793,服装家纺,2026-04-30
557,603661,恒林股份,0.43,3218188835.12,21.2735240882,0.8975,58981054.96,13.72,151.3188,26.570236182291,1.61,-0.468001521799,18.7457508051,家居用品,2026-04-30
558,603637,镇海股份,-0.01,55904771.69,4.2352404931,-66.4907,-1882785.28,-131.77,-113.046,4.373303075783,-0.18,-0.039123958516,9.6716103412,专业工程,2026-04-30
559,603636,南威软件,-0.09,116756576.04,-31.4864315855,-49.6923,-49816041.18,-43.6,85.6,3.188234425173,-2.67,-0.241734662886,26.6791148614,IT服务Ⅱ,2026-04-30
560,603628,清源股份,0.0165,369077824.29,2.2575466887,-10.4789,4500021.03,-85.93,110.7629,4.799087288763,0.34,-0.20663942919,25.4735792569,光伏设备,2026-04-30
561,603619,中曼石油,0.07,771437588.43,-18.2190202164,-18.0366,31655061.16,-86.22,-43.6117,9.441233381836,0.73,-0.138509205424,38.9136486648,油服工程,2026-04-30
562,603609,禾丰股份,0.01,8930501147.98,15.8676229505,16.1479,8660905.6,-92.66,111.3068,7.028547419839,0.13,-0.750020202707,7.4071156228,饲料,2026-04-30
563,603602,纵横通信,0.02,448785722.98,29.9237383193,-13.8914,4966361.76,45.22,102.565,3.8566466628,0.56,-0.424175380306,16.0202312348,广告营销,2026-04-30
564,603598,引力传媒,0.0387,2222200089.85,11.6666920185,22.029,10388526.16,37.73,421.0931,0.828619326327,4.77,-0.662468925319,3.191127958,广告营销,2026-04-30
565,603580,艾艾精工,0.0214,102514164.69,115.1821497053,-25.7243,2790009.47,-48.43,-90.8651,3.482529925876,0.62,0.004587993789,26.098124743,塑料,2026-04-30
566,603577,汇金通,0.0401,801278150.28,-4.3156695244,-37.4112,13601940.35,-9.04,-34.4972,5.821280836978,0.6913,0.042272603218,12.4508503339,电网设备,2026-04-30
567,603569,长久物流,0.0016,733021596.66,-17.8004881532,-24.6385,950230.95,-76.14,100.6994,4.395909600513,0.04,0.183603368736,12.1053567854,物流,2026-04-30
568,603567,珍宝岛,-0.1911,181651487.03,-61.2905945439,250.449,-179949070.12,-338.99,81.8861,6.483818459912,-2.91,0.067795536522,0.3159907973,中药Ⅱ,2026-04-30
569,603565,中谷物流,0.25,2578534819.35,0.3847322302,-5.1549,526992933.9,-3.63,-10.7668,5.220167528128,4.92,0.315213019668,33.4724597086,航运港口,2026-04-30
570,603557,*ST起步,-0.05,258927802.27,315.2978537856,504.5979,-29204253.31,-1376.2656296258,46.844,0.089760096887,-41.3881,-0.092528564239,8.0758513287,服装家纺,2026-04-30
571,603556,海兴电力,0.19,1126354579.09,43.5779341209,-19.5308,90926214.55,-35.5,3007.0199,15.341218728906,1.22,-0.17093140058,32.8744133947,电网设备,2026-04-30
572,603535,嘉诚国际,0.04,218054645.27,-19.2042167716,2.3628,18421304.03,-59.76,124.5912,4.855418461958,0.71,0.076402838245,28.0933763067,物流,2026-04-30
573,603533,掌阅科技,-0.08,794485567.24,23.5178692132,1.7459,-33726890.19,54.5923442478,-183.8864,5.229935491196,-1.46,-0.029457698049,63.9012895255,数字媒体,2026-04-30
574,603528,多伦科技,-0.0286,78456107.82,-25.3108540234,-10.3903,-20172714.63,-795.81,-103.3656,2.662307532542,-1.07,-0.00067552504,29.4871510999,软件开发,2026-04-30
575,603520,司太立,0.05,711269910.7,3.6994363378,18.3959,20953600.9,46.08,212.6755,5.87371352408,0.82,-0.189107300732,22.2539246971,化学制药,2026-04-30
576,603507,振江股份,0.53,1488625219.61,58.8700900546,33.8297,97062588.01,1249.12,42.9824,14.109012093604,3.8,1.224943928585,18.2310072471,风电设备,2026-04-30
577,603506,南都物业,0.26,466658827.84,3.1241919205,-5.3529,47708179.53,61.82,186.4033,6.595513699467,3.93,-0.742022514123,17.974442459,房地产服务,2026-04-30
578,603501,豪威集团,0.41,6414033079.02,-0.8972203852,-9.3061,502949305.92,-41.92,-39.7813,26.04769857509,1.56,0.584485094097,29.3806351175,半导体,2026-04-30
579,603500,祥和实业,0.12,180665444.52,-4.581508321,-26.0189,39322873.36,10.93,59.0711,3.241099776043,3.71,-0.006362980422,32.0643530941,轨交设备Ⅱ,2026-04-30
580,603499,翔港科技,0.1012,262881273.77,2.0016819786,-10.1097,30616945.7,-25.66,47.2021,3.058994776142,3.36,0.158849642156,24.706735291,包装印刷,2026-04-30
581,603429,*ST集友,-0.009,28139334.04,-64.4545603641,-34.3952,-4428048.29,-463.66,63.7938,2.405535477613,-0.35,-0.024571054719,9.546856497,包装印刷,2026-04-30
582,603409,汇通控股,0.33,317547276.61,22.5613884639,-12.8264,41598341.43,43.14,37.9535,12.314584340554,2.7,-0.021027545029,28.2841078339,汽车零部件,2026-04-30
583,603398,*ST沐邦,-0.17,103666055.86,72.5075821843,-36.1107,-74274768.55,27.325,83.9523,0.164954946197,-68.35,-0.022754760843,-31.5303298547,光伏设备,2026-04-30
584,603393,新天然气,0.34,912740188.42,-14.2011595804,-4.2656,145123214.52,-61.55,1786.2189,22.222489798349,1.57,1.119682560321,39.288304661,燃气Ⅱ,2026-04-30
585,603391,力聚热能,0.04,116134362.99,-46.0149226262,-81.1384,3744138.93,-88.86,-97.7925,24.933858070549,0.17,-0.360199966374,31.1684020285,专用设备,2026-04-30
586,603389,亚振家居,-0.06,116079126.2,185.3771878008,-72.5559,-14785261.71,30.6306647437,53.3288,0.763134793532,-7.1,-0.400407119641,13.913320843,家居用品,2026-04-30
587,603387,基蛋生物,0.15,267501249.08,9.5650013291,-9.021,76303243.95,18.65,26.9234,5.579338390095,2.73,0.143298738161,70.3428765537,医疗器械,2026-04-30
588,603385,惠达卫浴,-0.08,577877249.92,-12.8032555097,-21.3024,-30469973.43,-381.76,85.1416,9.242061449111,-0.86,-0.224702813026,23.2624657379,家居用品,2026-04-30
589,603381,永臻股份,0.1027,2391234586.45,-7.5009441324,43.2133,24364600.87,-9.29,110.9176,14.095344921762,0.73,-1.748827159787,4.7186465924,光伏设备,2026-04-30
590,603378,*ST亚士,-0.23,35691296.24,-65.6027427428,-45.2466,-97590254.28,-5.40373489,90.8743,-0.388066926525,,-0.026966771779,19.2988329247,装修建材,2026-04-30
591,603377,ST东时,-0.09,120534935.36,-12.7084778771,-0.4257,-66941225.74,-39.4128213095,89.5813,-0.002024799518,-151.3,0.028807536963,18.61250451,教育,2026-04-30
592,603368,柳药集团,0.64,5377272243.65,1.1340116172,4.0447,224586456.96,-19.02,252.2886,20.155790644354,2.83,-1.281815236853,11.5605291353,医药商业,2026-04-30
593,603359,*ST东珠,-0.03,35002686.52,-66.8934196103,33.5121,-14070565.61,-3463.42,98.6587,3.145522040077,-1.0,0.071541203194,19.4710387047,基础建设,2026-04-30
594,603358,华达科技,-0.16,1110230111.7,11.1290815913,-19.576,-76913481.56,-267.86,44.9852,7.547678553776,-2.13,-0.933490852242,9.8672947829,汽车零部件,2026-04-30
595,603357,设计总院,0.04,345912366.3,-29.7560114849,-47.5959,19918980.18,-76.69,-83.931,7.119795465968,0.5,-0.433707303778,31.0263104231,工程咨询服务Ⅱ,2026-04-30
596,603356,华菱精工,-0.16,167332781.72,-12.4552513906,-39.0746,-20829856.46,3.4565140715,67.2042,2.265214760162,-6.73,-0.134304960627,-2.5995431769,专用设备,2026-04-30
597,603352,至信股份,0.11,700753316.26,-13.4918332684,-48.3329,24212704.69,-48.04,-61.2309,13.041840066321,1.02,-0.831612809439,15.8015652756,汽车零部件,2026-04-30
598,603350,安乃达,0.23,470912168.68,-5.4475826454,15.6547,27094102.34,-13.96,42.7518,11.720016700002,2.01,-1.192495481656,16.4428171493,电机Ⅱ,2026-04-30
599,603344,星德胜,0.17,600874399.32,9.3183548855,-9.2913,33570444.52,-19.17,-15.6549,11.152941022556,1.56,0.281555308568,15.7451798973,电机Ⅱ,2026-04-30
600,603339,四方科技,0.14,450916699.6,-10.093268287,-0.6668,42346817.91,-13.42,-16.959,8.722450543694,1.58,-0.026198582978,22.0072711873,通用设备,2026-04-30
601,603336,宏辉果蔬,0.01,202056446.0,-17.9166369729,-41.9389,3008862.6,-33.21,-57.2201,2.360563452021,0.21,0.114533049025,9.5243597425,种植业,2026-04-30
602,603333,福华尚纬,0.001,415248496.67,71.7267141174,-10.7331,547850.8,103.7797629134,102.5359,3.28469640099,0.03,-0.222956942574,15.4815432989,电网设备,2026-04-30
603,603326,我乐家居,0.0282,233102652.02,-26.6362303302,-41.1061,9008979.93,-77.56,-75.4469,3.734992526465,0.76,-0.296252365671,44.1606005457,家居用品,2026-04-30
604,603324,盛剑科技,-0.18,118577332.94,-63.0885697929,-59.764,-26115135.69,-226.65,45.385,11.04132031937,-1.59,-0.551712368629,17.3647813536,环保设备Ⅱ,2026-04-30
605,603323,苏农银行,0.23,1145592000.0,1.2244032393,15.5252,462080000.0,5.05,38.0015,9.594122590212,2.41,-2.653650750891,,银行Ⅱ,2026-04-30
606,603321,梅轮电梯,0.02,119808593.77,-7.2782074188,-33.7223,6581043.43,53.6,59.1173,4.148301833639,0.46,-0.080597700958,20.7496959005,专用设备,2026-04-30
607,603316,诚邦股份,0.09,194478331.27,100.4678373463,-1.6975,23492627.06,693.74,120.911,2.091269967797,4.34,-0.184021775308,10.2666640492,半导体,2026-04-30
608,603315,福鞍股份,0.0627,249080742.95,6.2167949834,-37.3801,20074367.3,-24.05,322.2415,5.427544729023,1.15,0.093283032979,18.4876023512,环境治理,2026-04-30
609,603296,华勤技术,1.04,40745694661.84,16.4239334987,-4.2518,1060584628.61,25.96,10.9712,26.357489903393,4.03,0.566779419195,8.5399067919,消费电子,2026-04-30
610,603290,斯达半导,0.11,864113007.84,-5.9960385714,-15.5132,26626793.51,-74.32,13.8212,29.080679131357,0.38,-0.464297966272,21.0767378164,半导体,2026-04-30
611,603286,日盈电子,-0.05,235980638.09,-3.4511357492,-7.1103,-5568791.93,24.7868993727,83.6852,6.898917845969,-0.69,-0.090698818854,20.9799646279,汽车零部件,2026-04-30
612,603280,南方路机,0.1,189274543.51,41.5795861018,-35.939,11214272.46,4.27,-36.5693,12.795072462195,0.81,-0.174515382527,31.0035323249,工程机械,2026-04-30
613,603278,大业股份,-0.07,1136418179.38,-6.0915228943,-8.9107,-24557610.16,-598.26,33.3513,5.665374186498,-1.27,0.087228149592,7.7664085951,通用设备,2026-04-30
614,603271,永杰新材,0.61,2408398812.49,21.5881052752,-8.101,119306113.5,57.58,11.8607,15.469220127542,4.0,0.575037116562,9.6970658563,工业金属,2026-04-30
615,603266,天龙股份,0.15,320137642.84,5.5047916186,-14.9519,29807209.27,16.53,27.4474,8.159043845857,1.85,0.330557535281,22.6320907742,汽车零部件,2026-04-30
616,603260,合盛硅业,0.07,5005834695.33,-4.2491672774,-5.4175,77342804.67,-70.21,102.8973,24.886208828772,0.26,1.067553674505,19.0845146759,化学制品,2026-04-30
617,603258,电魂网络,-0.09,90263505.43,-11.7086860875,-2.053,-22563244.48,-1501.33,87.7112,7.991100761921,-1.15,-0.198270829741,56.5802624402,游戏Ⅱ,2026-04-30
618,603237,五芳斋,-0.3,200788178.13,-17.3181063421,-21.8352,-57288492.27,-26.6465441713,-7.526,8.219559941475,-3.48,0.605744005011,37.4355399357,食品加工,2026-04-30
619,603235,天新药业,0.34,639757715.06,3.3683455066,-10.4101,147003605.08,-32.74,11.9814,11.56635916321,2.95,0.312682831262,39.9916972984,化学制品,2026-04-30
620,603232,格尔软件,-0.12,65926266.18,44.3610795264,-46.0142,-28555098.85,43.1217497909,-47.546,5.556433479958,-2.17,-0.255791034854,46.7225463913,软件开发,2026-04-30
621,603231,索宝蛋白,0.17,487722648.24,24.4443430279,-3.9584,31781029.71,-28.54,-26.1395,10.577081414122,1.58,0.060676095033,11.9722578561,农产品加工,2026-04-30
622,603222,济民健康,-0.05,163097985.21,-9.9014835095,15.472,-25921384.02,-90.08889777,84.6102,2.119455967538,-2.21,0.048717454358,33.6569505867,医疗器械,2026-04-30
623,603215,比依股份,-0.09,548874397.97,3.495223513,-7.7276,-16511609.08,-209.99,-278.1341,6.540129186858,-1.33,-0.114352497469,7.602156117,小家电,2026-04-30
624,603212,赛伍技术,-0.03,603276660.33,-6.2063526619,3.5185,-11532623.86,65.216023313,92.3601,5.464651016782,-0.48,-0.020985053541,9.7667933644,光伏设备,2026-04-30
625,603211,晋拓股份,0.04,334003104.81,12.09468307,-7.4684,11328830.52,-35.68,-12.4807,4.609091052912,0.91,0.040170368459,17.5344666402,汽车零部件,2026-04-30
626,603210,泰鸿万立,0.1649,531158320.1,20.2963797901,-32.242,56132028.85,27.23,1.1981,5.693608317127,2.94,-0.451289369066,19.3027974184,汽车零部件,2026-04-30
627,603195,公牛集团,0.59,4060221001.34,3.5165172925,6.0489,1058244024.62,8.55,-3.0743,9.854629008711,6.1,0.939863359612,42.7397614092,家居用品,2026-04-30
628,603192,汇得科技,0.1,627283555.6,2.7157911929,7.7918,15150504.94,-21.65,194.1968,13.118616041824,0.84,-0.235515706986,13.3104309821,化学制品,2026-04-30
629,603191,望变电气,0.04,888952486.71,13.0306251769,-25.2283,12286841.14,-15.24,205.1154,7.585889849912,0.49,-0.616800867532,10.1403510714,电网设备,2026-04-30
630,603190,亚通精工,0.42,504778500.98,19.5894253653,-9.4418,49932787.71,40.73,530.087,18.075537012687,2.25,-0.047793224988,25.341731542,汽车零部件,2026-04-30
631,603189,*ST网达,-0.02,120996604.82,62.4768669067,47.8891,-5047895.6,-267.79,-585.2773,5.474660367406,-0.34,-0.093539816673,10.9996287084,软件开发,2026-04-30
632,603188,亚邦股份,0.0245,258751320.87,48.7565666948,36.2995,13986273.27,339.17,118.3517,1.23652141884,2.0,0.000648311591,17.1917751726,化学制品,2026-04-30
633,603179,新泉股份,0.4,3639122555.78,3.4157714297,-11.4781,203498773.34,-4.57,5.7296,14.81768740163,2.72,0.196838808355,20.233246552,汽车零部件,2026-04-30
634,603177,德创环保,-0.06,200255708.72,-9.0039692121,-28.7616,-11568875.77,-205.61,73.4285,1.581463398076,-3.13,0.050588400672,21.275935359,环境治理,2026-04-30
635,603175,超颖电子,-0.22,1350090747.71,27.560597946,-1.7922,-95658571.35,-233.72,-584.8193,6.266953923556,-3.39,0.044083842191,20.246774636,元件,2026-04-30
636,603169,兰石重装,-0.0303,1186331764.6,-15.7639974501,-31.4506,-39639872.14,-29.6222083903,92.2091,2.035631631333,-1.49,-0.26634520801,7.1205315824,专用设备,2026-04-30
637,603168,莎普爱思,-0.07,98522734.42,-3.1537792145,-12.1536,-26104017.0,-394.89,90.1995,3.541786453221,-1.95,-0.059376799888,50.7903455833,化学制药,2026-04-30
638,603167,渤海轮渡,0.1,312926428.25,-0.5065763751,-24.9034,47576404.39,-23.22,656.7489,7.548654480536,1.35,0.304580176697,8.6003917088,航运港口,2026-04-30
639,603166,福达股份,0.12,503830231.49,6.9515813997,-12.3332,75104193.5,15.36,-21.0485,4.234251968221,2.79,0.095826475377,28.2740020024,汽车零部件,2026-04-30
640,603165,荣晟环保,0.29,561572868.78,5.2278889316,-12.8317,75831393.78,7.42,43.5345,8.390071752006,3.54,-0.308114923555,13.0215863293,造纸,2026-04-30
641,603163,圣晖集成,0.39,540921807.1,-5.8505995558,-37.9695,38695596.46,33.66,-34.302,11.9521604599,3.27,3.4916391359,11.8572132937,专业工程,2026-04-30
642,603161,科华控股,0.08,499133959.21,-5.0360846443,-12.9455,15695640.23,-38.71,-0.5832,7.863356569638,1.03,-0.506619380441,17.2000124087,汽车零部件,2026-04-30
643,603159,上海亚虹,-0.0322,71446557.18,-28.2107920546,-36.3066,-4511148.88,-1073.1,-353.4009,3.541828543786,-0.91,-0.065305121214,15.0441828469,专用设备,2026-04-30
644,603158,腾龙股份,0.11,811900749.82,-6.0226081545,-37.9151,53098251.34,17.27,158.403,4.629417940168,2.36,0.068056892857,22.7421684856,汽车零部件,2026-04-30
645,603130,云中马,0.1,565256284.97,-3.5121572322,-22.5988,14368967.69,38.85,-73.4387,10.433647662496,1.01,1.464127558027,9.2177534926,纺织制造,2026-04-30
646,603128,华贸物流,0.07,4333999049.01,8.553759376,2.115,92034997.67,-21.68,-49.3329,4.822033248996,1.47,-0.119552971271,10.0074406929,物流,2026-04-30
647,603127,昭衍新药,0.32,316135036.49,10.0223006179,-53.0024,238356654.58,479.67,9.7735,11.418932783826,2.82,0.17029621166,20.4859408875,医疗服务,2026-04-30
648,603119,浙江荣泰,0.2,376118986.97,41.261522191,-9.5704,71792393.09,20.63,-4.4302,5.79823772634,3.46,0.243612079189,35.978133428,汽车零部件,2026-04-30
649,603117,万林物流,-0.0101,45916805.94,-25.9551635836,-25.5834,-6076049.39,-388.88,-520.4953,1.711272011636,-0.59,-0.016313184555,9.6333578729,物流,2026-04-30
650,603113,金能科技,-0.7,3323200280.85,-25.4994677571,-21.2492,-590548233.63,-877.67,-688.9631,8.589877880582,-7.79,-1.075270856855,-15.3282431822,化学原料,2026-04-30
651,603098,森特股份,0.04,538051372.37,-24.9675450008,-29.3123,21516482.82,-36.89,216.1819,5.295015060497,0.76,-0.014969814562,20.9756984306,专业工程,2026-04-30
652,603078,江化微,0.0746,321918371.76,16.8752418252,-0.6313,28776494.41,7.31,10.5539,5.173558751021,1.45,0.096533208872,27.1288290297,电子化学品Ⅱ,2026-04-30
653,603070,万控智造,-0.05,351267603.85,-13.3865695409,-18.7599,-19109379.84,-305.87,-165.8577,5.393488725885,-0.88,-0.337486909052,14.9635569788,电网设备,2026-04-30
654,603059,倍加洁,0.2,418983954.79,29.3856483301,0.6816,19600740.31,57.94,-48.045,11.126148309635,1.77,0.558694077673,28.4954053145,个护用品,2026-04-30
655,603057,紫燕食品,0.2022,702559511.94,24.6412159922,-3.0284,83288402.97,447.29,98.1964,5.176073389587,3.98,-0.086345477549,19.4121753933,休闲食品,2026-04-30
656,603055,台华新材,0.15,1435403032.9,-2.8868052435,-15.7864,131726492.35,-19.26,17.1474,6.066371895223,2.44,0.499368653395,24.5473814701,纺织制造,2026-04-30
657,603052,可川科技,-0.06,222523405.36,10.2322508707,-13.8852,-11588714.33,-207.61,-26.7088,5.669141190717,-1.08,-0.359885845129,11.5105291053,消费电子,2026-04-30
658,603051,鹿山新材,0.12,320782915.56,-3.9824475341,-8.8345,19991756.58,40.74,123.5469,10.531576131074,1.18,-0.330127712431,15.76748686,化学制品,2026-04-30
659,603048,浙江黎明,0.11,183568746.19,9.5713549542,-11.4402,15849407.74,18.17,217.0053,8.706073786356,1.25,-0.334123897195,39.0699323379,汽车零部件,2026-04-30
660,603045,福达合金,1.3368,1942295022.04,92.6730897404,25.9954,181064311.71,3635.07,244.5224,9.250014778306,15.58,-1.037798741491,16.3585507132,金属新材料,2026-04-30
661,603039,泛微网络,0.24,332758619.26,1.2867201084,-66.3224,62130762.58,137.91,-67.0712,10.328303914652,2.42,-0.478413967994,93.7169126358,软件开发,2026-04-30
662,603030,全筑股份,0.00171,294080133.24,38.3068217464,3.3935,2247402.55,111.73,101.123,0.530896429252,0.35,-0.001046203562,11.1332732474,装修装饰Ⅱ,2026-04-30
663,603027,千禾味业,0.1113,817563396.16,-1.5724451076,39.7576,148143506.6,-7.75,68.5486,2.635693257942,4.31,0.344191560831,40.8177649412,调味发酵品Ⅱ,2026-04-30
664,603023,威帝股份,-0.006,31277863.12,-18.033181358,-62.3379,-3158007.79,-494.23,-194.0065,1.379768048625,-0.41,-0.026085784205,13.1448696294,汽车零部件,2026-04-30
665,603022,新通联,0.06,214054087.74,3.759813041,-19.7959,12364783.09,-0.99,-46.0661,4.26933186135,1.46,0.1972532949,20.6023298016,包装印刷,2026-04-30
666,603021,*ST华鹏,-0.12,95407040.29,4.2834841723,9.8494,-39226727.58,-43.26,68.9735,-0.64574129161,,0.02325036216,11.1458052442,家居用品,2026-04-30
667,603018,华设集团,0.1,653813063.59,-3.1524831545,-58.2666,68100986.33,17.63,-23.1506,7.932081959899,1.26,-0.159697133037,32.1584072587,工程咨询服务Ⅱ,2026-04-30
668,603014,威高血净,0.28,904266262.9,0.9234987049,-12.4339,118304254.26,5.29,-16.4037,17.363139653391,1.65,0.003944888857,38.9198391336,医疗器械,2026-04-30
669,603010,万盛股份,0.02,980487370.29,26.3519863038,9.708,14051099.03,45.82,101.3906,4.39417357024,0.54,0.104261993074,15.6926048863,化学制品,2026-04-30
670,603008,ST喜临门,-0.1,1682224819.12,-2.7740176642,-35.8527,-35870819.21,-150.45,77.2832,9.546327618866,-1.01,-1.159497455059,28.3419647345,家居用品,2026-04-30
671,603007,顺景科技,-0.01,148440803.55,1658.1593689715,-48.0236,-6085325.0,41.99,96.7815,0.264957627355,-2.13,-0.023888584708,15.2734831042,汽车零部件,2026-04-30
672,603000,人民网,-0.0301,297781277.53,-2.4438642778,-68.2197,-33258905.19,-199.3717830083,-118.5725,3.47995080322,-0.86,-0.194289950076,31.5380279173,数字媒体,2026-04-30
673,601998,中信银行,0.36,54649000000.0,5.2338680172,-2.1977,20098000000.0,3.02,16.6657,13.348494923174,2.7775,3.381885164885,,银行Ⅱ,2026-04-30
674,601995,中金公司,0.7,8825240263.0,54.261391239,14.3096,3577445645.0,75.19,10.9685,21.268489426074,3.35,5.371673521849,,证券Ⅱ,2026-04-30
675,601992,金隅集团,-0.16,15316774015.88,-9.1882808222,-29.167,-1677579483.35,-35.88,-503.6659,3.637854214188,-2.32,-0.05964124991,4.8022700972,水泥,2026-04-30
676,601988,中国银行,0.18,178846000000.0,8.4381764274,7.0255,56631000000.0,4.17,-13.3566,8.483250158281,2.115,0.608940697429,,银行Ⅱ,2026-04-30
677,601985,中国核电,0.1,18924861299.78,-6.6485477301,-7.4163,2064416127.86,-34.19,58.5853,5.833151802454,1.73,0.395320611983,39.5018012149,电力,2026-04-30
678,601969,海南矿业,0.1,1192638290.0,0.2808682262,12.9207,200625530.0,25.13,69.0622,3.508576142979,2.88,0.005021919047,25.7848899015,油气开采Ⅱ,2026-04-30
679,601952,苏垦农发,0.04,2090417619.68,-2.0063144053,-35.9307,49126083.53,-40.4,-79.8543,5.138930694615,0.7,0.075231986118,11.3911894412,种植业,2026-04-30
680,601939,建设银行,0.33,211256000000.0,11.1464197401,12.7619,86291000000.0,3.53,5.8188,13.560129969419,2.4625,2.272297400612,,银行Ⅱ,2026-04-30
681,601928,凤凰传媒,0.1662,2884004556.5,-10.5922891869,-9.5311,422983803.46,-16.53,350.7991,8.003933656588,2.13,0.008666598259,35.6815970838,出版,2026-04-30
682,601919,中远海控,0.38,51796875575.87,-10.6340561751,-0.2084,5876939302.39,-49.75,54.715,15.391784144065,2.51,0.726511402528,17.2411179857,航运港口,2026-04-30
683,601916,浙商银行,0.22,17190000000.0,0.496930722,26.5553,5992000000.0,0.72,374.426,6.684095543257,3.315,3.692761433149,,银行Ⅱ,2026-04-30
684,601901,方正证券,0.18,3399890738.6,14.6952388961,139.1613,1486028590.88,24.35,769.4716,6.367386313731,2.88,0.958693203012,,证券Ⅱ,2026-04-30
685,601888,中国中免,1.1351,16906021992.25,0.9552812449,22.2288,2348297359.76,21.18,339.5765,27.892872363793,4.16,1.872461328208,33.6317589397,旅游零售Ⅱ,2026-04-30
686,601882,海天精工,0.2133,815126959.75,10.1458772629,-3.7223,111352725.37,12.57,21.8579,5.862299068831,3.71,-0.369336045766,25.5839835973,通用设备,2026-04-30
687,601881,中国银河,0.28,7354563884.74,15.6621946994,32.4779,3320207445.86,10.09,114.0125,11.085197737713,2.53,4.907896891245,,证券Ⅱ,2026-04-30
688,601869,长飞光纤,0.6,3695360951.0,27.7014158526,-7.077,495131710.0,226.4,43.9088,17.190316820705,3.53,0.746164752495,41.5145642697,通信设备,2026-04-30
689,601868,中国能建,0.034,102018018000.0,1.6413615409,-21.1517,1454494000.0,-9.75,-45.8121,2.698235267246,1.246,-0.536200946547,10.7970123474,基础建设,2026-04-30
690,601866,中远海发,0.0314,5985859947.53,10.4860030466,6.2239,413159783.28,-14.01,88.958,2.358305453507,1.33,0.037303422846,14.2978590856,航运港口,2026-04-30
691,601857,中国石油,0.264,736383000000.0,-2.2140451706,5.9219,48332000000.0,1.9,55.7941,8.876205462761,3.0,0.461542664503,22.924076194,炼化及贸易,2026-04-30
692,601827,三峰环境,0.26,1521250006.54,-2.1613491648,8.3134,429869012.74,5.02,238.7191,7.459989033863,3.51,0.269647864332,47.9564285965,环境治理,2026-04-30
693,601818,光大银行,0.17,31811000000.0,-3.853593665,-0.7178,11459000000.0,-8.06,533.7942,8.537995464239,1.995,-0.609535253698,,银行Ⅱ,2026-04-30
694,601816,京沪高铁,0.0642,10559383280.69,3.2863316356,2.9464,3142632759.73,6.03,9.5098,4.300480656456,1.51,0.090403673533,45.8188688007,铁路公路,2026-04-30
695,601811,新华文轩,0.21,2483727454.06,-0.1642922085,-35.2319,257182132.87,-1.03,-56.5378,12.608381690299,1.67,-0.138487788256,34.2138210942,出版,2026-04-30
696,601800,中国交建,0.24,155945916995.0,0.8419482101,-28.1995,4102517975.0,-24.95,271.5464,17.89611167073,1.37,-3.388646515251,10.1595793858,基础建设,2026-04-30
697,601799,星宇股份,1.2584,3429874326.99,10.8373942973,-24.5636,355156708.89,10.26,-26.4771,40.50001585984,3.0976,1.473873641734,19.3320945713,汽车零部件,2026-04-30
698,601788,光大证券,0.23,3083628376.53,23.1006893922,15.8182,1166176164.68,42.34,11.4676,13.488130321304,1.74,-0.06392902359,,证券Ⅱ,2026-04-30
699,601766,中国中车,0.12,53818557000.0,10.5746239802,-39.664,3378321000.0,10.66,5.0222,6.120571950165,1.94,-0.316544062511,23.8139532429,轨交设备Ⅱ,2026-04-30
700,601727,上海电气,0.0245,24318665000.0,9.32,-45.2311,380437000.0,30.15,170.1027,3.532277996273,0.69,-0.051509762922,18.3566842015,其他电源设备Ⅱ,2026-04-30
701,601717,中创智领,0.511,9539426567.09,-2.2621690211,-10.1576,892103239.54,-18.06,37.5807,14.030684421815,3.62,0.090124409247,19.2705965546,专用设备,2026-04-30
702,601700,风范股份,0.025,852179650.09,49.0580082007,-10.6676,28402549.43,166.86,106.9549,1.888923222253,1.34,0.248974325688,13.8631636918,电网设备,2026-04-30
703,601698,中国卫通,0.0064,542414493.94,0.7069116034,-31.5681,26841456.09,-61.9,-82.7382,3.781497252228,0.1682,-0.008889401368,19.0378024967,航天装备Ⅱ,2026-04-30
704,601696,中银证券,0.13,921286692.86,22.574533714,-3.2025,361558617.84,28.94,89.0851,6.96684803914,1.89,5.516587851562,,证券Ⅱ,2026-04-30
705,601689,拓普集团,0.32,6628185769.77,14.9211723844,-23.4025,551799928.86,-2.42,-32.0884,14.148798233076,2.27,0.31488297054,19.2562423053,汽车零部件,2026-04-30
706,601688,华泰证券,0.51,10421730928.21,41.4811446142,20.0481,4800496779.97,31.79,31.4958,19.730743706071,2.61,3.977624061043,,证券Ⅱ,2026-04-30
707,601678,滨化股份,0.08,3922541936.83,3.7035928786,6.3428,146443573.2,52.55,344.1474,5.683111716015,1.26,0.093011716048,12.8076165428,化学原料,2026-04-30
708,601669,中国电建,0.1112,145237333379.11,1.7352832767,-29.7299,1951116531.21,-25.56,-22.9875,8.543918104152,1.31,-2.561195692671,10.1763673158,基础建设,2026-04-30
709,601666,平煤股份,0.0486,6338240717.24,17.3710190477,10.8865,120119542.48,-20.85,348.416,8.851559879658,0.55,0.179965110124,15.1925197503,煤炭开采,2026-04-30
710,601658,邮储银行,0.2,96162000000.0,7.6082942605,6.0829,25726000000.0,1.9,137.2809,8.596710937175,2.4275,2.563354011408,,银行Ⅱ,2026-04-30
711,601628,中国人寿,0.69,93291000000.0,-15.326247765,19.9375,19505000000.0,-32.3,242.1026,21.166106492128,3.27,6.206651335574,,保险Ⅱ,2026-04-30
712,601618,中国中冶,0.08,92203820000.0,-24.5914127997,-23.3466,1632712000.0,1.59,161.6492,4.978941660721,1.59,-1.209497868109,8.6008312888,专业工程,2026-04-30
713,601607,上海医药,0.38,75261732476.16,6.3581919146,9.8593,1417757054.07,6.35,145.5022,20.845070551,1.85,-0.272275043843,10.7529984745,医药商业,2026-04-30
714,601588,北辰实业,-0.04,1281975962.0,7.2620241095,-24.3051,-150918913.0,48.8311401494,81.4676,1.945807662562,-2.28,0.035493500484,35.4276294925,房地产开发,2026-04-30
715,601528,瑞丰银行,0.22,1067925000.0,-3.6750373646,1.553,422178000.0,-0.5,-4.0269,10.290529166567,2.1175,2.844251312711,,银行Ⅱ,2026-04-30
716,601515,衢州东峰,-0.01,355216760.05,20.1434574624,0.3958,-10581558.33,-7.4266675868,96.985,2.545992635177,-0.22,-0.031715015708,12.6631290212,包装印刷,2026-04-30
717,601512,中新集团,0.08,515153625.95,-39.9630391426,-16.0515,118702665.32,-54.11,-47.4639,10.290808430845,0.77,0.011559289875,43.7437853076,房地产开发,2026-04-30
718,601500,通用股份,0.08,2136664293.55,0.7094610147,-6.3653,126535740.67,23.24,38.6417,3.861722516351,2.05,0.213148781642,16.0935545157,汽车零部件,2026-04-30
719,601398,工商银行,0.24,230370000000.0,8.2698074013,16.2065,86941000000.0,3.31,-11.8728,11.062448268412,2.2075,3.973760335796,,银行Ⅱ,2026-04-30
720,601390,中国中铁,0.177,235709710000.0,-5.445019306,-25.7454,4358918000.0,-27.65,-19.3024,13.02318206149,1.36,-3.501041509444,7.9283663697,基础建设,2026-04-30
721,601377,兴业证券,0.0863,2664642053.23,13.4373518741,3.918,785676458.1,52.17,124.9543,6.558338844514,1.32,1.226097709306,,证券Ⅱ,2026-04-30
722,601375,中原证券,0.0363,537554606.13,34.0436259069,2.6826,168651261.5,63.8,154.1267,3.134261193484,1.17,0.191170291883,,证券Ⅱ,2026-04-30
723,601369,陕鼓动力,0.11,2587828867.9,1.1263293869,15.7304,191694131.93,-22.61,46.9185,5.277397795871,2.13,0.254387866177,21.3439944318,专用设备,2026-04-30
724,601360,三六零,0.02,2010908000.0,7.8956856921,-23.3825,109266000.0,139.9998535689,-71.6378,4.171662339932,0.37,-0.009091145627,70.7010962212,软件开发,2026-04-30
725,601336,新华保险,2.08,22133000000.0,-33.7375007485,8.0027,6501000000.0,10.5,89.6994,39.601602564103,5.53,11.638141025641,,保险Ⅱ,2026-04-30
726,601333,广深铁路,0.082,7390906090.0,7.1816480512,-0.8217,579619153.0,23.8,2001.8228,4.085032206227,2.03,-0.005308390427,11.7015458791,铁路公路,2026-04-30
727,601328,交通银行,0.3,69618000000.0,4.8874559315,6.4072,26162000000.0,3.11,2.0837,13.175320266172,2.2675,1.349022226246,,银行Ⅱ,2026-04-30
728,601319,中国人保,0.2,148536000000.0,-5.1,0.3256,8814000000.0,-31.4,5107.9545,7.221327785818,2.8,0.347096599132,,保险Ⅱ,2026-04-30
729,601298,青岛港,0.21,5153813560.0,7.2135024026,12.8117,1374467621.0,-2.0,25.9738,7.254853604474,2.96,0.169774904099,41.7740529015,航运港口,2026-04-30
730,601288,农业银行,0.2,206255000000.0,10.4894093446,18.2451,75185000000.0,4.52,7.1286,8.076360851813,2.6475,3.385413005775,,银行Ⅱ,2026-04-30
731,601279,英利汽车,-0.0173,879642352.34,-11.3915760764,-24.4985,-27360003.29,26.1886944389,11.583,2.615113588294,-0.66,0.047713908539,9.559456922,汽车零部件,2026-04-30
732,601238,广汽集团,-0.06,20228702898.0,1.7588473602,-31.6915,-656310652.0,10.29,85.3233,10.222727218327,-0.63,-0.318353465285,-0.8892707251,乘用车,2026-04-30
733,601236,红塔证券,0.04,443625080.51,-21.6428415833,-33.9503,195952685.87,-33.71,-43.8655,5.421668229821,0.73,0.289757416701,,证券Ⅱ,2026-04-30
734,601222,林洋能源,0.03,1506055251.8,34.013120635,25.323,60213709.16,-51.29,152.4999,7.354672215265,0.39,-0.240881821483,20.722589349,电网设备,2026-04-30
735,601198,东兴证券,0.104,913049450.8,-11.5544934631,-17.0423,353157040.0,-7.02,-29.7818,9.525932781228,1.1,2.204202089117,,证券Ⅱ,2026-04-30
736,601188,龙江交通,0.041,140625390.94,6.4217025528,-53.3496,53653287.59,-20.8,361.056,3.468037124977,1.2,-0.089320975995,42.0132573322,铁路公路,2026-04-30
737,601187,厦门银行,0.24,1518642000.0,25.0516299246,-3.4491,693387000.0,7.42,-0.3352,10.332137795969,2.31,-1.462697589439,,银行Ⅱ,2026-04-30
738,601186,中国铁建,0.28,231582129000.0,-9.8067010785,-23.1597,4392391000.0,-14.72,23.6822,20.466626856782,1.38,-4.608109463486,7.8553639171,基础建设,2026-04-30
739,601166,兴业银行,1.13,55090000000.0,-1.0649569887,6.9563,23832000000.0,0.15,65.6611,39.216651703445,2.89,3.108349477862,,银行Ⅱ,2026-04-30
740,601162,天风证券,0.0,436935907.96,-31.0649055855,-41.1017,223553.91,-99.07,-91.7314,2.719789479793,,0.256091334902,,证券Ⅱ,2026-04-30
741,601156,东航物流,0.36,6517636199.42,18.8054487045,-7.0948,578272169.25,6.05,-15.8293,12.733705978615,2.89,0.976854341947,14.9705640551,物流,2026-04-30
742,601155,新城控股,0.14,7317222733.0,-24.8578207884,-60.7452,311647509.0,2.37,206.0877,27.446173661223,0.5,0.070390351196,38.0286410232,房地产开发,2026-04-30
743,601127,赛力斯,0.43,25745711786.75,34.4628593186,-52.7768,754464672.82,0.89,17.0744,23.714426561164,1.83,-12.026678821681,26.2383155002,乘用车,2026-04-30
744,601126,四方股份,0.33,2158066014.06,18.0520403825,4.6721,270665536.47,12.08,116.5494,6.205654578078,5.38,0.016942430622,31.4514906902,电网设备,2026-04-30
745,601112,振石股份,0.12,1630374684.61,20.3221721275,-9.6721,200180135.07,10.33,53.1208,3.776393894487,3.58,-0.02079383398,21.8413059753,玻璃玻纤,2026-04-30
746,601111,中国国航,0.1,44536441000.0,11.2762173377,6.9085,1714097000.0,183.86,147.0876,2.521020784631,3.96,0.52447639818,7.8648763156,航空机场,2026-04-30
747,601107,四川成渝,0.142,2411405720.17,21.2491489153,-9.743,456780858.48,-6.06,114.1057,5.676910368224,2.35,0.29508121632,34.7178117708,铁路公路,2026-04-30
748,601106,中国一重,0.0003,2413847153.76,7.2182550935,-26.5622,1941719.74,102.3352839846,100.8354,0.753191221879,0.0376,-0.120975048127,13.0009932344,专用设备,2026-04-30
749,601099,太平洋,0.004,250949269.33,-18.6213356035,-13.6699,24381437.04,-64.11,169.4801,1.457410158665,0.25,0.104120713562,,证券Ⅱ,2026-04-30
750,601086,国芳集团,0.06,233571538.42,14.7271131425,2.4303,41582696.63,174.14,343.9233,2.44697623973,2.57,0.190853212177,40.857518611,一般零售,2026-04-30
751,601083,锦江航运,0.26,1732180474.67,3.9682631019,-5.5896,335240105.53,-6.02,6.2076,7.481979335664,3.51,0.532812175076,28.4732065176,航运港口,2026-04-30
752,601069,西部黄金,0.5735,8082992012.73,316.2775960757,140.611,522488033.7,2102.76,204.2492,5.770272201206,10.47,0.257949525578,9.7119021122,贵金属,2026-04-30
753,601066,中信建投,0.44,7695568554.1,62.2649815553,27.57,3667406478.67,99.03,56.0078,11.123040659759,4.02,3.999018481084,,证券Ⅱ,2026-04-30
754,601059,信达证券,0.12,1092236559.89,13.0064516892,6.5558,452339231.37,120.87,-16.2222,6.84628861308,1.81,0.687015375066,,证券Ⅱ,2026-04-30
755,601021,春秋航空,1.02,6069934072.0,14.158256146,29.5179,982830048.0,45.15,5524.5999,19.054154624338,5.3,1.676715067109,20.0509636441,航空机场,2026-04-30
756,601019,山东出版,0.16,2508019893.94,1.2306965029,-10.856,328380768.99,1.58,572.5218,7.529333139662,2.11,-0.227467670669,39.9093963915,出版,2026-04-30
757,601016,节能风电,0.031,1121869393.74,-14.198395196,3.3858,203992592.11,-47.93,415.8452,2.721171391877,1.15,0.091181591657,41.5409474838,电力,2026-04-30
758,601007,金陵饭店,0.021,412726381.26,-7.6022337272,-23.466,8327947.33,29.2,-64.3457,4.142859678513,0.52,0.351901541462,20.7623208089,酒店餐饮,2026-04-30
759,601006,大秦铁路,0.12,18570096261.0,4.3214092681,-9.7955,2384215252.0,-7.26,836.2993,8.25030565085,1.44,0.034474233106,14.5222079686,铁路公路,2026-04-30
760,601005,重庆钢铁,-0.02,4889974531.1,-26.0675554778,-0.4154,-199153972.19,-69.6151202193,92.045,1.550274411982,-1.44,-0.099141927043,-0.8831376525,普钢,2026-04-30
761,601003,柳钢股份,0.01,16017109467.33,-6.4360261588,-11.4753,23579720.64,-90.95,103.1761,3.565286112594,0.26,0.098092325955,3.9567491825,普钢,2026-04-30
762,601002,晋亿实业,0.075,548217824.99,-4.8727496452,-9.0588,72007978.4,25.11,-9.3415,4.601447676405,1.65,0.279001896912,31.2397387249,通用设备,2026-04-30
763,600999,招商证券,0.36,6973207418.79,47.9584732677,3.6423,3270564508.47,41.73,-5.9667,14.295246189579,2.54,2.264278003209,,证券Ⅱ,2026-04-30
764,600996,贵广网络,-0.21,243982910.18,-12.5762623998,-34.1193,-265740008.38,0.65,47.3919,1.258443687145,-14.99,-0.043213525625,-39.792455725,电视广播Ⅱ,2026-04-30
765,600992,贵绳股份,-0.2228,395097036.7,-5.4010954753,-37.4262,-54617374.04,-151.2986638782,-159.6788,5.832021393978,-3.7479,-0.301168627769,0.9898470291,通用设备,2026-04-30
766,600986,浙文互联,-0.02,1755099761.29,-14.0856986071,-36.0361,-22706135.18,-120.64,44.753,3.468943139113,-0.44,-0.086670515389,8.6416541518,广告营销,2026-04-30
767,600984,建设机械,-0.222,448915374.35,3.4431970868,-41.8414,-279090087.49,-15.35,77.7946,1.423084040273,-9.52,0.021423088553,-23.1603793411,工程机械,2026-04-30
768,600982,宁波能源,0.059,1070035801.31,9.7751376954,-2.0004,72518082.15,71.6,-31.7186,4.082589774749,1.45,0.146606434782,20.4190414688,电力,2026-04-30
769,600977,中国电影,-0.061,851947547.26,-14.3008039888,-55.2727,-113999222.94,19.01,-327.1524,5.885003158152,-1.03,0.600785258607,0.430619499,影视院线,2026-04-30
770,600973,宝胜股份,0.036,16508732763.24,37.010737096,60.1352,49655881.18,119.25,148.033,2.468924948173,1.41,-0.62349471067,3.5680272486,电网设备,2026-04-30
771,600965,*ST福成,0.03,268146123.04,1.2860933005,-28.3084,21505038.32,-10.3,581.5423,2.687412656908,0.982,-0.004757999556,25.2143660343,养殖业,2026-04-30
772,600962,国投中鲁,0.0162,362107349.87,-36.7674043336,-35.3252,4259087.57,-84.23,-65.6062,3.611611420693,0.46,1.075800175851,17.3911918393,农产品加工,2026-04-30
773,600960,渤海汽车,-0.0071,677436966.88,-32.0710919999,-9.3821,-6755303.08,-1313.2327637531,84.2009,3.705146674923,-0.19,0.01059423315,16.4809734335,汽车零部件,2026-04-30
774,600959,江苏有线,0.0127,1734938018.28,-8.175432201,-20.6174,63318431.13,-39.28,216.4206,4.547581536679,0.2788,-0.021265735198,15.8948734274,电视广播Ⅱ,2026-04-30
775,600958,东方证券,0.19,4090179175.27,5.2886954227,54.3568,1587119915.99,10.55,203.3415,9.630015411464,1.94,1.32593774357,,证券Ⅱ,2026-04-30
776,600939,重庆建工,-0.02,6182450974.04,-11.08,67.2383,-37556941.72,12.5991284202,93.4118,3.684100883749,-0.53,-0.625045571812,5.2240226391,房屋建设Ⅱ,2026-04-30
777,600935,华塑股份,-0.0043,980370340.2,-8.0041635003,-19.1359,-15561552.18,71.9245112984,53.9095,1.652381304381,-0.26,0.018920717607,13.4332542642,化学原料,2026-04-30
778,600933,爱柯迪,0.21,1922096730.63,15.4042315045,-8.6072,218955336.56,-14.89,-20.7065,9.546520429744,2.23,0.445840790944,27.3625816692,汽车零部件,2026-04-30
779,600918,中泰证券,0.05,3106618447.76,25.136663686,30.1243,468989645.57,26.8,247.9756,5.643858831125,0.97,0.621474009587,,证券Ⅱ,2026-04-30
780,600908,无锡银行,0.29,1385427000.0,2.5956474345,31.4537,634542000.0,2.73,33.177,10.541238776278,2.79,-0.664226981403,,银行Ⅱ,2026-04-30
781,600906,财达证券,0.08,734522485.09,51.0612116655,16.9091,253387767.04,114.53,204.7671,3.855349729547,2.05,0.810216423263,,证券Ⅱ,2026-04-30
782,600905,三峡能源,0.0364,6948044201.27,-8.9177742046,-2.4025,1040089057.28,-57.49,273.7848,3.13832691093,1.17,0.135764278869,39.6583109344,电力,2026-04-30
783,600900,长江电力,0.2763,18111540767.5,6.4427781703,-11.6538,6761006898.48,30.5,7.1486,9.314273015217,3.01,0.478607115027,55.6463177522,电力,2026-04-30
784,600897,厦门空港,0.2816,492709034.77,1.0323895641,-10.0409,117402078.5,-7.0,-12.4285,11.917787063684,2.39,0.093572370639,33.7516069109,航空机场,2026-04-30
785,600892,大晟文化,-0.0305,75961939.33,35.913169528,-42.0495,-17056997.77,-68.1844564337,-38.6108,0.015676203175,-102.02,-0.063282326017,75.7166784673,游戏Ⅱ,2026-04-30
786,600887,伊利股份,0.85,34824961423.65,5.4718973008,37.2819,5394651297.16,10.68,373.6039,9.420509168133,9.44,0.590424579666,38.3747065224,饮料乳品,2026-04-30
787,600886,国投电力,0.2603,12513846246.56,-4.6331675379,0.5779,2117951994.59,1.91,141.6786,8.622435881845,3.06,0.859356590068,45.045652877,电力,2026-04-30
788,600885,宏发股份,0.3129,5107689410.12,28.2438209328,19.1058,484287357.82,17.8,68.3019,8.459610063985,3.77,-0.556148754955,32.0864305465,电网设备,2026-04-30
789,600884,杉杉股份,0.154,5380116469.31,11.9853321946,-20.6229,331047198.48,898.85,89.9087,10.007877237154,1.5,0.056410669396,18.8551164687,电池,2026-04-30
790,600883,博闻科技,0.0434,15626479.13,34.3988157531,-27.8903,10254258.64,68.1,492.3474,4.160817266909,1.0312,-0.004457515545,9.4940430129,种植业,2026-04-30
791,600876,凯盛新能,-0.55,672978400.03,-24.5340618071,18.7407,-353291947.91,-182.33,-11.07,4.258472251943,-12.07,-0.466464514236,-32.7317711104,玻璃玻纤,2026-04-30
792,600875,东方电气,0.46,17469928079.52,5.57,-24.3522,1585458964.3,37.41,83.3218,13.556409318087,3.44,-0.780165863067,17.1821211222,其他电源设备Ⅱ,2026-04-30
793,600868,梅雁吉祥,-0.0077,71204209.71,93.5775052142,-56.0291,-14697859.89,11.0239991356,77.8117,1.01927190979,-0.78,-0.001010824416,6.59043166,电力,2026-04-30
794,600866,星湖科技,-0.0282,3740074872.77,-7.407203697,-2.1633,-46889643.27,-109.89,-29.4016,4.918840799035,-0.57,-0.466221770663,7.6523074288,化学制品,2026-04-30
795,600865,百大集团,0.07,49321645.8,-2.5029765563,-33.648,27654637.85,64.49,297.3645,6.142468862986,1.2,-0.023523172222,78.3792853482,一般零售,2026-04-30
796,600860,京城股份,-0.06,309399769.64,-4.2503907899,-30.7218,-32212736.17,-170.4544958406,-23.7965,1.507831950432,-3.83,-0.068731191838,13.7964361349,通用设备,2026-04-30
797,600859,王府井,0.046,2810354732.73,-5.8588330021,15.1174,51641390.52,-7.19,131.5779,17.292285407183,0.266,0.452979679559,36.7212317389,一般零售,2026-04-30
798,600857,宁波中百,0.085,53025649.54,-65.7256870482,-34.4545,19048968.9,285.61,241.3586,3.942613879644,2.17,0.008683956105,26.9570360458,一般零售,2026-04-30
799,600855,航天长峰,-0.0795,77766398.55,-22.0862155904,-87.1037,-37267871.59,12.9766706708,60.4585,2.984127810815,-2.63,-0.282288231203,29.2840712372,军工电子Ⅱ,2026-04-30
800,600850,电科数字,0.0371,2041581396.82,2.003990342,-35.7354,25236504.38,-49.95,-65.8883,7.217583516771,0.52,-1.829509102208,17.3001425738,IT服务Ⅱ,2026-04-30
801,600847,万里股份,-0.09,101717068.99,-18.0215054487,-31.0568,-14404805.48,-60.5028430217,27.0855,3.126149222898,-2.62,-0.154495892226,5.5424055923,电池,2026-04-30
802,600846,同济科技,0.09,1019401701.85,12.9219250824,-52.134,57405135.17,-34.41,-46.7417,6.953204382934,1.34,-0.442513143495,15.1232953261,工程咨询服务Ⅱ,2026-04-30
803,600844,金煤科技,-0.0112,226553792.31,-4.7052596243,63.5708,-11334817.83,69.0484412955,85.9367,0.05154583085,-19.5201,0.004813452604,7.6959840276,化学原料,2026-04-30
804,600843,上工申贝,0.0016,1055792522.74,-3.8992110284,2.4194,1133058.53,104.5221954575,100.7568,3.803679237616,0.0414,-0.451387163934,16.8721558955,专用设备,2026-04-30
805,600834,申通地铁,0.01,135673758.91,6.3024686529,-23.3589,4082567.57,-55.37,-78.2717,3.650857973136,0.23,-0.014700297825,15.4480345193,铁路公路,2026-04-30
806,600833,第一医药,0.1043,484557342.69,-3.8507608627,-18.0324,23262585.78,390.87,419.5555,5.29674960382,1.99,0.037425387937,14.6928798674,医药商业,2026-04-30
807,600831,广电网络,-0.264,263728114.87,-24.7880652213,25.8948,-187889670.84,-26.8395760027,79.0083,0.498473969139,-41.91,0.023746277289,-4.8388857048,电视广播Ⅱ,2026-04-30
808,600827,百联股份,0.4438,6915182200.85,-8.9253566581,20.6723,791779641.87,310.76,135.6348,11.534323793608,3.81,0.59056853125,24.1034592551,一般零售,2026-04-30
809,600826,兰生股份,-0.02,244316916.03,5.4685337644,-59.3646,-13244546.97,46.14,-109.1582,5.895973176269,-0.3,-0.094246584856,21.5658452702,专业服务,2026-04-30
810,600825,新华传媒,0.001,175113330.68,0.7322159889,-72.4444,1318237.81,35.02,-95.5551,2.389484895226,0.05,-0.039050077862,32.2767394638,出版,2026-04-30
811,600822,上海物贸,0.0119,357997180.36,-24.2098250646,2.5201,5878596.45,-12.81,-37.6083,2.501921030772,0.4747,0.015533245229,15.7731315267,汽车服务,2026-04-30
812,600821,金开新能,-0.01,747585321.2,-12.3920461909,22.4013,-19199557.42,-115.95,95.8267,4.582754567491,-0.21,0.311000637758,41.5728942579,电力,2026-04-30
813,600820,隧道股份,0.08,7929900487.11,-24.8306932274,-66.3022,297206400.83,-10.05,-70.4089,10.221936389124,0.75,-1.583195190964,15.4814623177,基础建设,2026-04-30
814,600814,杭州解百,0.12,498029798.6,3.764012293,16.7876,90407583.05,4.19,149.5634,5.206351278629,2.39,0.01798019652,77.4989322717,一般零售,2026-04-30
815,600810,神马股份,-0.03,3115815041.6,-3.6852989598,10.6801,-31327052.04,57.27,51.0909,6.419776461706,-0.34,0.032535233624,10.4956419757,化学纤维,2026-04-30
816,600809,山西汾酒,4.41,14923228703.48,-9.6801497592,157.5706,5382557651.0,-19.03,539.3951,36.905248315159,12.57,6.765452446105,75.0468361157,白酒Ⅱ,2026-04-30
817,600807,济高发展,-0.03,52790678.6,-39.8005581455,-59.2353,-22860006.79,13.4218548147,81.8922,0.334212144131,-8.01,-0.045401228069,12.9977319898,医疗器械,2026-04-30
818,600805,悦达投资,0.02,730913401.42,6.9468577072,78.845,14747732.68,-6.82,138.1319,5.016614246548,0.33,0.038100873867,10.5584977194,综合Ⅱ,2026-04-30
819,600803,新奥股份,0.21,31159580000.0,-7.6468326971,-12.5077,654980000.0,-32.92,-47.832,7.815969429451,2.68,0.003052532633,12.3418785199,燃气Ⅱ,2026-04-30
820,600801,华新建材,0.3,8909161374.0,24.4010936971,-13.6323,630122108.0,169.39,-25.8271,15.808339258819,1.94,0.416550822228,30.8501084066,水泥,2026-04-30
821,600800,渤海化学,-0.13,602655451.07,-28.1452848069,15.6581,-142852945.78,15.4231096505,-113.4987,0.881603233935,-13.42,-0.088821928989,-13.4361674513,炼化及贸易,2026-04-30
822,600797,浙大网新,-0.05,694023185.25,22.1713544073,-21.8945,-47589252.15,-56.0945149947,44.9451,3.221787963437,-1.42,-0.130436357609,15.7124437119,IT服务Ⅱ,2026-04-30
823,600793,宜宾纸业,-0.1463,455905851.87,-25.5496733344,-23.67,-25876337.73,-261.45,-311.1671,1.28075488914,-10.82,-0.338627996726,19.2974244066,造纸,2026-04-30
824,600787,中储股份,0.03,17843905784.6,33.2920125821,-10.3265,73236172.66,-5.84,-27.5568,6.444281489853,0.525,-0.187460283542,2.8887782182,物流,2026-04-30
825,600783,鲁信创投,-0.02,19076723.05,-12.9201353779,-31.3032,-15546373.38,59.3569421602,91.2017,5.912864282514,-0.35,-0.015520641958,35.3177342479,通用设备,2026-04-30
826,600779,水井坊,0.353,815833031.58,-14.9227914247,18.2893,171037486.07,-10.12,114.1303,10.840100719237,3.29,0.144029297424,79.838790067,白酒Ⅱ,2026-04-30
827,600775,南京熊猫,-0.0146,594617033.67,46.5529837624,-35.9086,-13334899.41,62.2043006926,-113.2755,3.404290462818,-0.43,-0.116940522739,13.7505975258,通信设备,2026-04-30
828,600773,西藏城投,-0.056,65019869.82,-87.8438268687,-20.7262,-53040958.62,-54.2489176799,87.9511,4.45491192546,-1.24,-0.268806943137,63.7238035768,房地产开发,2026-04-30
829,600765,中航重机,0.1,2455399146.81,6.4647935953,5.016,157977361.1,-20.14,2381.4416,9.240947372734,1.11,0.135940519913,31.6951440217,航空装备Ⅱ,2026-04-30
830,600764,中国海防,0.0364,532294417.67,4.0875858869,-66.9728,25880076.03,-17.3,176.9712,11.542666325369,0.32,-0.119791374107,29.5767113582,航海装备Ⅱ,2026-04-30
831,600759,ST洲际,0.0272,689941117.76,26.1449381592,21.5688,110825360.41,160.38,81.1294,2.189713952047,1.25,0.00226296013,64.8449343768,油气开采Ⅱ,2026-04-30
832,600756,浪潮软件,-0.25,133436584.8,24.9457104999,-68.8287,-86315924.29,2.4474730011,-54.9372,6.393473931505,-3.79,-0.645597417155,44.7229696559,IT服务Ⅱ,2026-04-30
833,600755,厦门国贸,0.07,86901267045.17,23.2044032626,-10.193,254480497.53,-39.65,473.6069,9.0249581518,0.76,-16.09374393688,3.815141633,物流,2026-04-30
834,600754,锦江酒店,0.13,3120656918.51,6.087902043,-12.5799,136877924.73,280.09,-23.7025,15.113870907234,0.85,0.907326806781,33.4495965182,酒店餐饮,2026-04-30
835,600751,海航科技,0.0045,482461016.78,84.2021961314,-2.5979,13042542.72,-69.65,116.7292,2.607565314497,0.17,-0.046854438678,2.869162931,航运港口,2026-04-30
836,600748,上实发展,-0.06,496910999.01,-21.6578793619,-60.8236,-116902254.28,-43.1674739816,-1271.9878,5.600844790328,-1.13,-0.206148648273,10.6726069348,房地产开发,2026-04-30
837,600745,*ST闻泰,-0.15,816412841.06,-93.7672892729,-44.9843,-189283966.38,-172.41,98.1553,18.370559344496,-0.77,0.317850748519,27.8584603048,半导体,2026-04-30
838,600743,华远控股,-0.004,73973601.83,4.0967306042,-21.2459,-9686694.61,30.8912728493,86.038,0.236059304145,-1.734,-0.002004065308,26.0274105136,房地产服务,2026-04-30
839,600739,辽宁成大,0.36,1991034487.76,-19.0983714855,-8.219,550963441.1,58.6,187.7302,19.269431552415,1.89,-0.114975575001,13.353644029,生物制品,2026-04-30
840,600735,ST新华锦,0.0087,356401110.92,-4.4516332924,14.0207,3742192.59,-40.6,102.5999,2.487923313357,0.3507,0.019325630741,24.0523418624,饰品,2026-04-30
841,600730,*ST高科,-0.003,13898614.45,-36.6465821371,-7.8012,-1926951.51,-494.72,98.2872,2.859066104296,-0.11,-0.029708189604,65.5737139323,教育,2026-04-30
842,600728,佳都科技,0.0058,2260266518.22,0.2879745573,-25.4494,12325437.12,-89.76,181.9408,3.703853890044,0.16,0.226087207305,7.504962514,IT服务Ⅱ,2026-04-30
843,600727,鲁北化工,0.11,1391675682.31,0.066811536,10.5754,56555878.63,57.07,1205.1559,6.155538002967,1.75,0.027535836175,11.5524846086,化学原料,2026-04-30
844,600722,金牛化工,0.0192,100295155.69,-13.9400320288,-6.562,13047272.99,-2.71,9.647,1.854106135834,1.0398,-0.00463642376,27.7268040203,化学原料,2026-04-30
845,600720,中交设计,0.0311,1685940783.71,0.6949850194,-65.9018,71442867.12,-23.94,-89.8348,6.969700896201,0.45,-0.487421970734,12.7220520763,工程咨询服务Ⅱ,2026-04-30
846,600716,凤凰股份,-0.0301,115709549.18,-28.889743679,14.6598,-28133141.08,-2129.82,92.9001,4.752207494261,-0.63,-0.058433943192,3.2085246259,房地产开发,2026-04-30
847,600715,文投控股,-0.0009,66941356.73,-48.8913604927,3.7851,-3238528.96,-121.9,93.3628,0.266283503688,-0.3,-0.011404883085,22.4958771462,游戏Ⅱ,2026-04-30
848,600713,南京医药,0.136,13843779763.6,-2.8294227644,0.1131,174569585.5,-1.57,-21.6698,5.616123071579,2.4,-3.968621790886,6.2798793753,医药商业,2026-04-30
849,600707,彩虹股份,0.002,2746883046.5,-7.3867439594,3.4956,5530793.11,-98.28,208.4015,6.074611604983,0.03,0.242584334975,15.4366982704,光学光电子,2026-04-30
850,600706,曲江文旅,-0.06,224116203.24,-26.7891422525,-2.2173,-14423568.97,66.925193567,91.5848,1.759632032466,-3.16,-0.138508962987,11.1651301728,旅游及景区,2026-04-30
851,600697,欧亚集团,0.02,1826602790.18,-6.3798506644,31.5491,3596029.14,5.49,105.1671,14.056027396585,0.16,1.499516325721,37.4965982721,一般零售,2026-04-30
852,600692,亚通股份,0.005,258481727.52,223.3314214648,-76.4244,1750177.91,116.4251420185,-94.2889,2.76407427508,0.18,-0.622366767516,9.6857148164,房地产开发,2026-04-30
853,600691,潞化科技,-0.0205,2296915696.97,-1.8422689933,-1.3351,-48716168.53,65.1650582462,89.4436,1.309004270168,-1.5559,0.054245642056,3.3283048873,农化制品,2026-04-30
854,600689,上海三毛,0.02,212647069.12,-42.0720391947,-63.3113,3974402.17,5.64,203.6101,2.358345883733,0.84,-0.138636759743,7.5633984689,综合Ⅱ,2026-04-30
855,600688,上海石化,0.039,17661652000.0,-9.5232150372,5.9001,415171000.0,562.1278064092,141.4731,2.23241922606,1.779,-0.074748799338,20.8687103562,炼化及贸易,2026-04-30
856,600685,中船防务,0.2803,5685136586.0,56.1231833358,-8.7741,396156621.53,114.76,12.1812,12.900384360834,2.27,0.920843429587,8.6213150982,航海装备Ⅱ,2026-04-30
857,600684,珠江股份,-0.01,352790038.65,2.1863238475,-15.6957,-6491845.7,-218.25,-117.4016,1.139230738303,-0.51,-0.18270680378,14.6056417996,房地产服务,2026-04-30
858,600683,京投发展,-0.23,828654794.45,226.5360355822,-83.9438,-128308617.54,13.7423627785,84.7739,-1.698972581915,,-0.183445125461,5.4874698082,房地产开发,2026-04-30
859,600682,南京新百,0.02,1425895567.48,-9.1332328979,-10.1966,30715287.37,-76.1,102.9139,12.21298708071,0.19,-0.011326379684,37.1084615674,综合Ⅱ,2026-04-30
860,600678,ST金顶,0.0053,161357567.76,28.1802451665,-16.3924,1852420.95,-89.73,107.4622,0.738917128628,0.73,-0.012795834093,24.9394120763,水泥,2026-04-30
861,600676,久事动娱,-0.06,863017683.06,-19.334467362,-22.6783,-61701101.61,-13.37,79.5402,4.637117083061,-1.29,-0.083970597566,3.1845541545,体育Ⅱ,2026-04-30
862,600671,天目药业,0.0313,44388576.68,-15.1163979134,-15.952,3816104.36,-25.09,11.784,0.606202025499,5.3064,-0.159547471058,54.7554652748,中药Ⅱ,2026-04-30
863,600658,电子城,-0.1,197394562.14,-29.6611100377,-43.1123,-117152527.95,-74.8667071464,92.0415,3.622415798032,-2.85,-0.110890804382,7.8113032106,房地产开发,2026-04-30
864,600651,飞乐音响,0.0025,334339923.19,-20.9101385054,-28.9991,6309496.69,430.79,-67.71,1.00629748214,0.25,0.036218652894,18.1819731248,汽车零部件,2026-04-30
865,600650,锦江在线,0.025,338827200.04,-11.3080224724,16.2966,13813273.25,4.75,-72.7926,7.699817728684,0.318,-0.052429098983,11.9613418861,铁路公路,2026-04-30
866,600649,城投控股,0.003,852829823.03,-63.5503242327,-82.7436,7266492.75,-69.2,170.2416,8.406249370813,0.03,-0.430189120253,37.6451327252,房地产开发,2026-04-30
867,600648,外高桥,0.0109,1310117201.8,-0.4594984093,-16.0129,14822767.21,-63.63,-98.0748,11.733393079016,0.0929,-0.733285885788,26.3236624538,房地产开发,2026-04-30
868,600643,爱建集团,0.005,340022191.38,-36.85,4324.2956,7895126.79,-91.49,100.3742,6.165002334973,0.08,0.026568929329,35.5237315589,多元金融,2026-04-30
869,600641,先导基电,-0.0186,535169140.32,178.168309632,-31.6673,-16902064.07,17.4936509098,88.3646,8.737287944933,-0.21,0.034337669447,18.498741839,半导体,2026-04-30
870,600639,浦东金桥,0.0649,590947164.22,15.7622099901,-87.0133,72275439.25,-29.8,-90.1682,13.418655779678,0.63,0.244556324764,44.416900578,房地产开发,2026-04-30
871,600637,东方明珠,0.0183,1325513080.38,-10.5554045253,-44.6092,61640932.63,-48.98,-18.6984,8.90606737798,0.2059,-0.069018361465,29.9206701036,电视广播Ⅱ,2026-04-30
872,600635,大众公用,0.02,2108243507.47,0.4381133601,44.9704,50825271.28,-73.82,148.59,3.010385832821,0.57,0.124176803367,14.1790469346,燃气Ⅱ,2026-04-30
873,600629,华建集团,0.004,1191209704.64,-7.4412567887,-48.9271,4105880.0,-93.18,104.7682,5.428940533977,0.08,-0.555831480914,19.0042803402,工程咨询服务Ⅱ,2026-04-30
874,600628,新世界,0.03,256572998.28,-0.8900106729,-17.1576,22416377.69,31.31,931.03,6.564467726105,0.53,0.069637292335,43.5104519838,一般零售,2026-04-30
875,600626,申达股份,-0.009,2360642637.55,-3.2373741044,-17.6371,-11914115.57,77.2224693441,-140.4712,2.428600194007,-0.37,0.095407008462,8.9687839935,汽车零部件,2026-04-30
876,600624,ST复华,-0.0161,149119212.99,-7.3340391954,1.1618,-10935413.67,-34.6004595035,93.9089,0.625548415952,-2.53,-0.037083141562,32.2161955436,化学制药,2026-04-30
877,600622,光大嘉宝,-0.07,331127264.95,6.569912712,22.2404,-111663944.21,5.5458432679,86.6562,1.332555362488,-5.44,-0.051916264302,42.6617745571,房地产开发,2026-04-30
878,600620,天宸股份,-0.0139,78519875.69,9.1543181634,91.0169,-9564343.15,-388.93,-27.5964,2.076798158161,-0.64,-0.252152619378,15.2156021199,综合Ⅱ,2026-04-30
879,600619,海立股份,0.07,6806922117.72,0.7911950552,69.7881,72429007.51,374.75,339.2911,5.74881334127,1.18,0.253046030987,13.1329486042,家电零部件Ⅱ,2026-04-30
880,600617,国新能源,0.07,4808369062.61,-12.5997691506,23.4279,125706411.88,7.9,145.6634,1.658088224594,4.02,0.264465842866,8.8883474504,燃气Ⅱ,2026-04-30
881,600616,金枫酒业,0.002,119893527.32,-12.7930005648,-39.3432,1211306.68,-57.35,-89.582,2.891447356182,0.06,-0.098896262158,44.0334626648,非白酒,2026-04-30
882,600611,大众交通,-0.07,465985108.82,-14.0229501597,-12.81,-166241092.2,-360.6249628883,-547.3702,4.050321208467,-1.71,0.069990371537,12.8335953238,铁路公路,2026-04-30
883,600609,金杯汽车,0.04,1191802691.55,7.1418229526,-3.6099,51837660.11,-32.37,-5.0643,1.298751699025,3.11,0.050171314134,17.0073380776,汽车零部件,2026-04-30
884,600597,光明乳业,0.05,6210553856.0,-2.4760340273,9.6429,66648737.0,-52.74,128.1899,6.66811803512,0.72,-0.034246645288,15.8654857336,饮料乳品,2026-04-30
885,600589,大位科技,-0.021,124534045.74,21.2211469863,1.2373,-31862841.32,-162.41,44.3087,0.418317594519,-5.01,-0.026235749969,11.7834454448,IT服务Ⅱ,2026-04-30
886,600587,新华医疗,0.2,2253927001.42,-2.3230371655,-18.2804,124057030.92,-22.68,34.8078,12.944516925347,1.61,0.111535756254,24.6446260513,医疗器械,2026-04-30
887,600586,金晶科技,-0.1149,913837907.19,-24.9448812196,-13.7736,-156091358.46,-1931.77,50.4678,3.555626599123,-3.04,-0.018039883156,0.6968926393,玻璃玻纤,2026-04-30
888,600585,海螺水泥,0.28,17066282756.0,-10.4525093394,-19.6286,1467849109.0,-18.98,-18.8392,36.576389982166,0.76,0.061458988073,21.2582909112,水泥,2026-04-30
889,600582,天地科技,0.105,5981095752.62,-11.6414857655,-31.8127,432975120.74,-69.86,304.8285,6.294331873674,1.68,-0.563131387047,29.1053992937,专用设备,2026-04-30
890,600580,卧龙电驱,0.1772,3985861916.21,-1.3140199361,14.3228,275972002.11,2.94,-10.2758,7.144968189925,2.49,0.164416314491,23.3058692571,电机Ⅱ,2026-04-30
891,600577,精达股份,0.06,7036297457.79,27.3021804372,2.0148,136628256.36,9.07,-7.8471,2.895632993304,2.2,-0.30529512371,5.3508121685,电网设备,2026-04-30
892,600576,祥源文旅,0.02,241765588.48,10.7579954764,-26.5058,18092113.9,-37.35,142.3609,2.453956601652,0.7,0.043785338348,49.9159542302,旅游及景区,2026-04-30
893,600571,信雅达,-0.18,421193067.77,4.7097155992,-36.6398,-81432237.31,-63.4767813839,-283.7479,2.479093797044,-6.8,-0.475280039969,7.3087420937,IT服务Ⅱ,2026-04-30
894,600570,恒生电子,0.07,905318872.46,-11.7521332434,-60.5186,138770233.83,342.87,-82.118,5.266494967363,1.4,-0.612665918964,67.9571759637,软件开发,2026-04-30
895,600569,安阳钢铁,-0.239,7060779634.22,-5.1426224409,5.3284,-687459930.25,-3858.29,-23.7953,0.507416380641,-25.78,-0.369454236357,-2.3222583031,普钢,2026-04-30
896,600568,ST中珠,-0.0105,108842935.11,-23.0570100648,-24.5243,-20046525.8,-12.748168846,75.0685,0.810832941088,-1.23,-0.005014083282,8.9319598467,医疗服务,2026-04-30
897,600567,山鹰国际,-0.08,6214658860.58,-8.1496085686,-18.7105,-497405253.83,-1615.81,41.2024,2.343308131084,-3.3,0.071721221995,2.46108584,造纸,2026-04-30
898,600563,法拉电子,1.19,1284496804.93,6.7216575348,-7.101,267736525.03,1.3,-12.0695,27.989219196756,4.34,0.014311387333,31.6506678592,元件,2026-04-30
899,600557,康缘药业,0.14,831272696.53,-5.2739077137,-12.5171,79275947.91,-4.96,-23.9844,8.650898879298,1.63,0.116393990523,74.9714652546,中药Ⅱ,2026-04-30
900,600552,凯盛科技,0.0296,1455285530.51,15.065868374,-7.3195,27918293.82,17.07,273754.8368,4.56948330105,0.65,0.007118731742,18.2445414005,光学光电子,2026-04-30
901,600551,时代出版,0.0746,1199066984.57,-12.3528405746,2.3188,50612443.1,-14.86,-61.7895,8.812114132828,0.85,-0.472267636428,9.5877676693,出版,2026-04-30
902,600547,山东黄金,0.29,32515977242.33,25.3726440826,58.5819,1445657595.58,40.87,84.5718,6.942601380905,4.2,1.322236316231,18.2966768058,贵金属,2026-04-30
903,600543,*ST莫高,-0.0279,101955339.43,65.7221898338,67.2889,-8965655.1,10.4615956409,84.4066,2.159363559324,-1.28,-0.142926821375,13.3660615777,非白酒,2026-04-30
904,600540,新赛股份,0.0719,1433472666.39,69.7503373953,5840.3596,41818469.6,129.89,143.9708,0.661892233638,11.49,2.560889564543,4.7898624745,种植业,2026-04-30
905,600539,狮头股份,0.0023,114098437.37,-2.3236213626,3.3803,526267.77,-9.73,102.9404,1.306445926,0.1753,0.010999279609,33.540358012,互联网电商,2026-04-30
906,600533,栖霞建设,-0.053,506682571.98,41.108852314,23.8925,-55297680.33,-1931.66,97.0196,1.262909402933,-4.09,-0.140708297762,11.3931957783,房地产开发,2026-04-30
907,600528,中铁工业,0.14,6479064833.19,2.2116502399,-14.7935,318960496.33,0.35,-14.5975,11.481588738443,1.26,-0.324769116786,16.7893432141,基础建设,2026-04-30
908,600527,江南高纤,0.0046,146264842.18,13.7784705639,26.9712,7843843.06,11.4,594.0368,1.197536990629,0.38,0.050650759085,10.7325460624,纺织制造,2026-04-30
909,600526,菲达环保,0.06,622874827.75,-3.2009636723,-73.522,51904659.15,26.33,-45.2707,5.205565973065,1.13,-0.362338703644,32.2647485428,环保设备Ⅱ,2026-04-30
910,600521,华海药业,0.27,2335389955.12,-1.4005924248,7.2134,404175569.82,35.9,454.6741,6.416306997147,4.19,0.266242808406,57.6669266881,化学制药,2026-04-30
911,600518,康美药业,-0.001,1079786637.44,-16.8946085247,-16.4647,-16563882.39,-294.74,-501.3801,0.525965275928,-0.23,-0.003959487911,22.0725092316,中药Ⅱ,2026-04-30
912,600517,国网英大,0.068,2464552773.1,11.11,-39.6616,389732902.68,-35.44,30.9091,4.190544850534,1.63,-0.370471747908,11.4457787824,多元金融,2026-04-30
913,600516,方大炭素,0.0023,992792253.67,16.7535395427,9.7493,8859024.75,27.63,143.983,4.057761403747,0.05,-0.050882839416,9.4606895262,冶钢原料,2026-04-30
914,600505,西昌电力,0.0085,371562370.68,-3.9233722898,1.974,3112859.67,129.68,797.0862,3.36076856818,0.25,0.21820675809,17.6869269134,电力,2026-04-30
915,600498,烽火通信,0.03,4510177423.78,11.4025618755,-42.523,38392482.56,-30.44,149.9574,12.938169341857,0.22,-0.580159539757,26.4444989384,通信设备,2026-04-30
916,600491,ST龙元,-0.0844,1261439434.68,-9.4194439725,123.1207,-129049718.51,-167.0208046803,94.4592,4.542810424888,-1.84,0.184251284524,24.4237692488,房屋建设Ⅱ,2026-04-30
917,600482,中国动力,0.26,12859720288.15,4.4538420493,-23.5865,588004627.16,48.64,530.5055,18.032677805685,1.45,0.64166596873,18.9073607728,其他电源设备Ⅱ,2026-04-30
918,600481,双良节能,-0.2036,1320133100.51,-36.4910117088,-11.3183,-394465009.34,-144.6,31.0465,2.103089391799,-10.24,0.324633152638,-11.0376700822,光伏设备,2026-04-30
919,600478,科力远,0.023,908680205.44,2.5011308308,-65.8315,38750689.05,4.88,343.9162,1.760385409325,1.33,0.136239014719,14.8227268839,电池,2026-04-30
920,600477,杭萧钢构,0.009,1307849239.74,-19.9592391557,-2.1645,21901397.17,-55.58,167.3344,2.115137850827,0.45,0.09708865216,15.29893645,专业工程,2026-04-30
921,600469,风神股份,0.06,1789477727.24,9.8417565671,-4.3274,50905742.46,80.36,325.8314,5.248893397082,1.19,-0.222739814653,14.8652348359,汽车零部件,2026-04-30
922,600467,好当家,0.005,248196970.15,19.9557865615,114.8678,7838020.58,19.2,175.9393,2.345724723394,0.23,0.040812497747,20.6792512008,渔业,2026-04-30
923,600461,洪城环境,0.25,1694219819.91,-11.8586263115,-17.7757,316151265.86,-4.7,21.3589,7.965325441352,3.11,0.160862765534,36.5170203187,环境治理,2026-04-30
924,600460,士兰微,0.13,3519182496.24,17.3122896237,5.4049,208836698.04,40.57,322.016,7.329563577076,1.73,0.014832322141,19.7882272464,半导体,2026-04-30
925,600459,贵研铂业,0.29,13016877394.11,-0.8383612842,24.0185,222132236.25,9.13,58.7441,10.314482736504,2.87,-2.919734430551,3.6256852041,小金属,2026-04-30
926,600458,时代新材,0.17,4459893221.9,7.2499495433,-31.6087,158223575.62,4.41,85.1121,8.654659711886,1.98,-0.900015104278,15.5847650788,综合Ⅱ,2026-04-30
927,600448,华纺股份,-0.0447,754853540.06,-0.3193567574,0.3873,-28155582.19,-6032.49,84.511,1.447757560386,-3.03,0.148137240625,6.624566161,纺织制造,2026-04-30
928,600438,通威股份,-0.543,12125079698.56,-23.901494389,-37.911,-2444414900.75,5.72,42.931,7.765845944561,-6.49,-0.589883647206,-4.0282041941,光伏设备,2026-04-30
929,600436,片仔癀,1.23,2741280655.89,-12.7405617083,75.8307,743483792.69,-25.64,2438.7549,25.214873942996,5.0,2.138088729576,42.1820972718,中药Ⅱ,2026-04-30
930,600425,青松建化,-0.017,441529385.0,0.8655215203,-46.4255,-26748307.49,51.8317812918,27.0811,4.017763995291,-0.414,0.044727837469,13.0130632415,水泥,2026-04-30
931,600423,*ST柳化,0.005,32641894.79,-16.5771905508,6.1589,3716860.79,70.37,111.3602,0.664076679163,0.7,0.002137485354,12.8966680307,化学原料,2026-04-30
932,600420,国药现代,0.1032,2064308731.95,-20.8099548387,-15.49,138398706.21,-61.71,-1.4466,10.376919177534,1.0,-0.270892735691,30.1985825972,化学制药,2026-04-30
933,600416,湘电股份,0.034,1223437085.64,1.1655354717,2.2033,50853268.89,-3.11,110.2665,6.59642602762,0.52,-0.305601820166,15.0783103901,电机Ⅱ,2026-04-30
934,600406,国电南瑞,0.09,9564242921.53,7.5224656273,-65.4127,721291973.43,6.04,-78.9323,6.660230406923,1.36,-0.188537023236,25.0953223193,电网设备,2026-04-30
935,600405,动力源,-0.057,79619117.14,-10.9552307669,-41.213,-35199817.19,28.88,78.3305,0.051151455843,-71.81,-0.037116115125,12.6609553988,其他电源设备Ⅱ,2026-04-30
936,600403,大有能源,-0.1544,989462091.58,-8.064856005,-1.1609,-369210527.54,-19.4277910707,58.7021,1.398139266964,-10.52,-0.033029799521,-3.7715229949,煤炭开采,2026-04-30
937,600398,海澜之家,0.2,6661140592.63,7.6638134057,10.5355,949298988.95,1.51,212.7044,4.010034045107,5.05,0.329148858807,45.3233870129,服装家纺,2026-04-30
938,600396,华电辽能,0.1071,1407621057.41,7.6200613968,9.6489,157694102.58,8.31,527.7535,1.042210951869,10.87,0.202869347341,29.37438848,电力,2026-04-30
939,600392,盛和资源,0.1867,3382509673.58,13.0690309575,-25.4108,327338842.89,94.46,536.6881,7.341888901644,2.56,-0.339700061695,12.8175364788,小金属,2026-04-30
940,600390,五矿资本,0.06,1439463139.43,-9.27,-17.793,284304622.14,48.0,189.2316,9.436046204198,0.67,-0.072709203503,6.0805980307,多元金融,2026-04-30
941,600386,北巴传媒,-0.012,612895979.63,-32.7172710842,-39.5977,-9356596.7,-15.780538433,39.7936,2.083106341952,-0.55,-0.101839498413,17.0225961448,汽车服务,2026-04-30
942,600383,金地集团,-0.15,7882371434.25,32.1105778691,-33.5588,-679617595.57,-3.3156769067,92.2731,9.911057359961,-1.5,-0.148817026823,15.9635100216,房地产开发,2026-04-30
943,600382,广东明珠,0.09,188332395.8,16.9943300918,-36.6415,58716568.44,8.97,218.4143,4.518237383882,1.89,0.119589596572,57.1763722129,冶钢原料,2026-04-30
944,600381,*ST春天,-0.0294,43800653.92,-47.5812128442,-66.5371,-16275833.22,-282.5,52.8081,1.667554354397,-1.65,-0.031401251936,36.8414801055,食品加工,2026-04-30
945,600378,昊华科技,0.2388,4230983944.99,34.0232551129,-3.5758,308019296.06,66.73,44.6636,14.404171174244,1.67,-0.58199205737,23.9676104286,化学制品,2026-04-30
946,600377,宁沪高速,0.2711,4527555928.01,-5.3114769355,-38.0451,1365946091.37,12.81,80.4977,8.602678097745,3.22,0.340547626013,36.5970925236,铁路公路,2026-04-30
947,600376,首开股份,-0.3088,4921568314.8,26.654606984,-28.787,-754997300.06,30.0472033098,78.5512,0.912670075933,-28.93,0.260383904095,7.7880112573,房地产开发,2026-04-30
948,600373,中文传媒,0.08,1407269637.48,-17.0917453524,-42.9342,108695195.34,-38.01,190.8262,13.2797651632,0.61,-0.355473337283,36.3833519877,出版,2026-04-30
949,600370,*ST三房,0.0084,4988900529.75,24.1050491598,-8.9181,32740898.41,127.9191227692,107.829,1.223608875163,0.68,-0.135056549695,3.1289478347,化学纤维,2026-04-30
950,600363,联创光电,0.1833,611749431.04,-23.6250301349,-27.0828,82669429.33,-28.8,3.662,10.059718341355,1.84,0.274348690657,15.9014864868,消费电子,2026-04-30
951,600359,新农开发,0.06,142883819.06,-6.9570614205,-1.5178,22356605.73,-23.67,218.3223,1.767791531383,3.23,0.137840521427,31.7666612277,种植业,2026-04-30
952,600358,国旅联合,-0.0125,138226784.65,58.7775000113,31.9436,-6330913.61,25.8357820169,-10.1197,0.09590074969,-12.34,-0.084282718906,5.1393683127,广告营销,2026-04-30
953,600356,恒丰纸业,0.17,688619271.05,2.1332720739,-12.1176,56900117.75,103.0,15.0862,9.354003076424,2.06,0.329879750075,19.5224942144,造纸,2026-04-30
954,600354,敦煌种业,0.0895,624831316.34,5.0903984757,68.621,47249790.48,-26.03,371.2786,1.418072476978,6.52,0.058358423104,43.9645134817,种植业,2026-04-30
955,600353,旭光电子,0.0402,372875636.53,8.7686594612,-17.911,33371669.98,10.72,-44.8309,2.329879979492,1.74,-0.116132574899,22.5611480152,其他电子Ⅱ,2026-04-30
956,600350,山东高速,0.142,4632142793.75,3.6175946565,-34.6142,834805573.78,3.49,42.3204,6.346017518637,2.26,0.297196523511,38.1963139532,铁路公路,2026-04-30
957,600345,长江通信,0.05,68836024.45,0.6966556,-88.6924,17942840.42,230.1825021461,-91.1409,11.554000615032,0.47,-0.582698036703,11.2861516656,通信设备,2026-04-30
958,600343,航天动力,-0.03484,119866703.43,-24.2429380972,-61.8426,-22233558.04,15.053737673,73.318,1.995645818568,-1.7312,-0.126609401149,15.9367663524,通用设备,2026-04-30
959,600340,*ST华幸,-0.44,852667660.46,-27.5300298521,-81.9384,-1700627984.44,37.0261292897,86.948,-4.900668725002,,-0.19995296112,7.6530586284,房地产开发,2026-04-30
960,600337,ST美克,-0.1474,470675798.52,-35.1781354199,20.9215,-211535190.44,-300.79,88.7698,0.273047646435,-41.77,0.005098134139,19.7140153014,家居用品,2026-04-30
961,600331,宏达股份,-0.0128,734753843.2,-10.5727677743,-24.3581,-33704199.99,6.1899816488,-22.0627,1.179126042455,-1.08,-0.076906623054,0.999796963,农化制品,2026-04-30
962,600329,达仁堂,0.55,1515204088.77,4.1162742036,21.4617,423803003.9,13.24,2102.7884,9.76811959175,5.8,0.54820486495,77.7065995047,中药Ⅱ,2026-04-30
963,600328,中盐化工,-0.1053,2426273089.32,-12.3706482945,-5.58,-154351085.96,-993.49,-1057.8343,8.079517854884,-1.29,-0.254383576022,2.0814096069,化学原料,2026-04-30
964,600325,华发股份,-0.35,4038463098.04,-78.1794141831,-87.2508,-946375547.73,-595.55,90.1401,3.116237310907,-10.5,-1.217746934937,3.7686028176,房地产开发,2026-04-30
965,600322,津投城开,0.0001,22002594.94,-84.56686607,-82.4075,114315.42,100.0612257436,100.0199,0.068792351497,0.15,-0.000907539468,19.1944731588,房地产开发,2026-04-30
966,600313,农发种业,0.02,1653221332.88,5.3253725238,-44.4576,18972586.82,-63.25,-12.1742,2.080255949391,0.95,-0.097252919632,4.8262681671,种植业,2026-04-30
967,600308,华泰股份,0.02,3124247251.93,1.2498684737,5.0068,22876482.56,-61.76,116.5091,5.967615003824,0.25,-0.054118015272,7.6953430575,造纸,2026-04-30
968,600305,恒顺醋业,0.0602,648471300.93,3.5958392373,-1.5766,66653249.39,17.93,3400.6759,3.102381492911,1.96,-0.035693507425,35.7802479828,调味发酵品Ⅱ,2026-04-30
969,600303,曙光股份,-0.09,218561767.26,-39.6495169375,-43.4157,-60233423.67,17.2364966957,55.8097,1.378297451169,-6.2,-0.045223833781,2.7477508373,商用车,2026-04-30
970,600302,ST标准,-0.0596,85669155.17,-12.4668270231,9.2746,-20621115.14,-344.0948260453,78.9342,1.400592100911,-4.07,-0.172818543662,18.4485700584,专用设备,2026-04-30
971,600300,维维股份,0.05,948963134.1,11.3117969195,-1.2472,84148894.68,18.69,-9.7964,2.29236263692,2.3,0.044083191331,28.7999345991,饮料乳品,2026-04-30
972,600299,安迪苏,0.1,4402895155.0,2.4178767967,2.4013,305511867.0,-34.27,86.121,6.374951887014,1.55,0.202430346455,25.3181992702,化学制品,2026-04-30
973,600295,鄂尔多斯,0.23,5858690979.74,4.5706217261,-22.3145,655464803.24,42.8,-0.1283,8.031453014632,2.96,0.286399150134,22.8761623394,冶钢原料,2026-04-30
974,600292,电投水电,0.09,2474632036.97,-18.54875016,-73.1491,393000716.57,168.0,-17.4693,3.98356896002,2.28,0.118088103314,33.8559709776,电力,2026-04-30
975,600288,大恒科技,0.1171,371074808.93,2.2711230496,-16.8881,51152550.19,720.9441275247,44.4284,4.555724714034,2.6,-0.118579968155,37.9099795391,软件开发,2026-04-30
976,600284,浦东建设,0.0494,2556806388.93,-27.496723464,-45.0504,47956853.53,-59.82,-57.0984,8.218633292811,0.6,-2.149673094256,5.3022756344,基础建设,2026-04-30
977,600281,华阳新材,0.0002,124064340.76,34.250709682,-1.3595,90278.35,-99.91,100.1202,0.109372038883,0.16,-0.008773934239,18.8959446739,小金属,2026-04-30
978,600272,开开实业,0.069,269496014.99,-0.0503831328,-12.3175,18047875.28,126.21,25786.1793,3.025460114754,2.3,-0.011828566013,16.4118680499,医药商业,2026-04-30
979,600271,航天信息,-0.14,947700112.04,-19.2181317015,-51.5442,-262492099.16,16.6500893147,8.7938,7.006878271916,-2.0,-0.296560128985,12.9946042198,IT服务Ⅱ,2026-04-30
980,600266,城建发展,0.0628,7807410608.83,18.0356108276,-28.8281,164021782.04,279.9,113.9234,8.804606118414,0.72,-0.909694821914,17.4103666006,房地产开发,2026-04-30
981,600261,阳光照明,0.01,659624358.3,-4.0292269884,-3.3553,7241364.19,-87.89,-87.8931,2.646798311911,0.2,-0.019488672789,33.9207397126,照明设备Ⅱ,2026-04-30
982,600257,大湖股份,-0.006,149744821.68,-0.9491795867,-45.5911,-2937038.06,14.61,-152.1594,1.661270908494,-0.367,0.041383309991,34.0460543129,渔业,2026-04-30
983,600252,中恒集团,-0.0105,355194447.94,-31.944675052,17.1111,-33530553.35,-292.41,91.1886,1.652817065245,-0.63,0.002470272667,52.8522485384,中药Ⅱ,2026-04-30
984,600248,陕建股份,0.0481,20708133791.78,-10.9013665311,-49.0121,178455382.71,-57.2,119.9016,7.433245877855,0.65,-2.042534206337,11.0919134041,房屋建设Ⅱ,2026-04-30
985,600246,万通发展,-0.0578,105745191.54,-8.2777134852,-27.572,-112281230.71,-218.4,82.3183,2.351025127992,-2.44,-0.063155692291,3.4949484002,房地产开发,2026-04-30
986,600238,ST椰岛,,99634357.96,125.0610728508,-48.5325,922209.38,114.1759519553,104.0624,0.173971085007,1.21,-0.040809958947,37.7495002629,非白酒,2026-04-30
987,600232,金鹰股份,0.032,312187065.83,24.2528447419,-28.2598,11626058.91,378.7719710902,-6.3557,2.636401223871,1.216,-0.085738659343,17.8537970021,专用设备,2026-04-30
988,600231,凌钢股份,-0.17,3745055181.74,-3.4954209494,-4.0268,-479550811.31,-90.3677921439,32.796,1.239647886835,-12.67,-0.059302357758,-9.1234800196,普钢,2026-04-30
989,600230,沧州大化,0.14,1048584662.29,-0.3803682596,-12.7922,57826188.85,612.3,444.8278,9.822449651183,1.42,0.085054126389,12.0828771025,化学制品,2026-04-30
990,600229,城市传媒,0.0405,566578433.06,-6.1324375054,56.5286,26769313.75,-57.67,106.2493,4.182542468941,0.97,-0.064590851861,29.7069455381,出版,2026-04-30
991,600222,太龙药业,0.0047,350227659.49,8.3376489294,-38.6521,2601166.28,69.95,-92.4975,2.798902178448,0.16,-0.344410806522,26.2172609193,中药Ⅱ,2026-04-30
992,600221,海航控股,0.0399,18473382000.0,4.9546513584,22.8826,1725206000.0,533.63,299.3713,0.160918135223,28.1,0.098868551711,11.8656399786,航空机场,2026-04-30
993,600218,全柴动力,0.07,1296449913.5,0.3023254592,21.5444,31178031.05,4.49,731.8314,7.509369830347,0.95,-0.342156497577,9.633580915,汽车零部件,2026-04-30
994,600215,派斯林,-0.05,293602372.54,7.919445024,49.2084,-22483963.11,-68.89659688,91.4596,5.36798947019,-0.9,0.192218244969,-2.0128539558,自动化设备,2026-04-30
995,600212,绿能慧充,-0.0305,298539137.97,48.2395771221,-13.9854,-21496858.3,-207.7777552089,-754.6428,0.819467295553,-3.66,-0.072251769467,24.2109310262,其他电源设备Ⅱ,2026-04-30
996,600208,衢州发展,0.037,170644431.9,-50.5224338181,-93.2769,314457128.08,-25.83,212.3212,4.911236800034,0.76,-0.056063464343,12.9866594551,房地产开发,2026-04-30
997,600195,中牧股份,0.0237,1508632280.98,19.8585514333,-14.3923,24177718.97,-62.23,144.7405,5.572838811996,0.43,-0.302225004634,18.9258674681,动物保健Ⅱ,2026-04-30
998,600192,长城电工,-0.1284,310586685.86,8.8973854694,-30.379,-56724692.07,-42.06,70.0723,1.719536565327,-7.1892,-0.384143178215,8.716891719,电网设备,2026-04-30
999,600191,华资实业,0.0423,167362085.29,153.2813072719,-22.0785,20505740.11,89.71,1070.901,3.541791042971,1.2,0.001550822115,4.0402459364,农产品加工,2026-04-30
1000,600187,*ST国中,0.0109,50469929.21,-2.8193148336,-44.1896,17511741.51,1811.679173845,108.8102,1.843250921987,0.62,-0.07967402685,12.4431841065,环境治理,2026-04-30
1001,600177,雅戈尔,0.2,2881625911.87,3.1029474897,-40.0233,921729670.18,14.73,838.5992,9.1784847049,2.17,0.014695026852,52.056935722,服装家纺,2026-04-30
1002,600172,黄河旋风,-0.0693,395488510.05,23.6334770065,13.3708,-96526368.67,42.3417140491,77.4093,0.321477666668,-18.86,0.032372578943,12.1285473108,通用设备,2026-04-30
1003,600170,上海建工,-0.02,49102371817.11,21.7939828756,2.4708,993524.46,100.553811937,-96.1827,3.522973359666,-0.41,-1.782617629358,7.9583554666,房屋建设Ⅱ,2026-04-30
1004,600165,ST宁科,-0.04,117651934.46,25.3996184816,0.4465,-64315533.14,-0.37,-140.0465,0.70774323524,-5.47,-0.089432327737,7.7667129758,化学制品,2026-04-30
1005,600163,中闽能源,0.1,463326109.08,-9.8315799679,-12.0948,196307903.33,-21.86,1.393,3.853600622153,2.71,0.057283299039,62.8504626381,电力,2026-04-30
1006,600162,香江控股,-0.0068,241606967.82,-31.7156841832,-18.7459,-22010593.08,2.9726263668,38.9832,1.75185597521,-0.38,0.059896193761,41.3875656411,房地产开发,2026-04-30
1007,600161,天坛生物,0.06,1141703634.53,-13.3606965335,-32.9579,125866043.47,-48.45,-53.7515,5.999203581329,1.07,-0.007842834011,34.5911150403,生物制品,2026-04-30
1008,600159,大龙地产,-0.019,53051160.79,-67.2939860405,-68.0579,-15726983.11,-1694.7321650083,93.536,1.756165843424,-1.07,-0.167130989521,1.586776684,房地产开发,2026-04-30
1009,600158,中体产业,-0.006,340216299.69,15.4795469886,-62.2368,-5732781.35,79.3401544234,97.025,2.500996043965,-0.24,-0.396156275837,21.5780891588,体育Ⅱ,2026-04-30
1010,600155,华创云信,0.01,682379294.12,27.0762769695,-37.094,31050993.0,178.34,237.0092,9.038841655339,0.16,0.826350231372,,证券Ⅱ,2026-04-30
1011,600152,维科技术,-0.0476,364846236.75,33.2744969108,-6.0031,-25197287.92,-52.6465249727,32.5321,3.098713742527,-1.53,0.050974249752,8.8701508116,电池,2026-04-30
1012,600150,中国船舶,0.642,43312405150.04,54.8968342488,-2.8329,4832277995.78,251.64,142.0256,19.871754449734,3.3,1.083170214548,17.4752695769,航海装备Ⅱ,2026-04-30
1013,600149,廊坊发展,0.02,89689546.85,0.2679952907,-0.5755,7746024.66,10.11,-45.7577,0.671487686842,3.08,-0.054123370055,38.2819133621,电力,2026-04-30
1014,600138,中青旅,-0.051,2358812368.99,14.8532171449,-28.7408,-36904913.14,-9.4932167683,1.1103,8.70148552752,-0.5841,-0.187251749558,17.6110446427,旅游及景区,2026-04-30
1015,600137,浪莎股份,0.081,73595191.45,13.9212013538,-51.2467,7830858.88,-15.93,-38.4505,5.793587331749,1.4,-0.179125685982,28.065550212,服装家纺,2026-04-30
1016,600132,重庆啤酒,0.9,4349908155.81,-0.1239467295,161.5513,437720867.45,-7.4,4462.4729,3.778123621398,27.31,3.409964058481,49.6585418222,非白酒,2026-04-30
1017,600130,波导股份,0.003,121887156.5,27.7718922779,-14.0668,2556833.63,23.07,47.2928,1.212431262147,0.27,-0.03217959552,12.9131762377,消费电子,2026-04-30
1018,600129,太极集团,0.12,2528417511.83,-10.5939528767,4.8142,65620375.41,-11.97,244.7454,6.471249489641,1.86,-0.728176325632,35.793656871,中药Ⅱ,2026-04-30
1019,600127,金健米业,0.0003,813027952.47,5.6825074714,-17.4746,175024.59,-98.09,101.9931,1.04614104978,0.03,-0.280329787433,8.0236494209,农产品加工,2026-04-30
1020,600125,铁龙物流,0.166,2550450534.44,-4.6035791673,-12.4078,216466816.29,6.91,1063.5706,6.004109169886,2.8,0.2508013547,13.0526390571,铁路公路,2026-04-30
1021,600120,浙江东方,0.05,448249798.17,7.82,110.2871,152819691.83,-5.32,13.3701,4.803567404862,0.93,0.018690120257,64.4574577194,多元金融,2026-04-30
1022,600117,西宁特钢,-0.08,1243844870.29,12.5000593699,-22.0601,-252640335.9,-68.9921430119,25.2918,1.057367997903,-7.09,0.000969704523,-8.2468808105,特钢Ⅱ,2026-04-30
1023,600115,中国东航,0.07,37060000000.0,10.9381548225,10.5378,1633000000.0,264.1206030151,143.7099,0.638400941688,10.9,0.156510322347,8.2514840799,航空机场,2026-04-30
1024,600113,浙江东日,0.05,161218360.45,-6.6401472252,-25.1913,21714278.56,-13.94,-25.5707,6.080909878814,0.85,0.197559023047,32.3413299791,一般零售,2026-04-30
1025,600108,亚盛集团,0.0108,625743480.93,-3.2769018426,-67.0305,21039008.06,-14.67,-2.9823,2.226677537223,0.49,-0.02637866407,21.5134469399,种植业,2026-04-30
1026,600107,*ST尔雅,0.01,81049330.04,9.1863355111,26.592,3736756.95,145.2024850427,106.9963,1.126166361861,0.93,-0.038791119917,31.498619936,服装家纺,2026-04-30
1027,600104,上汽集团,0.265,140417876491.41,-0.31,-25.0119,3026017255.01,0.09,50.9286,26.141789471468,1.01,2.782482403383,12.8279262506,乘用车,2026-04-30
1028,600103,青山纸业,0.0069,568826200.44,-9.3198332947,-12.5792,15162881.57,-50.59,247.1434,1.774753281638,0.38,0.028013938866,17.1186081662,造纸,2026-04-30
1029,600098,广州发展,0.1527,11687558093.42,7.7818455577,-9.5229,535458525.93,18.37,233.5434,7.925155081898,1.9498,0.171997094154,8.2104040008,电力,2026-04-30
1030,600089,特变电工,0.3614,24961284684.65,6.7504213545,2.5964,1814529514.69,13.4,286.0512,14.2408728525,2.5539,0.104378966646,21.1191843919,电网设备,2026-04-30
1031,600084,*ST尼雅,0.0048,51199741.16,43.1891838407,115.7369,5437731.21,193.28,120.7349,1.132983328252,0.428,-0.004966499785,56.4744005827,非白酒,2026-04-30
1032,600081,东风科技,0.0721,1350441075.0,-11.1729161315,-2.9554,39893697.73,11.19,1232.3947,8.360140777298,0.87,-0.261114340303,17.2979683405,汽车零部件,2026-04-30
1033,600079,ST人福,0.36,6101249495.67,-0.5890180052,0.3717,588168012.64,8.85,252.7077,11.896082189104,3.07,0.172112472589,49.5339019926,化学制药,2026-04-30
1034,600076,康欣新材,-0.04,34675267.2,-39.3921460901,-64.9633,-51888888.18,-14.0235951416,73.414,2.647628148866,-1.45,0.025758997642,-42.0253994178,包装印刷,2026-04-30
1035,600075,新疆天业,-0.03,2405300023.73,-0.4936504269,-4.4774,-59230632.01,-241.2,7.8258,5.171151635088,-0.64,0.227299489577,10.5492178974,化学原料,2026-04-30
1036,600072,中船科技,-0.132,1943036457.45,118.1334342386,-50.8139,-197568653.1,36.1824572889,89.8851,5.068564142913,-2.57,-1.08920961564,4.2987612775,风电设备,2026-04-30
1037,600071,凤凰光学,-0.01,352367988.45,-0.5513332768,-22.0703,-1782140.92,-132.74,-135.5573,1.809037306012,-0.35,0.011187898072,17.0046898737,光学光电子,2026-04-30
1038,600067,冠城新材,-0.02,2160036523.71,-14.6808431695,-45.4818,-20586037.44,-159.15,-147.3856,4.018487787912,-0.37,-0.17861670224,8.0924339316,电网设备,2026-04-30
1039,600061,国投资本,0.12,3937532289.22,31.81,45.9317,765593627.35,12.63,79.7512,8.55467663607,1.39,2.491414076834,67.839446212,多元金融,2026-04-30
1040,600058,五矿发展,0.0014,10588205175.2,-14.3169131227,-11.2457,16999268.6,-74.67,117.9124,4.549865880387,0.03,-1.908593039192,3.2653451364,贸易Ⅱ,2026-04-30
1041,600057,厦门象屿,0.13,99121458776.5,2.0452620387,6.0956,521369392.66,2.42,253.1757,5.549946712829,2.42,-2.713847057503,3.0161213434,物流,2026-04-30
1042,600054,黄山旅游,0.0475,417246229.91,3.5295067055,-27.3004,34626675.88,-6.15,-11.1916,6.586913077369,0.72,0.081065680149,38.0785151526,旅游及景区,2026-04-30
1043,600053,*ST九鼎,-0.0789,26657614.85,-28.925202388,-82.1201,-34207631.09,-2.8206736684,88.884,5.130078147939,-1.525,-0.077756110405,28.9235388589,多元金融,2026-04-30
1044,600039,四川路桥,0.17,22042831778.78,-4.1024646191,-47.3046,1495374665.69,-15.72,-25.1196,6.08610650615,2.8,-0.378566287338,14.2397840063,基础建设,2026-04-30
1045,600035,楚天高速,0.15,1057157561.28,-12.9604555061,-63.2558,239236170.99,-13.53,932.2222,5.652667655793,2.66,0.261308845449,35.8246584257,铁路公路,2026-04-30
1046,600033,福建高速,0.0932,734940955.91,-1.2366686828,-2.1615,255696660.05,3.83,101.8665,4.587399845245,2.04,0.205990358417,56.0037086381,铁路公路,2026-04-30
1047,600031,三一重工,0.2711,24146971000.0,14.0257616271,2.3378,2480743000.0,0.46,94.9562,9.850486960093,2.77,0.385070196816,27.4803199453,工程机械,2026-04-30
1048,600029,南方航空,0.08,47782000000.0,10.079019513,7.1562,1481000000.0,298.2597054886,202.1379,2.045196181226,4.07,0.267755642625,10.8199740488,航空机场,2026-04-30
1049,600020,中原高速,0.1518,1438560885.02,10.7371804319,-15.8955,367033276.19,3.16,210.3045,5.297009587077,2.91,0.195710807525,47.9364801623,铁路公路,2026-04-30
1050,600019,宝钢股份,0.1,77061220744.65,5.7376236617,-9.4157,2224542172.81,-8.6,-6.7744,9.56413745467,1.07,0.20279744406,6.622047364,普钢,2026-04-30
1051,600018,上港集团,0.1724,10283797181.16,8.0417666589,6.4289,4007930878.43,2.57,74.8619,6.240378977552,2.8021,0.143327416317,39.4234485636,航运港口,2026-04-30
1052,600016,民生银行,0.26,37822000000.0,2.7408795806,10.0885,11514000000.0,-9.64,469.718,13.144579964369,2.02,-0.008154035905,,银行Ⅱ,2026-04-30
1053,600015,华夏银行,0.31,24622000000.0,35.3303286798,-8.9187,4987000000.0,-1.5,-45.8993,20.192899780082,1.57,-2.269871190701,,银行Ⅱ,2026-04-30
1054,600009,上海机场,0.23,3198103002.0,0.8145837655,-11.953,577796194.02,11.33,19.6857,17.331325012869,1.35,0.265409954147,24.934587321,航空机场,2026-04-30
1055,600008,首创环保,0.0585,4193833034.41,-1.1284718794,-22.8078,429664978.18,7.67,27.2036,2.883940849311,1.39,0.055274994688,37.8310512291,环境治理,2026-04-30
1056,600007,中国国贸,0.3,900427301.0,-5.2278435071,-5.1283,305514163.0,-1.92,16.6223,9.980198089089,3.09,0.434401700844,59.3879129838,房地产开发,2026-04-30
1057,600004,白云机场,0.07,1976980741.33,8.5356213256,-12.446,167680773.45,-43.32,-54.9897,8.21927638706,0.79,0.295602699321,20.2019285651,航空机场,2026-04-30
1058,600000,浦发银行,0.52,46573000000.0,1.4176211837,11.7287,17861000000.0,1.49,59.5017,22.634119978382,2.32,2.753978262175,,银行Ⅱ,2026-04-30
1059,420079,神州城B3,-0.0002,,-100.0,,-359926.1,6.05,99.9824,-6.992850451665,,-3.5896263e-05,,,2026-04-30
1060,400079,神州城A3,-0.0002,,-100.0,,-359926.1,6.05,99.9824,-6.992850451665,,-3.5896263e-05,,,2026-04-30
1061,400059,天珑5,0.01,4519801638.03,3.2650621324,-22.8006,18131188.42,-66.37,397.6801,0.88126414896,1.1,0.022280880581,6.2366185555,,2026-04-30
1062,301487,盟固利,0.0432,805734384.2,84.9739505616,16.5704,19865250.76,186.24,3.9878,4.200630489178,1.04,0.031078038749,11.7459464938,电池,2026-04-30
1063,301238,瑞泰新材,0.17,676806051.19,45.4908955508,18.9321,126305059.13,380.7,20.8153,10.072578431581,1.72,-0.211485171013,9.1451221338,电池,2026-04-30
1064,301152,天力锂能,0.07,515760075.36,23.3081998799,-22.953,8452079.48,121.3,107.3968,10.199926628268,0.7,0.379677716964,9.9936306419,电池,2026-04-30
1065,301087,可孚医疗,0.52,1012368240.57,37.2158943895,2.2897,107041703.68,17.08,-3.9048,22.651544479432,2.18,0.490960295696,55.1541118877,医疗器械,2026-04-30
1066,301076,新瀚新材,0.09,114532036.89,-1.0355160717,0.5667,15741581.87,-2.76,4.3502,6.885870309959,1.32,0.004480181746,27.9977679964,化学制品,2026-04-30
1067,301030,*ST仕净,-0.58,50095191.48,-93.1850159985,110.1265,-117467595.45,-322.1,89.5117,-1.963184332129,,-0.101945055801,-168.6922734565,环保设备Ⅱ,2026-04-30
1068,300999,金龙鱼,0.27,65531291000.0,10.9216036006,7.6838,1481729000.0,50.98,266.6094,18.053754690504,1.52,0.768228963006,6.7719831737,农产品加工,2026-04-30
1069,300866,安克创新,0.8796,7607645545.67,26.9341196727,-19.8788,471594189.71,-4.87,-22.9871,20.826688296764,4.35,-0.840481756957,43.6401133458,消费电子,2026-04-30
1070,300813,泰林生物,0.04,70063538.95,4.6677730713,-44.548,4840310.83,37.19,174.6788,6.653908562645,0.6,-0.029348463788,50.3115630159,专用设备,2026-04-30
1071,300761,立华股份,0.1849,4589845635.1,12.3195346764,-12.3442,154852676.82,-24.85,-46.7264,11.339523247075,1.65,0.422526605488,12.3111702925,养殖业,2026-04-30
1072,300716,*ST泉为,-0.0944,17059.68,-99.9261363434,-98.6957,-15097952.79,9.48,90.7154,-1.11549529715,,-0.032016632608,-19483.7202690789,塑料,2026-04-30
1073,300560,中富通,0.0352,303012838.0,6.2118277662,34.5928,8083421.18,5.38,108.7568,3.868145098365,0.91,-0.254042928774,20.5321727821,通信服务,2026-04-30
1074,300534,陇神戎发,0.0813,231588656.72,-15.6873785089,-9.0964,24661503.08,28.18,14.1797,2.416768591966,3.42,0.013194573571,61.8137642739,中药Ⅱ,2026-04-30
1075,300430,*ST益通,-0.2164,220527388.02,16.4950766511,235.4484,-59098075.95,-569.34,93.7607,4.696593362077,-4.51,-0.377629679493,4.5773130633,医疗器械,2026-04-30
1076,300417,南华仪器,-0.022,53257533.96,156.2980519891,-38.3489,-2954589.34,23.95,-22.2178,3.370072391412,-0.65,-0.056758787023,37.6497031294,通用设备,2026-04-30
1077,300396,ST迪瑞,-0.0042,177790572.82,-2.5399318876,-47.447,-1137612.11,-107.26,99.2833,5.628758522735,-0.07,-0.078255796703,44.5645987092,医疗器械,2026-04-30
1078,300352,ST信源,-0.0344,46309378.27,-24.8687810046,-75.6064,-49866119.35,5.6,70.9863,0.696584437026,-4.82,0.029182937226,69.0085155833,软件开发,2026-04-30
1079,300227,光韵达,-0.058,427784973.22,57.847968098,-33.0123,-28672706.77,-18276.71,87.1087,2.452987571072,-2.14,-0.222232325245,24.6438757973,自动化设备,2026-04-30
1080,300167,ST迪威迅,-0.0566,119453234.32,-9.6264426909,-20.1419,-22036914.02,-1612.05,-869.6398,0.153779907107,-46.58,-0.141556744287,11.4100487924,IT服务Ⅱ,2026-04-30
1081,300094,国联水产,0.0038,791130597.37,-2.6693551891,30.2879,4323888.2,-28.27,100.5204,0.084216297218,4.44,0.094195516177,11.9904249267,渔业,2026-04-30
1082,300076,*ST宁视,-0.0209,28395371.86,40.6044753284,-42.6622,-8880182.39,7.74,82.1393,1.979835386203,-1.05,-0.051951828019,10.3268391569,光学光电子,2026-04-30
1083,300010,ST豆神,-0.0275,198230286.93,4.5243194601,-13.8238,-56730383.86,-251.82,-164.0823,0.838539302986,-3.23,-0.068320939197,57.4837566019,教育,2026-04-30
1084,201872,招港B,0.46,4407582949.96,4.5849854567,-1.7188,1131939432.33,3.78,40.6615,26.433636709472,1.74,0.431401728162,47.5292923399,航运港口,2026-04-30
1085,200726,鲁泰B,0.11,1355536052.27,-6.6865971161,-15.5161,93704347.93,-36.86,3.0688,11.985881374538,0.95,0.197575200393,22.843732882,纺织制造,2026-04-30
1086,200725,京东方B,0.05,51001263370.0,0.7951342048,1.9165,1707220076.0,5.78,35.9826,3.673893987033,1.26,0.33202110676,15.5957217124,光学光电子,2026-04-30
1087,200553,安道麦B,0.244,7205681000.0,0.4593226991,-0.8324,569228000.0,276.65,191.3816,7.689577871245,3.21,-0.422027227413,27.7223207633,农化制品,2026-04-30
1088,200539,粤电力B,-0.0289,11352789773.0,7.3752722427,-17.8758,-151650238.0,60.39,-1047.4362,4.440146539342,-0.65,0.623184530727,6.9456959546,电力,2026-04-30
1089,200505,京粮B,0.01,1701143412.27,-20.3087909397,3.2866,8137984.97,-36.82,103.7924,3.949426552478,0.28,0.524437217025,6.3163499629,农产品加工,2026-04-30
1090,200488,ST晨鸣B,-0.17,2981106295.86,273.9669734597,5.017,-512471075.82,64.7,77.6029,0.141607427457,-77.63,0.008717277007,-8.6162783879,造纸,2026-04-30
1091,200429,粤高速B,0.22,1078049945.69,2.6792602244,-2.6354,451885742.49,-31.27,76.4035,5.511464142883,3.99,0.620611806209,68.219591352,铁路公路,2026-04-30
1092,200045,深纺织B,0.0438,789446403.01,1.4801131273,1.6916,22208513.46,6.44,147.4921,5.926552010672,0.74,0.457199836783,15.0159561255,光学光电子,2026-04-30
1093,200029,深深房B,-0.0039,67383890.02,-79.5839307472,-88.462,-3926915.41,-105.42,91.3048,3.571787055315,-0.11,0.012197273718,17.6847511868,房地产开发,2026-04-30
1094,200028,一致B,0.52,17823409770.31,-2.5698150386,-2.5584,287462500.32,-12.36,60.7657,33.953667876093,1.53,-5.274016638309,9.9591183012,医药商业,2026-04-30
1095,003027,同兴科技,0.08,101071759.71,-44.4902367584,-37.5032,10373350.2,-23.84,-13.5792,13.279877776171,0.6,0.196371639311,24.4358759369,环境治理,2026-04-30
1096,003010,若羽臣,0.2325,994620362.78,73.3357350773,-23.0988,72333748.41,163.78,-19.2952,2.544500572617,8.82,-0.091740040416,64.6581837931,互联网电商,2026-04-30
1097,002999,天禾股份,0.02,3957470762.55,0.5948592789,24.7066,8432035.06,-40.89,-65.6727,3.543133283821,0.69,-0.19821036937,6.0174764027,农化制品,2026-04-30
1098,002989,中天精装,-0.04,44724111.6,-13.6695196688,-68.0809,-8962588.1,-335.92,91.3652,6.91249682661,-0.62,0.501323705778,10.7649132152,装修装饰Ⅱ,2026-04-30
1099,002981,朝阳科技,-0.02,369163340.93,-6.9876918064,1.7257,-3124981.99,-114.77,87.6123,7.733658091146,-0.29,0.181521379595,16.6121853989,消费电子,2026-04-30
1100,002959,小熊电器,0.5076,1239133192.95,-6.1415547033,-19.4831,79570570.56,-38.67,-45.733,19.714108196181,2.57,1.664114045565,36.3690816261,小家电,2026-04-30
1101,002949,华阳国际,0.0228,198580035.36,-24.7866383136,-35.7293,4467131.56,80.44,-77.6495,7.487810566701,0.28,-0.342435460511,26.5036890716,工程咨询服务Ⅱ,2026-04-30
1102,002939,长城证券,0.15,1277331155.51,0.02,18.8476,620775021.78,2.56,47.45,8.086361228323,1.92,1.083059097923,,证券Ⅱ,2026-04-30
1103,002938,鹏鼎控股,0.2,7985861407.09,-1.2486438963,-35.0298,462739621.4,-5.21,-65.2149,14.947840400351,1.35,1.335865425379,22.9484962061,元件,2026-04-30
1104,002933,新兴装备,-0.02,66766900.15,-26.3115065359,-59.3703,-2219444.03,-120.95,-121.4272,13.108922062207,-0.14,0.598176525096,31.5939303796,航空装备Ⅱ,2026-04-30
1105,002929,润建股份,0.05,1820167723.39,-23.4893234995,-40.8648,12601851.08,-81.82,-59.9683,22.315602169822,0.2,-2.658404163621,14.6019989276,通信服务,2026-04-30
1106,002925,盈趣科技,0.12,1137468959.89,32.3660418135,-8.9172,93256485.14,21.68,-76.628,6.695784674146,1.82,0.207549868182,28.6289871894,消费电子,2026-04-30
1107,002907,华森制药,0.0785,211846896.79,-11.3404141688,5.2747,32790793.15,-18.74,544.9935,4.129296637805,1.92,0.058612944366,59.9345484611,中药Ⅱ,2026-04-30
1108,002905,金逸影视,-0.06,245399174.35,-51.4634085688,4.036,-21636851.52,-120.33,-305.2751,0.17333127264,-29.26,0.12210765431,20.6576967238,影视院线,2026-04-30
1109,002901,大博医疗,0.36,641496893.47,16.5645367674,-11.4694,146565626.19,42.16,-16.2413,8.995734353009,4.02,0.16993294101,74.1624757739,医疗器械,2026-04-30
1110,002895,川恒股份,0.3152,1823654019.15,22.1378432219,-27.7414,188610474.74,-6.62,-36.2163,13.073234961382,2.41,-0.978091493319,25.0657270266,农化制品,2026-04-30
1111,002886,沃特股份,0.05,460742476.74,16.6889847481,-27.7028,13006598.86,112.81,-62.0771,7.037570559464,0.73,0.129573872907,16.7017496117,塑料,2026-04-30
1112,002884,凌霄泵业,0.27,432131629.32,17.9460607425,-4.3413,97891321.83,-6.13,-5.4457,7.027781283317,3.97,-0.003872383567,32.3221670975,通用设备,2026-04-30
1113,002883,*ST中设,0.0065,71859605.6,18.1260047609,-69.3248,1022481.56,115.31,-40.7648,2.999276377877,0.22,0.216872787445,22.1334796332,工程咨询服务Ⅱ,2026-04-30
1114,002881,美格智能,0.18,927593580.41,-6.9673365283,0.1889,46654696.32,0.76,57.8826,9.026762957246,2.7,-0.634958965977,17.5021032173,通信设备,2026-04-30
1115,002878,元隆雅图,-0.01,600261651.83,-8.5046844648,-24.3653,-3023076.3,-166.68,92.1545,4.770208606511,-0.24,0.100870896202,12.3662089863,广告营销,2026-04-30
1116,002873,新天药业,0.0143,178610160.01,-7.5283269492,-6.5294,3495173.12,-16.53,149.4404,5.160671998371,0.28,0.178689254603,72.4947990992,中药Ⅱ,2026-04-30
1117,002866,传艺科技,0.05,538203146.72,15.8583022739,-2.768,15297690.6,-60.82,-9.79,7.284296783284,0.73,0.200737505064,21.1233074691,消费电子,2026-04-30
1118,002840,华统股份,-0.3,1864948534.06,-10.3096467336,-6.0145,-240579513.36,-803.36,-16.2031,4.483172886476,-6.47,-0.032964948283,-2.4314418303,食品加工,2026-04-30
1119,002839,张家港行,0.24,1265683084.02,-4.4305574131,18.1445,576383894.6,2.5,41.6048,7.820817987834,3.06,2.207982850599,,银行Ⅱ,2026-04-30
1120,002828,贝肯能源,-0.364,116061420.33,-18.2194124678,-49.8099,-73247404.08,-1558.28,-960.2445,3.254581165803,-11.28,-0.223197420488,-8.0554859431,油服工程,2026-04-30
1121,002824,和胜股份,0.08,1014410662.15,36.8160410677,-22.1635,24590199.57,104.65,-54.9506,7.501055035272,1.06,0.745438533773,12.9699136158,工业金属,2026-04-30
1122,002822,ST中装,-0.0038,139275549.97,-24.7174209569,-14.7759,-7325163.48,90.73,99.7245,0.554148436965,-0.68,-0.032778296005,16.6841002782,房地产服务,2026-04-30
1123,002816,*ST和科,-0.0411,47783218.34,41.3807722755,-61.2159,-4105781.9,-225.69,-119.2535,2.3823899159,-1.71,-0.3468069981,19.829011396,专用设备,2026-04-30
1124,002785,万里石,0.0027,198424207.37,-12.6341920081,-23.1151,600817.54,-72.22,100.7249,3.509293319938,0.08,0.019489279341,15.5518616801,装修建材,2026-04-30
1125,002779,中坚科技,0.155,434469458.35,51.9505639949,17.6141,28649302.07,-32.13,-80.9094,5.089847198755,3.09,-0.182853530141,30.0395322046,专用设备,2026-04-30
1126,002763,汇洁股份,0.22,759578238.02,-2.2703066074,-2.2065,91715248.2,19.06,236.5024,4.609966054781,4.97,0.340306598443,69.4104457724,服装家纺,2026-04-30
1127,002747,埃斯顿,0.1128,1216554921.4,-2.2164415756,12.1826,97836660.5,674.64,512.694,3.345518632235,4.95,-0.151569748676,30.3939113603,自动化设备,2026-04-30
1128,002743,富煌钢构,-0.1,124214502.13,-86.6909517116,538.2891,-45093600.75,-358.91,95.1525,5.330759830465,-1.92,-0.50137645265,4.7108218844,专业工程,2026-04-30
1129,002738,中矿资源,0.7037,1375978457.48,-10.4410584073,-20.3253,507688628.36,276.68,100.3367,17.68156300996,4.07,0.030063944531,57.5159787675,能源金属,2026-04-30
1130,002737,葵花药业,0.19,843918908.69,27.1928945558,33.1155,110285854.48,93.11,149.1713,6.761305543801,2.83,0.13374458887,56.3358650902,中药Ⅱ,2026-04-30
1131,002736,国信证券,0.18,4921043108.41,-4.54,-0.3918,2104708193.56,-9.63,8.7278,9.792479091219,1.83,0.982482393238,,证券Ⅱ,2026-04-30
1132,002732,燕塘乳业,0.0,332827319.25,-0.430977802,-18.1916,49500.19,-99.43,-98.8519,9.589024042834,,0.240985665459,25.3053666597,饮料乳品,2026-04-30
1133,002725,跃岭股份,-0.0212,123076275.42,-14.0385939698,-33.0886,-5416935.28,-178.09,-3.9229,3.812856520938,-0.57,-0.007364484375,10.4216699817,汽车零部件,2026-04-30
1134,002723,小崧股份,-0.0904,186121549.84,-43.7624119135,-22.7184,-30044664.92,-237.25,83.3954,2.207673018118,-4.03,-0.053947168375,7.8212434898,照明设备Ⅱ,2026-04-30
1135,002721,金一文化,0.0128,222856811.87,54.5838237729,-30.2217,33833792.58,261.62,-49.199,0.809245021097,1.58,-0.015575315931,36.9299897407,饰品,2026-04-30
1136,002692,远程股份,-0.0512,991076099.45,19.4161429062,-19.8605,-36788057.93,-269.96,22.7413,1.590908488204,-3.2,-0.589948111707,3.4818986493,电网设备,2026-04-30
1137,002682,龙洲股份,-0.08,357112119.05,-42.7516923757,-36.9582,-46049686.83,-30.35,90.4602,0.936981374337,-8.97,0.115285013925,-0.2841901593,物流,2026-04-30
1138,002678,珠江钢琴,-0.03,142048751.61,15.0062021123,-22.594,-45449052.11,12.06,70.8221,2.241522522092,-1.48,-0.035485115605,10.9329658754,文娱用品,2026-04-30
1139,002677,浙江美大,0.0045,73196996.53,-25.585434462,-37.7345,2909812.14,-62.66,145.8097,2.280170537542,0.2,-0.000213651232,35.2009938679,厨卫电器,2026-04-30
1140,002671,龙泉股份,-0.0134,202714474.52,13.7198986664,-27.8622,-7353948.79,49.94,90.1282,2.911809241892,-0.45,-0.029706519961,21.645998947,水泥,2026-04-30
1141,002667,*ST威领,0.064,144568664.11,136.1851665909,34.8797,16695342.88,166.8,104.1583,-0.076322774841,,0.216100394027,67.5517567387,专用设备,2026-04-30
1142,002666,德联集团,0.04,1175870966.54,8.1939410746,-32.1762,31319285.19,11.98,191.007,4.481284649947,0.89,0.047111911778,13.7525533772,化学制品,2026-04-30
1143,002663,普邦股份,-0.0035,263140990.35,-23.5056789852,-55.6259,-5956605.54,-242.34,98.6009,1.120726752185,-0.31,-0.086914876974,7.2245773776,基础建设,2026-04-30
1144,002660,茂硕电源,-0.0816,289121160.44,-4.1577862198,3.2395,-29089631.77,-4964.79,83.5074,2.796484790444,-2.88,-0.177762462979,15.4733820976,消费电子,2026-04-30
1145,002656,摩登大道,-0.002,143691757.87,32.7108290966,-29.8118,-1398800.54,-140.36,86.4361,0.579034222589,-0.34,-0.014595847649,27.6919662476,服装家纺,2026-04-30
1146,002647,仁东控股,0.0416,216902328.93,7.5300158372,-2.4772,47024326.42,-90.3,774.4366,0.550615897052,8.03,-0.010268432566,32.0886504001,多元金融,2026-04-30
1147,002645,华宏科技,0.3449,2512429324.38,74.9273677418,5.827,216441380.14,595.21,2680.3211,6.799439434659,5.21,0.623455196281,16.2100020123,环保设备Ⅱ,2026-04-30
1148,002644,佛慈制药,0.0444,211574701.05,-2.1052533283,-27.4132,22661247.41,16.92,103.7004,3.613627361419,1.23,0.109638310784,37.1272620262,中药Ⅱ,2026-04-30
1149,002640,跨境通,0.1022,1290081440.72,2.9050637454,-9.1016,157204833.06,4144.8,139.2393,0.413329088228,28.36,-0.311418572889,10.5708257693,互联网电商,2026-04-30
1150,002631,德尔未来,-0.0176,147156585.75,-24.2814803677,-56.0362,-14045135.96,56.79,90.6373,2.537548853203,-0.69,-0.119933933361,17.6038763933,家居用品,2026-04-30
1151,002630,*ST华西,-0.0156,215232677.37,-69.081508206,-6.5779,-18373784.07,-209.02,94.3364,-0.064481902727,,0.042568101567,32.1184063009,其他电源设备Ⅱ,2026-04-30
1152,002629,仁智股份,-0.01,35614195.99,-2.9143750224,-84.1865,-3967988.84,-37.89,-112.991,0.148002539017,-6.11,-0.005463890795,7.4481727195,油服工程,2026-04-30
1153,002628,成都路桥,0.02,86754535.91,-26.7019031835,-75.733,13472922.31,225.3,126.8184,3.72761622421,0.48,0.021562719762,2.4732053921,基础建设,2026-04-30
1154,002626,金达威,0.11,813363266.65,-1.6772075023,6.8667,65613153.17,-46.11,413.4543,7.218823162698,1.46,0.193759637652,37.9757756128,食品加工,2026-04-30
1155,002616,长青集团,0.1157,898703592.84,-6.4645290915,-4.6996,99415340.74,22.66,26.5975,4.331291997175,2.71,-0.047492494102,20.1681534662,电力,2026-04-30
1156,002609,捷顺科技,0.0029,364201210.08,19.346174427,-38.7076,1848019.52,16.92,123.0441,3.729742068229,0.08,0.075912230499,37.0130268651,IT服务Ⅱ,2026-04-30
1157,002605,姚记科技,0.3348,788912142.43,1.3110035754,35.904,139825045.33,-0.64,81.655,9.323341731058,3.6,0.34642485878,37.9412035791,游戏Ⅱ,2026-04-30
1158,002602,世纪华通,0.28,11010458150.15,35.1855421478,3.143,2027304123.18,50.18,62.4816,4.381717143777,6.46,0.263310873595,72.0478829679,游戏Ⅱ,2026-04-30
1159,002600,领益智造,0.05,12642965921.25,9.9935651286,-8.6395,391642372.21,-30.7,13.0765,3.337914519696,1.62,0.108441710874,16.5433960253,消费电子,2026-04-30
1160,002599,盛通股份,-0.0146,426338501.5,-6.1621776375,-14.8793,-7792809.89,21.87,-578.8799,2.317669654527,-0.63,-0.000411692175,14.0412053754,包装印刷,2026-04-30
1161,002597,金禾实业,0.17,1515292265.04,16.4407128538,10.7697,95938344.64,-60.35,318.263,13.911659525694,1.22,-0.048428732489,18.0520865077,化学制品,2026-04-30
1162,002596,海南瑞泽,-0.0028,214078149.07,-23.47589617,-21.3739,-3225302.68,80.85,97.5845,0.463148370466,-0.6,0.000504514037,11.1581713144,水泥,2026-04-30
1163,002595,豪迈科技,0.646,2667648656.65,17.0703427985,-11.14,515313666.34,-0.83,-14.8171,15.6669719824,4.2,0.145770123213,34.0528157734,专用设备,2026-04-30
1164,002591,恒大高新,0.0207,181345448.91,121.0967088429,19.4363,6217211.48,193.49,126.3929,2.130867257553,0.98,0.099743687967,10.2720964281,化学制品,2026-04-30
1165,002583,海能达,-0.0171,1001577003.05,-0.1233778215,-55.7506,-31072562.24,-214.53,93.0003,1.119707141733,-1.51,-0.029846205026,50.2741644623,通信设备,2026-04-30
1166,002573,清新环境,0.0152,1680282979.55,-11.7934136857,-44.4825,21569914.2,121.35,104.8988,3.881841499289,0.39,0.024757564335,17.6469380806,环境治理,2026-04-30
1167,002572,索菲亚,-0.0399,1519231802.67,-25.4582475781,-35.6095,-38431049.42,-417.58,-117.488,7.646571014325,-0.52,-0.29407060206,29.8450592716,家居用品,2026-04-30
1168,002569,*ST步森,-0.029,39547664.34,22.2670069247,-22.5586,-4171296.79,-0.13,-129.0936,0.275766933546,-10.17,0.038849078328,27.4874852951,服装家纺,2026-04-30
1169,002564,天沃科技,0.004,591896319.44,-2.1984443835,0.0896,3260280.12,-82.27,130.5988,0.221111348707,1.73,-0.22495168447,13.7020686168,专用设备,2026-04-30
1170,002559,亚威股份,0.0591,455974724.71,-2.3746362824,-34.8137,32148031.69,-10.46,804.1366,3.230328743431,1.81,0.007502760652,24.3227936703,通用设备,2026-04-30
1171,002553,南方精工,0.0007,190838262.31,6.5722628327,-17.7252,258646.0,-99.72,101.2353,4.446800668614,0.02,0.064654137489,33.0157666955,汽车零部件,2026-04-30
1172,002545,东方铁塔,0.323,1418290712.33,48.5919315988,-4.5955,401864480.76,95.21,6.26,8.211659453341,4.02,0.398401479727,43.5919826962,农化制品,2026-04-30
1173,002537,海联金汇,0.05,1330204756.42,-20.0920635627,-25.4014,51982952.91,2.65,-47.9087,3.739055526819,1.19,-0.188078156083,14.422862407,汽车零部件,2026-04-30
1174,002533,金杯电工,0.181,4999493028.79,22.0409981571,-9.9521,131612623.42,-3.52,-3.1415,6.155637904246,2.9,-3.12637774086,9.8879486571,电网设备,2026-04-30
1175,002531,天顺风能,0.023,657499913.46,-29.0079945859,-60.5137,41404522.33,16.16,113.5648,4.824521881193,0.48,-0.131617817807,33.4945149348,风电设备,2026-04-30
1176,002530,金财互联,0.021,257706963.76,25.3279232354,-12.8726,16118661.39,18.11,119.7651,1.730312758407,1.2,-0.016293926895,32.2159939486,通用设备,2026-04-30
1177,002514,*ST宝馨,-0.0174,45321810.03,12.0679559858,-37.9285,-12551579.04,47.08,92.1544,-0.073323718967,,0.005159400887,32.8362317616,通用设备,2026-04-30
1178,002513,蓝丰生化,-0.0396,652131097.94,19.8898143398,27.2778,-14841689.9,33.01,86.9055,0.106736039495,-35.52,0.133851544819,6.1241486146,农化制品,2026-04-30
1179,002510,天汽模,0.0145,477700289.71,7.5839051877,-46.8308,14686878.86,-29.09,6.4578,2.497366775881,0.58,0.026843771925,11.9838796005,汽车零部件,2026-04-30
1180,002494,华斯股份,0.0223,134526400.46,49.2021990867,-40.4921,8349162.46,563.59,-66.5388,3.335112106436,0.67,0.095221006921,31.6923432161,服装家纺,2026-04-30
1181,002491,通鼎互联,0.0417,1063615142.81,61.132992821,10.0196,51274036.95,-61.05,569.3476,2.049050325932,2.06,-0.014295329215,26.9569130478,通信设备,2026-04-30
1182,002489,浙江永强,0.07,2471847798.75,-2.8596893674,13.1935,154998652.07,-58.29,172.6025,2.118601957546,3.42,0.131215890293,20.8816285489,家居用品,2026-04-30
1183,002486,嘉麟杰,0.0018,269970440.61,0.0322102043,-22.1693,1523188.14,-84.02,126.9703,1.305403503723,0.14,0.023667932583,18.8657156224,服装家纺,2026-04-30
1184,002471,中超控股,-0.0035,1258837735.56,21.5924180403,-5.6064,-4735830.33,76.6,-302.8905,1.318372529399,-0.26,-0.368074469739,9.9374535229,电网设备,2026-04-30
1185,002470,金正大,0.0035,2955561439.94,25.9008433453,13.8213,11441245.23,29.97,-82.1431,0.648813752093,0.54,0.03407919225,11.1791587421,农化制品,2026-04-30
1186,002467,二六三,-0.01,208491507.53,10.7303918399,0.9224,-12189808.63,-175.77,96.6163,1.136628212005,-0.77,0.022256550814,37.1299223537,通信服务,2026-04-30
1187,002462,嘉事堂,0.13,3972176010.38,-15.0870973626,-21.6011,38081677.04,-17.48,227.1399,15.048952731733,0.87,-0.712161956211,5.6181720029,医药商业,2026-04-30
1188,002460,赣锋锂业,0.88,9196158318.22,143.8134944996,8.741,1837274971.24,616.34,15.7367,22.158040900747,4.02,0.375131957518,29.7186730029,能源金属,2026-04-30
1189,002454,松芝股份,0.11,1195402218.62,-1.4533715233,-32.0094,71390735.88,-23.43,106.3475,6.491270514329,1.77,-0.340319945111,18.5103843019,汽车零部件,2026-04-30
1190,002453,华软科技,-0.0471,89163179.28,-13.6911990104,-19.5,-38295114.84,-68.52,71.2956,0.918467141185,-5.0,-0.029283647367,-8.6126561233,化学制品,2026-04-30
1191,002452,长高电气,0.0913,295833822.4,-12.7552393668,-36.095,56620345.17,69.27,-59.5351,4.471557129098,2.06,0.114159074248,38.2911319304,电网设备,2026-04-30
1192,002442,龙星科技,0.0178,1035251556.51,-2.4310637238,-1.8625,8832972.86,-69.1,141.2194,3.65238176849,0.48,-0.683628748903,7.1217677642,橡胶,2026-04-30
1193,002428,云南锗业,0.014,288865931.79,20.3115587046,8.1688,9107109.94,-10.71,355.8612,2.249502111342,0.62,0.034843848221,20.2921097572,小金属,2026-04-30
1194,002423,中粮资本,0.1172,2485905306.28,5.78,2.4803,269954108.42,-31.06,151.2956,10.352841832727,1.16,5.173287082581,19.1787133029,多元金融,2026-04-30
1195,002421,达实智能,-0.0076,516049744.61,17.9450146719,-6.4479,-16222028.28,60.89,93.1993,1.280585198564,-0.6,-0.036228351829,24.6902049969,IT服务Ⅱ,2026-04-30
1196,002403,爱仕达,-0.03,698171166.9,7.60552315,-3.3713,-10483641.09,-277.94,93.364,4.060448601155,-0.75,-0.007632426596,33.9237015332,小家电,2026-04-30
1197,002401,中远海科,0.0196,287551880.51,-21.3714646343,-52.6531,7299507.61,62.08,-62.1212,4.469607543433,0.44,-0.230870207247,16.1919062388,IT服务Ⅱ,2026-04-30
1198,002399,海普瑞,0.1278,1330843181.56,-4.5477401016,3.6065,187571621.23,19.79,191.9064,8.30081336751,1.55,0.256762567376,34.1539333716,化学制药,2026-04-30
1199,002386,天原股份,0.0588,3655217705.93,16.3810621379,30.1259,76567864.48,573.52,36.5111,5.879582510082,1.01,-0.209161090896,10.6183058626,化学原料,2026-04-30
1200,002374,中锐股份,-0.11,133948280.04,-2.9575068582,-13.0641,-120838098.07,-131.66,24.9253,0.493077272018,-19.41,-0.007181181908,10.8915965742,包装印刷,2026-04-30
1201,002371,北方华创,2.2556,10322863908.82,25.7960902419,-14.3454,1634739048.68,3.42,317.3975,54.211649872044,4.25,1.032039190852,40.7727895045,半导体,2026-04-30
1202,002368,太极股份,-0.192,885639069.46,-27.5355535746,-71.4206,-119641036.89,-4650.97,84.2631,6.384303815325,-2.98,-2.460128169785,35.871227373,IT服务Ⅱ,2026-04-30
1203,002365,永安药业,0.0268,235897297.0,37.8278300429,14.5031,7736703.46,277.16,357.6471,6.771788087145,0.39,-0.004858708169,20.2300249121,化学制药,2026-04-30
1204,002349,精华制药,0.0809,379763838.0,4.4640139681,3.2888,65872510.07,5.87,53.5057,3.404270439272,2.36,0.043938906936,55.3891166989,中药Ⅱ,2026-04-30
1205,002347,泰尔股份,-0.0151,261475319.18,-15.6104506434,-2.1506,-7634888.19,17.39,81.4916,2.1875511412,-0.69,-0.290790701051,18.6363641023,通用设备,2026-04-30
1206,002345,潮宏基,0.3,2498284807.34,10.9329375399,-18.9169,263560162.18,39.52,46.3786,4.527740249988,6.77,0.403748868625,26.9171146526,饰品,2026-04-30
1207,002343,慈文传媒,-0.0277,2475041.3,-98.6883314647,-98.7943,-13132800.19,-747.9,-240.7774,2.017368586224,-1.37,-0.030994161345,60.0980407882,影视院线,2026-04-30
1208,002340,格林美,0.1,9981671830.64,5.1150727435,3.6961,522448740.64,2.18,10.7861,4.275608480036,2.41,0.049412738318,17.4716308377,电池,2026-04-30
1209,002329,皇氏集团,0.005,440079621.15,-1.4349765927,-3.9764,4071779.19,-28.36,101.0198,0.598552845707,0.83,0.019994508856,23.5793692239,饮料乳品,2026-04-30
1210,002316,亚联发展,0.0036,81644921.22,-22.208423302,-43.1874,1428355.61,-58.18,293.0795,0.199180100758,1.84,-0.030161744327,15.7857615237,综合Ⅱ,2026-04-30
1211,002315,焦点科技,0.3087,512263798.4,15.6223478275,-0.0702,97937999.71,-12.53,12.2368,9.069353836151,3.49,-0.167253699455,77.5290290521,互联网电商,2026-04-30
1212,002310,东方新能,-0.0023,31552736.53,338.7390930856,-83.0592,-13831325.72,-183.55,81.26,0.399339814402,-0.58,0.011295909206,25.0828209543,电力,2026-04-30
1213,002284,亚太股份,0.192,1357783406.53,7.9076174125,-16.8891,142098237.67,41.83,-12.1216,4.74323474889,4.14,-0.342420756782,20.405210445,汽车零部件,2026-04-30
1214,002279,久其软件,-0.0994,254748148.54,-18.2643888182,-74.4578,-85689430.53,26.0879931827,-216.488,1.619568890144,-5.96,-0.394803799667,33.8677118458,软件开发,2026-04-30
1215,002277,友阿股份,0.0304,207706476.53,-28.2552958487,-19.3574,42392229.3,15.74,110.6394,4.58572541312,0.67,0.048409274374,76.5004710685,一般零售,2026-04-30
1216,002276,万马股份,0.0628,4624333739.05,16.4872105174,-9.8803,63233051.09,-22.72,197.8688,6.057451251289,1.04,-0.48398017199,10.16221513,电网设备,2026-04-30
1217,002269,美邦服饰,0.0,136312157.79,-4.7126200058,12.5806,1553863.62,-75.68,100.8612,0.085198397719,0.74,0.015620983288,41.8703123884,服装家纺,2026-04-30
1218,002263,大东南,0.0023,307619209.18,-1.1981626328,5.7342,4320548.18,-7.26,-32.5341,1.478864752249,0.16,-0.01005855036,11.8451895631,塑料,2026-04-30
1219,002249,大洋电机,0.12,3038651059.43,-3.8934132359,-0.074,298975578.89,5.11,25.5518,4.115853525716,2.98,0.047478479671,24.5471392039,电机Ⅱ,2026-04-30
1220,002242,九阳股份,0.11,1811739072.65,-9.4105528975,-30.9725,82848185.0,-18.37,1494.7805,4.565517559412,2.4,-0.163186389242,24.5841860301,小家电,2026-04-30
1221,002240,盛新锂能,0.51,3284048555.59,378.5797969835,66.7279,464035684.07,399.89,441.8291,11.72661281448,4.43,-0.728901257737,34.0650652633,能源金属,2026-04-30
1222,002238,天威视讯,-0.0268,232437412.08,-13.4226534361,-42.3135,-21540177.19,-39.41,85.6952,2.430568575568,-1.1,0.011131441774,21.2689032534,电视广播Ⅱ,2026-04-30
1223,002235,安妮股份,-0.0013,84769270.08,4.5016011513,-19.3913,-729854.93,-153.78,95.4061,1.258644466511,-0.1,-0.081490162925,11.6442543279,造纸,2026-04-30
1224,002221,东华能源,0.102,6152292440.29,-22.8990160339,45.8221,160794455.68,205.78,116.1459,6.33147633405,1.62,-0.495665633952,5.0136751798,炼化及贸易,2026-04-30
1225,002218,拓日新能,-0.0286,230810618.91,-9.0134887079,7.5543,-40303050.86,1.25,55.2547,2.790611829787,-1.02,0.020108160892,10.4196780692,电力,2026-04-30
1226,002214,大立科技,-0.1152,59612977.81,1.2599065707,-29.9743,-68293036.35,-4.82,32.0789,2.100754294547,-5.33,-0.143255177886,28.9426973351,军工电子Ⅱ,2026-04-30
1227,002212,天融信,-0.0854,225153653.94,-32.9230996226,-83.5596,-100743111.71,-47.31,-132.531,8.080119122471,-1.05,-0.29625216321,56.5957638395,软件开发,2026-04-30
1228,002209,达意隆,0.0916,293012329.4,-26.1378349028,-43.1404,18167238.27,-38.41,-1.7616,4.317395429511,2.14,0.191576724554,26.3407164429,专用设备,2026-04-30
1229,002203,海亮股份,0.19,24030493967.62,17.0436208743,31.3677,435980515.36,26.42,2256.7801,7.443508220499,2.57,-1.742003116773,5.0200056128,工业金属,2026-04-30
1230,002198,ST嘉应,0.0197,122916954.29,1.0556434689,36.0979,12456267.09,-19.13,43.4536,1.439165386521,1.7,-0.071507025121,45.893428271,中药Ⅱ,2026-04-30
1231,002188,中天服务,0.02,105298154.97,9.5109272721,1.8687,6321346.95,-33.76,-34.2706,1.102494500371,1.77,-0.064666254661,20.5342964235,房地产服务,2026-04-30
1232,002184,海得控制,0.0087,449935791.89,-34.9460121894,-25.0007,3060605.27,148.23,103.5028,3.613012166633,0.24,-0.652903976481,17.3497549266,自动化设备,2026-04-30
1233,002181,粤传媒,0.0151,133661043.0,3.1637033728,-25.3698,17511906.62,-52.11,172.3454,3.662436382262,0.41,-0.027641882723,28.3724453878,出版,2026-04-30
1234,002180,奔图科技,0.0454,2290414457.23,-61.3590087276,13.9121,64546062.18,-23.5,117.8289,6.417467143023,0.71,-0.093830825826,28.1946815993,计算机设备,2026-04-30
1235,002178,延华智能,-0.008,84966571.52,-28.4859294497,-30.3283,-5698430.32,-12.47,-424.8302,0.60679203204,-1.31,-0.067061566269,18.1317548942,软件开发,2026-04-30
1236,002173,创新医疗,-0.06,166663239.83,-13.795387937,-9.3018,-25149687.78,-80.45,36.4568,3.90845925502,-1.45,-0.007935469826,2.484749357,医疗服务,2026-04-30
1237,002172,澳洋健康,0.01,406693952.2,-10.0473371285,-8.9027,5236055.46,-71.7,344.6184,0.236592916695,2.93,0.041574680271,12.3128435152,医疗服务,2026-04-30
1238,002170,芭田股份,0.282,1327573442.86,19.4203790135,6.3916,273538995.95,60.26,21.7834,4.172789336351,7.02,0.403411179303,38.222854523,农化制品,2026-04-30
1239,002168,ST惠程,-0.0061,74071308.7,21.908008608,-12.7363,-4794583.18,71.54,86.6079,0.01429492914,,0.035610291566,64.9194168214,电网设备,2026-04-30
1240,002166,莱茵生物,0.0573,446871087.43,0.5804175759,-42.0912,42516534.18,38.06,-41.5414,4.299173424205,1.34,0.421880012124,23.717146824,化学制品,2026-04-30
1241,002159,三特索道,0.12,135926375.03,3.2986705273,0.5437,20675945.71,-31.46,303.7424,8.348773053388,1.41,0.013197443787,62.9748144252,旅游及景区,2026-04-30
1242,002156,通富微电,0.2168,7481674677.05,22.8027090806,-4.1446,329057400.55,224.55,-8.1402,10.317929961438,2.1,0.62045734952,13.3247370097,半导体,2026-04-30
1243,002138,顺络电子,0.23,1684822509.72,15.340722241,-1.6602,177881873.62,-23.71,-29.3938,7.879773614951,2.59,0.114584534002,32.5338215745,元件,2026-04-30
1244,002135,东南网架,0.01,1895557691.88,-22.2319974273,-28.8765,15253961.67,-67.48,892.1378,5.559214444099,0.23,2.012906287482,7.1221993484,专业工程,2026-04-30
1245,002133,广宇集团,-0.0054,311723031.95,-64.0319863964,72.8104,-4163011.09,89.09,92.6171,3.742778209137,-0.14,-0.121054006639,9.6475598329,房地产开发,2026-04-30
1246,002125,湘潭电化,0.14,419196439.08,0.332209714,-19.2303,89349333.47,88.78,31.1985,5.405997857532,2.71,0.003286344623,18.4618740321,电池,2026-04-30
1247,002114,罗平锌电,-0.12,290265716.53,56.7844844427,-39.4488,-39457375.81,12.33,51.7187,2.234682474713,-5.32,-0.197415583451,0.1418808997,工业金属,2026-04-30
1248,002109,ST兴化,-0.0054,1070110864.29,27.4691779234,1.7001,-6903978.66,94.17,95.7426,3.071214790797,-0.18,0.131824124771,8.5153215233,化学原料,2026-04-30
1249,002103,广博股份,0.0386,554862755.44,14.5520874976,-38.814,20337828.37,-32.0,-48.2563,2.35178496539,1.63,-0.176565540461,18.9424969291,文娱用品,2026-04-30
1250,002100,天康生物,-0.12,3916826741.94,-6.301703337,16.202,-163281842.86,-210.22,18.8115,5.023959066744,-2.37,0.535704758943,3.8617036728,养殖业,2026-04-30
1251,002097,山河智能,0.0169,1546026804.16,2.1745190532,-31.3679,18161200.54,-44.05,245.4601,4.358572263352,0.39,-0.447496803541,30.2429500531,工程机械,2026-04-30
1252,002096,易普力,0.0866,1844159384.77,-8.2433699551,-25.5182,107456837.7,-34.94,-27.6029,6.549867234072,1.33,-0.017580841986,18.3813876967,化学制品,2026-04-30
1253,002094,青岛金王,0.0113,338657307.33,4.7798598085,-22.1355,7786215.98,-10.87,116.7639,2.136521846222,0.53,-0.044713120223,18.4782431578,家居用品,2026-04-30
1254,002091,江苏国泰,0.13,9665234630.87,8.9020280088,-1.3244,211828172.01,-12.63,-40.9081,9.833943852054,1.3,-0.292618871264,13.2856384337,贸易Ⅱ,2026-04-30
1255,002082,ST万邦,0.17,374212579.48,18.7561044949,275.6489,102950485.41,577.22,159.9579,4.269740121932,4.02,0.176288151617,56.8841074305,化学制药,2026-04-30
1256,002076,星光股份,-0.0064,109407094.23,134.4788392919,-48.227,-7029276.58,-480.31,0.2433,0.274489086077,,0.006304471344,11.0552896274,照明设备Ⅱ,2026-04-30
1257,002073,软控股份,0.0297,1676299616.54,-7.2922938822,-37.2895,30379772.64,-60.02,-69.6375,6.220563433741,0.48,0.058923381465,20.7635797381,专用设备,2026-04-30
1258,002068,黑猫股份,-0.1293,1898035429.91,-12.9431767703,-16.3266,-95077075.71,-167.69,62.2469,3.171458558179,-4.0,-0.036807263224,0.1597011822,橡胶,2026-04-30
1259,002065,东华软件,0.0193,2877943088.8,-7.4216695267,-35.1822,61959754.79,12.17,-51.1328,3.862935390228,0.5,0.037443686693,19.0391879896,IT服务Ⅱ,2026-04-30
1260,002062,宏润建设,0.06,1227994974.58,-9.6934049744,-17.2672,73743068.98,-19.51,104.4224,4.015659740411,1.49,0.107243995425,12.7130939883,基础建设,2026-04-30
1261,002060,广东建工,0.0298,13959773232.02,-3.2018494351,-45.3254,111868730.69,-22.14,-79.6795,3.858966251913,0.77,-0.667504807489,7.8605402746,基础建设,2026-04-30
1262,002054,德美化工,0.0978,852194202.69,23.91190941,14.7664,47134083.88,48.61,27.4264,5.428423274266,1.82,-0.031227409343,35.2531687087,化学制品,2026-04-30
1263,002052,同洲电子,0.0086,53578986.43,-82.9116243702,57.1271,6486030.26,-94.84,112.5482,0.370196607584,2.34,-0.020598616678,35.1741146403,其他电源设备Ⅱ,2026-04-30
1264,002050,三花智控,0.22,7773555419.29,1.3573975694,11.3302,927621853.77,2.68,13.0509,7.753748037011,2.88,0.262781968929,27.7966881815,家电零部件Ⅱ,2026-04-30
1265,002044,美年健康,-0.07,1583788046.28,-9.7081805978,-53.8811,-255039233.23,7.37,-209.2399,2.016377369221,-3.18,-0.12727025727,25.6422560054,医疗服务,2026-04-30
1266,002031,巨轮智能,-0.0163,117613239.82,-38.9450060342,-38.704,-35843599.25,-17.04,74.8871,0.882422042301,-1.83,0.003654484834,10.4195260574,专用设备,2026-04-30
1267,002025,航天电器,0.11,1613999955.6,10.087260509,9.7345,52232066.52,12.18,41.9236,14.615665992188,0.79,-1.417917097564,29.391619746,军工电子Ⅱ,2026-04-30
1268,002024,ST易购,0.0031,9178296000.0,-28.8164546728,-15.2263,28905000.0,60.94,290.2897,1.330627438086,0.23,0.073192553549,18.8723484185,互联网电商,2026-04-30
1269,002021,中捷资源,-0.0049,207386575.41,-8.4545765973,-14.6601,-5896361.91,-150.99,-20.8123,0.512610265105,-0.96,0.026087951323,15.8379793027,专用设备,2026-04-30
1270,002010,传化智联,0.0961,3954263817.37,-34.4319367354,-36.701,265510989.66,35.33,660.8593,6.569835532016,1.47,-0.288082373206,22.7110818063,物流,2026-04-30
1271,002006,精工科技,0.1,489090391.79,21.0252024083,39.8029,49833605.17,14.66,22.2594,4.809797835059,2.01,-0.247436640793,32.7183040305,专用设备,2026-04-30
1272,001979,招商蛇口,0.004,23666898475.6,15.7434116701,-63.5678,39118628.36,-91.22,102.6554,10.822136680597,0.04,-0.418222153289,10.1940595492,房地产开发,2026-04-30
1273,001896,豫能控股,0.0192,2578618186.95,-15.0055053517,0.5684,29279321.96,-33.89,-71.47,2.335337677425,0.83,0.43106651541,8.923143865,电力,2026-04-30
1274,001872,招商港口,0.46,4407582949.96,4.5849854567,-1.7188,1131939432.33,3.78,40.6615,26.433636709472,1.74,0.431401728162,47.5292923399,航运港口,2026-04-30
1275,001389,广合科技,0.93,1913972773.01,71.3517482485,15.9813,392553470.97,63.31,34.4502,15.257320907475,9.28,0.677334162229,36.9327698627,元件,2026-04-30
1276,001380,华纬科技,0.15,423033803.84,-5.9912404913,-27.1066,41704091.52,-34.68,-40.8678,7.25913877417,2.14,0.477520264333,28.0964795747,汽车零部件,2026-04-30
1277,001330,博纳影业,-0.03,277406484.42,-47.2025889112,-1.0355,-44269835.57,95.37,87.5271,2.765207298126,-1.16,0.073960247966,10.9216468365,影视院线,2026-04-30
1278,001325,元创股份,0.33,312746623.43,10.4346120266,-17.384,25574072.4,1.27,-28.145,23.282113515434,1.41,-0.48970699426,20.7664740094,橡胶,2026-04-30
1279,001324,长青科技,0.0902,125391555.64,29.7306867457,-15.0565,12411436.7,-2.34,121.7786,8.350355619783,1.08,-0.169957473188,27.7308513979,轨交设备Ⅱ,2026-04-30
1280,001316,润贝航科,0.5304,298486255.74,25.2079426419,-35.7054,60606513.82,78.03,-8.1221,11.849179232026,4.53,1.685067899939,30.4361903481,炼化及贸易,2026-04-30
1281,001311,多利科技,0.22,1109809796.37,27.1739125249,-25.1874,68019932.19,-28.61,58.9268,15.131539929328,1.46,0.264488676337,14.3537061703,汽车零部件,2026-04-30
1282,001309,德明利,14.88,7538357736.63,502.0833547633,82.5272,3346185437.62,4943.39,367.7327,29.197699086046,67.45,-1.06145859684,57.4201728619,半导体,2026-04-30
1283,001308,康冠科技,0.22,3491552729.74,11.1383015266,-5.4532,155358934.82,-27.64,5762.757,11.45857048888,1.95,0.036595352576,16.1589924796,光学光电子,2026-04-30
1284,001289,龙源电力,0.1942,7867530438.79,-3.62641679,-2.0451,1623832204.1,-14.78,1117.3456,9.174425321173,2.14,0.340985690581,42.7949211308,电力,2026-04-30
1285,001278,一彬科技,-0.3446,449763240.75,2.8657042071,-29.125,-42632583.1,-500.94,-17.3955,9.546154930601,-3.55,-0.012049990867,10.7230282892,汽车零部件,2026-04-30
1286,001228,永泰运,0.33,965319849.63,-8.7891016821,-46.2292,34556305.67,-7.72,204.7215,16.619042815537,2.02,6.430596999985,11.567208293,物流,2026-04-30
1287,001226,拓山重工,0.14,207424533.47,17.0728513059,13.7731,10513259.05,29.64,163.9182,9.954072296084,1.42,-0.114004700221,15.8577309346,工程机械,2026-04-30
1288,001225,和泰机电,0.1,54867175.01,5.3371010647,-4.7901,6702267.8,-36.44,156.9122,21.178843285844,0.48,-0.008531392447,34.1602150222,专用设备,2026-04-30
1289,001219,青岛食品,0.16,152199521.43,12.8923377422,25.0371,31513284.01,5.95,74.0881,5.600704331566,2.92,0.045884070801,40.138806263,休闲食品,2026-04-30
1290,001218,丽臣实业,0.6,1410540986.9,33.7145712308,-6.1664,77178912.89,179.06,26.5637,18.603204353092,3.24,0.042895292424,13.038008369,化学制品,2026-04-30
1291,001202,炬申股份,0.05,436813979.1,68.2662321965,-25.4558,8805274.4,12.33,-33.47,5.150278108413,1.03,-0.313355195127,9.8481113926,物流,2026-04-30
1292,000993,闽东电力,-0.06,79520252.51,-39.3002083048,-26.5759,-27185787.14,-341.89,70.6446,5.562368422391,-1.06,-0.072030827481,14.6123590195,电力,2026-04-30
1293,000987,越秀资本,0.2582,1538941958.88,-16.92,459.4162,1296837439.1,97.68,154.7348,6.636275191974,3.95,0.778621952563,21.1570195069,多元金融,2026-04-30
1294,000981,山子高科,0.0266,707908212.11,-32.620052286,-16.7892,251023729.93,208.94,-57.7242,0.310004938963,8.42,-0.003885607212,17.0603288158,汽车零部件,2026-04-30
1295,000978,桂林旅游,-0.025,95408625.05,15.4689909018,-6.0194,-11831565.93,9.55,52.1667,2.288245047273,-1.1,-0.053421020486,24.6240598245,旅游及景区,2026-04-30
1296,000977,浪潮信息,0.4119,35470325836.04,-24.3031219922,-19.5921,604873166.81,30.74,-35.0171,15.187591059328,2.75,-5.292295343122,6.6391551412,计算机设备,2026-04-30
1297,000951,中国重汽,0.39,19659587993.49,52.303927815,13.9876,454667008.99,46.5,-26.1392,14.153088714119,2.77,-0.402996940605,6.6591322008,商用车,2026-04-30
1298,000949,新乡化纤,0.07,2216820799.67,17.8780459986,4.7247,115997352.86,319.52,79.0628,4.109382884038,1.72,0.233505536088,13.0319419054,化学纤维,2026-04-30
1299,000932,华菱钢铁,0.0289,29411868793.66,-2.7051726026,10.186,197723335.68,-64.82,96.1201,8.148737951233,0.36,-0.241185812097,5.8228019408,普钢,2026-04-30
1300,000912,泸天化,-0.001,1027957084.15,-31.5990556845,-4.0885,-1748695.75,-105.45,-105.839,4.045764594534,-0.03,0.133832510147,8.4390388069,农化制品,2026-04-30
1301,000905,厦门港务,0.1108,5848094918.42,18.3873715751,6.0116,170829867.69,-0.32,1621.8219,5.945494039847,1.72,0.026159273424,7.9750138357,航运港口,2026-04-30
1302,000898,鞍钢股份,-0.156,22021000000.0,-12.1934686391,-4.0897,-1457000000.0,-163.0,28.1558,4.530686305902,-3.38,0.049845234283,-3.1697016484,普钢,2026-04-30
1303,000892,欢瑞世纪,-0.0411,80182359.26,-6.2720574611,-56.4663,-39916969.09,-880.7,81.6261,0.615893791649,-6.49,-0.038559897971,34.9596644932,影视院线,2026-04-30
1304,000890,法尔胜,-0.02,67290889.38,-1.8208943079,-36.2451,-9186091.01,-1123.53,79.5445,0.046598139186,-38.05,-0.100497554293,7.0894520402,环保设备Ⅱ,2026-04-30
1305,000889,中嘉博创,-0.0047,367466702.11,-1.3795211618,-9.6589,-4397589.42,22.06,-253.1028,0.074177542661,-6.14,-0.066543573196,8.7061201835,通信服务,2026-04-30
1306,000880,潍柴重机,0.12,2066759172.11,87.0017270657,22.1671,54594888.12,76.49,2.5861,4.652629297726,2.56,-0.035457308204,8.8667036355,通用设备,2026-04-30
1307,000876,新希望,-0.2,27292162969.23,11.7748072332,3.5651,-897707177.46,-301.87,64.7175,4.183432582094,-4.68,0.097343947923,5.2323348351,饲料,2026-04-30
1308,000859,国风新材,-0.02,531344154.08,8.8957052796,-8.2732,-21537668.4,10.56,-213.8203,3.010559070989,-0.8,-0.004522870573,6.3948973126,塑料,2026-04-30
1309,000858,五粮液,2.0772,22838024164.27,33.6669636086,130.9021,8062764940.78,82.57,225.1501,32.975166898552,6.5,-0.65317549551,81.4343854062,白酒Ⅱ,2026-04-30
1310,000838,*ST发展,-0.0131,37034139.75,-67.7954967243,-46.7896,-14411859.13,-305.79,97.643,-0.194957539803,,-0.000444532555,3.8416541051,房地产开发,2026-04-30
1311,000837,秦川机床,0.0241,1144252526.34,9.6416154144,18.0632,24266779.73,-11.71,355.257,4.81410274554,0.5,-0.009644630026,16.8930071685,通用设备,2026-04-30
1312,000811,冰轮环境,0.12,1624321774.64,18.3110020955,-26.7287,117215486.82,25.06,-13.9887,6.582273046359,1.81,-0.399233768636,24.9379121227,通用设备,2026-04-30
1313,000800,一汽解放,0.0202,18775773131.77,30.9232152436,0.5012,99309959.88,241.82,-71.8192,5.381834646074,0.37,-0.104598739022,5.2869408915,商用车,2026-04-30
1314,000793,ST华闻,-0.014,71502283.6,10.6099869212,-24.0781,-27960753.36,8.33,49.0711,0.015328083818,-62.7,0.005103619364,14.8429366947,出版,2026-04-30
1315,000792,盐湖股份,0.572,6431955107.5,94.8919768094,46.492,3026668895.57,154.78,-23.8145,8.446438295929,6.54,0.583011456953,68.7224597907,农化制品,2026-04-30
1316,000791,甘肃能源,0.1502,2393809130.73,6.9430506605,-5.7767,487162437.3,1.57,3.7212,4.794608674722,3.19,0.440127849217,43.0367398238,电力,2026-04-30
1317,000790,华神科技,0.0039,109275468.7,-13.8961496265,24.0186,2417215.86,116.56,101.0857,1.151580542191,0.34,-0.030724314998,42.6082787417,中药Ⅱ,2026-04-30
1318,000783,长江证券,0.26,3367246012.44,34.65,63.3572,1486264121.61,51.73,359.0121,6.660642410477,3.94,2.437385060599,,证券Ⅱ,2026-04-30
1319,000782,恒申新材,-0.0078,631817908.21,0.4312971066,-2.4217,-5370407.51,-537.82,94.427,2.354971203616,-0.33,-0.513574561589,4.5881985099,化学纤维,2026-04-30
1320,000759,中百集团,-0.15,2031527047.11,-20.82540007,17.3834,-97404030.19,1.46,74.1543,1.092571652549,-12.61,0.417958263895,23.1597866806,一般零售,2026-04-30
1321,000750,国海证券,0.04,976632915.72,30.1811684563,16.5343,256833248.74,28.28,302.1365,3.576271561619,1.13,3.213659941781,,证券Ⅱ,2026-04-30
1322,000737,北方铜业,0.323,10043747378.22,46.8918388215,26.4449,614971063.13,65.74,506.3079,3.90375176937,8.65,-0.703278336961,12.5059507932,工业金属,2026-04-30
1323,000726,鲁泰A,0.11,1355536052.27,-6.6865971161,-15.5161,93704347.93,-36.86,3.0688,11.985881374538,0.95,0.197575200393,22.843732882,纺织制造,2026-04-30
1324,000725,京东方A,0.05,51001263370.0,0.7951342048,1.9165,1707220076.0,5.78,35.9826,3.673893987033,1.26,0.33202110676,15.5957217124,光学光电子,2026-04-30
1325,000722,湖南发展,0.03,56355910.81,0.8193184075,4.2231,13085904.61,208.25,61.3847,6.825776379942,0.41,0.04303918718,57.4757030885,电力,2026-04-30
1326,000718,苏宁环球,0.0016,332075816.0,-15.4462595404,47.2773,4973678.22,-89.4,106.0959,3.016020699111,0.05,0.004126158022,39.2099556115,房地产开发,2026-04-30
1327,000713,国投丰乐,-0.021,486451234.14,-11.274837727,-64.683,-16752778.84,-58.19,-110.6886,3.918613395669,-0.53,-0.052084283013,13.9832252354,种植业,2026-04-30
1328,000710,贝瑞基因,-0.06,210215582.68,-3.4641429478,-13.903,-19738153.1,-205.44,86.3191,4.110150487977,-1.35,-0.259199111403,51.4835079494,医疗服务,2026-04-30
1329,000702,正虹科技,-0.0363,270424528.74,33.6455850351,21.9945,-12572835.65,-39.39,-229.2874,0.956635984897,-3.69,-0.187493269902,6.0759444776,饲料,2026-04-30
1330,000700,模塑科技,0.177,1403580486.49,-12.2199267771,-29.8484,162577721.35,9.57,50.7178,4.318635261233,4.17,0.194871272458,19.2840970294,汽车零部件,2026-04-30
1331,000691,亚太实业,0.0074,143996274.37,59.718568355,-14.4818,3596933.63,139.74,54.2651,0.937895988101,0.79,-0.106286552211,19.4812372492,化学原料,2026-04-30
1332,000685,中山公用,0.4,1005926676.26,2.9481981921,-31.5372,583327240.07,91.5,-12.6864,13.042306963178,3.08,-0.018255736139,27.7779223093,环境治理,2026-04-30
1333,000681,视觉中国,0.3423,185318495.12,-2.1548591866,9.9055,238833672.9,1240.47,2640.9595,5.471978242417,6.41,0.012963020393,42.3696918158,数字媒体,2026-04-30
1334,000680,山推股份,0.2238,3964419458.2,20.1060274024,-4.0625,335527232.51,20.81,-9.9497,4.315286251685,5.3,0.101838577465,20.9978592933,工程机械,2026-04-30
1335,000679,大连友谊,-0.0352,113283400.45,20.396515217,-30.2505,-12556828.91,3.25,68.7804,0.405787351515,-8.32,-0.02014963959,20.0763304771,一般零售,2026-04-30
1336,000678,襄阳轴承,-0.04,323053272.46,-11.0621001467,-10.3752,-18998196.44,-39.4,14.6799,1.695146626774,-2.51,0.052815136292,10.2403398294,汽车零部件,2026-04-30
1337,000677,ST海龙,0.0058,276637989.59,5.4188212829,-12.6467,5023874.86,-61.46,594.813,0.594419196831,0.98,-0.084875837143,15.3529255194,化学纤维,2026-04-30
1338,000669,ST金鸿,0.001,364857388.12,3.7338318009,7.9921,675682.5,104.22,-99.0819,0.089363787179,1.12,0.049687058279,9.7785094318,燃气Ⅱ,2026-04-30
1339,000628,高新发展,0.005,557754773.57,-22.7560152196,-61.7429,1789931.95,-35.8,-87.1833,6.242859530203,0.08,-0.886229321449,14.686034367,房屋建设Ⅱ,2026-04-30
1340,000626,远大控股,0.1152,22053729931.5,29.973859392,90.6782,58381888.92,352.48,135.21,4.33448244144,2.69,-2.096096054768,1.1145980918,物流,2026-04-30
1341,000623,吉林敖东,0.7387,514094926.1,-17.430917403,-26.0164,865999722.23,67.56,542.7015,26.334489124875,2.79,0.008948422468,48.4163224578,中药Ⅱ,2026-04-30
1342,000609,*ST中迪,-0.14,109276292.7,38854.0999404761,49.919,-43279692.8,-49.2,83.7428,-1.062651660822,,0.113428333786,2.8091152474,房地产开发,2026-04-30
1343,000607,华媒控股,-0.0268,211670515.08,-0.4453492177,-50.9702,-27255207.01,28.14,90.9056,1.167996576707,-2.26,-0.087554348621,10.1924998254,广告营销,2026-04-30
1344,000592,平潭发展,-0.001,239027318.71,-18.2303207638,-17.6052,-1808100.9,-141.8,98.7462,0.917290703826,-0.1,-0.014718217153,5.3284120906,林业Ⅱ,2026-04-30
1345,000576,甘化科工,0.0044,169517152.44,75.9444445395,17.4556,1933617.29,-73.48,209.0311,3.784750743378,0.12,-0.220011388342,29.4864243886,地面兵装Ⅱ,2026-04-30
1346,000573,粤宏远A,0.0654,179059776.81,42.5971272109,-3.9375,41740907.01,-63.03,848.4069,2.568853453974,2.58,-0.032094687762,1.8990057793,房地产开发,2026-04-30
1347,000571,新大洲A,-0.0394,118672962.54,34.2865805612,4.6661,-33031807.88,1.11,35.4885,0.017969077293,-119.22,-0.061324470969,26.2947667119,煤炭开采,2026-04-30
1348,000561,烽火电子,-0.0616,264514991.42,8.8171334453,-59.1903,-53210798.13,2.44,74.401,3.363200238766,-1.82,-0.178127274577,28.2948115448,航空装备Ⅱ,2026-04-30
1349,000560,我爱我家,0.0023,2160793884.67,-23.4493364238,-6.6338,5450916.5,-13.07,103.9227,3.940325242655,0.06,0.248302890216,11.7527063248,房地产服务,2026-04-30
1350,000553,安道麦A,0.244,7205681000.0,0.4593226991,-0.8324,569228000.0,276.65,191.3816,7.689577871245,3.21,-0.422027227413,27.7223207633,农化制品,2026-04-30
1351,000547,航天发展,-0.07,632671571.84,118.3634594605,-21.2873,-110151126.24,39.16,86.5638,2.360034519766,-2.88,-0.147032974891,7.922417436,军工电子Ⅱ,2026-04-30
1352,000546,金圆股份,-0.0747,3635312438.84,108.5857878435,35.4569,-58122898.04,-459.48,61.23,4.937723873509,-1.5,-0.009944453177,-0.5963572261,环境治理,2026-04-30
1353,000543,皖能电力,0.196,5996930903.12,-6.585353678,8.3831,444255383.61,0.15,82.6884,7.745361704516,2.54,0.756190472958,14.3942264849,电力,2026-04-30
1354,000539,粤电力A,-0.0289,11352789773.0,7.3752722427,-17.8758,-151650238.0,60.39,-1047.4362,4.440146539342,-0.65,0.623184530727,6.9456959546,电力,2026-04-30
1355,000538,云南白药,1.14,11602596895.18,7.0228067446,10.157,2037306990.13,5.31,441.3084,23.593213997082,4.96,0.464626741572,30.6330886565,中药Ⅱ,2026-04-30
1356,000533,顺钠股份,0.0245,491965314.0,1.125527941,-21.9818,16914014.48,-13.28,-21.0898,1.427019521551,1.73,0.006830668702,19.1201019001,电网设备,2026-04-30
1357,000531,穗恒运A,0.1876,857912281.73,-15.9097360855,-10.5179,193528735.84,98.58,241.6226,6.672832918827,2.83,0.202501011963,12.2988533696,电力,2026-04-30
1358,000510,新金路,-0.0783,383029433.86,3.2683817542,-4.047,-50801087.56,-38.51,66.5464,1.590205354046,-4.81,-0.126384267504,4.4858939787,化学原料,2026-04-30
1359,000509,华塑控股,-0.0023,149608733.63,-21.3151657133,-10.3838,-2507692.32,-402.97,-194.4948,0.112672029423,-2.05,0.015333580824,11.6432626073,光学光电子,2026-04-30
1360,000507,珠海港,0.0705,1061784386.2,-10.9705813003,-7.0995,68195986.77,-12.84,1047.8322,6.499868002051,1.11,0.200080272783,26.1691034236,电力,2026-04-30
1361,000505,京粮控股,0.01,1701143412.27,-20.3087909397,3.2866,8137984.97,-36.82,103.7924,3.949426552478,0.28,0.524437217025,6.3163499629,农产品加工,2026-04-30
1362,000501,武商集团,0.16,1768425352.54,-1.0616052013,13.5946,123357958.04,-13.47,134.5065,14.350907829414,1.12,0.60811502031,47.3012695808,一般零售,2026-04-30
1363,000498,山东路桥,0.036,8875495758.55,-9.1032656975,-67.3861,167652721.01,-32.76,-79.4923,10.754804268282,0.32,-1.986740919534,12.4774564192,基础建设,2026-04-30
1364,000488,ST晨鸣,-0.17,2981106295.86,273.9669734597,5.017,-512471075.82,64.7,77.6029,0.141607427457,-77.63,0.008717277007,-8.6162783879,造纸,2026-04-30
1365,000429,粤高速A,0.22,1078049945.69,2.6792602244,-2.6354,451885742.49,-31.27,76.4035,5.511464142883,3.99,0.620611806209,68.219591352,铁路公路,2026-04-30
1366,000426,兴业银锡,0.7533,2129869142.28,85.321322385,46.2995,1337672163.55,257.32,293.2431,6.096670839413,13.17,0.685328546121,69.0663333474,贵金属,2026-04-30
1367,000419,通程控股,0.0516,403596840.38,-20.8648147805,-15.3609,28055623.8,231.55,2026.2994,6.286297888405,0.82,-0.42448384719,27.4496867643,一般零售,2026-04-30
1368,000401,金隅冀东,-0.378,3014325888.85,-22.7631996376,-49.1326,-994433058.07,-13.9,-657.5762,9.87364333275,-3.71,-0.241967884107,4.2827042271,水泥,2026-04-30
1369,000338,潍柴动力,0.36,62563208094.63,8.8741022466,2.1629,3085463968.2,13.83,50.2939,10.946026881638,3.27,-0.311794300374,21.4307595137,汽车零部件,2026-04-30
1370,000333,美的集团,1.69,131580870000.0,2.4546350219,40.2986,12674556000.0,2.03,109.0811,30.553633197059,5.56,1.91090853469,25.5711317621,白色家电,2026-04-30
1371,000166,申万宏源,0.09,5928179947.76,11.7176685637,24.6299,2356063780.03,19.15,58.0106,4.578100354327,2.08,0.356810879228,,证券Ⅱ,2026-04-30
1372,000158,常山北明,-0.0635,1323698452.37,6.1959017705,-45.1608,-101582676.26,-1.82,-153.8046,3.316639263171,-1.9,-0.964854129347,9.2343497797,IT服务Ⅱ,2026-04-30
1373,000155,川能动力,0.14,1220898714.9,45.9726836762,-18.8399,266791953.56,12.65,72.1104,5.819800245448,2.52,-0.173841257679,61.1325114009,电力,2026-04-30
1374,000100,TCL科技,0.0692,43477821237.0,8.3708388875,-9.6962,1556452595.0,53.71,5.8819,3.013659957356,2.47,0.547802134889,12.4974837345,光学光电子,2026-04-30
1375,000078,ST海王,0.0055,5945148673.77,-19.3943062009,15.3325,14492347.57,-38.89,102.4615,0.471897727614,1.17,0.010156953624,9.2764079086,医药商业,2026-04-30
1376,000069,华侨城A,-0.175,4045573158.07,-24.5603117133,-71.8201,-1368868218.48,3.52,86.4861,4.250574427789,-4.03,-0.20978407935,4.0163431843,房地产开发,2026-04-30
1377,000060,中金岭南,0.11,19045590939.6,21.4166527168,58.2068,503606745.23,84.45,1387.2594,4.497596755438,2.55,-0.220678317025,5.3491088218,工业金属,2026-04-30
1378,000050,深天马A,-0.0571,7729078014.98,-7.008511083,-19.1843,-139195930.39,-244.3807677842,4.4934,11.011181775129,-0.51,0.596386585079,17.7338669366,光学光电子,2026-04-30
1379,000048,京基智农,-0.4496,1184320960.13,6.880210591,-1.4326,-231088244.8,-306.27,-59.313,7.082397585588,-5.87,0.097402922821,-3.154984922,养殖业,2026-04-30
1380,000045,深纺织A,0.0438,789446403.01,1.4801131273,1.6916,22208513.46,6.44,147.4921,5.926552010672,0.74,0.457199836783,15.0159561255,光学光电子,2026-04-30
1381,000042,中洲控股,-0.0996,352467667.28,-66.4415716875,-35.5994,-66227016.62,-147.73,93.1294,3.408908769374,-2.88,0.071849477827,40.2461182169,房地产开发,2026-04-30
1382,000036,华联控股,0.0185,234954414.4,114.8723802065,-21.0074,26038318.39,354.07,-24.4423,3.663596028761,0.51,0.035250888002,66.7349020321,房地产开发,2026-04-30
1383,000031,大悦城,-0.05,7501585016.88,46.706437041,-26.7758,-221128501.22,14.18,87.832,2.386001191711,-2.16,-0.141107055517,24.1727476524,房地产开发,2026-04-30
1384,000029,深深房A,-0.0039,67383890.02,-79.5839307472,-88.462,-3926915.41,-105.42,91.3048,3.571787055315,-0.11,0.012197273718,17.6847511868,房地产开发,2026-04-30
1385,000028,国药一致,0.52,17823409770.31,-2.5698150386,-2.5584,287462500.32,-12.36,60.7657,33.953667876093,1.53,-5.274016638309,9.9591183012,医药商业,2026-04-30
1386,000027,深圳能源,0.25,9949902840.31,1.7331281422,-9.463,1249359677.23,-7.56,799.6961,7.032183587253,3.54,0.254154285179,27.3862882219,电力,2026-04-30
1387,000014,沙河股份,-0.0351,112599562.24,28.6032405341,-61.0762,-8488692.44,-30.35,92.8144,5.705382334202,-0.51,0.005448478097,22.6983239114,房地产开发,2026-04-30
1388,000009,中国宝安,0.0068,5822809313.66,19.7181917761,-6.4431,17462669.72,-89.64,121.7762,3.888898741078,0.17,-0.077486998931,25.0017576627,综合Ⅱ,2026-04-30
1389,000008,神州高铁,-0.0112,240894658.01,8.0675235964,-75.5171,-30401089.66,28.68,95.9356,0.794526483996,-1.4,-0.024410411371,32.3347593481,轨交设备Ⅱ,2026-04-30
1390,000006,深振业A,0.0056,525203370.71,-67.5412068879,27.0003,7527444.33,129.02,121.3481,3.977085440808,0.14,0.128358446539,15.6153657047,房地产开发,2026-04-30
1391,000002,万科A,-0.5,28927889365.26,-23.8632559523,-59.8471,-5952156227.34,4.71,90.1683,9.26476330296,-5.23,-0.181332505597,9.1453830999,房地产开发,2026-04-30
1392,920982,锦波生物,1.22,375372555.96,2.4304008904,25.2744,140454965.87,-16.66,67.4962,17.691763848175,7.15,1.417016595701,84.819909659,医疗美容,2026-04-29
1393,920978,开特股份,0.18,259106058.48,8.1373071057,-22.261,32725785.34,-18.45,-23.6363,4.546011034877,4.09,0.086443130094,29.2058840978,汽车零部件,2026-04-29
1394,920961,创远信科,-0.06,43360537.18,-28.8169142781,-9.7438,-8844405.11,-256.3174037223,-1584.2919,5.260077780947,-1.17,-0.047593628412,38.2893365252,通用设备,2026-04-29
1395,920953,国子软件,0.01,32844064.75,5.6825257205,-78.6514,1261829.82,-83.2,-96.2159,4.705241401795,0.21,-0.430542829041,55.9830563298,IT服务Ⅱ,2026-04-29
1396,920946,森萱医药,0.1102,160305237.6,27.6663977015,13.4002,47046740.52,62.05,69.0595,3.077833309269,3.65,0.124473547353,51.7320836871,化学制药,2026-04-29
1397,920943,优机股份,-0.08,157745791.41,-13.5698999167,-49.8556,-7920849.37,-151.07,-134.6783,6.422260500641,-1.19,0.20665553072,25.8289515592,通用设备,2026-04-29
1398,920925,锦好医疗,-0.07,41924051.86,-24.6357281351,-62.5236,-6695858.34,-299.23,-194.8028,3.716790801982,-1.82,-0.104314533101,44.7877065955,医疗器械,2026-04-29
1399,920906,舜宇精工,0.01,117324715.59,1.3355091072,-53.6308,430868.53,124.6,105.7343,8.85157311082,0.07,0.144895730029,18.085427323,汽车零部件,2026-04-29
1400,920895,花溪科技,-0.04,5124195.61,37.7459659526,-55.6131,-2365517.65,19.94,43.6817,3.38739760898,-1.23,-0.102692111669,21.623405005,专用设备,2026-04-29
1401,920779,武汉蓝电,0.11,32471535.96,19.1981741398,-49.7966,8910493.03,-22.7,-61.9831,6.246686299371,1.8,-0.007208340035,52.6080667112,电池,2026-04-29
1402,920770,艾能聚,0.02,24144928.71,-22.9946329805,-32.6704,3195074.45,-37.44,173.9621,4.780490258385,0.52,0.052163354451,34.696363036,光伏设备,2026-04-29
1403,920765,美之高,0.06,152077914.4,32.0915944474,-4.3069,5207765.44,3492.02,266.9099,3.570550721785,1.69,0.137816498828,29.6687941231,家居用品,2026-04-29
1404,920751,惠同新材,0.13,58383444.32,13.4682489757,2.3121,11699433.24,9.0,48.9648,4.76377607905,2.87,0.015070038834,38.994737935,金属新材料,2026-04-29
1405,920725,惠丰钻石,0.02,49985253.69,25.0125443393,-3.8008,1787415.04,162.29,128.4685,6.585858508792,0.3,0.688953551575,28.225328989,通用设备,2026-04-29
1406,920720,吉冈精密,0.0547,156105569.22,0.596326359,-24.8832,10127575.34,-35.3,-41.5489,2.062918503602,1.9,0.041854712842,20.7842678978,通用设备,2026-04-29
1407,920719,宁新新材,-0.48,38266510.6,-44.7253751715,-28.7712,-44639406.67,-155.23,88.6253,1.190111432819,-33.54,0.129232159208,-45.3904434913,非金属材料Ⅱ,2026-04-29
1408,920718,合肥高科,0.01,276575176.15,-15.001212704,-4.4642,1341249.52,-92.5,-34.2366,6.432054772921,0.23,0.123458622405,6.964780429,家电零部件Ⅱ,2026-04-29
1409,920706,铁拓机械,0.07,85475523.03,-7.7955537761,16.2208,6860242.1,-37.98,12.4868,6.529614823271,1.15,0.040195022804,28.9587697888,工程机械,2026-04-29
1410,920682,球冠电缆,0.02,813310064.44,26.6891328255,-26.5046,6702934.65,-58.3,-62.3122,3.590425383722,0.58,-0.81232576054,9.2792143464,电网设备,2026-04-29
1411,920675,秉扬科技,0.08,104980321.03,-21.4052406537,-16.659,13282731.18,-34.61,1084.2321,3.668874047188,2.13,0.199906299342,22.1477246229,非金属材料Ⅱ,2026-04-29
1412,920662,方盛股份,0.04,81779333.34,9.8327386927,-15.3021,3502028.01,-50.08,671.4672,5.287341010341,0.76,-0.107862812727,17.6398659794,通用设备,2026-04-29
1413,920579,机科股份,-0.1,39069737.45,-48.9270006694,-82.562,-13117294.9,-392.89,67.398,3.607320878205,-2.77,-0.400173681727,7.0834826406,自动化设备,2026-04-29
1414,920575,*ST康乐,-0.18,106601.79,689.6931952702,-38.4199,-50731164.11,-27.88,85.5186,-0.257836466719,,-0.064505033495,95.7036837749,生物制品,2026-04-29
1415,920553,凯腾精工,0.0164,110400989.52,12.571775549,-9.8538,2354437.93,214.36,9.9326,2.489294726108,0.66,-0.07426180562,31.024645394,专用设备,2026-04-29
1416,920519,万德股份,0.13,124834482.22,19.4005143075,20.9144,11057454.34,105.98,25.1637,5.953853774779,2.1,-0.047461794281,24.0703608375,化学制品,2026-04-29
1417,920510,丰光精密,-0.01,60725931.3,19.1787546054,14.7987,-980258.03,58.61,85.5045,2.119921545889,-0.25,0.052295961127,26.7044240127,通用设备,2026-04-29
1418,920508,殷图网联,-0.04,9236932.72,3.7267373551,-79.3225,-2317464.2,15.81,-181.5547,3.213236981,-1.91,0.1202454755,22.1191449795,电网设备,2026-04-29
1419,920496,许昌智能,0.0044,106778627.19,-1.2506566115,-37.7167,736618.78,-60.44,105.1834,3.40064432215,0.13,-0.193141826846,19.335955662,电网设备,2026-04-29
1420,920493,并行科技,0.19,430832767.42,117.2926816576,14.6059,11606064.26,222.93,204.6247,7.780491575657,2.55,-0.331674167579,20.025125386,IT服务Ⅱ,2026-04-29
1421,920469,富恒新材,-0.11,75776489.24,-55.0090701853,-33.2856,-14968422.51,-352.29,52.0716,2.042844224455,-5.07,0.011158353412,0.0113963448,塑料,2026-04-29
1422,920455,汇隆活塞,0.05,46064322.17,29.2977668653,6.5134,8187837.2,5.43,86.1454,1.987957993012,2.35,-0.001089958129,33.6432775735,专用设备,2026-04-29
1423,920433,大唐药业,0.01,42981295.49,-5.3818391258,38.2637,2389587.39,85.4,105.6745,1.483576527356,0.63,-0.007956743389,65.8396990304,中药Ⅱ,2026-04-29
1424,920415,恒拓开源,0.01,31446490.43,13.3470482252,-54.5822,1329871.99,178.64,-92.98,3.973934631835,0.24,-0.117115084335,52.1156513999,软件开发,2026-04-29
1425,920402,硅烷科技,-0.08,58304825.55,-54.2455475499,-50.4495,-35194584.43,-173.19,40.5349,3.570885265343,-2.31,-0.036697901652,-45.0337275728,化学制品,2026-04-29
1426,920392,佳合科技,0.04,178331080.44,13.9935730662,-15.5575,2766796.74,-46.74,-32.7684,4.482349667213,0.81,0.070066125582,13.7485805276,包装印刷,2026-04-29
1427,920375,派诺科技,-0.15,95574566.36,34.0844152097,-69.5764,-15699122.25,-35.57,-183.3111,7.079704718149,-2.04,-0.097959413587,35.9395004531,电网设备,2026-04-29
1428,920367,新赣江,0.04,35709876.38,4.6053632891,-18.4541,3107917.91,-41.61,-50.575,6.834011813791,0.64,0.07813311549,43.1791667827,化学制药,2026-04-29
1429,920300,辰光医疗,-0.08,24678348.47,-1.5796597301,11.1785,-7275950.67,15.23,82.301,1.868039988549,-4.44,0.041195083922,41.1390267154,医疗器械,2026-04-29
1430,920273,一致魔芋,0.11,198680835.8,30.6314782134,16.6474,11622318.3,-48.8,165.2221,6.599569198814,1.72,0.893261634973,13.2828535192,农产品加工,2026-04-29
1431,920263,中航泰达,-0.13,60252839.42,-23.784177863,6.0979,-18258294.47,-217.47,22.5186,3.815398487369,-3.35,-0.038855366361,12.496071459,环境治理,2026-04-29
1432,920230,欧康医药,0.02,55522438.63,-4.8832064325,-54.3667,2204673.08,31.81,-70.1573,4.187695578013,0.53,0.272841956008,16.9233921849,化学制药,2026-04-29
1433,920199,倍益康,0.008,50738014.18,-0.3906382104,-40.894,546134.35,133.53,-12.6073,7.731918530226,0.1,-0.216781261581,39.433998479,小家电,2026-04-29
1434,920191,瑞尔竞达,0.16,114610092.13,13.1362754523,-17.6771,21287942.19,12.68,36.5676,5.312026864589,3.07,-0.172165397751,36.8397637811,装修建材,2026-04-29
1435,920186,中科仪,0.9985,256175916.0,38.9020755773,-42.6316,171574572.14,938.68,-41.7883,15.395935627282,6.7,-0.311747576774,31.7949212447,通用设备,2026-04-29
1436,920185,贝特瑞,0.14,4310431093.32,27.0919368347,-6.2618,160831602.63,-8.87,49.9357,11.323852325013,1.26,-0.341754268551,19.9534977718,电池,2026-04-29
1437,920181,赛英电子,0.83,146962321.1,7.667795809,-9.1074,26988213.58,14.72,45.6287,15.355364633642,5.58,0.914450583951,25.3931014771,半导体,2026-04-29
1438,920179,凯德石英,0.06,72508721.0,-15.0131154165,24.4573,4838182.66,-51.51,153.7714,10.097010616113,0.64,0.363605959184,38.6414032872,半导体,2026-04-29
1439,920168,通宝光电,0.1,100641255.95,-31.9520409693,-55.9773,6323751.52,-60.58,-77.6241,10.880807316285,0.99,-0.308513116475,18.8117126434,汽车零部件,2026-04-29
1440,920160,北矿检测,0.233,51523243.95,23.5380259304,,26371874.06,35.42,,4.939914364936,4.83,0.218878597546,67.6213412607,专业服务,2026-04-29
1441,920156,海昌智能,1.09,432414219.36,144.2580273851,12.8793,87130047.32,219.22,33.9757,9.38517411275,12.32,-2.157926467375,38.5609670692,自动化设备,2026-04-29
1442,920139,华岭股份,-0.05,74330457.89,16.082464171,-12.8835,-12665173.2,-30.2975826669,53.5441,3.825800004068,-1.2,0.149227889898,10.7735193046,半导体,2026-04-29
1443,920128,胜业电气,0.02,144767079.65,9.5249727819,5.0508,1759910.94,-81.3,311.8203,6.32267781648,0.34,0.00033467262,20.6510764756,元件,2026-04-29
1444,920125,鸿仕达,0.03,106606877.95,14.6397847193,-61.355,1421526.81,196.54,-96.4944,11.44894552391,0.29,0.276714896156,29.2395210604,自动化设备,2026-04-29
1445,920121,江天科技,0.45,152834226.71,14.2389553494,9.2827,29899997.38,16.19,46.508,12.27602393833,3.76,0.759888182032,30.6135981757,包装印刷,2026-04-29
1446,920118,太湖远大,0.22,357220762.28,21.5869612438,-9.5415,11284203.79,270.4,183.9258,11.187148252596,1.97,-3.84124026242,10.1214568854,电网设备,2026-04-29
1447,920108,宏海科技,0.06,208763102.11,44.141740739,80.1116,9523976.61,146.71,360.9343,2.784769567073,1.96,-0.062779439837,16.937060248,家电零部件Ⅱ,2026-04-29
1448,920106,林泰新材,0.42,74778601.25,-25.7260466494,-20.5495,23178696.79,-39.58,-32.902,10.706535239029,3.93,0.38947447251,49.7434651601,汽车零部件,2026-04-29
1449,920098,科隆新材,0.1,91333343.75,8.4823979153,-30.6862,8222622.97,-25.69,9.3716,11.709111071176,0.87,-0.316016924985,33.0678866775,橡胶,2026-04-29
1450,920092,汉鑫科技,-0.04,11395089.67,-67.0666962239,-42.8791,-2630670.63,66.41,85.2239,5.653192733696,-0.75,-0.34619570246,30.2876104528,IT服务Ⅱ,2026-04-29
1451,920088,科力股份,0.0494,90516266.01,21.0308227376,-43.2912,4348484.44,-69.88,-83.4119,7.956942650914,0.62,-0.326924724116,27.8214739738,油服工程,2026-04-29
1452,920081,欧伦电气,1.12,627101021.86,19.0993130544,90.8114,59968812.1,2.8765066456,87.7623,17.602660015112,6.57,-1.67613115,23.5403566147,小家电,2026-04-29
1453,920080,奥美森,0.27,99217153.2,27.5072091502,-14.9389,22130020.23,24.47,-14.8683,7.037033447229,3.86,0.13140390988,44.5510846909,专用设备,2026-04-29
1454,920068,天工股份,0.0,103776253.77,-45.8884044706,-43.6835,99506.05,-99.8,-99.8675,2.047353479011,0.01,0.034119443835,7.0312154803,小金属,2026-04-29
1455,920062,科润智控,0.03,359055603.98,12.3457952541,-2.4489,6027419.82,-49.41,237.576,3.982374538394,0.81,-0.223027359816,12.2300262197,电网设备,2026-04-29
1456,920060,万源通,0.1213,260659706.91,7.7110352055,-15.1187,18446496.43,-35.09,-24.9116,7.175407657749,1.71,-0.156594294204,17.0140099771,元件,2026-04-29
1457,920057,百甲科技,0.01,279947436.41,54.5819641384,-46.1418,1819081.01,238.76,92.2126,3.963065276475,0.25,-0.54775685808,12.2237544586,专业工程,2026-04-29
1458,920039,国义招标,0.05,55060712.66,-7.9703858886,-40.4805,7710495.71,-20.43,38.936,3.534157761734,1.42,-0.303682341243,44.2152436172,专业服务,2026-04-29
1459,920027,交大铁发,0.07,58309541.0,44.1776506639,-67.4173,5749853.58,1888.93,-83.0364,5.854487494745,1.25,-0.188230867575,41.3067758499,轨交设备Ⅱ,2026-04-29
1460,920021,流金科技,0.02,59511459.83,-6.0919056148,-69.3187,5777501.15,244.95,-74.0822,2.100397343226,0.89,-0.427082465276,37.1003830574,电视广播Ⅱ,2026-04-29
1461,920017,星昊医药,0.25,158348371.9,11.3733195878,-9.5879,31788942.07,27.0,89.3118,13.500511774118,1.9,0.579660927206,72.3307285359,化学制药,2026-04-29
1462,920015,锦华新材,0.2149,215373810.67,-23.6442477484,-14.4674,29127331.54,-41.98,-30.4392,12.590397190926,1.72,0.372088203363,25.3668762418,化学制品,2026-04-29
1463,920014,特瑞斯,0.03,69287198.31,-28.7103370586,-55.0353,3904081.06,21.48,129.3018,6.454563806124,0.5,-0.101667628356,31.9943579344,燃气Ⅱ,2026-04-29
1464,920009,丹娜生物,0.33,54035723.96,0.2106978146,-23.1753,18321517.76,-31.26,-31.98,12.568170998917,2.67,-0.021317414335,85.6041797538,医疗器械,2026-04-29
1465,920007,酉立智能,0.32,233659578.53,-14.1873760684,-22.6128,14079105.38,-57.17,81.9857,14.591433462931,2.2,1.783198764642,14.9339959823,光伏设备,2026-04-29
1466,900939,汇丽B,0.0092,3112854.09,-18.3920090177,-16.1154,1558308.21,24.78,-52.9825,0.972932362369,0.89,0.01107033438,91.1771569737,房地产开发,2026-04-29
1467,900928,临港B股,0.03,1406700228.53,-11.0199002771,-65.9836,83864915.61,-36.08,4487.6284,6.650833138746,0.5,-0.398392381561,47.4653055788,房地产开发,2026-04-29
1468,900917,海欣B股,0.024,150422105.77,-25.6990611062,-5.9612,28938734.24,-12.37,-9.6099,3.765869308904,0.6115,-0.050864246631,67.2958969241,化学制药,2026-04-29
1469,900916,凤凰B股,0.0235,641026578.8,-2.3902581057,98.88,12095647.34,-60.58,227.1889,4.13467990337,0.5654,-0.207339761464,16.0923923518,摩托车及其他,2026-04-29
1470,900908,氯碱B股,0.178,2002620803.05,15.5611675553,-6.1613,205805291.27,-11.12,-17.6458,8.236790860068,2.16,0.121082288556,15.5626070245,化学原料,2026-04-29
1471,900904,神奇B股,0.02,422940454.91,-11.8739723676,-23.7269,12884205.7,-14.07,206.8561,4.357169353714,0.55,0.075903368246,45.1313878004,化学制药,2026-04-29
1472,874912,风和医疗,0.1294,112396423.96,43.5179713161,-38.4924,10314893.52,1380.07,-65.7959,7.150724443448,1.83,-0.159808761934,62.3022149841,,2026-04-29
1473,874411,友邦股份,0.48,108456999.88,38.3615244509,8.1132,24609426.66,26.18,40.6063,8.083735220313,6.13,0.781325725977,34.5505332265,,2026-04-29
1474,836331,优晟股份,-0.0386,792209.78,-24.2798919764,,-842825.85,14.38,,0.003177979478,-55.46,0.020351418499,-19.9170742376,,2026-04-29
1475,835319,康安租赁,0.03,17297510.88,-19.7338959654,-7.4004,7905060.61,-36.56,163.4797,1.281688095025,2.03,0.020285110216,85.5789480504,,2026-04-29
1476,835312,上瑞控股,0.022,37767145.66,15.0541523781,41.0169,6951438.14,-6.83,188.4216,1.768234395065,1.28,-0.038715113968,,,2026-04-29
1477,835072,东海租赁,3e-05,1365641.37,-25.7712822346,21.8516,13637.12,101.39,100.0166,0.0198010314,0.14,0.06088423046,55.7619845685,,2026-04-29
1478,834960,金雨茂物,0.0754,27865154.72,31.9871349972,19.4678,37713025.44,164.58,837.2265,3.96693767502,1.92,0.0612907747,,,2026-04-29
1479,834670,宏达小贷,0.02,20001631.91,-1.1475019718,-40.5519,9889068.84,-19.64,-33.3854,1.31725647146,1.51,0.15816087684,,,2026-04-29
1480,834038,诚信小贷,0.01,2076280.4,-1.7627825638,-16.5464,1100734.87,-26.23,1061.3658,1.1638375675,0.95,0.0012853418,,,2026-04-29
1481,833979,天图投资,-0.11,-54827900.22,-131.7283868219,,-75056063.02,-220.52,,9.266622381469,-1.16,0.972179621605,,,2026-04-29
1482,833962,方富创投,0.01,765979.34,-11.6354026365,18.5971,382609.24,128.8,102.1695,2.338229187659,0.35,-0.072362216709,,,2026-04-29
1483,833689,架桥资本,0.22,42622096.48,298.2637425799,-73.41,25451023.39,705.16,-76.1447,3.902884901553,5.81,-0.055949031962,,,2026-04-29
1484,832793,同创伟业,0.04,74195235.9,-0.6122150476,-42.938,14882505.83,-6.45,-52.2298,5.201429868749,0.68,0.046433438018,,,2026-04-29
1485,832621,三维钢构,0.05,75028012.75,8.613921289,,2647677.5,73.59,,3.655738513582,1.41,0.077502745319,12.8954162924,,2026-04-29
1486,832381,国汇小贷,0.01,3981374.37,4.5206825064,-36.8602,2134835.5,5.26,32.7882,1.199949763667,1.19,0.094771724667,,,2026-04-29
1487,831896,思考股份,0.0,164089.44,-42.6378632645,-12.7414,556055.45,105.25,101.3047,0.204551763861,0.79,-0.004508001583,-646.6192766579,,2026-04-29
1488,688818,电科蓝天,0.01,467655965.67,87.1899542076,-70.3685,14903351.87,146.132605743,-93.0257,3.143826420276,0.39,-0.050173527419,27.0078666673,航天装备Ⅱ,2026-04-29
1489,688813,泰金新能,0.45,486035162.87,-30.0848686384,-28.6997,54218978.5,-34.19,-14.5988,11.194081206,6.75,0.281112889562,22.4662338637,专用设备,2026-04-29
1490,688808,联讯仪器,1.54,487720104.79,142.5201479428,25.5564,118903186.14,515.17,54.4026,13.325792795584,12.43,1.08328094974,66.7567473152,通用设备,2026-04-29
1491,688800,瑞可达,0.29,751647141.41,-1.2780506884,-9.4212,58905777.92,-22.09,-10.8426,11.663101379129,2.35,0.832503963608,24.2942965136,其他电子Ⅱ,2026-04-29
1492,688779,五矿新能,0.04,3010302320.17,113.7943797402,-29.7591,81249498.38,227.2097833495,-67.2568,3.679920050434,1.15,-0.385563896697,9.6059510267,电池,2026-04-29
1493,688775,影石创新,0.21,2481228950.71,83.1120101409,-20.7388,84620184.44,-52.02,-38.324,14.466024611995,1.45,-3.669017481421,45.2028127714,消费电子,2026-04-29
1494,688766,普冉股份,1.7,1446779783.07,256.078019374,63.2111,251112055.65,1259.87,69.1316,18.200319033141,9.88,1.646019401455,44.6831763476,半导体,2026-04-29
1495,688739,成大生物,-0.005,273347755.58,-23.7301865468,-7.1512,-1907712.15,-102.64,94.2229,22.457080284428,-0.02,0.047177890743,74.046648406,生物制品,2026-04-29
1496,688729,屹唐股份,0.05,1037189378.79,-10.5814001763,-18.968,159346898.78,-26.76,2.705,3.0525993328,1.78,0.066657936188,40.0236315883,半导体,2026-04-29
1497,688726,拉普拉斯,0.3,967520939.18,-33.3124083127,-15.2277,120423315.81,-52.23,245.3628,10.386030050923,2.88,-0.057167641171,34.1767552349,光伏设备,2026-04-29
1498,688718,唯赛勃,0.06,90825644.64,3.4899356149,-34.3829,9954155.61,94.19,-46.212,4.642983603367,1.24,0.085557640273,35.4882695056,塑料,2026-04-29
1499,688717,艾罗能源,0.42,1453370025.21,81.9738070679,37.87,66643432.44,45.05,326.5842,27.704772364438,1.51,-0.689945678813,32.971998237,光伏设备,2026-04-29
1500,688716,中研股份,-0.04,65629132.53,1.6483519897,-35.777,-4813659.96,-185.04,-434.3277,9.691050795036,-0.41,0.010635993425,50.636542491,塑料,2026-04-29
1501,688701,卓锦股份,-0.07,21756951.41,12.5242889537,-60.4024,-9779718.68,-922.26,-17.5822,0.967596919904,-7.28,-0.007815062243,15.2614058258,环境治理,2026-04-29
1502,688698,伟创电气,0.23,468360026.35,20.9837434861,-21.4589,48305338.47,-14.74,26.6183,11.185505290666,2.04,-0.512052216695,35.5989658574,自动化设备,2026-04-29
1503,688691,灿芯股份,-0.24,171282550.35,23.3858033297,-33.1886,-28529432.62,-10.523054431,-80.2607,10.053217452333,-2.33,-0.3402512225,16.6647863788,半导体,2026-04-29
1504,688686,奥普特,0.524,357435776.04,33.5070571864,39.2541,63876730.08,10.4,1707.5319,25.611359343081,2.07,0.033159828382,57.7271012645,自动化设备,2026-04-29
1505,688685,迈信林,0.02,121771780.62,-35.2876433125,797.7132,2623155.7,-93.52,106.7666,5.454436413514,0.33,0.406872452732,30.6554412935,航空装备Ⅱ,2026-04-29
1506,688683,莱尔科技,0.09,312943777.2,89.3833356959,-4.1958,13989622.71,31.28,29.787,7.503775614006,1.17,0.057026017363,17.3676672744,电子化学品Ⅱ,2026-04-29
1507,688680,海优新材,-0.46,260201053.72,-17.5339123161,-10.6911,-38075115.92,33.7111399884,86.6522,16.176233704841,-3.47,0.673823384237,1.528922175,光伏设备,2026-04-29
1508,688652,京仪装备,0.28,392255763.15,16.1291285084,21.3708,46444902.08,29.45,139.2174,13.377881331488,2.09,-0.222155481607,35.2635084898,半导体,2026-04-29
1509,688648,中邮科技,-0.22,380525719.76,66.4934863684,-33.6353,-30377607.68,-36.7567313977,33.6402,15.844326231397,-1.4,-0.438631222279,8.2166908612,专用设备,2026-04-29
1510,688613,奥精医疗,0.01,48679881.28,14.6496088867,-28.0722,1410974.64,35.47,1491.8996,10.478380258787,0.1,-0.227538086738,60.9429499003,医疗器械,2026-04-29
1511,688598,金博股份,-0.38,210990354.3,32.1748506504,14.2704,-78613563.69,8.0645176778,92.1847,18.593375239354,-2.02,-0.725929594466,-2.3790825115,非金属材料Ⅱ,2026-04-29
1512,688588,凌志软件,-0.0051,247951197.05,-1.7048013209,-14.8713,-1982531.19,-103.03,-121.6984,3.069691771283,-0.16,0.013420574735,31.8790241751,软件开发,2026-04-29
1513,688575,亚辉龙,0.03,397821173.04,-4.7838233895,-24.0676,17950672.01,76.89,148.4103,4.748169411607,0.66,0.157991361899,62.2932512431,医疗器械,2026-04-29
1514,688571,杭华股份,0.07,298415363.92,5.5125395051,-12.8129,27978507.69,-1.23,-14.0761,4.015219933414,1.65,0.088180442826,24.8452854257,化学制品,2026-04-29
1515,688543,国科军工,0.09,154914402.48,24.4194944249,-75.6011,19746205.24,-31.18,-80.9462,11.714796518496,0.81,-0.805544824004,46.3026620906,地面兵装Ⅱ,2026-04-29
1516,688538,和辉光电,-0.03,1222945612.58,1.2494019175,-18.3934,-469965027.1,7.4087148444,21.9532,0.549798338875,-6.0,0.019399311591,-17.0739391648,光学光电子,2026-04-29
1517,688533,上声电子,0.15,687305437.44,8.0545370643,-22.5641,24322177.25,-10.99,-48.9689,10.753355888842,1.38,0.106871897351,22.1302639808,汽车零部件,2026-04-29
1518,688531,日联科技,0.27,295940563.21,48.3361917305,-13.1735,44153197.26,24.98,-13.8158,20.641818378932,1.3,0.007062636574,42.883709196,专用设备,2026-04-29
1519,688512,慧智微,-0.14,214703831.11,56.8734007892,-10.3267,-66444400.85,-1962.7,37.6843,3.40450588275,-4.11,-0.114013392191,13.0154486744,半导体,2026-04-29
1520,688509,正元地信,-0.0422,100585561.31,-28.3881047578,-50.3881,-32520327.86,-23.9198596322,69.5287,1.431785253558,-2.91,-0.051147869818,22.053558494,IT服务Ⅱ,2026-04-29
1521,688503,聚和材料,1.25,5614798930.8,87.535235235,42.0839,289582502.71,223.0,60.2775,21.91555056658,5.62,-4.685620238092,10.5837133378,光伏设备,2026-04-29
1522,688496,*ST清越,-0.07,139916947.94,-18.5683020848,-27.6225,-32448602.19,-102.9508700888,41.5235,1.981565335444,-3.52,0.105057181422,13.3777397989,光学光电子,2026-04-29
1523,688480,赛恩斯,0.34,231614394.17,36.0060801469,-58.1305,32129011.3,81.26,0.0743,12.655756768243,2.71,-0.165105911462,36.4168832262,环境治理,2026-04-29
1524,688468,科美诊断,0.02,73346975.09,-9.7824599032,2.0739,8960892.85,-38.38,281.3564,3.539835668897,0.63,0.060933161518,61.481868277,医疗器械,2026-04-29
1525,688459,哈铁科技,-0.0358,99199018.87,-9.0020631396,-82.8701,-17204445.66,-1025.8988795836,-131.5234,7.173953158188,-0.5,0.064008519042,39.293705829,轨交设备Ⅱ,2026-04-29
1526,688435,英方软件,-0.15,35856067.1,9.272978545,-36.9127,-11969678.92,2.5298043495,-9488.217,12.972070132096,-1.1,-0.260661679641,74.4459469455,软件开发,2026-04-29
1527,688433,华曙高科,-0.0088,129600455.76,2.841315365,-59.1587,-3643545.82,-358.38,-106.6919,5.127570778485,-0.18,-0.13174732201,44.7601592292,通用设备,2026-04-29
1528,688432,有研硅,0.04,313895704.59,18.038542144,21.3455,50178913.24,-1.24,-5.6124,3.608545651109,1.11,0.079324423023,31.582982408,半导体,2026-04-29
1529,688429,时创能源,-0.27,254444987.31,40.4040785283,-18.7553,-106214982.88,35.2936092776,-38.3869,3.223504450291,-7.96,-0.453968671763,13.5353508018,光伏设备,2026-04-29
1530,688425,铁建重工,0.05,2189741053.96,-7.0730354165,-35.8012,248354465.19,-25.24,-48.1517,3.532112065318,1.33,-0.030236181835,26.3885338033,工程机械,2026-04-29
1531,688420,美腾科技,0.05,103098795.25,-9.9764394701,-11.0914,3870427.67,55.02,131.3329,16.135146099627,0.27,-0.402900854348,41.6717702625,专用设备,2026-04-29
1532,688411,海博思创,1.13,2369469022.94,53.060467939,-35.9501,203669715.45,117.0,-38.0186,27.732910425661,4.16,-3.020875313891,19.424523504,其他电源设备Ⅱ,2026-04-29
1533,688400,凌云光,0.43,597286049.19,-2.7942575391,-23.842,199770110.95,1233.13,596.2759,11.907384246485,4.1,-0.133396162111,42.3742200397,专用设备,2026-04-29
1534,688393,安必平,-0.02,79550800.29,9.659485127,-13.0835,-1834603.28,83.42,94.9399,12.626993709977,-0.16,-0.20111754581,67.2337599559,医疗器械,2026-04-29
1535,688390,固德威,0.41,2360529409.91,25.4217504955,-12.408,101474348.22,462.042710949,88.6364,11.704525496244,3.64,-0.335484766725,26.3294224232,光伏设备,2026-04-29
1536,688382,益方生物,-0.08,42542363.91,419.5081862638,565.12,-44367216.91,22.8383749745,67.252,2.586346536365,-2.93,-0.246614044835,96.1719276967,化学制药,2026-04-29
1537,688373,盟科药业,-0.03,42059686.69,26.621100511,11.3061,-21453649.71,65.1909979766,55.3757,0.277247359433,-11.07,-0.024402304926,85.6039713405,化学制药,2026-04-29
1538,688372,伟测科技,0.4754,489975624.72,71.7901377769,-0.4263,70857990.43,173.39,-29.6812,24.926206301057,2.36,1.509294598813,34.959903905,半导体,2026-04-29
1539,688361,中科飞测,-0.21,396023624.52,34.6295407074,-53.4951,-67962003.76,-354.277525154,-192.6531,14.485973709485,-1.33,-0.057794239976,47.7718109795,半导体,2026-04-29
1540,688356,键凯科技,0.37,79143146.28,14.5275025012,-26.3603,22415256.74,88.67,6.8653,22.075926010087,1.69,0.734307096373,70.2177262999,化学制药,2026-04-29
1541,688332,中科蓝讯,-0.05,406965338.23,10.7984165389,-24.6419,-5869074.72,-113.07,-100.4874,43.777732238043,-0.11,-0.200716097255,21.0526088715,半导体,2026-04-29
1542,688331,荣昌生物,0.58,656214449.91,24.7630409671,-57.1443,328007104.92,229.0632469172,-73.9749,6.959470965629,8.68,0.020050408193,82.1770950021,生物制品,2026-04-29
1543,688320,禾川科技,-0.04,272429299.15,18.7041894981,-4.3102,-5629607.33,79.1024306148,85.3392,8.035419588577,-0.46,0.038360613491,23.3511583257,自动化设备,2026-04-29
1544,688314,康拓医疗,0.16,73682439.89,-10.678206316,-26.3082,13158946.7,-45.28,-40.155,9.049627363509,1.81,0.260055500196,76.7241458133,医疗器械,2026-04-29
1545,688310,迈得医疗,-0.12,39857551.99,-0.793303253,-82.1086,-19034802.5,-76.2910975256,-133.9271,4.919305014586,-2.29,-0.163888245731,29.6427725992,自动化设备,2026-04-29
1546,688298,东方生物,-0.49,256264814.4,33.5047620637,-7.0048,-93843129.17,18.72,74.0022,29.236148641617,-1.58,-0.144388671627,42.8937187992,医疗器械,2026-04-29
1547,688296,和达科技,-0.12,44561354.8,17.1388208207,-60.475,-12675125.69,11.4135943012,62.1122,5.288593821462,-2.16,-0.517207891368,35.2328160139,软件开发,2026-04-29
1548,688295,中复神鹰,0.03,566926866.78,41.0909412894,-13.685,30454649.64,167.3346272053,-8.4056,5.2803509126,0.64,0.059929656289,20.4209808573,化学纤维,2026-04-29
1549,688292,浩瀚深度,-0.18,59040577.19,28.2956727817,-57.5408,-27904006.24,-260.32,-577.3027,6.153154443871,-2.74,-0.249575097594,56.3623493092,计算机设备,2026-04-29
1550,688288,鸿泉技术,-0.08,178600984.5,7.5138691465,-11.9718,-7669479.18,-137.9591593546,29.1832,7.52129114956,-1.02,-0.857134081308,26.6127972772,计算机设备,2026-04-29
1551,688280,精进电动,-0.15,326351373.68,-19.1999804291,-64.7791,-91401736.81,-288.39,-236.682,1.092609691064,-13.25,-0.339658704583,1.0440512419,汽车零部件,2026-04-29
1552,688279,峰岹科技,0.77,250291452.83,46.2013386733,15.8394,88267191.13,75.09,70.7644,45.182709532318,1.72,0.449837391221,51.8192276458,半导体,2026-04-29
1553,688278,特宝生物,0.4,797791349.65,18.4817901347,-34.3932,164494475.21,-9.68,-54.9469,8.893874397547,4.65,0.329215264832,89.4539314412,生物制品,2026-04-29
1554,688277,天智航,-0.1,52721760.57,-10.0062767194,-42.2808,-46449970.3,-251.7634169605,32.3804,2.536887054698,-3.96,-0.187213288577,63.8657693066,医疗器械,2026-04-29
1555,688271,联影医疗,0.48,2907566494.56,17.3376279997,-41.1583,398869282.78,7.78,-46.7512,26.647670449795,1.83,-1.163732556057,47.1614312555,医疗器械,2026-04-29
1556,688268,华特气体,0.28,384180269.57,13.7041673687,2.5539,33876634.12,-23.7,106.8807,15.645338739435,1.67,0.440993576414,30.1956524446,电子化学品Ⅱ,2026-04-29
1557,688266,泽璟制药,2.39,905391322.84,440.0744001873,317.1454,632612572.5,2338.3670986747,1009.8413,6.471482840882,45.29,3.163538343011,97.0137174702,化学制药,2026-04-29
1558,688246,嘉和美康,-0.1,84780271.8,-16.2243833894,14.1671,-14316325.11,17.8796411157,81.3872,9.375838283742,-1.1,-0.344014634947,32.9635817351,软件开发,2026-04-29
1559,688244,永信至诚,-0.16,31531718.6,4.8087666515,-76.4771,-23469872.03,2.1041854867,-500.0986,6.279793331703,-2.44,-0.343413929215,34.3262800779,软件开发,2026-04-29
1560,688234,天岳先进,-0.13,365504986.34,-10.406888154,3.5788,-60509652.11,-810.36,71.1087,14.678019304127,-0.85,0.021029464093,19.1153314842,半导体,2026-04-29
1561,688232,新点软件,-0.07,268442445.3,-2.935689052,-65.7764,-24031642.27,40.5575797257,-116.8329,16.674960723749,-0.45,-0.568530654084,57.3799257222,软件开发,2026-04-29
1562,688226,威腾电气,0.04,1080253856.33,23.6559930881,-13.9007,6972784.03,-47.55,-58.3939,9.071566110479,0.41,-1.528020574702,11.6766764785,电网设备,2026-04-29
1563,688222,成都先导,0.1,160536111.43,50.4043018919,3.0545,41500202.49,46.72,149.5014,3.838672707397,2.73,0.209460381352,56.3419046122,医疗服务,2026-04-29
1564,688210,统联精密,-0.12,163717390.48,-5.8866033323,-23.8945,-19915865.78,-826.13,-89.8806,7.874176213695,-1.55,0.277284880237,31.8365657535,消费电子,2026-04-29
1565,688200,华峰测控,0.7,271807572.37,37.5183467314,-33.2324,94207344.56,52.12,-36.8465,30.907390666975,2.28,-0.123980569488,75.3031146393,半导体,2026-04-29
1566,688193,仁度生物,0.12,42078944.06,3.4266805629,-1.6564,4995403.92,309.15,62.5227,22.924377884181,0.55,-0.252715882532,76.2056261542,医疗器械,2026-04-29
1567,688191,智洋创新,-0.05,149168077.09,9.1127626035,-65.1764,-11178391.35,-0.5324229443,-168.499,3.70726871932,-1.29,-0.158814607635,32.1065606893,电网设备,2026-04-29
1568,688185,康希诺,-0.16,190284390.57,38.7311086475,-49.3033,-40424283.88,-250.1322912443,-400.9422,19.939249069601,-0.82,-0.271294379655,80.9429492186,生物制品,2026-04-29
1569,688183,生益电子,0.54,2410568379.4,52.6209292216,-9.5411,444718185.46,122.16,24.0597,7.369876640529,7.47,0.739752914754,35.2055055904,元件,2026-04-29
1570,688178,万德斯,0.13,133438110.65,47.5439660848,-4.0962,11360803.8,316.5033709925,114.4412,10.926012338736,1.23,0.087789523226,20.6885666288,环境治理,2026-04-29
1571,688172,燕东微,-0.18,400296760.18,75.839562878,-39.9491,-259039521.75,-22.9934267963,34.3218,12.72609001686,-1.42,-0.191972753817,-1.9775325802,半导体,2026-04-29
1572,688167,炬光科技,-0.15,205385787.83,21.1547232977,-22.9735,-13202615.84,58.6832499688,67.5259,24.885720282694,-0.6,0.208565092444,43.2417557653,半导体,2026-04-29
1573,688162,巨一科技,0.15,1000269364.11,4.2395094044,-27.0644,20746684.18,-21.67,-28.1743,17.644358643925,0.86,0.26200013501,16.4425795702,专用设备,2026-04-29
1574,688147,微导纳米,0.0456,482014841.66,-5.5407340855,-47.1288,21017777.68,-75.01,172.174,6.364206511112,0.7,0.150201694813,32.7638080637,半导体,2026-04-29
1575,688143,长盈通,0.05,84799131.88,29.5365297927,-34.1995,5898749.88,-28.72,186.019,10.524279711505,0.44,-0.00229158885,46.343082575,通信设备,2026-04-29
1576,688137,近岸蛋白,-0.15,37246747.9,11.368431427,7.6975,-10604367.75,10.1964306113,78.3249,28.799769925201,-0.52,-0.200628357879,70.2935815774,生物制品,2026-04-29
1577,688136,科兴制药,-0.09,280525124.96,-20.6568758762,-27.3983,-17936565.06,-170.13,-140.4845,8.584796964134,-1.03,0.034371082334,58.6497893632,生物制品,2026-04-29
1578,688135,利扬芯片,0.02,166323732.02,27.8743611266,-5.0367,3418575.33,145.07337495,134.3513,6.800907881304,0.29,0.324580457822,27.3954182645,半导体,2026-04-29
1579,688132,邦彦技术,-0.29,16689914.61,-39.7603160001,179.9334,-43379002.93,-59.4490296512,69.0909,7.76041099692,-3.58,-0.083932618018,10.0590603321,军工电子Ⅱ,2026-04-29
1580,688130,晶华微,-0.04,46099048.57,24.4560510582,-8.5608,-4410465.97,56.5009083801,60.9631,10.230621796094,-0.35,-0.30051248556,50.6006289361,半导体,2026-04-29
1581,688122,西部超导,0.07,1080447375.06,0.623564782,-12.6437,43836190.0,-74.21,-76.881,11.043672818309,0.61,-0.477541067659,25.5941460337,航空装备Ⅱ,2026-04-29
1582,688119,中钢洛耐,0.0025,464465213.99,-14.2065689698,-5.5875,2849487.83,-85.46,101.6531,2.504302588596,0.1,-0.062012679484,15.7929921532,装修建材,2026-04-29
1583,688108,赛诺医疗,0.06,139735742.82,38.5592319064,-13.5049,24462815.54,723.85,-6.5175,2.373315364348,2.59,0.04481385427,69.8149535911,医疗器械,2026-04-29
1584,688107,安路科技,-0.1018,165560828.15,77.4610970959,9.0969,-40809469.78,32.4312057787,49.7518,2.252131752125,-4.42,-0.154647254364,41.2585301809,半导体,2026-04-29
1585,688101,三达膜,0.3,490210184.22,85.9050346767,33.2985,98494737.06,29.22,22.5499,13.636444119745,2.2,-0.080601965261,32.0326783908,环境治理,2026-04-29
1586,688100,威胜信息,0.3,531882117.35,-4.2388200059,-38.5555,148281063.65,6.4,-22.8019,7.198856415286,4.1045,0.036072241633,43.3325688328,通信设备,2026-04-29
1587,688099,晶晨股份,0.41,1895481865.56,23.9113426388,10.0687,173208623.25,-7.95,-1.1445,17.887380971319,2.33,-1.142981014834,37.507717939,半导体,2026-04-29
1588,688098,申联生物,0.0,62598409.64,-20.5010012758,23.7815,-1730954.9,42.6810808707,91.6673,3.378569676411,-0.12,-0.097590142678,63.2507714776,动物保健Ⅱ,2026-04-29
1589,688096,京源环保,-0.02,65888349.23,-12.9228769209,-56.2831,-4654047.9,-338.4191644249,92.8444,3.502125491082,-0.55,-0.215494686635,19.99567563,环境治理,2026-04-29
1590,688095,福昕软件,0.1237,232339094.85,14.923515406,-40.4769,11266467.0,293.1479270553,-60.9227,28.770756872923,0.43,-0.018069186635,91.6935877957,软件开发,2026-04-29
1591,688069,德林海,-0.07,48307538.96,4.0790571949,-82.8163,-7132545.29,-51.7520705159,-113.4417,11.477828597168,-0.55,0.115458422478,64.2631919331,环境治理,2026-04-29
1592,688067,爱威科技,0.11,53042864.92,-0.473567497,8.8065,7426004.29,17.48,2104.2584,7.674589971912,1.43,-0.005757515,57.8424749422,医疗器械,2026-04-29
1593,688062,迈威生物,-0.61,127597218.83,184.8886526242,31.9826,-241943587.61,17.0653912494,34.9043,0.267304936812,-106.04,-0.585993921722,76.1493208559,化学制药,2026-04-29
1594,688056,莱伯泰科,0.1,86753967.04,-12.4146634778,-25.3454,6612373.16,-48.21,-15.7615,12.059502325193,0.81,-0.284302924015,47.0636211727,通用设备,2026-04-29
1595,688049,炬芯科技,0.28,237519197.4,23.7391663995,18.6165,48700478.23,17.49,-8.0071,11.954323508593,2.35,-0.090120313425,49.4738495651,半导体,2026-04-29
1596,688047,龙芯中科,-0.28,134904672.46,7.9622615372,-52.603,-113970263.53,24.6629242633,-85.8384,5.981541946683,-4.65,-0.264542532793,34.870788196,半导体,2026-04-29
1597,688039,当虹科技,-0.14,82751714.36,68.6354627581,-26.1866,-15213971.53,-27.9630080036,78.1623,9.385526591593,-1.45,-0.478437449323,35.1793670924,IT服务Ⅱ,2026-04-29
1598,688038,中科通达,-0.02,19452631.47,-48.0655147023,-87.0785,-2316559.64,-150.54,-174.5035,5.090330889361,-0.39,-0.200706205112,25.8241356073,软件开发,2026-04-29
1599,688028,沃尔德,0.1878,197564243.47,27.8868419558,-7.8615,28348757.8,34.37,22.6918,13.392003126685,1.42,0.241140448165,46.3363122456,通用设备,2026-04-29
1600,688019,安集科技,1.23,723928401.13,32.7617986592,4.6,207668028.8,23.01,18.4463,26.221554085595,5.7,0.803170958172,55.4641647079,电子化学品Ⅱ,2026-04-29
1601,688013,天臣医疗,0.12,55677592.99,-15.4427849528,-32.8397,9692968.8,-26.49,-26.7885,7.105253321521,1.7,-0.023603147411,64.1297257164,医疗器械,2026-04-29
1602,605599,菜百股份,0.51,14272802843.1,73.585864052,70.9802,398363016.12,24.62,-18.0847,6.504021720484,8.19,0.265484006113,7.1304929665,饰品,2026-04-29
1603,605580,恒盛能源,0.17,313290067.99,39.7499695711,-5.8657,48601808.91,14.67,-19.3745,3.833418202429,4.63,0.025026909964,29.4056155597,电力,2026-04-29
1604,605577,龙版传媒,0.2774,537132957.1,7.2828985124,129.2414,123290900.05,13.44,275.6533,9.063395169738,3.11,-0.273016119619,46.1438407723,出版,2026-04-29
1605,605398,新炬网络,0.02,122424777.08,1.4143417471,-27.4487,3134155.05,-42.61,-47.5014,6.385333982451,0.3,-0.55578495635,47.6600677017,IT服务Ⅱ,2026-04-29
1606,605389,长龄液压,0.26,263664122.12,20.227999462,-18.6639,37694382.09,22.29,138.9323,14.970002745285,1.78,0.070073800515,30.1011690335,工程机械,2026-04-29
1607,605388,均瑶健康,0.0144,430854496.61,7.3157637852,82.079,8664879.13,-20.56,104.613,2.558733473531,0.57,-0.173422995667,37.5022556249,饮料乳品,2026-04-29
1608,605377,华旺科技,0.12,726080994.34,-14.400243599,-6.5076,65071144.39,-19.35,0.9979,7.134038359509,1.65,-0.212598748385,17.7649169288,造纸,2026-04-29
1609,605376,博迁新材,0.27,409747290.74,64.022885055,18.278,71626312.6,49.64,5.9506,6.728991295375,4.09,-0.570174270528,29.9271771483,金属新材料,2026-04-29
1610,605336,*ST帅电,-0.04,23498780.24,-51.9949049462,-61.281,-7201374.67,-458.9633784557,87.8697,9.835520835527,-0.4,0.109856951859,30.4667016197,厨卫电器,2026-04-29
1611,605298,必得科技,0.04,75360702.84,-5.2003434869,-64.9066,7725798.99,6.97,25.9303,5.697541095555,0.72,0.0356193679,41.4977019076,轨交设备Ⅱ,2026-04-29
1612,605277,新亚电子,0.14,998427111.67,13.2524266609,-4.9031,44474345.69,-5.91,-28.241,5.386164202349,2.58,0.109250606402,14.1483879102,消费电子,2026-04-29
1613,605268,王力安防,0.07,537985298.77,8.8341284759,-40.6787,28832500.61,21.16,323.8995,3.864193878345,1.69,0.147693187468,25.1366304821,家居用品,2026-04-29
1614,605222,起帆电缆,0.23,5201452451.11,26.1369694841,-4.1469,95340936.66,36.27,280.9187,11.399057528471,1.99,-2.491003389808,6.2591220139,电网设备,2026-04-29
1615,605199,ST葫芦娃,-0.07,146135104.43,-56.6141486296,-33.001,-28958259.03,-218.94,89.514,0.959022948266,-7.27,0.154651617643,25.1207486272,中药Ⅱ,2026-04-29
1616,605186,健麾信息,0.03,76005362.32,-1.3714565977,1.3477,3412915.58,-0.39,-84.7163,8.134906208235,0.31,-0.370587359265,33.1454758336,自动化设备,2026-04-29
1617,605180,华生科技,0.02,107537424.39,41.1392084005,6.4412,3644643.78,-55.91,112.5507,6.795859762426,0.32,-0.173000262722,23.8310067917,纺织制造,2026-04-29
1618,605178,时空科技,-0.07,57772650.64,-18.128744576,-56.4584,-6795564.19,80.9289729379,94.7007,11.141613140291,-0.61,0.004842308236,18.900678572,专业工程,2026-04-29
1619,605167,利柏特,0.08,480642842.04,-28.048942206,-24.701,33500137.24,-6.6,-17.448,4.586021310111,1.63,-0.31599656781,20.9940519767,专业工程,2026-04-29
1620,605133,嵘泰股份,0.17,900194194.0,36.0149825327,-20.5219,44670673.09,-7.37,4.7816,13.510962682415,1.23,0.339618728283,23.0169851562,汽车零部件,2026-04-29
1621,605118,力鼎光电,0.1715,238858003.51,44.6734195468,11.9788,70441851.81,23.86,59.8002,3.932679508786,4.47,0.270901071699,48.9893883272,计算机设备,2026-04-29
1622,605099,共创草坪,0.5,913977798.92,15.2378229243,11.8931,200738139.1,28.68,31.6653,8.287404631839,6.19,0.07463403692,34.6100891372,家居用品,2026-04-29
1623,605028,世茂能源,0.02,76039073.47,-1.5962050961,-13.4265,2998124.74,-91.03,-94.5712,8.591623554063,0.14,0.048594986875,55.7496007322,电力,2026-04-29
1624,603990,麦迪科技,0.01,61688659.14,-2.607048612,-21.4826,3846310.39,-83.7,-21.3195,2.738600643502,0.46,-0.022796770674,62.2028670666,软件开发,2026-04-29
1625,603985,恒润股份,0.149,1214292830.95,71.5994575314,45.5983,65139986.82,117.9,239.7235,7.577423459113,1.97,0.015507090885,12.8778711415,风电设备,2026-04-29
1626,603977,国泰集团,0.06,498993070.05,3.2978622075,-34.2825,39930070.07,-7.32,-35.8417,5.567165637678,1.16,-0.238813054552,31.2453163396,化学制品,2026-04-29
1627,603937,丽岛新材,0.12,527480692.87,28.3593207834,-12.346,25899881.97,311.3212250185,223.283,7.407956547258,1.64,0.587013353435,9.173852519,工业金属,2026-04-29
1628,603933,睿能科技,0.1663,695285117.16,30.4908233855,17.381,34510158.19,163.18,695.1619,6.451230910998,2.61,0.115933439648,22.2047716742,其他电子Ⅱ,2026-04-29
1629,603928,兴业股份,0.12,415644176.22,14.0956409274,-1.1326,31809608.93,144.41,15.749,6.160192581502,1.99,0.089610051778,17.429873785,塑料,2026-04-29
1630,603926,铁流股份,0.13,568309232.35,2.8902001206,-7.5621,29646240.27,11.56,2628.7422,7.454707280688,1.71,0.037705663533,19.4468118586,汽车零部件,2026-04-29
1631,603922,ST金鸿顺,0.05,127865551.64,0.3224274764,-23.6192,8747616.57,145.14,107.4413,5.192073055134,0.95,0.250294083594,18.1217386253,汽车零部件,2026-04-29
1632,603920,世运电路,0.05,1322461460.67,8.629895023,-11.7715,36632360.83,-79.63,-37.7039,9.035947765663,0.56,0.345028969342,13.5384505904,元件,2026-04-29
1633,603899,晨光股份,0.3681,5530363832.31,5.4442445426,-28.5118,337067627.1,5.93,-6.9251,10.458905613866,3.56,0.016719231242,20.2715558382,文娱用品,2026-04-29
1634,603896,寿仙谷,0.15,161032776.41,-8.4589902139,-23.3335,28930970.53,-50.68,149.7374,11.194922040859,1.39,0.157517587665,76.9682239623,中药Ⅱ,2026-04-29
1635,603888,新华网,0.0584,354771640.57,6.544156375,-61.7088,39371952.75,1.85,-68.6979,5.639513176391,1.04,-0.142008521178,36.1172387551,数字媒体,2026-04-29
1636,603868,飞科电器,0.43,999994041.02,-13.5804869948,21.8015,188579091.03,4.22,243.0334,8.069875832736,5.51,0.61349881786,59.1951460577,小家电,2026-04-29
1637,603866,桃李面包,0.0324,1169467359.66,-2.6394340064,-16.4334,51837552.2,-38.32,464.4542,3.288209457578,0.99,0.077731854564,20.9532980981,休闲食品,2026-04-29
1638,603855,华荣股份,0.28,678242914.58,-15.0047979247,-24.9809,94349618.21,-18.72,34.1102,6.655980375277,4.28,0.148412539651,60.3696906106,专用设备,2026-04-29
1639,603839,安正时尚,0.08,639912407.43,11.346992822,-8.9228,30392495.97,31.86,117.1089,4.345189816189,1.82,0.118017636549,46.7513176532,服装家纺,2026-04-29
1640,603838,*ST四通,-0.0373,96613669.2,42.7439082657,6.6795,-11946504.51,-37.7251688647,73.5938,2.745716456146,-1.3504,-0.054968298304,8.7930895704,家居用品,2026-04-29
1641,603819,神力股份,0.032,340776432.72,4.4110390503,-4.9525,6890415.02,1404.12,167.3354,3.730250029639,0.85,-0.020535720938,8.9472314375,电机Ⅱ,2026-04-29
1642,603803,瑞斯康达,0.02,293487524.56,17.2494995744,-23.8869,6842167.68,135.3287407444,177.0281,3.616444769361,0.47,-0.151273915032,43.1099033663,通信设备,2026-04-29
1643,603797,联泰环保,0.08,260629803.71,1.2342060198,-1.4673,48244419.78,-10.5,221.4907,5.811171166323,1.45,0.115162633188,59.3879227535,环境治理,2026-04-29
1644,603788,宁波高发,0.21,365056226.63,-5.5502234408,-15.3335,46920331.09,1.5,-22.385,9.743255162749,2.18,-0.645830598855,23.8478752311,汽车零部件,2026-04-29
1645,603779,威龙股份,-0.02,74959750.24,-26.1153342928,-33.3206,-7499393.01,-186.0505550798,85.4411,1.4752821759,-1.52,-0.089888591023,50.5164748799,非白酒,2026-04-29
1646,603777,来伊份,-0.04,1036429398.81,-1.1243897799,7.4223,-14039355.24,-212.9,60.6176,4.660112608579,-0.9,-0.045139270797,26.02612143,休闲食品,2026-04-29
1647,603757,大元泵业,0.06,363614430.5,-4.2656971499,-24.727,11458972.49,-70.78,144.9009,11.375723130566,0.54,-0.179889449836,23.3458266833,通用设备,2026-04-29
1648,603719,良品铺子,0.12,2040009981.14,17.7751077361,51.6316,47701771.2,231.9603711594,288.3061,5.095497179202,2.36,-0.313060078753,27.3190472087,休闲食品,2026-04-29
1649,603716,塞力医疗,-0.08,181793715.24,-36.7518297549,-17.2725,-17519172.08,-22.3324741671,85.4055,4.632018207267,-1.9393,-0.066023519702,25.1567031894,医药商业,2026-04-29
1650,603713,密尔克卫,1.1662,3743713345.32,12.0215740165,40.4833,184410239.1,7.07,81.132,31.080664042816,3.79,-0.305380526565,11.094931266,物流,2026-04-29
1651,603701,德宏股份,0.03,286729751.95,52.4109665415,7.1632,8351991.83,77.01,1659.0158,3.105073246196,1.03,-0.282568420942,14.9669041173,汽车零部件,2026-04-29
1652,603700,宁水集团,0.05,359634637.6,35.1901814366,-33.587,10793199.07,-61.76,-39.9586,8.214417420968,0.66,-1.3493789711,20.6968928818,通用设备,2026-04-29
1653,603683,晶华新材,0.089,530400901.63,21.0917572601,-19.8747,25560580.99,36.03,1.221,5.807979829966,1.53,0.0594638286,17.3161486769,化学制品,2026-04-29
1654,603678,火炬电子,0.08,1350061270.2,77.1596435498,-5.1106,39662375.8,-62.82,7347.5408,12.939840568271,0.65,-0.677928014087,17.581252186,军工电子Ⅱ,2026-04-29
1655,603669,灵康药业,0.0041,86535882.34,72.6535151997,113.0208,2955905.52,115.87383787,101.8621,0.780261681152,0.47,-0.040532208966,28.8460752291,化学制药,2026-04-29
1656,603660,苏州科达,-0.285,172669179.54,-39.5507547198,-43.407,-164098739.41,-136.2962858688,-14.142,1.240384237464,-20.61,-0.361230397602,57.5436777453,计算机设备,2026-04-29
1657,603639,海利尔,0.22,1161712743.78,-8.0919875962,43.0747,75309466.16,-28.22,390.0764,10.047752913703,2.17,0.074250247755,25.1852199278,农化制品,2026-04-29
1658,603615,茶花股份,0.02,531056558.3,290.3240545096,39.5801,5014680.16,439.5226006412,856.0726,4.753751353114,0.44,-0.26406753391,8.8652231809,家居用品,2026-04-29
1659,603611,诺力股份,0.29,1621778319.82,-0.7626086285,-2.289,74683174.49,-39.14,127.0446,12.578766776923,2.33,-1.614582572342,24.7392648882,工程机械,2026-04-29
1660,603596,伯特利,0.44,2674392496.73,1.3811831767,-26.8652,268641615.79,-0.64,-35.7233,13.290981185555,3.31,0.194798347473,19.4289205483,汽车零部件,2026-04-29
1661,603587,地素时尚,0.22,508473086.83,6.1998286973,-13.9544,100641879.49,21.84,312.1915,7.874689014009,2.73,0.347970134969,77.4574516727,服装家纺,2026-04-29
1662,603578,三星新材,-0.02,424421624.54,14.2792190002,6.028,-3017342.26,-129.31,97.7116,6.05523130539,-0.35,0.280807468532,11.8117523546,家电零部件Ⅱ,2026-04-29
1663,603566,普莱柯,0.12,249239758.73,-10.5447004256,-6.6047,40734166.85,-23.01,46.219,7.647953046965,1.55,-0.105526575531,54.8948571075,动物保健Ⅱ,2026-04-29
1664,603559,中通国脉,0.02,104719347.46,32.9946745338,-4.9858,6739117.68,183.0283839506,106.8362,1.950844094772,0.86,-0.13840535679,7.45580746,通信服务,2026-04-29
1665,603536,惠发食品,0.0029,333744853.28,7.8014454652,-3.3539,700906.9,103.8860834564,102.3106,1.444216972691,0.18,0.257823822499,21.6920835298,食品加工,2026-04-29
1666,603516,淳中科技,0.01,44575437.12,13.8834399841,-67.1161,1709840.12,111.78,-99.4464,8.381049911875,0.11,-0.298153490491,35.8421071385,计算机设备,2026-04-29
1667,603508,思维列控,0.42,378612043.34,18.6632137812,-33.1425,160623935.35,26.66,0.5871,10.9281736362,3.93,0.371324843001,62.6667572317,计算机设备,2026-04-29
1668,603505,金石资源,0.07,919994041.77,7.1089250541,-18.5268,61259774.64,-8.38,-32.0353,2.253263651388,3.28,0.181375513114,14.4532781358,化学制品,2026-04-29
1669,603496,恒为科技,0.0182,178388502.22,42.8885062442,-42.0702,5816990.53,173.6464383905,242.7154,4.354813574947,0.42,0.106739527222,30.4622306392,计算机设备,2026-04-29
1670,603489,八方股份,0.19,374517250.5,24.5219161473,23.8042,44752343.83,104.87,24.5898,11.80740886422,1.63,-0.156361764501,27.3638960671,电机Ⅱ,2026-04-29
1671,603458,勘设股份,-0.05,195289401.83,-23.9831716333,-56.9925,-15953458.97,18.1951437812,93.719,8.421286120164,-0.62,0.134723895356,21.1755624025,工程咨询服务Ⅱ,2026-04-29
1672,603421,鼎信通讯,-0.14,196784742.26,-13.4341604897,-54.9543,-93686673.08,32.3956344463,68.8019,3.690218134836,-3.82,-0.076522818422,23.6699769683,通信设备,2026-04-29
1673,603418,友升股份,0.53,1030194632.91,8.9365732999,-32.18,103198451.47,16.64,-21.3693,23.972301022274,2.25,-0.625206059205,18.8465361503,汽车零部件,2026-04-29
1674,603373,安邦护卫,0.22,661499242.63,2.322261932,-5.3587,23304076.99,9.88,-36.3167,17.401574618708,1.25,-2.080165663411,24.0783727154,专业服务,2026-04-29
1675,603369,今世缘,1.1108,4322641542.79,-15.2304077993,232.4332,1384928951.0,-15.76,2435.2288,14.39488565275,8.03,1.695406400818,74.400313498,白酒Ⅱ,2026-04-29
1676,603367,辰欣药业,0.29,850351441.43,-7.5909879636,-1.2295,130745202.7,-8.92,233.2184,13.963319413637,2.09,0.42525725423,57.9748410059,化学制药,2026-04-29
1677,603355,莱克电气,0.03,2313403203.49,-3.0963951415,-9.4314,17357692.66,-92.38,-90.2617,9.856989739293,0.3,0.095180402241,21.162476663,小家电,2026-04-29
1678,603348,文灿股份,-0.25,1311697785.0,3.2566998377,-16.4753,-79775797.11,-2166.56,77.227,12.380201695836,-2.03,-0.643260771834,7.3880650542,汽车零部件,2026-04-29
1679,603345,安井食品,1.7,4710170515.87,30.8431531592,-2.3129,563159120.61,42.74,37.3492,48.170091541264,3.57,3.13052160493,24.9871181704,食品加工,2026-04-29
1680,603341,龙旗科技,0.03,7563800623.87,-19.3493295133,-29.9207,15408688.63,-90.0,-80.2052,13.820893067557,0.23,0.420198973826,9.5879703415,消费电子,2026-04-29
1681,603337,杰克科技,0.57,2023331591.54,12.8617305362,24.8662,256681084.8,4.47,47.3143,11.278602486646,4.9,0.675467583435,32.4079205787,专用设备,2026-04-29
1682,603334,丰倍生物,0.28,1108730173.16,66.5523603013,20.5941,40879056.33,11.47,75.7801,12.120451085575,2.38,0.38571833324,6.0227364138,化学制品,2026-04-29
1683,603331,百达精工,0.003,330856237.93,-14.74631257,8.9118,606573.68,-97.18,100.2126,5.153158019792,0.06,-0.063357213428,20.4195606777,通用设备,2026-04-29
1684,603329,上海雅仕,0.1608,838932504.55,38.5406471208,29.5995,40200809.77,312.37,229.0638,5.895278291254,3.09,0.131777412844,11.2618672334,物流,2026-04-29
1685,603328,依顿电子,0.038,935568087.73,-1.1279573936,-3.746,37671021.52,-67.6,-61.9717,4.334954504401,0.87,0.16958135063,17.560782137,元件,2026-04-29
1686,603313,梦百合,-0.07,2250858020.85,10.1848280331,4.3859,-38112648.15,-164.91,77.6759,5.953401649076,-1.11,0.355319217633,38.6121803294,家居用品,2026-04-29
1687,603311,金海高科,0.15,221463036.73,-2.5951376487,18.8032,35382093.35,-18.99,1733.5039,5.716193554824,2.61,0.133446571368,23.9452080415,家电零部件Ⅱ,2026-04-29
1688,603307,扬州金泉,0.5,268477371.95,12.2896639501,52.9748,33263726.69,8.25,43.3695,21.233925504355,2.33,0.872317708918,25.5783547832,服装家纺,2026-04-29
1689,603306,华懋科技,0.035,511884550.77,-4.631195196,-28.8379,11696307.92,-86.47,-74.1623,9.754585649921,0.34,0.354296796995,26.2001698466,汽车零部件,2026-04-29
1690,603305,旭升集团,0.11,1218635720.93,16.4520566717,-0.4295,125170087.08,30.87,91.7464,8.09532355293,1.35,0.180232459558,22.9084290281,汽车零部件,2026-04-29
1691,603289,泰瑞机器,0.02,273961888.28,4.7283050453,-19.0549,5504265.19,-69.44,-77.6801,5.069168170564,0.37,-0.123886441583,30.4214069421,专用设备,2026-04-29
1692,603285,键邦股份,0.2,161739669.12,4.3534319885,7.7048,31779636.45,-13.25,9.8195,10.763327378813,1.86,0.246876804875,28.0236125847,化学制品,2026-04-29
1693,603284,林平发展,0.75,711914537.81,17.9878050583,-3.4381,46999210.73,-9.74,-37.7354,29.353142919294,2.65,1.316822856787,8.7306791811,造纸,2026-04-29
1694,603282,亚光股份,-0.02,85968047.24,-51.8977634507,-45.9113,-3259456.01,-112.29,-8.1471,9.840777165969,-0.25,-0.331836306606,28.480166441,环保设备Ⅱ,2026-04-29
1695,603279,景津装备,0.21,1356534878.49,-3.509804122,-16.1189,123465946.36,-26.0,44.9955,8.053328198476,2.7,0.110339841318,22.3456346944,通用设备,2026-04-29
1696,603270,金帝股份,0.19,526926504.16,38.1555305144,-18.7825,41840261.74,8.19,8.2863,10.48537351271,1.84,-0.29955070322,28.3384115605,通用设备,2026-04-29
1697,603269,海鸥股份,0.07,346038912.54,32.0976643545,-44.6951,22404586.99,18.26,-65.2388,3.343196244661,2.19,-0.334527661911,35.964149652,通用设备,2026-04-29
1698,603267,鸿远电子,0.42,410519631.57,-11.9757846696,11.8581,96320931.82,60.0,250.1435,19.551086003944,2.15,-0.632531636454,46.5142338528,军工电子Ⅱ,2026-04-29
1699,603255,鼎际得,0.08,305380912.85,53.0304218243,49.2439,11178362.95,431.6583838135,379.7326,11.774311611803,0.71,0.149784478262,18.611618958,化学制品,2026-04-29
1700,603239,浙江仙通,0.18,330496674.48,-3.6705533324,-33.5992,49087042.22,-26.39,-30.1097,5.083074388556,3.63,-0.128084614177,26.7661266907,汽车零部件,2026-04-29
1701,603229,奥翔药业,0.12,308673252.77,0.6643155842,110.2716,96662497.25,-18.91,226.4194,2.851010981111,4.6,-0.040991322438,62.388928659,化学制药,2026-04-29
1702,603225,新凤鸣,0.24,17530320809.17,20.4244972904,-12.4117,367573142.6,20.2,145.8201,12.537933340212,1.98,-1.362640072186,7.3038845374,化学纤维,2026-04-29
1703,603221,爱丽家居,-0.06,281554832.63,-9.2089559067,-7.5945,-14827679.48,-166.88,-237.4043,6.424181766255,-0.94,-0.165545539176,8.9938338523,家居用品,2026-04-29
1704,603219,富佳股份,0.0019,652402017.71,-4.1689948373,-27.9949,1048856.4,-98.03,110.4555,2.879098205522,0.07,0.36969132964,9.3350836013,小家电,2026-04-29
1705,603213,镇洋发展,0.07,604355418.08,3.1245555862,-7.3449,32674546.28,-1.22,30.9967,4.340993932618,1.67,-0.279316155351,14.4664104308,化学原料,2026-04-29
1706,603201,常润股份,0.18,650048249.88,1.100100412,-23.7522,32981499.36,-36.66,-36.1495,9.414192044138,1.84,0.117668158921,21.9253424229,汽车零部件,2026-04-29
1707,603200,上海洗霸,0.0106,111711724.21,8.6708789825,-24.9818,1859685.61,-81.08,106.3044,6.266874120823,0.17,-0.130737961044,31.5469547348,环境治理,2026-04-29
1708,603187,海容冷链,0.27,836686739.65,-7.9598408065,-9.1425,104511799.17,0.38,18.7555,11.144684276735,2.45,-0.404842257986,29.6280878807,通用设备,2026-04-29
1709,603185,弘元绿能,-0.427,1939439746.26,17.0609618255,11.427,-290832444.89,-370.025950441,-499.7079,17.276220677569,-2.41,0.458429344523,14.5850240522,光伏设备,2026-04-29
1710,603180,金牌家居,-0.09,515739338.68,-12.1601500435,-44.7304,-14169794.45,-140.61,66.9166,17.492893875771,-0.52,-2.242273013813,25.976043455,家居用品,2026-04-29
1711,603172,万丰股份,0.1,167982388.23,37.730059961,24.6262,13953446.0,34.64,26.7053,8.338431376293,1.26,0.014196325686,27.1539301415,化学制品,2026-04-29
1712,603155,新亚强,0.11,201554094.13,18.624293318,42.6918,33957085.16,10.08,1016.6623,7.005543392852,1.49,0.00702261833,22.6686688738,化学制品,2026-04-29
1713,603150,万朗磁塑,0.31,2022709275.65,122.5290677012,59.0061,26863360.9,-28.53,33.0244,20.361194974322,1.56,-4.192850593802,13.1735117537,塑料,2026-04-29
1714,603131,上海沪工,0.04,198929246.14,-4.2268711941,-29.4505,11768944.85,39.52,172.574,4.900940814774,0.74,-0.122807299529,17.5567392969,通用设备,2026-04-29
1715,603126,中材节能,0.0175,1034507895.79,89.5742371914,-37.8625,10688106.5,227.7819016228,-11.897,3.360742048632,0.52,-0.422433193497,12.3182338616,环保设备Ⅱ,2026-04-29
1716,603124,江南新材,0.54,3164704097.47,39.7042852812,14.6547,78161200.37,113.91,45.0775,13.23009462274,4.14,-3.517780601747,4.3430826923,金属新材料,2026-04-29
1717,603109,神驰机电,0.1464,751531301.26,2.6619320188,17.2925,23218562.06,-66.63,166.6456,9.439267493793,1.18,-0.162513561131,23.4084833679,通用设备,2026-04-29
1718,603108,润达医疗,-0.09,1510505870.23,-9.1067486986,-12.6911,-53561218.35,22.67,86.1133,6.091150262344,-1.42,0.07649244073,23.2421468853,医疗服务,2026-04-29
1719,603100,川仪股份,0.22,1454298549.26,0.4413092466,-24.0541,112373012.09,-1.04,-37.8786,9.335090608945,2.38,-0.670510005379,33.0227531812,通用设备,2026-04-29
1720,603099,长白山,0.03,156361569.29,21.3732074297,3.1856,8096442.08,84.23,140.4216,5.529884177928,0.54,0.037902244402,23.7396783868,旅游及景区,2026-04-29
1721,603096,新经典,0.1338,132983721.8,-11.7823647195,-22.2054,20638637.1,-15.75,124.1074,12.214220681538,1.1,0.06967756747,51.5469634871,出版,2026-04-29
1722,603089,正裕工业,-0.07,656065756.74,6.5151852794,-7.296,-17881751.85,-159.2,32.4756,6.846125306943,-1.23,0.216316879217,18.1399314455,汽车零部件,2026-04-29
1723,603088,宁波精达,0.016,164371444.48,-11.4016782424,-50.4049,8023687.75,-77.94,-81.8619,2.287314071134,0.7,0.025623315786,39.2086780182,通用设备,2026-04-29
1724,603085,天成自控,0.06,780338756.42,44.7075493305,-32.9557,25112438.25,20.04,-27.3576,2.436418084488,2.64,-0.153101025283,15.0413110953,汽车零部件,2026-04-29
1725,603076,乐惠国际,0.07,321059803.61,55.7287660543,-48.7732,8206091.08,-8.19,214.7769,10.704358473838,0.64,-1.007923199513,21.5469696369,专用设备,2026-04-29
1726,603069,海汽集团,-0.07,151120571.15,-18.2379299727,14.7783,-20824825.08,-6.7,-63.8077,2.444991913608,-2.65,0.000937307848,11.432951529,铁路公路,2026-04-29
1727,603068,博通集成,0.11,310545532.13,87.7706620989,5.7292,16233303.46,-1.57,25.6446,11.565103803961,0.94,0.312397434334,28.8453940154,半导体,2026-04-29
1728,603067,振华股份,0.17,1194445597.06,17.1283362461,-9.4082,121617475.49,3.61,-51.2503,5.419650368207,3.21,-0.177294281979,26.7581625205,化学原料,2026-04-29
1729,603065,宿迁联盛,0.01,322870803.49,5.9811786896,-4.1911,5439014.86,-30.1,124.9228,4.767403553061,0.27,0.105110313955,13.0497807899,化学制品,2026-04-29
1730,603050,科林电气,0.1051,866466122.61,-4.9725499413,-26.0828,42389948.41,-41.7,4.281,4.758073695615,2.23,-0.356523345617,18.6239080085,电网设备,2026-04-29
1731,603043,广州酒家,0.0928,1138717937.19,8.8515979494,3.7777,52753928.05,3.42,36.8257,7.018574266782,1.33,-0.074558421665,28.1055481439,休闲食品,2026-04-29
1732,603040,新坐标,0.49,200750271.09,12.1568650206,-4.8301,66129069.02,-1.03,14.8399,11.396989836482,4.33,0.382856500609,52.6809521929,汽车零部件,2026-04-29
1733,603036,如通股份,0.11,94276731.15,-4.4002737215,-24.2746,22109783.49,-19.92,49.2863,6.839155384412,1.58,-0.020041076226,44.5745298733,专用设备,2026-04-29
1734,603033,三维股份,-0.114,1165173782.87,9.6799079562,-8.5114,-117079756.8,-565.4,55.6149,2.449759835208,-4.532,-0.056228324212,-1.4526886735,橡胶,2026-04-29
1735,603031,安孚科技,0.52,1330529127.23,-3.4214592332,14.0844,133649773.58,87.78,159.1788,11.045901196283,4.75,0.971844428631,52.3110432313,电池,2026-04-29
1736,603029,天鹅股份,0.06,174624559.34,42.7032788719,-50.575,7404702.76,0.57,-66.6968,7.908356018938,0.77,-1.067129612583,24.2109793719,专用设备,2026-04-29
1737,603026,石大胜华,1.21,2230483211.61,40.4471354434,2.6398,281607337.18,1086.7493854457,260.5714,22.342148668592,5.57,-3.866083162147,23.371709412,电池,2026-04-29
1738,603020,爱普股份,0.0893,626987946.89,3.1762688231,1.756,33536670.0,2.39,232.1175,8.646540195044,1.02,-0.095155046329,15.4487165663,化学制品,2026-04-29
1739,603017,中衡设计,0.08,225372632.54,-7.1774160442,-43.5592,20953080.5,-1.97,390.4676,5.405562338681,1.41,0.098964690624,21.9527637728,工程咨询服务Ⅱ,2026-04-29
1740,603015,弘讯科技,0.02,191134365.32,-11.2434658841,-13.199,6765576.87,-70.89,-37.8154,3.441917701642,0.49,0.002410961187,34.9437478384,自动化设备,2026-04-29
1741,603013,亚普股份,0.32,2196436727.26,11.2283934164,-12.733,161900358.91,25.39,45.6907,9.117226733719,3.54,0.666358530011,16.985300089,汽车零部件,2026-04-29
1742,603011,合锻智能,-0.06,404637021.56,-3.7128664748,-9.8022,-28684683.9,-488.03,85.9619,3.770325615026,-1.53,-0.338520575604,28.7378923539,专用设备,2026-04-29
1743,603009,北特科技,0.0791,585714962.76,8.036429646,-4.1159,27178079.78,17.86,1.1126,5.935349064233,1.3947,-0.048328100525,18.8379687263,汽车零部件,2026-04-29
1744,603005,晶方科技,0.1,334024258.52,14.8624064297,-18.117,65436587.85,0.12,-31.7423,7.145820295261,1.41,0.153980381817,47.408201321,半导体,2026-04-29
1745,603002,宏昌电子,0.0004,989365489.51,76.8112977527,6.1203,468531.6,-92.74,-95.6842,3.047172844389,0.01,-0.054805164102,4.8713094221,电子化学品Ⅱ,2026-04-29
1746,601999,出版传媒,0.01,487226361.3,-12.7124234699,18.6351,6637232.38,-4.73,-76.4763,4.873941659807,0.25,-0.499189851823,24.2691210969,出版,2026-04-29
1747,601991,大唐发电,0.1408,30271386000.0,0.2162944035,-5.1369,2893499000.0,29.26,329.2178,1.989856004127,7.35,0.463009067359,19.6601569548,电力,2026-04-29
1748,601963,重庆银行,0.52,3995630000.0,11.5688887201,18.4489,1793190000.0,10.4,131.3683,16.130197890092,3.1525,11.194787009584,,银行Ⅱ,2026-04-29
1749,601958,金钼股份,0.279,4157705616.61,26.6677285348,40.9751,901621664.94,32.99,3.8231,6.138733150683,4.65,0.035574191063,38.315212697,小金属,2026-04-29
1750,601929,吉视传媒,-0.0287,527609124.89,5.7409181005,2.7301,-100058884.76,2.83,11.5698,1.340955991226,-2.12,-0.029368402807,10.9471352589,电视广播Ⅱ,2026-04-29
1751,601921,浙版传媒,0.0587,2450022918.68,-7.624115262,-35.3228,130344176.65,-19.22,-80.0169,6.531294919577,0.9,-0.158598434037,21.6669933274,出版,2026-04-29
1752,601908,京运通,-0.06,423643692.16,-37.9811982532,-35.3491,-149815900.51,-63.8872900094,88.0406,3.066182166277,-2.0,0.030440768123,-4.7379299377,电力,2026-04-29
1753,601886,江河集团,0.13,4528735845.18,7.7494724239,-37.892,152708087.96,5.75,0.0657,6.538682502131,2.08,-0.519086323321,15.4077527249,装修装饰Ⅱ,2026-04-29
1754,601880,辽港股份,0.02,2605576344.99,3.1033152586,-11.1532,359184777.61,75.87,5348.8034,1.72728502825,0.89,0.018630922883,29.2716195868,航运港口,2026-04-29
1755,601858,中国科传,0.05,357746253.43,-19.8443084376,-67.1952,37507301.04,7.9,-78.3881,7.219170430993,0.66,-0.427270574902,40.4730668852,出版,2026-04-29
1756,601801,皖新传媒,0.17,2527313395.68,-8.0621120567,119.6972,334472905.86,-13.29,316.303,6.207473247606,2.76,-0.110081714851,27.1700411957,出版,2026-04-29
1757,601778,晶科科技,-0.04,582632733.82,-47.6136476466,-25.1179,-128821375.96,-269.4198231851,-398.5748,4.397672599737,-0.8,0.047989894079,23.7790547884,电力,2026-04-29
1758,601718,ST际华,-0.028,1347736190.14,-17.3925606502,-44.1086,-121525353.24,-1743.1,-12.03,2.773927544076,-1.0,-0.075616621547,10.7246586756,服装家纺,2026-04-29
1759,601686,友发集团,0.0878,10644712954.25,-6.6449295899,-16.0443,129155250.62,-2.63,-27.5472,4.538982101218,1.9,-0.009332331401,2.9143837302,普钢,2026-04-29
1760,601668,中国建筑,0.33,511847191000.0,-7.8455814387,-2.3047,13881336000.0,-7.5,1465.6819,12.005539153914,2.77,-1.863165981734,7.9268484254,房屋建设Ⅱ,2026-04-29
1761,601619,嘉泽新能,0.05,594031948.56,-10.0902611719,-6.4985,131344931.59,-45.19,9.9249,2.73525345323,1.64,0.092865618882,53.8131430077,电力,2026-04-29
1762,601615,明阳智能,0.01,8662636011.79,12.4489361714,-26.5335,24658521.64,-91.84,123.2884,11.664703335173,0.09,-1.729029173266,10.2004277096,风电设备,2026-04-29
1763,601601,中国太保,1.04,92547000000.0,-1.2484394507,2.5429,10041000000.0,4.3,28.6483,33.222661122661,3.2,6.368295218295,,保险Ⅱ,2026-04-29
1764,601599,浙文影业,0.02,792602291.17,1.5255744391,62.9801,17887633.78,-54.34,534.3966,1.319492382154,1.17,-0.384820354133,16.0803684143,纺织制造,2026-04-29
1765,601598,中国外运,0.095,21549357084.51,-9.3487228444,-1.0184,681445013.11,5.65,-49.2406,5.819202831346,1.64,-0.250147354714,6.1591461298,物流,2026-04-29
1766,601577,长沙银行,0.57,7193025000.0,5.6354317013,25.1026,2298611000.0,5.77,48.2902,18.347695940425,3.17,-5.365436097588,,银行Ⅱ,2026-04-29
1767,601555,东吴证券,0.16,2047924173.19,-9.4535605783,16.587,801133723.67,-18.22,29.7506,8.804358104679,1.84,1.899383242838,,证券Ⅱ,2026-04-29
1768,601388,怡球资源,0.0272,1874967791.62,4.5054897087,-6.3888,59968500.63,179.68,-17.0876,2.130502053419,1.28,-0.035183848393,8.6508122595,工业金属,2026-04-29
1769,601368,绿城水务,0.0286,546118420.83,0.8795501052,-11.9876,25280275.93,1064.83,163.0031,5.476302257017,0.52,0.072008525612,33.8698744274,环境治理,2026-04-29
1770,601366,利群股份,0.007,1670759229.61,-22.060527642,18.955,6715159.88,31.56,102.0005,4.553555697733,0.17,0.65748024181,33.7620734091,一般零售,2026-04-29
1771,601326,秦港股份,0.08,1674250859.51,3.9267870997,-5.5933,427703505.29,1.69,98.3813,3.710733155907,2.08,0.061645282043,39.2510606984,航运港口,2026-04-29
1772,601318,中国平安,1.43,218405000000.0,-6.1838222344,0.3856,25022000000.0,-7.4,1201.873,56.235365584272,2.5,7.237905897946,,保险Ⅱ,2026-04-29
1773,601233,桐昆股份,0.8,23361416880.08,20.2959891656,-11.8244,1897681144.93,210.79,291.9413,16.906729747862,4.83,-1.624464717624,9.0935290498,炼化及贸易,2026-04-29
1774,601231,环旭电子,0.18,13349408692.56,-2.1923511181,-14.1731,417255380.35,24.57,-29.306,9.678614809189,1.88,0.252283768286,9.4580020374,消费电子,2026-04-29
1775,601228,广州港,0.031,3013129543.67,-12.6433977988,9.7393,233125161.97,-12.44,215.7291,2.854392751976,1.09,0.059147001727,24.2717724914,航运港口,2026-04-29
1776,601226,华电科工,-0.0449,1624124648.38,8.5005054126,-58.2707,-52209611.48,36.63,-242.5492,3.741045781737,-1.19,-0.547532230448,9.0805086332,专业工程,2026-04-29
1777,601200,上海环境,0.11663,1267849590.46,-5.4951176155,-24.8709,157013213.95,0.07,90.9136,8.779669217075,1.34,0.006521155266,30.6284886931,环境治理,2026-04-29
1778,601199,江南水务,0.092,302311343.09,2.7695020732,-27.9692,86243366.32,-9.37,-8.4069,5.027559723434,1.85,0.01750637925,40.7216452554,环境治理,2026-04-29
1779,601168,西部矿业,0.67,18723663755.0,13.1916915455,41.3706,1586046550.0,96.34,127.4905,8.374093425934,8.26,1.721848414184,22.6007956582,工业金属,2026-04-29
1780,601163,三角轮胎,0.27,2469662182.76,10.0407877808,-1.2574,217799628.38,31.18,-9.4293,17.704537371225,1.55,0.0098365239,20.0834637714,汽车零部件,2026-04-29
1781,601158,重庆水务,0.06,1689410649.12,0.5548672984,-13.6632,269499056.2,10.63,818.1278,3.647333860162,1.56,0.134662961589,29.8810146445,环境治理,2026-04-29
1782,601139,深圳燃气,0.09,6810728507.16,-9.3478481178,-6.3495,266964464.19,14.56,-45.5667,5.736173370395,1.61,0.028745775388,16.3114338772,燃气Ⅱ,2026-04-29
1783,601138,工业富联,0.53,251078078000.0,56.5177808658,-16.015,10594857000.0,102.55,-17.2199,8.88012963647,6.18,1.261031628047,7.3505079165,消费电子,2026-04-29
1784,601136,首创证券,0.07,565476565.81,30.7988087082,10.2387,196654622.15,30.19,-22.2009,5.175403146184,1.41,-0.758541500434,,证券Ⅱ,2026-04-29
1785,601133,柏诚股份,0.06,859697000.9,-17.0981386671,0.3362,31081136.65,-29.68,-56.9563,5.73337311656,1.03,-1.514419859221,11.9442598709,专业工程,2026-04-29
1786,601118,海南橡胶,-0.031,6538682706.97,-20.7537263112,-43.935,-132556565.16,-22.3106360209,-177.0017,2.235304870545,-1.32,0.006072329013,1.9398377357,种植业,2026-04-29
1787,601096,宏盛华源,0.038,2413949603.45,5.3114304825,8.1687,101705162.34,14.62,15.3817,1.782353646575,2.16,-0.081617728164,11.4403392397,专业工程,2026-04-29
1788,601077,渝农商行,0.35,7830058000.0,8.3943687397,12.0083,3934557000.0,5.07,174.2188,11.972236330017,2.9875,7.60684767104,,银行Ⅱ,2026-04-29
1789,601068,中铝国际,0.018,4317238000.0,-10.1373135223,-44.9387,75707000.0,15.06,-45.4281,1.029991940655,1.78,-0.108843658086,11.9671651181,专业工程,2026-04-29
1790,601065,江盐集团,0.04,526427052.82,-8.1107752478,-7.3959,26293206.08,-64.8,-52.2248,7.006226144719,0.59,0.147811031406,24.3782040365,化学原料,2026-04-29
1791,601038,一拖股份,0.5006,4669282989.26,2.4748511448,316.8681,562512290.98,6.23,408.6772,7.318146485393,7.08,0.204859872659,16.541960311,专用设备,2026-04-29
1792,601033,永兴股份,0.26,1106166476.93,22.240493781,6.7182,237382393.13,20.72,106.6342,12.284749729989,2.17,0.393046756867,39.6556686275,环境治理,2026-04-29
1793,601020,华钰矿业,0.04,221825450.77,-15.1225693006,-63.7049,30557577.46,-33.07,-55.9483,5.244271082022,0.7,-0.212658816575,56.7895104654,工业金属,2026-04-29
1794,601018,宁波港,0.06,8190825000.0,15.6485372781,0.6499,1169936000.0,-0.44,-9.5815,4.212936742086,1.44,-0.059396265768,27.8839066883,航运港口,2026-04-29
1795,601012,隆基绿能,-0.25,11191552278.54,-18.0254612015,-42.408,-1919902418.4,-34.1975664562,36.3446,6.660278445046,-3.61,-0.323119758869,-1.1879332758,光伏设备,2026-04-29
1796,601010,ST文峰,0.03,420212601.9,-13.2835308967,32.2524,45719758.67,-19.84,132.8774,2.234601130882,1.11,0.03346655046,46.0986846573,一般零售,2026-04-29
1797,601000,唐山港,0.0795,1515274896.91,22.469236544,-4.8511,470867805.23,23.46,-22.8722,3.699069094903,2.17,0.088813067513,48.3703631938,航运港口,2026-04-29
1798,600995,南网储能,0.14,1849441843.4,18.8012206152,-10.1103,453818260.94,21.34,77.8089,7.226980618954,1.98,0.321123081806,50.7215749972,电力,2026-04-29
1799,600990,四创电子,-0.2131,170228804.22,-41.8643612334,-75.8239,-57329040.81,-171.3182963384,71.0255,5.707605281304,-3.6383,-0.81081390495,17.1505400885,军工电子Ⅱ,2026-04-29
1800,600985,淮北矿业,0.18,10196553964.85,-3.8014581042,9.4865,490989787.06,-29.0,12.7016,15.596274376473,1.18,0.378141072964,16.9547920424,煤炭开采,2026-04-29
1801,600975,新五丰,-0.3,1564843780.36,-16.0233882255,-16.2085,-376945805.61,-2021.17,56.3355,1.429615170646,-13.14,-0.111580803354,2.6826867843,养殖业,2026-04-29
1802,600970,中材国际,0.17,9504893520.66,-6.3318063047,-42.7446,454700574.74,-31.43,-42.3246,8.923654520394,1.96,-0.466204908355,16.429740478,专业工程,2026-04-29
1803,600968,海油发展,0.0627,9747671556.78,-3.2425851707,-40.6227,637425792.81,7.31,-38.2138,2.967341838386,2.1364,-0.160296985614,15.1564011749,油服工程,2026-04-29
1804,600956,新天绿能,0.16,5619416574.45,-18.687091211,4.3428,715611449.36,-25.03,167.3581,5.479938286523,2.74,0.308185460119,23.0846128132,电力,2026-04-29
1805,600938,中国海油,0.82,116079000000.0,8.6332753102,35.4212,39144000000.0,7.1,94.6397,17.612093634296,4.77,1.160278842655,51.173769588,油气开采Ⅱ,2026-04-29
1806,600919,江苏银行,0.58,24180308000.0,8.4118061015,16.4779,10582060000.0,8.2,170.0665,14.397237895973,4.0925,16.437319148718,,银行Ⅱ,2026-04-29
1807,600916,中国黄金,0.1,15344682089.38,39.4597840209,-36.2178,163743585.17,21.69,375.4519,4.346390471417,2.27,-0.561531107554,2.726258259,饰品,2026-04-29
1808,600909,华安证券,0.09,972208882.87,-21.610162849,50.7165,433347972.97,-17.4,92.552,5.250549610959,1.79,0.643641865487,,证券Ⅱ,2026-04-29
1809,600894,广日股份,0.0108,1356833668.55,8.7326843592,-44.1283,9068208.42,169.747399408,-96.8871,10.44559195112,0.1,-0.154732326404,13.2564460847,专用设备,2026-04-29
1810,600881,亚泰集团,-0.07,895232585.57,-12.7603453227,-43.2585,-224596047.13,52.11,79.3687,0.133043627608,-44.33,0.006782290605,29.9968500408,综合Ⅱ,2026-04-29
1811,600879,航天电子,0.009,1842771264.91,8.372685463,-63.6868,31277949.0,5.25,75.394,6.328789619105,0.15,-0.390493514093,23.2413900616,航天装备Ⅱ,2026-04-29
1812,600877,电科芯片,-0.001,156534130.68,-20.616335945,-58.546,-1208504.89,-109.72,-103.5994,2.114282246892,-0.05,-0.077487993762,39.1599975058,半导体,2026-04-29
1813,600871,石化油服,0.011,18273868000.0,2.3728212706,-28.4762,204751000.0,-6.2,2088.2599,0.507069829586,2.2,0.032960409839,8.594732106,油服工程,2026-04-29
1814,600867,通化东宝,0.06,747652209.34,14.758063707,-2.6038,126799456.8,16.15,653.9281,3.696508360267,1.77,0.134190282213,71.6238195367,生物制品,2026-04-29
1815,600854,春兰股份,0.0028,25830345.82,42.0651088855,75.6223,1467507.87,-50.49,-80.4088,4.772595557222,0.0593,-0.037771829982,24.283872712,白色家电,2026-04-29
1816,600851,海欣股份,0.024,150422105.77,-25.6990611062,-5.9612,28938734.24,-12.37,-9.6099,3.765869308904,0.6115,-0.050864246631,67.2958969241,化学制药,2026-04-29
1817,600848,上海临港,0.03,1406700228.53,-11.0199002771,-65.9836,83864915.61,-36.08,4487.6284,6.650833138746,0.5,-0.398392381561,47.4653055788,房地产开发,2026-04-29
1818,600838,上海九百,0.0246,23429980.07,1.4173759536,-26.9437,9863057.57,-20.04,-41.6595,3.850450372675,0.62,-0.025704168405,24.7323958138,一般零售,2026-04-29
1819,600817,宇通重工,0.0837,650875124.89,-7.9501151672,-40.6421,44613523.34,-13.45,-63.4926,4.886147507675,1.73,0.435713065669,20.4490208091,环保设备Ⅱ,2026-04-29
1820,600816,建元信托,0.1034,41585915.47,-38.8,-95.1542,1018095006.27,3764.95,1455.023,1.553565978278,6.93,0.052000158599,,多元金融,2026-04-29
1821,600815,厦工股份,-0.0041,208910734.1,55.2577584708,-13.1882,-7317983.55,-783.99,89.1051,0.819481857336,-0.5,-0.040925486443,10.5660552557,工程机械,2026-04-29
1822,600796,钱江生化,0.04,318574807.84,-15.6837387771,-35.6367,36571721.74,19.89,144.2221,4.011682791568,1.06,-0.084058843992,29.1381555495,环境治理,2026-04-29
1823,600795,国电电力,0.078,39168727957.99,-1.6176369107,-13.0329,1397987087.69,-22.79,263.4542,3.424747263045,2.32,0.496402657151,12.3194606333,电力,2026-04-29
1824,600790,轻纺城,0.26,221893916.2,3.9509377289,50.2897,349283366.74,1079.78,294.4052,4.058151870026,6.03,-0.070949493344,27.8065571182,一般零售,2026-04-29
1825,600778,友好集团,0.0678,437149722.35,-9.922401156,75.3241,21131993.54,2.67,2409.4378,0.811502566017,8.76,0.135482692823,29.1317923057,一般零售,2026-04-29
1826,600774,汉商集团,-0.0185,227878644.62,-11.4753399353,-14.9491,-5459853.95,-297.72,97.0352,5.017159271272,-0.37,0.054494349471,42.362535191,化学制药,2026-04-29
1827,600760,中航沈飞,0.06,2611674589.37,-55.2311436548,-89.1403,164962016.08,-61.69,-92.3496,8.387915916191,0.7,2.228822339439,10.580759429,航空装备Ⅱ,2026-04-29
1828,600758,辽宁能源,-0.09,1078881968.77,-27.4099231597,-14.8784,-115593453.11,-222.51,33.2512,4.036303741296,-2.15,-0.266600113266,0.9147419584,煤炭开采,2026-04-29
1829,600757,长江传媒,0.28,1776642302.24,-15.4186553534,-12.0581,334665347.31,-16.37,115.6369,8.524146110698,3.29,0.179767059608,35.6756433938,出版,2026-04-29
1830,600753,ST海钦,0.097,524485216.25,137.035781724,-50.7835,22375469.53,1806.3823323683,112.0371,0.381430329298,29.19,0.319235369285,5.6112197824,物流,2026-04-29
1831,600749,西藏旅游,-0.0897,24408515.33,-4.3975031342,-7.6526,-19998177.57,-119.2213193701,-115.3598,4.582868352156,-2.0287,-0.119932639371,-13.9910283105,旅游及景区,2026-04-29
1832,600741,华域汽车,0.395,40182712629.43,-0.972219973,-24.3915,1243921120.52,-2.63,-50.6321,21.603855854503,1.84,1.648591992153,12.1344485732,汽车零部件,2026-04-29
1833,600738,丽尚国潮,0.08,176055015.61,-0.773896257,12.483,61387086.33,4.31,27.7125,2.837394174752,2.89,0.128809790251,69.0400801357,一般零售,2026-04-29
1834,600736,苏州高新,0.16,1408440517.02,-11.2123997591,96.0178,215150839.76,46.48,264.3527,6.474721818659,2.52,-0.254738550092,11.7990453002,房地产开发,2026-04-29
1835,600734,*ST实达,-0.0055,75798263.37,12.9689414515,263.192,-11952119.93,29.48,79.4163,0.105214526173,-2.7712,-0.009311120713,11.5481412249,IT服务Ⅱ,2026-04-29
1836,600729,重百集团,0.63,4080669719.18,-4.5596012378,33.0183,278866133.62,-41.29,414.1791,18.450410099508,3.49,2.137390550095,29.469135535,一般零售,2026-04-29
1837,600725,云维股份,-0.0013,113765056.44,-23.7867188155,7.2686,-1610014.01,51.3908473192,92.6812,0.208223378752,-0.63,-0.056263206431,3.4460347515,贸易Ⅱ,2026-04-29
1838,600724,宁波富达,0.0415,299161853.46,-11.688594844,-20.683,60046863.18,3.61,319.0552,1.955636910965,2.0969,-0.007605587615,36.7662243391,房地产服务,2026-04-29
1839,600718,东软集团,-0.126,1895354523.0,2.462401855,-58.3098,-147509168.0,-1120.0507972764,63.9549,7.394821149623,-1.66,-0.234125375093,26.9040093984,IT服务Ⅱ,2026-04-29
1840,600717,天津港,0.12,2631959565.69,-12.6777729716,-23.0431,353011861.91,28.29,75.8148,7.064066887287,1.74,0.130915148062,38.9400043147,航运港口,2026-04-29
1841,600714,金瑞矿业,-0.004,54475457.78,-37.0130509279,-22.4666,-1082453.67,-107.0824803048,92.837,2.612809193906,-0.14,0.065085950744,12.9955761888,化学原料,2026-04-29
1842,600712,南宁百货,0.005,136037705.36,1.083300489,65.0671,2743171.53,141.3739513315,106.5883,1.391900018004,0.36,-0.003481741647,27.6480151664,一般零售,2026-04-29
1843,600708,光明地产,-0.1051,1106518925.95,-12.8859891151,65.5926,-234216509.21,-17.02,92.0898,2.675904124237,-3.85,0.028269930296,5.5786402602,房地产开发,2026-04-29
1844,600686,金龙汽车,0.21,5760726009.06,17.0359254383,-29.8988,149994223.96,220.77,-32.1428,5.068279941088,4.22,0.03307690455,11.7708259413,商用车,2026-04-29
1845,600681,百川能源,0.0837,1902161716.3,-7.8563535827,25.4001,112225177.89,7.57,133.6462,2.744747300254,3.1,-0.044393440629,12.9041243669,燃气Ⅱ,2026-04-29
1846,600679,上海凤凰,0.0235,641026578.8,-2.3902581057,98.88,12095647.34,-60.58,227.1889,4.13467990337,0.5654,-0.207339761464,16.0923923518,摩托车及其他,2026-04-29
1847,600668,尖峰集团,-0.04,536980862.82,-8.0737217234,-17.0832,-18320053.22,-103.15,92.2965,13.268945756033,-0.33,-0.025316242122,17.260426795,水泥,2026-04-29
1848,600666,奥瑞德,-0.0035,120703271.09,22.6861817796,2.7983,-9693897.72,-16.3448086915,93.5138,0.398476263693,-0.9377,-0.000255042096,11.8611819719,IT服务Ⅱ,2026-04-29
1849,600657,信达地产,-0.17,434744886.61,-16.1457412239,-77.022,-472565375.05,-126.0521075915,81.5865,5.431875547062,-3.0,-0.111610200405,22.5778312852,房地产开发,2026-04-29
1850,600654,中安科,0.01,652081207.32,-12.6317052758,-7.4513,28370247.89,230.61,119.62,0.585686370879,1.74,-0.006615636871,17.530295294,软件开发,2026-04-29
1851,600633,浙数文化,0.13,873793207.02,23.6918463789,-5.9793,160030757.47,11.32,323.0055,8.207282197145,1.55,-0.133651004608,38.3992532517,游戏Ⅱ,2026-04-29
1852,600630,龙头股份,0.06,495494562.14,6.5805727595,-12.0784,24746897.3,36.33,40.1552,1.915118658583,3.09,0.044902401593,30.1098294854,服装家纺,2026-04-29
1853,600618,氯碱化工,0.178,2002620803.05,15.5611675553,-6.1613,205805291.27,-11.12,-17.6458,8.236790860068,2.16,0.121082288556,15.5626070245,化学原料,2026-04-29
1854,600613,神奇制药,0.02,422940454.91,-11.8739723676,-23.7269,12884205.7,-14.07,206.8561,4.357169353714,0.55,0.075903368246,45.1313878004,化学制药,2026-04-29
1855,600606,绿地控股,0.01,27810630596.41,-22.0701504583,-47.0357,204192515.83,182.61,101.0459,2.743106769945,0.54,-0.079284025652,8.6247206451,房地产开发,2026-04-29
1856,600605,汇通能源,0.04,41196279.8,39.8755427885,113.1653,8685823.71,-9.51,499.9314,6.923132315017,0.61,0.118129156798,48.1975993619,一般零售,2026-04-29
1857,600598,北大荒,0.327,1046868776.45,9.5432936178,-6.5985,580891321.83,7.84,404.7491,4.826947634761,7.0,3.135364749616,64.2688716767,种植业,2026-04-29
1858,600596,新安股份,0.0713,4082504670.84,12.6945527219,39.5573,96280648.02,190.61,27.5592,9.301607223276,0.77,-0.088925786211,13.2698324844,农化制品,2026-04-29
1859,600593,大连圣亚,0.1219,92656466.33,9.8909631489,18.9787,15704359.04,292.7939580059,140.5694,1.602812156771,7.8043,0.237793946414,47.2013481112,旅游及景区,2026-04-29
1860,600590,泰豪科技,0.06,961469051.29,0.5452797621,-40.5926,49335703.32,42.02,328.049,3.807355829762,1.51,-0.627915075286,15.9647370536,其他电源设备Ⅱ,2026-04-29
1861,600584,长电科技,0.16,9171039551.16,-1.757947088,-10.1088,290272770.67,42.74,-52.5302,16.075665234122,1.01,0.994125265242,14.5484097786,半导体,2026-04-29
1862,600579,中化装备,-0.07,187433379.55,-16.3400921548,-69.4097,-35270673.42,-44.7408406272,61.3546,3.075089554552,-2.3,-0.131416468567,19.2689491523,专用设备,2026-04-29
1863,600561,江西长运,-0.1,268593598.7,-20.2630925889,-34.1523,-28019809.56,-5.9845026311,-198.8797,3.20268048115,-3.03,0.148102474402,-20.558437795,铁路公路,2026-04-29
1864,600560,金自天正,0.03,128444315.01,19.5173607868,-66.532,6342972.71,-14.46,-55.8662,4.41404809862,0.64,-0.189788732078,13.6016500759,专用设备,2026-04-29
1865,600556,天下秀,0.0018,938366679.49,4.6455739653,-19.7628,3223876.21,-75.82,167.3049,2.120213995881,0.08,-0.134821271403,17.3463882444,广告营销,2026-04-29
1866,600548,深高速,0.192,1759314717.46,-0.7027197226,-45.2766,509288264.06,6.54,258.6886,9.249938141635,2.1,0.405150293506,39.3762873109,铁路公路,2026-04-29
1867,600545,卓郎智能,-0.0168,788665000.0,23.02054021,-8.1545,-30092000.0,68.5490023934,91.9752,1.46614356552,-1.2,0.034364103139,8.8718277088,专用设备,2026-04-29
1868,600538,国发股份,-0.01,82645934.61,5.1313830902,-7.3134,-7549743.87,-340.1,90.9875,1.297651492084,-1.1,-0.052757399857,23.3162438672,医疗器械,2026-04-29
1869,600531,豫光金铅,0.2273,16354190230.91,57.3225598069,11.2636,274880809.37,20.14,14.7846,5.873712112039,4.03,-0.347642389082,6.027925954,工业金属,2026-04-29
1870,600530,ST交昂,-0.008,68830001.81,-6.2417401238,-23.2285,-6306899.55,8.3921099469,-467.0654,0.405615403396,-1.99,0.01022317687,30.4777146424,食品加工,2026-04-29
1871,600525,ST长园,0.0083,1690901433.31,21.0371290157,-31.189,11000214.3,112.1125656309,101.3495,2.130830114169,0.39,-0.049770172026,32.1269607671,电网设备,2026-04-29
1872,600512,腾达建设,0.02,799612363.61,14.3181441921,-65.1578,39756537.51,-32.29,131.3707,3.882751929343,0.64,-0.258257135359,9.1490565366,基础建设,2026-04-29
1873,600503,华丽家族,-0.0032,92140617.58,16.2786243786,-56.2518,-5162942.57,-482.78,89.0895,2.153728220672,-0.1495,-0.026614015147,21.2362559465,房地产开发,2026-04-29
1874,600500,中化国际,-0.06,9697433359.19,-10.2302781724,-16.5745,-215787977.24,45.5417719868,75.8113,2.832106651314,-2.09,0.122789264091,5.8598353902,化学制品,2026-04-29
1875,600497,驰宏锌锗,0.1313,6361273541.32,23.6609521064,-7.5606,661848235.92,33.88,329.4574,3.41059646714,3.9567,0.174817017626,20.8829702609,工业金属,2026-04-29
1876,600496,精工钢构,0.0761,4844123650.84,0.5105905712,-22.8739,151384558.42,21.94,893.1693,4.697776865501,1.6,-0.042305358076,11.7526276663,专业工程,2026-04-29
1877,600495,晋西车轴,0.0004,261919012.98,-29.7583764914,-38.4995,446220.15,-94.29,-93.2758,2.714858359708,0.01,-0.101940427657,6.917840818,轨交设备Ⅱ,2026-04-29
1878,600489,中金黄金,0.49,22587526108.88,52.0092189843,-10.0046,2380516073.93,129.23,89.7186,6.766049716653,7.54,-0.44735713106,20.4655652337,贵金属,2026-04-29
1879,600479,千金药业,0.1524,970265534.34,-3.4584131275,6.5631,75003617.18,41.1,-24.1912,6.30485711843,2.45,-0.206524776408,48.9259824573,中药Ⅱ,2026-04-29
1880,600475,华光环能,0.1245,1839004399.15,-6.394659002,-25.7526,116151049.09,-9.98,168.789,9.058976328366,1.35,-0.205666647774,23.2639154717,电力,2026-04-29
1881,600468,百利电气,0.0235,567099927.67,14.4789428734,-3.9688,25531408.78,-20.15,305.6869,1.874413801655,1.26,-0.16713299162,19.8579704326,电网设备,2026-04-29
1882,600463,空港股份,0.02,260458441.02,70.4196002542,26.4105,6473403.31,72.42,116.9086,2.958770132667,0.73,-0.1698481381,19.6427554928,房地产开发,2026-04-29
1883,600455,博通股份,0.2725,77395684.14,3.9585444278,2.1887,17021636.7,7.43,2059.7185,5.478158498191,5.1017,-1.295444609017,67.0965784811,软件开发,2026-04-29
1884,600452,涪陵电力,0.08,645773567.0,-8.8652918888,-10.1442,128315295.53,42.8,31.7286,3.739463262549,2.26,0.14095763495,24.7598660507,电力,2026-04-29
1885,600444,国机通用,0.0645,140886367.1,-15.7478187133,-62.224,9450840.89,-21.27,-57.8113,5.211574295987,1.25,-0.356245257302,12.5444444014,专用设备,2026-04-29
1886,600439,ST瑞贝卡,0.0034,315654958.86,3.4380299944,-20.0778,3833067.88,-39.74,104.0948,2.224340803076,0.14,0.056715739126,41.5277266175,饰品,2026-04-29
1887,600428,中远海特,0.148,6547046512.66,26.0013983558,-0.8029,405873514.87,17.53,-10.0053,6.232676608627,2.39,0.70463029951,19.4512833567,航运港口,2026-04-29
1888,600418,江淮汽车,-0.27,11477181762.11,16.8965921305,-26.6013,-605991641.4,-171.7415460361,-125.8112,5.582508734217,-5.74,-1.731204788537,11.3576033884,商用车,2026-04-29
1889,600395,盘江股份,0.021,2500178042.11,0.7358299706,-1.2511,45324646.24,143.34,-86.9337,4.990606090507,0.425,0.216944017966,27.732613906,煤炭开采,2026-04-29
1890,600369,西南证券,0.05,791250503.26,28.9051896716,14.7808,310343485.67,26.39,-12.9789,4.003104374263,1.17,0.309567743875,,证券Ⅱ,2026-04-29
1891,600362,江西铜业,0.82,139124071797.0,25.3876597686,-6.3622,2817563002.0,44.31,154.5686,24.290149138134,3.41,1.590788573026,5.0698916333,工业金属,2026-04-29
1892,600336,澳柯玛,0.047,1865327484.69,-15.408961423,63.8492,37474797.61,-9.39,118.3293,2.836291561215,1.67,-0.072778976388,15.0518476452,白色家电,2026-04-29
1893,600327,大东方,0.021,709421791.72,-22.9636812117,17.4763,18138429.51,-54.58,106.0377,3.191927434661,0.64,0.152344242603,20.3450615705,一般零售,2026-04-29
1894,600326,西藏天路,-0.03,360134133.99,6.3496667534,-68.362,-37149983.03,70.0500204447,53.2296,2.876003792365,-0.94,-0.067415639293,1.0583456163,水泥,2026-04-29
1895,600323,瀚蓝环境,0.71,3656426784.11,40.5984871254,-12.944,578967237.55,37.83,57.2505,18.649039592701,3.88,0.59656607685,38.0066623902,环境治理,2026-04-29
1896,600283,钱江水利,0.07,519081034.15,5.6365447783,-40.6917,37815534.21,-29.78,17.5706,5.668312883677,1.2,-0.022362260083,40.8935358768,环境治理,2026-04-29
1897,600280,中央商场,-0.006,515006209.33,-20.3923318572,1.3428,-6992301.72,-471.36,97.9399,0.235604555906,-2.6,0.060050005283,55.0940500658,一般零售,2026-04-29
1898,600279,重庆港,0.0008,970997410.08,-12.5187678977,-18.7919,929822.82,110.6671079668,49.7585,5.679659965646,0.0138,0.076682239713,12.0810282213,航运港口,2026-04-29
1899,600278,东方创业,0.04,8049277016.41,-4.6758281967,6.4415,35621221.33,-35.97,58.3501,8.675532994384,0.46,-0.472598756464,3.8909565544,贸易Ⅱ,2026-04-29
1900,600262,北方股份,0.44,822105945.3,-6.6814566216,32.0946,75238665.72,18.56,119.6937,11.004673625588,4.1,2.145503371529,18.3927383866,专用设备,2026-04-29
1901,600259,中稀有色,0.51,1534932804.55,1.8967306423,29.4003,170908212.82,261.55,3638674.5482,10.885358115815,4.78,-1.268464587654,7.2246234781,小金属,2026-04-29
1902,600258,首旅酒店,0.1515,1776980372.29,0.6551658548,-2.6136,169125092.22,18.51,199.6512,10.963983069218,1.39,0.58780623411,38.209948557,酒店餐饮,2026-04-29
1903,600255,鑫科材料,0.009,1212759013.7,18.4407164777,-9.141,16460419.66,84.28,45.3983,0.817125233533,1.12,-0.061922842524,8.3747451029,金属新材料,2026-04-29
1904,600249,两面针,-0.0696,218733026.49,-8.853980967,-11.5146,-38276993.86,-170.1369473084,-180.5376,3.890033276564,-1.77,-0.016210287055,16.8796563384,个护用品,2026-04-29
1905,600239,ST云城,-0.01,342122763.53,-18.370830609,-18.2613,-23097625.26,36.94,90.7528,0.628831395673,-2.26,0.001083477725,35.7671565807,房地产开发,2026-04-29
1906,600234,科新发展,-0.0059,63891359.15,24.1102118671,-47.4572,-1549682.66,-192.15,96.7896,1.714864193689,-0.35,-0.010881759226,13.0073301313,装修装饰Ⅱ,2026-04-29
1907,600217,中再资环,-0.0156,482605950.03,-36.0440679857,-29.7967,-25906788.86,-1166.0721593218,87.7574,1.718370198646,-0.91,0.302121842914,3.6322580708,环境治理,2026-04-29
1908,600211,西藏药业,0.93,723548218.03,1.6063978811,-18.909,298709306.88,10.93,38.1927,12.099796091698,7.58,1.189662258496,92.8994875725,生物制品,2026-04-29
1909,600210,紫江企业,0.144,2314934776.61,-2.0301395501,29.9002,218383807.32,29.02,205.0224,4.556361144072,3.21,-0.121505703262,23.0267066073,包装印刷,2026-04-29
1910,600207,安彩高科,-0.1358,578198246.37,-42.8741525998,24.8109,-147921628.52,-37.9721493717,59.9807,1.72390572438,-7.54,-0.198155564771,-11.2053705172,光伏设备,2026-04-29
1911,600199,金种子酒,-0.0232,190254205.47,-35.7362065007,102.2705,-15241320.05,60.8471101507,84.4607,2.957053164307,-0.78,-0.119882243518,51.09182309,白酒Ⅱ,2026-04-29
1912,600196,复星医药,0.33,10073223477.03,6.930767594,-17.8918,870825581.84,13.87,2.7804,18.40406120857,1.78,0.4301172763,49.7009145284,化学制药,2026-04-29
1913,600189,泉阳泉,0.014,337804750.44,10.0194731807,43.162,10042501.33,96.55,204.6641,1.728690844778,0.82,0.146217299571,37.1235576133,饮料乳品,2026-04-29
1914,600188,兖矿能源,0.3955,34588720000.0,1.8306135938,-13.475,3954969000.0,42.14,213.644,7.620187973457,3.84,0.615916782308,25.9181721671,煤炭开采,2026-04-29
1915,600183,生益科技,0.48,8141455910.4,45.0885351399,4.1429,1158139324.56,105.47,30.0126,7.380355443425,6.68,0.23529812358,28.1013204296,元件,2026-04-29
1916,600180,*ST瑞茂,-0.2804,478237224.09,-90.6899482139,-91.3472,-302322620.23,-986.0,90.5673,3.950960555346,-6.76,0.003353322312,-3.8386883507,物流,2026-04-29
1917,600168,武汉控股,0.03,892300526.01,-12.6743123897,-12.8825,41295074.19,32.15,314.0029,5.453977049263,0.55,-0.202736649963,16.4391744378,环境治理,2026-04-29
1918,600167,联美控股,0.2395,1583662748.39,-6.7564998372,46.1516,532699755.22,-13.82,273.036,5.291706831451,4.53,-0.04485578383,46.2742536354,电力,2026-04-29
1919,600160,巨化股份,0.434,6017793269.71,3.747931522,-8.7804,1173009944.11,45.93,119.2064,8.005696398464,5.58,0.348592852507,34.3878472013,化学制品,2026-04-29
1920,600151,航天机电,-0.0116,721898636.02,-21.1703262429,-24.2293,-16682947.23,-49.2319825923,91.585,3.07164700717,-0.3774,-0.042077914051,10.6715199761,汽车零部件,2026-04-29
1921,600141,兴发集团,0.22,7451704589.15,3.08895468,35.0233,256623392.2,-17.37,47.7542,20.815491363394,1.14,-0.923025115243,13.6701286483,农化制品,2026-04-29
1922,600135,乐凯胶片,-0.0429,319324133.39,10.1197048896,-11.2879,-23722647.03,17.0426599025,-92.097,4.256591852999,-1.0022,-0.299284512578,13.9779633146,塑料,2026-04-29
1923,600128,苏豪弘业,0.0532,1452037257.41,-27.3314844959,-16.7369,13124501.84,288.99,1007.4264,8.574877948277,0.6101,-1.444367930704,4.3005157513,贸易Ⅱ,2026-04-29
1924,600111,北方稀土,0.2539,11858916345.03,27.6935884581,-3.3625,917740662.2,113.12,29.2707,7.076906426757,3.65,-0.0751795539,13.223781835,小金属,2026-04-29
1925,600101,明星电力,0.133,832169343.67,7.1041914867,20.527,72891267.8,0.17,1100.6352,5.765539994416,2.34,0.215944041803,11.6085100749,电力,2026-04-29
1926,600100,同方股份,-0.05,1793211775.17,-11.1850852278,-73.0725,-183481203.86,-818.6788644843,-210.8153,4.733157291401,-1.15,-0.227668020299,28.4380726695,计算机设备,2026-04-29
1927,600097,开创国际,-0.15,500923949.79,-14.1301348133,-21.3402,-35168497.71,-372.22,-362.9075,9.350279827687,-1.54,-0.39620540285,22.7744347616,渔业,2026-04-29
1928,600088,中视传媒,0.002,109923001.52,24.1061765786,-82.6588,676823.22,107.4755953546,109.2678,3.15506251315,0.05,-0.393295767984,18.1938982501,影视院线,2026-04-29
1929,600082,ST海泰,-0.0209,9361004.75,20.2472182642,136.8712,-13529823.24,1.3282439862,82.0572,2.61488392592,-0.8,0.024370255791,33.9384216208,房地产开发,2026-04-29
1930,600080,ST金花,0.011,126939200.23,18.2781441369,-20.7292,3907935.03,221.56,120.6719,4.268584543744,0.2479,-0.144497287107,78.4813635028,中药Ⅱ,2026-04-29
1931,600073,光明肉业,0.05,6169250521.93,0.2433681762,16.9329,49613465.66,-70.06,116.513,5.003951577519,1.06,-0.22506045605,8.1095947685,食品加工,2026-04-29
1932,600060,海信视像,0.453,13720609794.24,2.5803416419,-7.5981,590548362.79,6.71,-28.462,16.723943043099,2.75,0.577803632459,16.8450352729,黑色家电,2026-04-29
1933,600056,中国医药,0.1218,8188780055.69,-3.9683957108,-13.5036,182197132.89,5.58,886.7083,8.034071205575,1.53,-0.950156656102,10.6097560103,医药商业,2026-04-29
1934,600037,歌华有线,0.0486,684053566.79,50.119584262,-17.4099,67577165.28,96.73,107.3144,9.178795262147,0.53,0.026964667,19.4898511173,电视广播Ⅱ,2026-04-29
1935,600036,招商银行,1.49,86940000000.0,3.8077157288,0.9615,37852000000.0,1.52,3.9633,44.899524187153,3.37,4.990047581285,,银行Ⅱ,2026-04-29
1936,600028,中国石化,0.141,706695000000.0,-3.8975679807,5.4545,17006000000.0,28.2,831.8356,6.889643252898,2.04,-0.045961993285,19.888919548,炼化及贸易,2026-04-29
1937,600027,华电国际,0.14,30473260000.0,-9.4324228625,1.1046,1788601000.0,-9.93,587.5219,4.305463833519,3.39,0.48596596868,12.6348871109,电力,2026-04-29
1938,600025,华能水电,0.08,5762822634.53,7.0204692058,-3.2205,1543259523.33,2.32,59.9666,3.808245572679,2.1,0.201443452476,51.9886393246,电力,2026-04-29
1939,600017,日照港,0.03,1692327914.64,-7.1713673992,-21.461,95366895.44,-37.08,416.8008,4.572509121345,0.68,0.110976579531,20.3988426252,航运港口,2026-04-29
1940,600012,皖通高速,0.314,1573880798.69,-44.2151378341,17.8013,536427267.72,-2.67,34.0343,7.817672798147,4.1,0.417246706314,52.6854659781,铁路公路,2026-04-29
1941,600011,华能国际,0.25,56782594376.0,-5.8876693213,0.8336,4483918670.0,-9.83,1139.505,4.462813453956,5.78,0.792247200446,19.5211025963,电力,2026-04-29
1942,600010,包钢股份,-0.0102,13313944973.52,-13.7318819661,-27.1574,-462698658.68,-1129.0351444972,-428.0507,1.139315175396,-0.89,-0.039993237953,6.6013834292,普钢,2026-04-29
1943,600006,东风股份,0.1028,2447134394.99,-6.893040425,32.4833,205519779.33,35.91,135.3669,3.996388651415,2.6,-0.456506089525,8.1152918498,商用车,2026-04-29
1944,430719,九鼎集团,-0.01,53657711.52,-30.124259452,-72.1979,-89636855.58,-1.57,96.3675,1.059515667208,-0.56,-0.01116339907,10.6932728814,,2026-04-29
1945,420244,建车B3,-0.011,228061835.31,36.4850738418,31.2905,-1318361.7,14.51,94.4149,-1.226655489592,,0.161266085696,8.7153773331,,2026-04-29
1946,400293,万方3,-0.0139,5964836.35,-94.0973942066,-91.6035,-4315890.51,-71.14,89.7628,0.272816122621,-2.9,-0.012675903334,3.3056147467,,2026-04-29
1947,400291,立方3,-0.0096,3335834.07,-92.3540166843,-86.9313,-6174338.36,64.38,95.6267,0.057128224584,-15.22,-0.002595876414,25.0466465798,,2026-04-29
1948,400214,世茂3,-0.03,407627095.51,-84.4256155641,-58.1954,-93062371.76,-277.0183476974,98.9175,-4.068107296318,,-0.001457311904,46.962015533,,2026-04-29
1949,400199,阳光城3,-0.22,1267162336.15,88.6372849633,-87.5412,-928924541.73,18.2894907527,92.87,-9.937710886533,,0.045146935305,8.6389400282,,2026-04-29
1950,400195,泰禾3,-0.29,324636205.01,-28.8975615245,-96.2783,-710951230.74,29.9609069526,96.5369,-20.308386080965,,-0.0011692606,40.7019502141,,2026-04-29
1951,400165,蓝光3,-0.3099,302213893.9,-56.9087754534,-77.2629,-940427456.74,10.2877635656,88.433,-20.512957988591,,-0.004574177088,4.0209795894,,2026-04-29
1952,400134,金刚5,0.0036,103323627.43,46.6264067272,,3810716.77,139.17,,1.052051184799,0.35,0.038961394429,38.0063268361,,2026-04-29
1953,400093,千山3,-0.03,24408456.71,31.5821200176,-14.4003,-9882204.44,35.45,94.0106,-13.832551772336,,-0.003958805668,13.1589125366,,2026-04-29
1954,400082,华锐5,-0.007,240041973.56,-43.7664699587,-57.792,-42306358.68,-1272.98,-994.8394,0.288821966061,-2.4,-0.04416420562,22.9574406979,,2026-04-29
1955,302132,中航成飞,0.0721,5946010407.01,79.7116003616,-78.0369,192737554.94,23.16,-84.7416,8.017079703655,0.9,0.864462760943,9.706345238,航空装备Ⅱ,2026-04-29
1956,301696,三瑞智能,0.36,334270199.35,72.634811722,25.7429,130284958.79,57.53,25.496,3.591686234861,10.06,0.084726791667,58.5970691437,航空装备Ⅱ,2026-04-29
1957,301687,新广益,0.1794,149229886.5,5.217094435,-17.7532,26354231.94,7.08,19.8717,10.442553981915,1.73,0.300879014394,30.8072675509,塑料,2026-04-29
1958,301683,慧谷新材,1.293,276246741.88,15.6932750732,5.7743,61207846.76,7.94,27.0268,37.647128030274,5.02,-0.00451423386,42.9989436732,化学制品,2026-04-29
1959,301668,昊创瑞通,0.073,169122583.65,-22.4135071903,-16.4465,8027984.83,-75.83,-36.8545,9.200788030455,0.8,0.217836136455,18.6136676726,电网设备,2026-04-29
1960,301667,纳百川,0.06,428023428.56,26.9450893804,-25.2549,7247714.51,-51.31,-81.1061,11.547384244056,0.56,-0.891583675772,8.7354020073,汽车零部件,2026-04-29
1961,301666,大普微,0.94,1309718884.22,340.9545147468,27.8106,369892231.18,398.88,1023.0624,2.042981218642,60.71,0.761488779228,37.5563712684,计算机设备,2026-04-29
1962,301662,宏工科技,0.95,472012884.1,82.0519782595,-52.6552,76044591.23,338.62,149.6568,19.363725664875,5.03,-1.59511489375,28.2162150137,电池,2026-04-29
1963,301658,首航新能,-0.08,658300870.84,0.5362085911,-20.5318,-34888537.59,-166.47,-181.6926,7.732433267159,-1.09,-0.651447125294,24.9716862899,光伏设备,2026-04-29
1964,301638,南网数字,0.0243,1018297121.66,77.7901913767,-77.0555,77190775.57,654.19,-83.6344,3.529042889758,0.69,-0.170410499664,33.2929736045,IT服务Ⅱ,2026-04-29
1965,301636,泽润新能,0.0044,177668702.71,-17.9083982204,-9.6569,279514.43,-99.15,101.4156,16.609550876816,0.03,-1.12508023563,12.3125812236,光伏设备,2026-04-29
1966,301633,港迪技术,-0.21,78084071.93,28.4707170641,-54.9637,-11958308.83,-130.33,-141.5403,16.709479513111,-1.28,-1.416170239404,24.0801067814,自动化设备,2026-04-29
1967,301631,壹连科技,0.77,1316160785.59,37.3727395663,-19.8678,70645279.27,17.45,-2.266,29.167565418996,2.69,0.158425093678,15.2036358324,汽车零部件,2026-04-29
1968,301618,长联科技,0.0694,147397391.71,8.5784686834,-10.7894,6262445.05,-61.45,-8.7126,10.508553452686,0.66,0.191600202337,25.9351290864,化学制品,2026-04-29
1969,301602,超研股份,0.02,66326362.83,-32.617362469,-56.3369,9114755.65,-76.82,-84.8032,3.197314401088,0.67,0.069251225711,69.5597547362,医疗器械,2026-04-29
1970,301600,慧翰股份,0.3923,267225320.42,23.546517954,-1.4006,41002420.75,-5.3,75.8833,12.14830720747,3.11,-0.322580355327,26.82232764,计算机设备,2026-04-29
1971,301599,理奇智能,0.17,546219359.62,-14.0502265786,-16.5947,63713482.69,-25.24,-29.7061,3.507982666821,5.08,0.262385382244,24.969147193,自动化设备,2026-04-29
1972,301590,优优绿能,-0.11,221928028.73,-38.4480491067,-29.9384,-4663316.1,-107.6,71.9431,46.080379679485,-0.24,-1.569763622815,23.5482622898,其他电源设备Ⅱ,2026-04-29
1973,301588,美新科技,0.09,250933562.55,17.9823057873,17.8208,10768435.02,-33.32,392.9003,7.96919402675,1.03,0.087856780654,30.3410315967,家居用品,2026-04-29
1974,301586,佳力奇,0.0452,68165305.16,-62.6133848396,-65.7817,3749696.66,-65.93,-74.7535,15.6239562326,0.29,1.08292470092,20.8480845008,航空装备Ⅱ,2026-04-29
1975,301585,蓝宇股份,0.13,108760080.54,14.4338711161,-26.9871,13688120.33,2.34,-41.2187,9.656474985865,1.38,-0.145979871154,30.6703233433,化学制品,2026-04-29
1976,301580,爱迪特,0.359,257451303.1,25.346281335,-10.6798,38255203.65,22.33,-30.0452,20.355574577122,1.78,0.061160441583,55.9699443564,医疗器械,2026-04-29
1977,301568,思泰克,0.2577,112421522.86,45.5563398038,-33.9124,26434195.01,44.18,-22.152,10.351714811289,2.5,0.275603511094,50.8792886494,自动化设备,2026-04-29
1978,301565,中仑新材,0.08,584452076.84,21.9069527445,-0.7872,31790403.8,5.1,178.5133,6.10484279728,1.31,0.115016559611,12.6907389244,塑料,2026-04-29
1979,301560,众捷汽车,-0.03,263611875.17,5.1918002143,3.505,-4206510.35,-120.65,-356.2067,7.929697253783,-0.43,-0.322550009786,17.4890673003,汽车零部件,2026-04-29
1980,301558,三态股份,0.0181,384198230.92,-4.633735587,-12.7278,14245044.17,1.72,-15.1764,1.753420323581,1.03,-0.019631691995,36.4089568021,互联网电商,2026-04-29
1981,301522,上大股份,0.0648,604769500.77,3.8983633963,0.4575,24088439.38,6.04,0.6413,5.217540448147,1.25,-0.505799600936,12.160569671,金属新材料,2026-04-29
1982,301510,固高科技,0.06,155591683.42,50.1237435721,-11.7396,22062369.82,183.06,20.3067,3.627673996,1.53,0.040483656559,47.2165711465,自动化设备,2026-04-29
1983,301503,智迪科技,0.06,392077349.58,28.6475105891,-15.3629,4555546.33,-83.42,-84.4435,13.71625322925,0.42,0.929765735625,14.10265821,计算机设备,2026-04-29
1984,301502,华阳智能,0.16,119890659.48,5.9414035167,42.9384,9203230.93,16.98,380.2797,14.668062433628,1.11,-0.179432826649,18.4774351697,电机Ⅱ,2026-04-29
1985,301499,维科精密,0.0942,236498433.3,4.4730548595,-12.2275,13026896.76,8.48,-31.3736,9.449071103942,1.0,0.366093681361,17.6703104147,汽车零部件,2026-04-29
1986,301486,致尚科技,-0.05,265972110.22,-0.0601148613,6.7701,-6071896.05,-125.74,91.2175,19.853201605179,-0.24,-0.362672939155,24.7284343782,消费电子,2026-04-29
1987,301398,星源卓镁,-0.1397,112373884.4,27.2093469493,-17.7243,-15651940.63,-192.4,-1774.8716,9.840679511429,-1.39,-0.174606607768,10.6089710378,汽车零部件,2026-04-29
1988,301396,宏景科技,0.1971,376876895.56,7.0111353846,135.4839,30257426.78,39.75,137.3224,8.065424512222,2.47,1.668591706523,34.2293276106,IT服务Ⅱ,2026-04-29
1989,301391,卡莱特,0.08,130031195.78,23.1729883323,-22.3615,7335893.33,132.8,19.0233,22.050436725596,0.35,0.469870834874,47.7214977358,计算机设备,2026-04-29
1990,301383,天键股份,-0.21,398239113.41,-8.5944109451,7.0186,-34443669.24,-1089.91,-47.9431,11.937338708473,-1.75,0.08842134324,11.1980319583,消费电子,2026-04-29
1991,301380,挖金客,0.11,281112152.88,9.9251894729,-6.7551,11317784.76,-33.7,-30.5963,7.45073152747,1.51,-0.117575945633,13.2457000875,通信服务,2026-04-29
1992,301376,致欧科技,0.19,2314090289.85,10.655571703,-11.6534,75184341.07,-32.2,17.3622,8.537817300004,2.21,1.262214772505,35.0496836034,家居用品,2026-04-29
1993,301370,国科恒泰,0.003,1567772898.15,-9.8146549721,-4.0463,1244026.72,113.9,56.7236,5.330291816511,0.05,0.225018381577,9.23574119,医疗器械,2026-04-29
1994,301365,矩阵股份,-0.09,93034194.71,-14.5097757907,-59.7231,-15550183.82,-502.94,-162.5401,9.784898616889,-0.88,-0.088309261222,12.0822354028,工程咨询服务Ⅱ,2026-04-29
1995,301362,民爆光电,0.21,390994519.34,-3.0798557122,-11.0151,22131081.35,-63.29,-35.4956,24.369954528614,0.87,0.789773442725,26.0501780158,照明设备Ⅱ,2026-04-29
1996,301356,天振股份,0.18,352755617.95,-14.4303906793,1.953,38661739.83,40.73,3980.7345,13.84022700088,1.29,0.011399098241,21.8806654359,家居用品,2026-04-29
1997,301355,南王科技,0.01,457188552.62,21.7791330932,0.6996,1906525.08,-73.39,105.56,7.56374892618,0.13,0.061883801862,14.3775323471,包装印刷,2026-04-29
1998,301353,普莱得,0.15,261677623.47,15.1313616948,11.8796,14695305.55,-17.27,30.5581,13.397153349108,1.12,0.071766653936,27.2596327588,通用设备,2026-04-29
1999,301345,涛涛车业,1.62,1058983223.36,65.6578863997,-9.3817,176302756.48,104.5,-15.9601,34.651525774484,4.77,2.338341160284,40.9020272234,摩托车及其他,2026-04-29
2000,301336,趣睡科技,0.2,43020741.24,-42.7657181237,-66.3856,8070855.24,-15.75,-9.4931,21.06464373825,0.96,-0.04692968775,30.2988356414,家居用品,2026-04-29
2001,301330,熵基科技,0.054,450896341.86,8.995165704,-38.3585,12645835.45,-57.08,-85.3798,14.749655943757,0.36,0.026915643768,52.3500559566,计算机设备,2026-04-29
2002,301329,信音电子,0.17,285307950.81,45.2665411988,28.4421,28538389.92,106.66,128.2067,9.32789432832,1.81,0.181921630024,22.0347272032,消费电子,2026-04-29
2003,301326,捷邦科技,-0.2054,308668296.8,86.3272130081,-9.5743,-14931258.27,-32.79,56.2163,16.984466707536,-1.2,0.107607341207,28.4689393796,消费电子,2026-04-29
2004,301325,曼恩斯特,-0.28,68108029.13,-84.4537570874,-43.8284,-40960643.1,-831.44,44.9438,18.389011390157,-1.43,-2.63601358054,36.577572686,电池,2026-04-29
2005,301320,豪江智能,0.01,258700522.17,22.6751685555,11.6949,2066334.16,-87.28,126.6149,5.791226618153,0.2,-0.212610166694,22.6439616506,自动化设备,2026-04-29
2006,301317,鑫磊股份,-0.13,196350813.87,53.8411688181,-35.7241,-19416339.03,-104.93,80.2371,7.803448542337,-1.57,-0.3894383025,21.4609766262,通用设备,2026-04-29
2007,301316,慧博云通,0.0192,615046153.44,21.6081239646,-1.5052,7663937.37,84.11,-67.6662,2.743811656634,0.7,-0.312581581064,17.6722257837,IT服务Ⅱ,2026-04-29
2008,301313,凡拓数创,-0.24,141661420.7,6.2608819393,-32.929,-25134602.44,-11.12,34.8625,6.237991231221,-3.84,-0.447911173437,30.2147391213,数字媒体,2026-04-29
2009,301312,智立方,0.12,192584067.62,19.9713587008,89.0289,14407060.34,-42.15,165.3891,10.193964168707,1.17,-0.227408846722,28.8318768609,自动化设备,2026-04-29
2010,301300,远翔新材,0.2012,118432569.95,6.5033256994,-22.0426,12671256.62,-25.58,-48.8161,12.962919148687,1.52,0.237984218654,23.9452571721,橡胶,2026-04-29
2011,301297,富乐德,0.13,757799207.81,2.6855655698,5.1173,96905508.23,46.26,-49.5145,7.298283803735,1.79,0.018332303871,31.3429264681,半导体,2026-04-29
2012,301295,美硕科技,0.2,226011755.78,20.9582658452,32.5615,20232817.97,147.27,879.7765,9.687019910218,2.09,-0.422255978274,21.6281757032,电网设备,2026-04-29
2013,301293,三博脑科,0.07,445187630.46,13.1428767337,-1.4813,15034405.16,-60.76,2610.9911,11.44496861275,0.64,0.189646391449,20.521966528,医疗服务,2026-04-29
2014,301291,明阳电气,0.08,962421346.25,-26.2836318696,-43.6926,24606702.58,-78.08,-79.6244,16.220456670692,0.49,-1.201974753171,17.7467210329,电网设备,2026-04-29
2015,301286,侨源股份,0.1538,275409685.75,7.5341715822,-1.9411,60982155.81,10.01,18.3169,5.06392078128,3.06,0.194141535791,33.1703472923,化学制品,2026-04-29
2016,301283,聚胶股份,0.5,588109885.51,16.9157123302,-4.0934,39747150.88,11.91,-19.4968,21.325397698659,2.33,1.478376570432,20.1203017132,化学制品,2026-04-29
2017,301280,珠城科技,0.42,555341813.71,23.851600158,24.8325,56393095.11,4.58,17.7672,14.450078760922,2.9,-0.23730603807,24.291154055,家电零部件Ⅱ,2026-04-29
2018,301278,快可电子,0.0629,257920857.66,12.9367172736,-9.6053,5642632.86,-45.23,1067.7644,15.873546872885,0.4,-0.682848574293,11.4810957472,光伏设备,2026-04-29
2019,301260,格力博,0.2806,1881555376.01,22.5379189287,53.2598,135590177.06,-23.76,150.9424,8.926739868283,3.17,-1.640218271905,36.1769083115,专用设备,2026-04-29
2020,301259,艾布鲁,0.0619,43351928.6,-24.1180209767,-40.4905,9649376.17,13.39,-74.2673,5.675493737115,1.1,0.168392464167,37.9587053481,环境治理,2026-04-29
2021,301257,普蕊斯,0.15,194029658.77,9.9524269596,-16.9012,12024191.32,61.8,-45.9746,16.220908687665,0.94,-0.399813972372,16.3470529666,医疗服务,2026-04-29
2022,301246,宏源药业,0.3638,703525713.02,62.3063492401,13.0357,144347585.08,1524.43,20.1359,11.520950716213,3.19,-0.026228336318,32.0023467506,化学制药,2026-04-29
2023,301231,荣信文化,-0.1442,84756299.03,3.3971490207,-8.7325,-11914242.3,-4670.88,8.6412,9.623740824408,-1.45,-0.517569916588,41.0783313435,出版,2026-04-29
2024,301230,泓博医药,0.17,172285876.53,1.6861015163,-0.9565,23779249.5,98.59,5328.3697,7.378584525714,2.34,0.213111246312,31.9206107359,医疗服务,2026-04-29
2025,301227,森鹰窗业,-0.23,71213266.77,11.6046503373,-58.539,-21104202.1,-164.61,24.032,16.838962133875,-1.31,-0.037553769748,12.1890653999,家居用品,2026-04-29
2026,301220,亚香股份,0.13,318015145.89,21.5728865678,20.0878,15777121.99,-80.8,395.2637,15.469977880629,0.84,0.415919524941,22.9813322996,化学制品,2026-04-29
2027,301215,中汽股份,0.0353,140796845.68,11.2696007888,-1.7227,46679174.76,14.35,-11.5009,2.243418372483,1.58,0.01457260562,60.910231004,汽车服务,2026-04-29
2028,301210,金杨精密,0.22,541398232.94,67.0308226062,-5.1096,25467967.85,172.67,46.8932,16.437726838076,1.36,-0.070160372087,13.413545882,电池,2026-04-29
2029,301206,三元生物,0.13,224781048.39,49.6495696745,29.6056,26091444.3,4.73,8.6605,21.08016215419,0.61,0.308025368354,16.6642475326,化学制品,2026-04-29
2030,301205,联特科技,0.0235,213359674.81,-9.5648764936,-48.0762,3045822.79,-83.71,-85.6941,12.548142081484,0.19,-0.833446212465,43.4381483251,通信设备,2026-04-29
2031,301199,迈赫股份,0.1018,256222554.64,-25.132224641,-15.8919,18998123.1,-53.76,89.7687,10.404929087724,0.98,-0.007769027781,24.437158539,自动化设备,2026-04-29
2032,301196,唯科科技,0.5695,610153167.42,13.0977693746,16.3533,71354041.38,-7.8,105.3565,26.676424798823,2.14,1.016934586748,29.4120576115,塑料,2026-04-29
2033,301185,鸥玛软件,0.02,23466384.07,-23.4464527018,-53.1409,3826671.78,-60.76,-72.115,7.089934513315,0.35,-0.15676410653,73.1954930456,IT服务Ⅱ,2026-04-29
2034,301179,泽宇智能,0.06,180869605.22,11.5426470726,-69.9344,25466354.44,110.17,-72.1408,6.277332181683,1.01,0.076587904714,29.93436286,电网设备,2026-04-29
2035,301175,中科环保,0.0584,487131604.89,18.2623503182,-18.8557,85995024.72,10.71,3.2685,2.580646584402,2.29,0.0537096387,36.111822496,环境治理,2026-04-29
2036,301168,通灵股份,0.02,215123743.03,-48.7024843951,-16.1703,2605926.65,-87.52,113.6254,17.716463301,0.12,0.414189352833,12.7132217554,光伏设备,2026-04-29
2037,301155,海力风电,0.06,80045706.75,-81.6613901478,-91.7546,13393792.15,-79.03,4935.8293,26.59887877178,0.23,-0.28838454569,18.5874483018,风电设备,2026-04-29
2038,301149,隆华新材,0.11,1988882005.1,31.774295222,6.6283,46682933.42,-18.28,10.796,4.913071662011,2.24,-0.074900777074,4.923615312,化学制品,2026-04-29
2039,301139,*ST元道,0.01,360827188.05,17.6433648986,-18.6231,787475.68,-92.6,108.9544,15.997057025205,0.04,0.250997614837,7.2750863265,通信服务,2026-04-29
2040,301133,金钟股份,0.06,263649231.01,12.7072280693,-20.9303,6710006.46,-38.55,119.9967,11.309502655643,0.5,0.251085455293,17.2733318264,汽车零部件,2026-04-29
2041,301132,满坤科技,0.12,406649503.96,19.3829217546,-4.2166,18123383.55,-35.71,3.9411,12.398995707427,0.99,-0.229283644831,17.8609464472,元件,2026-04-29
2042,301131,聚赛龙,0.1722,364287084.44,1.113626872,-23.5254,9259144.04,-41.41,288.8962,20.274538429894,0.86,0.361702453493,12.2511969395,塑料,2026-04-29
2043,301130,西点药业,0.1201,55925260.77,7.0971210966,21.8547,9184829.82,10.74,181.6695,11.534101720923,1.01,0.195583351837,72.9262464197,化学制药,2026-04-29
2044,301123,奕东电子,0.04,608679983.2,38.3011815988,0.239,9489858.5,254.66,109.9337,11.947149422136,0.32,-0.288232754773,22.0581491384,消费电子,2026-04-29
2045,301122,采纳股份,0.11,141348102.51,94.4017091771,27.4341,13109283.28,70.69,598.6038,15.146040045529,0.71,0.168271730027,26.8013164431,医疗器械,2026-04-29
2046,301112,信邦智能,0.02,73664947.65,-21.4183599494,-30.5268,1761177.76,-85.14,102.2097,10.100233312807,0.16,-0.139822563587,27.6361582672,自动化设备,2026-04-29
2047,301105,鸿铭股份,-0.078,30839005.11,-34.1199458138,-26.8674,-3899172.61,-196.67,56.3271,16.3425170356,-0.48,-0.1349320084,14.9225712814,专用设备,2026-04-29
2048,301092,争光股份,0.13,126196318.14,-5.15188232,-24.0257,17681635.49,-27.05,-16.6196,14.694906848823,0.9,0.127229122882,32.4531357678,塑料,2026-04-29
2049,301085,亚康股份,0.28,360190186.43,26.8665761369,-15.6832,23726531.52,38.61,116.3514,11.009376545789,2.45,-0.998375466051,18.5049074659,IT服务Ⅱ,2026-04-29
2050,301075,多瑞医药,-0.18,32431205.53,-34.4073956705,88.79,-13967969.05,10.45,37.7599,7.712889120625,-2.46,-0.4581563425,7.5394206291,化学制药,2026-04-29
2051,301073,君亭酒店,0.03,165821018.88,2.2375226254,-0.8137,6719601.02,135.24,-49.0223,4.554882631488,0.76,0.304140206425,31.9749167434,酒店餐饮,2026-04-29
2052,301067,显盈科技,-0.06,126445982.4,-24.1001142979,-27.9753,-6250726.45,-225.87,88.5197,7.912258991629,-0.81,-0.148504602719,17.9900806876,消费电子,2026-04-29
2053,301062,上海艾录,-0.0046,268341311.7,-5.5520953796,-8.2742,-1977716.38,-354.11,97.3526,3.128161641079,-0.15,0.120785544843,19.788482412,包装印刷,2026-04-29
2054,301061,匠心家居,0.76,744886964.86,-3.5760210336,-14.1499,166418901.96,-14.26,-16.7677,19.932738789953,3.88,0.562701621893,38.1307718874,家居用品,2026-04-29
2055,301060,兰卫医学,0.09,287160602.0,-18.161042142,-16.9906,36913244.73,556.8,222.7222,3.959374050814,2.36,0.255005165998,27.3287063906,医疗服务,2026-04-29
2056,301053,远信工业,0.2,187033429.95,4.6468703411,-9.1617,16879580.84,35.57,784.4505,9.738444807048,2.29,-0.560653151874,26.5390385683,专用设备,2026-04-29
2057,301051,信濠光电,-0.2691,298843554.18,-29.0290576209,-10.837,-54643623.03,48.08,74.3543,9.607711526344,-2.38,0.087646789759,2.0725732154,消费电子,2026-04-29
2058,301048,金鹰重工,0.0884,575955212.81,23.7183332675,-48.9169,47150819.24,34.81,-38.5607,5.37276753916,1.66,0.496872952397,20.0741858427,轨交设备Ⅱ,2026-04-29
2059,301047,义翘神州,0.2643,183424741.43,18.1091700949,-2.4957,32147780.72,42.02,-14.4012,43.887749369759,0.6,0.382135385622,75.4633919889,生物制品,2026-04-29
2060,301043,绿岛风,0.28,130207265.33,5.6908635546,6.6017,18939256.46,8.83,177.9102,12.708965552059,2.22,-0.048259425882,32.7941612565,通用设备,2026-04-29
2061,301038,深水规院,-0.1545,83131925.17,-13.8732246706,-72.5451,-34472515.35,-17.01,-193.4149,4.017034896808,-3.77,-0.475632373274,-11.7986041583,工程咨询服务Ⅱ,2026-04-29
2062,301026,浩通科技,0.404,1789679790.1,150.1342687335,-5.7139,64143019.24,159.16,12.3197,10.709944832501,1.92,3.428488802775,5.3117282408,小金属,2026-04-29
2063,301024,霍普股份,-0.3012,12599484.91,-18.3902391891,-82.7723,-19152311.7,-117.02,63.1153,5.316091633876,-5.51,-0.107635649288,-21.7663625108,工程咨询服务Ⅱ,2026-04-29
2064,301019,宁波色母,0.18,128140075.83,19.8118495706,3.1616,29257332.51,16.43,6.5757,6.911465823954,2.6,0.055528255539,37.2540188858,塑料,2026-04-29
2065,301018,申菱环境,0.11,617158503.38,-1.8018961377,-63.7306,28305819.43,-47.71,-57.5548,10.372749829353,1.03,-0.726745383818,20.5955389975,通用设备,2026-04-29
2066,301017,漱玉平民,0.03,2601188324.65,9.3571613923,-9.7416,10357713.12,-59.58,103.6597,5.027229571668,0.51,0.134510104877,25.9409415983,医药商业,2026-04-29
2067,301016,雷尔伟,0.0119,40432911.86,-8.0014612794,-69.6406,2606508.18,-29.3,-90.0066,4.723560538553,1.01,-0.14707346978,36.8485772224,轨交设备Ⅱ,2026-04-29
2068,301015,百洋医药,0.24,1783828902.3,-3.0988504126,-5.0857,123942333.77,45.79,7207.0548,4.735487141678,5.11,0.043599271062,39.4790639109,医药商业,2026-04-29
2069,301007,德迈仕,0.06,158882125.06,5.2951105577,-6.0089,8863639.59,-18.48,-33.6802,4.291917253424,1.36,0.067190180188,21.0579554165,汽车零部件,2026-04-29
2070,301006,迈拓股份,0.0243,53949511.23,2.4407296698,-62.4112,3349374.31,-58.33,-91.2118,9.466057580916,0.25,-0.057327721353,41.4819726996,通用设备,2026-04-29
2071,301004,嘉益股份,0.42,424496178.04,-41.0017529883,-19.004,61416604.23,-59.55,-11.8111,12.314824140103,3.36,0.496127358899,25.4818471322,家居用品,2026-04-29
2072,300998,宁波方正,0.0182,275138966.63,-7.7678263521,-28.1338,2474744.6,-60.67,-94.9866,9.3932547879,0.19,0.397189597259,12.4880528232,汽车零部件,2026-04-29
2073,300994,久祺股份,0.06,747433030.09,8.2837274078,-24.6105,17066084.55,-58.21,-8.8837,5.287193819587,1.39,-0.277321753801,13.6554641715,摩托车及其他,2026-04-29
2074,300992,泰福泵业,-0.0983,170879484.68,2.6020740079,-43.0495,-9053605.08,-141.51,-621.8148,9.061724849912,-0.99,-0.111594204517,18.3061959068,通用设备,2026-04-29
2075,300985,致远新能,0.0603,484470886.84,14.1191319101,-1.5122,11249691.85,-49.61,112.6496,4.739435236023,1.27,0.220785455161,9.9983861086,通用设备,2026-04-29
2076,300984,金沃股份,0.12,323958196.3,9.4464904644,2.4621,14649630.8,19.0,34.9501,8.731499974809,1.38,-0.134268476711,16.1777194492,通用设备,2026-04-29
2077,300982,苏文电能,-0.0411,202791719.8,-51.6767022161,-21.8186,-8467945.42,-123.03,79.7243,13.766510232018,-0.3,0.073066368769,15.7332607522,基础建设,2026-04-29
2078,300980,祥源新材,0.13,148528513.78,25.2732872943,-9.2028,17317191.07,140.94,91.3116,10.310220170111,1.22,0.157372796438,27.2039652331,塑料,2026-04-29
2079,300979,华利集团,0.33,4314565742.73,-19.4012574699,-31.5205,384040571.26,-49.6,-50.2009,14.047588477241,2.35,0.428206940634,17.8746440953,纺织制造,2026-04-29
2080,300972,万辰集团,3.32,16634411669.22,53.7251920719,11.664,629777679.81,193.12,28.6257,10.540691518528,34.51,4.392868821418,12.8688790353,休闲食品,2026-04-29
2081,300969,恒帅股份,0.36,238623592.72,17.6458513585,-10.8824,40156898.38,-3.93,6.8401,12.96978805721,2.8,0.559949738553,30.3582255611,汽车零部件,2026-04-29
2082,300966,共同药业,0.03,161937521.77,16.3208782685,7.1675,3198531.68,195.59,107.8157,6.35896790535,0.39,0.000883701565,22.8439217148,化学制药,2026-04-29
2083,300965,恒宇信通,-0.0565,25901754.68,-38.5154352803,-51.9045,-3391269.55,-166.15,-132.8171,20.634214986167,-0.27,-0.450688118,48.0981456813,航空装备Ⅱ,2026-04-29
2084,300964,本川智能,0.1555,235381216.93,38.0637383916,-10.2912,11940636.51,15.46,999.9048,13.370212796609,1.17,-0.78010256709,19.2597553837,元件,2026-04-29
2085,300962,中金辐照,0.0895,86342247.66,0.8295056096,0.1853,23631235.73,-8.41,-17.827,3.985269477742,2.27,0.088468631875,59.223219902,专业服务,2026-04-29
2086,300961,深水海纳,-0.149,68722581.67,-10.9361204693,-37.045,-26422467.19,-358.78,82.8346,3.119613879343,-4.67,0.045276528599,26.0002517161,环境治理,2026-04-29
2087,300959,线上线下,-0.03,102028929.41,-47.0200824075,-6.1093,-2149347.21,-120.87,85.1246,13.751352968229,-0.19,-0.230712308537,7.4609069545,通信服务,2026-04-29
2088,300953,震裕科技,1.65,2968933164.41,65.6083257413,-5.5375,281791536.49,286.75,179.0204,27.281280579753,6.15,0.308502534138,15.8136143362,电池,2026-04-29
2089,300949,奥雅股份,-0.05,79498013.04,-10.596847064,-29.7867,-2879934.62,69.12,97.1101,9.385139670667,-6.22,-0.421099355667,47.0174083611,基础建设,2026-04-29
2090,300948,冠中生态,0.0007,23131201.3,1.3105838014,-49.9455,111345.3,102.98,100.2558,5.945102739747,0.01,-0.091936338663,36.7421919414,基础建设,2026-04-29
2091,300947,德必集团,-0.01,289413375.7,-3.0714598453,-7.4681,-1912344.3,-195.25,97.1844,7.804845096289,-0.16,1.15362388057,27.6423447488,一般零售,2026-04-29
2092,300940,南极光,0.0281,140687062.37,-24.3277624022,-20.6286,6245567.75,-78.99,128.8998,5.272943959976,0.53,0.180778893886,27.0296893257,光学光电子,2026-04-29
2093,300937,药易购,-0.0323,1113920597.0,-2.0827874555,-8.083,-2720169.6,-165.02,39.4849,8.55144216834,0.04,0.746250102099,10.1517016881,医药商业,2026-04-29
2094,300933,中辰股份,0.0302,1025555575.91,57.8061674905,61.378,16522869.72,10.86,137.1838,3.882355302401,0.78,-0.642490956715,10.5677115035,电网设备,2026-04-29
2095,300923,研奥股份,0.02,82803973.46,-10.2608601605,-34.1234,1674535.28,-63.43,-81.1754,14.570293097964,0.15,0.314691098092,27.764613749,轨交设备Ⅱ,2026-04-29
2096,300919,中伟新材,0.52,15750026202.45,46.0036837934,6.1145,555307634.59,80.54,22.163,22.771283794106,2.29,0.022318464356,12.4210570397,电池,2026-04-29
2097,300915,海融科技,0.15,271482865.53,13.0917871705,1.4974,18353019.65,153.72,799.3877,12.20769455191,1.2,0.012164802325,30.0618340648,饮料乳品,2026-04-29
2098,300911,亿田智能,-0.1931,21805011.2,-62.1321298862,-76.6058,-35407609.8,16.97,41.9622,5.911363980428,-3.06,-0.087044213898,-38.4675900098,厨卫电器,2026-04-29
2099,300909,汇创达,0.06,376743682.12,28.5680320959,-3.9992,10516564.97,100.28,124.4855,11.51755200094,0.53,0.020168286632,25.0369639377,光学光电子,2026-04-29
2100,300904,威力传动,-0.35,228963533.81,107.5435609803,-4.1492,-24909406.21,-41.97,30.5661,8.072153942642,-4.11,0.414042652586,11.6267513115,风电设备,2026-04-29
2101,300900,广联航空,0.04,239642637.15,-9.8047247984,1.4222,10535906.41,-77.07,108.8083,5.907567680344,0.56,-0.262723397688,24.3382257488,航空装备Ⅱ,2026-04-29
2102,300892,品渥食品,-0.02,188471704.2,6.7756309347,-6.6671,-1752181.27,-129.68,75.4312,10.3730784826,-0.17,-0.1335310213,20.1264471985,饮料乳品,2026-04-29
2103,300891,惠云钛业,-0.0191,489523164.61,1.6167444729,19.6586,-7605595.02,-174.15,85.2017,3.019576233394,-0.6,0.32730893758,8.9724456788,化学原料,2026-04-29
2104,300885,海昌新材,0.0971,155591490.68,123.2706708964,141.1903,24086776.11,36.71,90.9038,3.68633789233,2.67,0.10125071424,34.9396387826,通用设备,2026-04-29
2105,300881,盛德鑫泰,0.4,760057538.55,12.428773694,-7.8237,43886839.63,-11.17,-54.4711,11.253739959182,3.61,-1.216562596182,12.9650919611,特钢Ⅱ,2026-04-29
2106,300878,维康药业,0.012,69661950.22,-0.1633629913,-5.8048,1743206.76,117.69,101.6845,6.29999461435,0.19,-0.144325542214,59.499418232,中药Ⅱ,2026-04-29
2107,300872,天阳科技,0.02,445801622.92,-8.4236501291,71.0369,7540714.7,-70.54,103.8492,7.60759962333,0.21,-0.667434378695,25.9476376583,IT服务Ⅱ,2026-04-29
2108,300861,美畅股份,0.29,591156589.32,39.7059347048,-7.8047,194278961.56,634.0,123.8523,9.836831020279,2.98,-0.142084634128,39.066380215,通用设备,2026-04-29
2109,300853,申昊科技,-0.22,46144800.14,258.6995704717,-73.0978,-32394686.81,19.21,50.1333,3.489368159882,-4.96,0.203171863142,7.3878044539,电网设备,2026-04-29
2110,300850,新强联,0.36,886439529.21,-4.309079466,-12.2263,149586474.1,-12.25,-3.065,17.268098278972,2.11,0.471868689954,28.9106947395,风电设备,2026-04-29
2111,300844,山水比德,-0.42,61140036.1,-31.1680799566,-64.0845,-39150350.02,-629.6,-447.3371,8.208162068205,-4.99,-0.330269629683,0.4968265958,工程咨询服务Ⅱ,2026-04-29
2112,300842,帝科股份,0.1,6566820161.18,61.9029351378,23.379,14502406.76,-58.12,104.7408,11.04380308499,0.91,-1.752056768782,11.1748602683,光伏设备,2026-04-29
2113,300838,浙江力诺,0.01,186885967.26,13.5228983693,-19.6039,1298855.5,-79.49,103.4128,6.893313524547,0.14,-0.106370477395,16.7365762548,通用设备,2026-04-29
2114,300834,星辉环材,0.11,237586339.64,-26.1750873162,-22.0554,20935860.26,13.93,96.3004,14.861252297524,0.71,0.031789444579,6.2802843348,塑料,2026-04-29
2115,300830,金现代,-0.02,53011138.82,19.0512872031,-69.412,-7868042.75,3.34,81.4635,2.911548488627,-0.6,0.006032696713,36.1539220938,软件开发,2026-04-29
2116,300825,阿尔特,0.0306,249679114.51,-7.0122061818,4.3127,14964601.51,20.74,115.0463,4.079838995256,0.66,0.148623069899,33.9148556563,汽车服务,2026-04-29
2117,300815,玉禾田,0.412,1965569442.86,4.4420279795,-5.6127,164223134.51,1.83,29.4851,11.797213247732,3.55,0.178064118372,23.6007201412,环境治理,2026-04-29
2118,300814,中富电路,0.1,519586586.27,37.8061763892,-0.9038,18899504.99,89.32,1364.4659,8.555016061317,1.14,-0.093269334945,27.0613673747,元件,2026-04-29
2119,300793,佳禾智能,-0.03,479805044.21,-1.5350959609,-2.1336,-8667857.96,-154.95,95.2773,7.34069810055,-0.31,0.341468899347,8.3448453519,消费电子,2026-04-29
2120,300789,唐源电气,0.0993,91666962.53,14.2285645848,5.1339,14283256.89,93.45,211.2384,7.37248285451,1.36,-0.379416828363,52.0859612146,计算机设备,2026-04-29
2121,300783,三只松鼠,0.69,3835127163.28,3.0063865366,57.8028,273314904.55,14.35,5247.9963,8.004637274476,8.8,0.336460502994,27.3267315286,休闲食品,2026-04-29
2122,300781,因赛集团,0.0706,158438028.61,12.3947704577,-0.6431,11597416.45,11.71,110.1265,3.352887827003,2.13,0.022831660711,36.5927300211,广告营销,2026-04-29
2123,300779,惠城环保,0.01,269989935.48,-5.3422447402,3.4655,2131022.39,130.25,-93.1084,11.161890699004,0.13,-0.320248948235,29.0351741189,环境治理,2026-04-29
2124,300778,新城市,-0.0836,22802656.55,-45.4247575517,-39.5804,-17020262.27,-389.48,-88.1046,5.900238937177,-1.41,-0.175368178591,-22.763330398,工程咨询服务Ⅱ,2026-04-29
2125,300774,倍杰特,-0.0732,109086139.98,-38.5480667855,-70.0866,-29908981.13,-283.59,-613.7654,3.561524973135,-2.03,-0.093159305233,36.6418420592,环境治理,2026-04-29
2126,300771,智莱科技,0.07,118013052.81,20.0241476622,-36.2388,15748529.31,132.2,9.4976,8.304627754792,0.79,0.10345682875,26.5159223449,计算机设备,2026-04-29
2127,300770,新媒股份,0.63,376794929.94,-7.3193462702,-3.3509,143173225.9,-10.98,-3.6336,16.297213535919,3.93,2.368640672642,43.2750627818,电视广播Ⅱ,2026-04-29
2128,300769,德方纳米,0.95,4336489226.78,116.4313054859,61.7872,264946003.31,258.55,195.7072,18.620087210542,5.19,-2.872799659571,13.5858515255,电池,2026-04-29
2129,300766,每日互动,-0.0408,121031317.74,22.024514888,-33.219,-16091754.7,2.67,-183.8052,3.967215847254,-1.02,-0.129204028946,61.5678951047,软件开发,2026-04-29
2130,300760,迈瑞医疗,1.9225,8352015912.0,1.3941290693,12.1339,2329658005.0,-11.37,311.7961,33.082087175094,5.96,1.139053389165,61.8700838989,医疗器械,2026-04-29
2131,300759,康龙化成,0.186,3578424402.86,15.4772406327,-10.7504,335359234.94,9.75,-35.8761,8.958048628396,2.1,0.32898563256,32.4958360048,医疗服务,2026-04-29
2132,300757,罗博特科,-0.23,163706186.81,69.3255953076,-69.3142,-38817952.08,-48.33,-567.2056,9.699109380154,-2.35,-0.047693270465,36.3113939359,自动化设备,2026-04-29
2133,300755,华致酒行,0.13,2213732524.18,-22.3685310544,202.4818,53040599.5,-37.89,131.1897,6.733172888404,1.91,1.732433883479,8.7833615342,专业连锁Ⅱ,2026-04-29
2134,300748,金力永磁,0.14,2035819274.45,16.0503973158,-13.1689,192773908.12,20.09,1.3812,5.539789364281,2.51,0.259986871983,21.8309656156,金属新材料,2026-04-29
2135,300745,欣锐科技,0.0319,623098398.61,32.4711509034,-37.5754,5352599.68,115.7,109.3148,13.137254513589,0.25,-0.8315248388,13.8706769995,汽车零部件,2026-04-29
2136,300741,华宝股份,0.07,363052762.0,13.5956923615,6.1668,44619609.0,-8.54,558.6037,11.100374991882,0.65,0.006590881341,46.4578200895,化学制品,2026-04-29
2137,300738,奥飞数据,0.0941,702911000.04,31.1483258335,0.7269,92727394.31,79.19,807.3466,3.896584861344,2.41,0.407724231677,34.5129788745,通信服务,2026-04-29
2138,300731,科创新源,-0.02,224326491.62,-11.0884932884,-29.4702,-2998057.52,-129.75,-134.9572,4.882916790793,-0.49,-0.287756857985,16.456190833,橡胶,2026-04-29
2139,300720,海川智能,0.04,55946093.01,23.8537349851,-15.2272,7077065.74,-2.89,257.1122,3.020766353412,1.21,0.034943263107,52.4647609704,通用设备,2026-04-29
2140,300719,安达维尔,-0.054,97111327.14,-21.2517478817,-58.3085,-13734666.73,-69.48,-119.2336,3.97137887936,-1.35,-0.135352664025,37.6745447493,航空装备Ⅱ,2026-04-29
2141,300715,凯伦股份,0.04,523076227.65,12.3649553785,-11.6901,14492920.67,118.94,340.9964,4.642802200831,0.81,0.073920108488,28.3440493551,装修建材,2026-04-29
2142,300711,广哈通信,-0.0333,74018238.61,37.0061588568,-81.9905,-8297038.82,-192.02,-113.742,5.480420447894,-1.04,-0.305008284384,50.5447527833,通信设备,2026-04-29
2143,300701,森霸传感,0.03,85873715.47,-4.2525426894,-22.7879,8101379.13,10.94,-37.256,3.50811952257,0.84,0.02595373389,36.0820606869,光学光电子,2026-04-29
2144,300687,赛意信息,0.0773,483338865.59,-1.307534863,-15.4908,31568297.6,28.74,123.4195,6.553996769729,1.18,-0.51168355045,32.3674071501,IT服务Ⅱ,2026-04-29
2145,300686,智动力,-0.2016,268514298.27,-22.9403496089,-31.8176,-51529654.76,-116.3,26.2964,2.90030213136,-6.63,0.099753970947,3.73380819,消费电子,2026-04-29
2146,300684,中石科技,0.2182,389113711.14,11.5533194175,-27.4626,64778746.79,4.94,-25.4328,7.448162018403,2.95,0.54833861824,33.9996564404,电子化学品Ⅱ,2026-04-29
2147,300674,宇信科技,0.07,502420359.56,-4.3249199701,-65.0285,45607268.67,-21.58,-70.131,6.571765596996,0.99,-0.386273205811,33.5044852477,IT服务Ⅱ,2026-04-29
2148,300672,国科微,0.2531,633287475.6,107.4563128854,2.2961,54940352.13,6.67,122.8262,17.762941111462,1.44,1.115456698343,33.6222587488,半导体,2026-04-29
2149,300666,江丰电子,0.79,1305505300.03,30.491722602,-0.5666,209746920.31,33.42,112.4083,19.535498828374,4.13,0.699231185531,32.8560172586,半导体,2026-04-29
2150,300660,江苏雷利,0.147,1044192137.76,15.0124488701,-10.9138,65713680.84,-29.79,92.2416,8.007385026218,1.85,0.163168109175,24.8630576885,电机Ⅱ,2026-04-29
2151,300657,弘信电子,0.08,1616492300.73,1.8548010205,-8.3072,37918806.6,457.57,-33.1393,2.946774999644,2.81,-0.180138321972,12.7044638466,元件,2026-04-29
2152,300656,民德电子,-0.1546,65483184.18,21.31235428,-17.0637,-26270993.99,-178.49,70.9988,5.023080131414,-3.04,-0.056422224266,29.1237179267,其他电子Ⅱ,2026-04-29
2153,300652,雷迪克,0.2,198837412.61,6.7795746553,-16.8156,26776169.54,-23.36,650.2092,11.596577493198,1.75,-0.121975149863,29.2757728367,汽车零部件,2026-04-29
2154,300647,超频三,0.02,282165397.6,0.3943798074,282.7561,8715655.72,71.49,105.862,0.937632047417,2.04,-0.116903119241,19.2220399458,消费电子,2026-04-29
2155,300645,正元智慧,-0.09,199041606.44,4.2848491463,-63.6977,-11818342.21,0.85,-288.5651,7.406186396591,-1.09,-0.864695153773,40.3830847468,计算机设备,2026-04-29
2156,300639,凯普生物,-0.0043,125833690.97,-6.1390451881,-31.5267,-2796512.44,89.76,14.1945,5.8873153088,-0.07,0.03859365729,43.6581072021,医疗器械,2026-04-29
2157,300637,扬帆新材,-0.01,202948896.4,-12.536165298,-16.3451,-3166152.95,-131.5007494543,79.5161,2.98542454788,-0.45,-0.00926129796,16.3452313752,化学制品,2026-04-29
2158,300636,同和药业,0.0447,184392671.37,-1.3402402509,-4.1708,18779502.71,-9.63,277.6149,5.676879779414,0.79,0.053488688973,28.5518969701,化学制药,2026-04-29
2159,300635,中达安,0.0108,117079431.9,-17.6237291284,-2.8378,1491190.19,156.06,101.5625,2.196363126973,0.49,0.05551721385,25.9115424355,工程咨询服务Ⅱ,2026-04-29
2160,300634,彩讯股份,0.06,331554850.39,-32.1148138169,-32.1459,25313715.79,-65.56,-73.1527,6.754857022381,0.84,-0.103373402792,37.2485986089,IT服务Ⅱ,2026-04-29
2161,300633,开立医疗,-0.0268,480719375.08,11.7920832261,-43.418,-11609434.43,-243.78,-107.0889,7.541738897479,-0.36,-0.323041880091,61.4423617981,医疗器械,2026-04-29
2162,300626,华瑞股份,0.04,191244566.66,-2.4021025373,-13.2395,6809597.4,248.29,282.7625,2.956557299278,1.29,0.150477873889,19.721222913,电机Ⅱ,2026-04-29
2163,300617,安靠智电,0.3,212732407.62,30.6135536731,-42.509,48918713.83,11.9,21984.6214,18.257324187009,1.63,-0.963687910295,38.7911814769,电网设备,2026-04-29
2164,300616,尚品宅配,-0.43,597552824.86,-19.3937942645,-40.3845,-97043521.11,-149.75,42.5529,12.826231280152,-3.31,-1.516243415279,24.2236099819,家居用品,2026-04-29
2165,300614,百川畅银,-0.13,80978511.26,-24.8679781899,-12.6512,-20300576.43,-73.88,93.7384,4.503086588346,-2.27,-0.015226156017,19.9701299621,环境治理,2026-04-29
2166,300606,金太阳,0.07,119767672.93,-0.4367369242,-0.721,9562489.46,1.22,1001.9424,4.961146750727,1.4,-0.217016176604,28.5741423063,通用设备,2026-04-29
2167,300605,恒锋信息,-0.0836,73070221.75,-0.7588986904,-22.5118,-13798450.78,-5859.02,61.0213,2.643488378247,-2.96,-0.170702208373,9.0454668286,软件开发,2026-04-29
2168,300598,诚迈科技,-0.1573,486320365.84,2.1398517335,-23.0176,-34128977.64,19.39,4.8756,6.50921590937,-2.39,-0.542920292588,10.6632819973,软件开发,2026-04-29
2169,300597,吉大通信,-0.0197,101058700.83,8.9757065081,-35.4849,-5256552.87,-59.19,90.6725,3.436655941337,-0.56,-0.260455049258,15.5459951305,通信服务,2026-04-29
2170,300594,ST朗进,-0.13,123512044.3,20.1302139701,-49.7006,-12072264.77,9.51,-669.5208,8.312613028356,-1.57,0.097090645556,26.8669715396,轨交设备Ⅱ,2026-04-29
2171,300588,熙菱信息,-0.1136,29030669.62,-33.230799781,-68.1551,-21584884.7,-43.72,-1291.0008,1.337962037756,-8.09,-0.190923206242,27.5666258641,计算机设备,2026-04-29
2172,300581,晨曦航空,-0.0194,12080821.58,266.6347957863,-84.365,-10661223.45,29.9,63.3637,1.664393764238,-1.14,-0.035648547662,43.9155168783,航空装备Ⅱ,2026-04-29
2173,300571,平治信息,0.03,393260410.99,14.9973299653,151.2346,4881740.63,-53.61,102.3486,8.845341022589,0.4,0.580351131649,10.1860338927,通信服务,2026-04-29
2174,300566,激智科技,0.22,505672661.03,5.5175264277,1.5143,56952865.13,-3.21,55.8016,8.496351907917,2.59,0.650500921573,26.3629762183,光学光电子,2026-04-29
2175,300555,ST路通,-0.0358,21303417.97,-14.6768085,-60.0589,-7158374.85,-77.37,87.1918,2.0599873045,-1.41,-0.0677794309,9.6869534406,通信设备,2026-04-29
2176,300554,三超新材,-0.0335,54992067.38,9.1134550418,-14.2792,-3822462.5,38.9,97.2642,4.335319637868,-0.77,0.028298906774,26.825418761,通用设备,2026-04-29
2177,300548,长芯博创,0.45,670605570.02,24.5307771672,-9.2695,130067296.15,45.0,53.2356,7.170667658404,6.42,0.77678595717,49.2218910514,通信设备,2026-04-29
2178,300547,川环科技,0.182,276067648.4,-12.5617624877,-41.7203,39487314.83,-14.96,-41.097,6.382841521468,2.89,0.29304385711,23.5398610727,汽车零部件,2026-04-29
2179,300542,新晨科技,-0.06,157347923.2,26.5771773941,-62.605,-17365079.68,-177.25,-286.0713,1.786204911698,-3.2,-0.730270588248,16.0646913769,软件开发,2026-04-29
2180,300540,蜀道装备,0.0535,99975668.64,94.2790135264,-59.4963,12287389.17,1973.2448387466,-69.7727,4.986946450001,1.08,0.066718995251,33.1420863103,专用设备,2026-04-29
2181,300539,横河精密,0.03,200027225.51,-1.5045079801,-23.1151,9995042.77,-10.58,-34.4834,4.451302236658,0.46,0.045358384494,19.1546697917,塑料,2026-04-29
2182,300537,广信材料,0.0361,114200004.28,6.9963194563,-14.4195,7497307.6,-23.21,52.5664,4.364040536004,0.83,0.113624866084,33.3527553349,电子化学品Ⅱ,2026-04-29
2183,300536,农尚环境,-0.0502,13833292.85,-12.2940760348,-90.4855,-14733735.87,-124.61,90.2485,0.960429135229,-5.09,-0.022292268163,32.2260358278,IT服务Ⅱ,2026-04-29
2184,300533,冰川网络,-0.04,620833891.59,-5.005607819,-8.4258,-9762937.89,-105.17,46.9722,6.488859172854,-0.64,-0.088569181646,93.2211938491,游戏Ⅱ,2026-04-29
2185,300530,领湃科技,-0.19,50987916.14,14.0097534275,22.2612,-31884049.76,-19.72,-282.0928,0.422833010085,-24.53,-0.093365302375,12.3056025525,电池,2026-04-29
2186,300527,ST应急,-0.028,85985818.38,-16.4837342391,-79.15,-28413065.24,-15.0,-390.3164,2.844911244168,-1.02,-0.066512476034,22.8851898845,地面兵装Ⅱ,2026-04-29
2187,300525,博思软件,-0.0823,259278171.35,0.9469051487,-69.7106,-62398292.86,1.72,-137.5146,3.297036733689,-2.47,-0.363222173028,60.0390618576,软件开发,2026-04-29
2188,300521,爱司凯,-0.0342,33933625.92,9.6797277954,-54.4215,-5120500.38,24.24,-208.6516,3.560246406866,-0.97,-0.108780169438,37.2252445694,专用设备,2026-04-29
2189,300513,恒实科技,-0.0845,180280808.39,46.1812659056,-3.5001,-26514681.21,15.55,95.6774,1.719802251421,-4.8,-0.229315035357,18.0091318815,通信服务,2026-04-29
2190,300512,中亚股份,0.0534,326570019.79,12.0570288733,17.9869,21852946.33,25.54,216.4358,3.996078365863,1.35,-0.140563932852,28.8907283469,专用设备,2026-04-29
2191,300500,启迪设计,0.1298,173774421.73,-20.1435397644,-45.5393,22581457.19,37.78,116.5742,5.725970850939,2.29,0.06967887793,43.0565582524,工程咨询服务Ⅱ,2026-04-29
2192,300492,华图山鼎,0.62,837454933.32,1.2648384605,14.174,121314198.37,-0.11,1527.3177,1.299140964861,62.26,-0.402427250925,61.0675504451,教育,2026-04-29
2193,300485,赛升药业,0.0097,90438931.64,-2.2667833771,-5.8823,4663288.16,-88.33,112.5059,7.007418239636,0.14,0.02273712854,68.1060851041,生物制品,2026-04-29
2194,300477,ST合纵,-0.0344,288422376.47,-15.1753765734,-47.9443,-36854141.52,-15.77,95.1471,0.07735211127,-36.37,0.00436626885,5.3368260599,电池,2026-04-29
2195,300476,胜宏科技,1.48,5519485066.85,27.9927826495,6.6563,1288427592.46,39.95,20.734,19.946167475293,7.62,2.425810238049,34.4584933385,元件,2026-04-29
2196,300473,德尔股份,0.2725,1288422916.18,-1.8677617432,-28.2951,46796188.83,62.43,-39.8842,11.094906405873,2.49,0.65007391471,19.6371733972,汽车零部件,2026-04-29
2197,300469,信息发展,-0.1265,29422333.69,-35.5562175464,-74.5904,-31396164.86,-58.25,61.6123,0.942918860267,-13.07,-0.136647143196,-7.8142747079,软件开发,2026-04-29
2198,300468,四方精创,0.02,156332083.14,18.8172379889,-12.0129,10605985.9,-17.76,43.1355,3.114041286611,0.64,0.13662109087,33.6973012013,软件开发,2026-04-29
2199,300464,星徽股份,0.007,351895567.83,5.1345450585,-8.1472,3220456.42,213.32,48.362,0.310867705545,2.27,0.041623586818,22.4688927933,互联网电商,2026-04-29
2200,300463,迈克生物,0.0149,475257129.69,-6.8593706339,-15.5225,8986063.15,-62.53,112.3214,10.393560628063,0.14,0.245089883727,57.7411974796,医疗器械,2026-04-29
2201,300461,田中精机,-0.12,38990979.32,-3.1413315839,-77.1679,-19215708.33,-138.93,-274.8926,3.453820237026,-3.51,-0.236084887679,24.7136373542,自动化设备,2026-04-29
2202,300460,ST惠伦,-0.03,129042013.86,4.2393871387,-0.9457,-8358436.67,43.64,90.7484,1.636514312705,-1.8,0.078827523804,15.0016124369,元件,2026-04-29
2203,300459,汤姆猫,0.0087,238419469.28,-3.2900180532,3.9349,30747147.58,942.96,102.6501,0.209379531759,4.07,0.011646814078,87.1671185821,游戏Ⅱ,2026-04-29
2204,300451,创业慧康,-0.05,197317412.83,-32.0433998013,3.8324,-79466551.56,-407.86,71.5611,2.538729331512,-2.0,-0.126306096417,43.7353654968,软件开发,2026-04-29
2205,300450,先导智能,0.26,3690650989.26,19.112980999,-7.8389,405394870.88,10.99,7.4028,10.673290713312,3.03,0.745171425269,33.6120777199,电池,2026-04-29
2206,300439,美康生物,0.09,376022696.88,0.5325325901,-6.8075,33766362.28,11.08,1165.7575,7.773744447458,1.14,-0.150459069614,38.4511314289,医疗器械,2026-04-29
2207,300438,鹏辉能源,0.6426,4768495256.66,182.1434038693,9.2915,323468653.04,819.09,253.6199,11.317981640644,5.69,-0.088672785988,19.5854618028,电池,2026-04-29
2208,300436,广生堂,-0.1628,98440210.45,0.852608961,-2.0838,-25924338.37,9.0,75.6039,1.579745794044,-9.8,-0.126125351768,66.9546476777,化学制药,2026-04-29
2209,300432,富临精工,0.1186,5054057692.87,87.4085294625,14.9259,202794242.02,63.87,97.8295,2.866701001122,4.22,0.223164403819,9.3450347018,电池,2026-04-29
2210,300429,强力新材,-0.0537,250479040.74,15.2053508032,-6.9735,-28812988.86,-412.48,72.1118,3.089391966176,-1.61,0.049072155921,20.8752307481,电子化学品Ⅱ,2026-04-29
2211,300428,立中集团,0.29,8452229447.4,17.6639583424,-8.1577,198665336.96,22.67,-23.7227,13.249927485563,2.2,-0.289637393817,10.4969368556,汽车零部件,2026-04-29
2212,300421,力星股份,0.024,265646796.75,5.5030240574,-9.947,7054620.74,-58.82,-59.8468,4.395432022042,0.55,0.088899420783,14.2335932948,通用设备,2026-04-29
2213,300418,昆仑万维,-0.71,2569798777.59,45.6912824441,7.3815,-886987646.3,-15.34,4.358,9.756353554597,-6.98,0.071154378073,66.2335970253,数字媒体,2026-04-29
2214,300410,正业科技,0.0349,224786803.14,37.8514680027,-22.0338,12800334.7,34.63,-6.8025,0.751249686757,4.75,0.127830593192,25.3550569134,电池,2026-04-29
2215,300405,科隆股份,0.0043,119155197.83,31.3792199153,-14.2648,1222763.83,107.9,103.8101,1.369440914067,0.31,-0.117511164531,12.7416954316,化学制品,2026-04-29
2216,300400,劲拓股份,0.11,168818040.83,9.1785560445,-10.9261,25599300.97,3.4,1276.0418,2.91253598051,3.52,0.046307127808,39.6649273269,自动化设备,2026-04-29
2217,300383,光环新网,0.01,1633283833.53,-10.8254798536,-3.8608,22465210.56,-67.52,102.4883,6.601597344112,0.19,0.162965668059,14.0930342084,通信服务,2026-04-29
2218,300382,斯莱克,-0.03,568153598.57,6.6199127946,20.6036,-21842021.06,-288.46,71.3332,3.51134659042,-0.96,0.165249634472,12.0094880278,专用设备,2026-04-29
2219,300381,溢多利,0.0336,212646148.88,5.0627412445,-2.9635,16485414.99,238.47,143.4011,5.225890079287,0.64,0.024254872365,49.6600891134,化学制药,2026-04-29
2220,300380,安硕信息,0.0646,168401076.11,12.4150307316,-59.6575,8940136.98,442.37,-46.3621,2.97931608466,2.19,-1.245770353596,32.321921087,软件开发,2026-04-29
2221,300378,鼎捷数智,-0.03,436250217.88,3.0198240784,-46.7144,-8035096.16,3.58,-107.1489,8.549996607425,-0.34,-0.737897496916,56.0163259809,软件开发,2026-04-29
2222,300376,易事特,0.01,814986897.15,27.6068365361,-32.5958,14900571.07,-66.3,121.209,2.786949724497,0.23,-0.104111967706,23.5156380661,其他电源设备Ⅱ,2026-04-29
2223,300375,鹏翎股份,0.005,567042758.35,-10.5952092653,-36.986,3785413.58,-83.66,101.5938,2.711778053731,0.18,0.07802433108,15.8942865124,汽车零部件,2026-04-29
2224,300369,绿盟科技,-0.1211,364454279.09,0.2505628748,-71.1083,-98183143.43,3.62,-165.0889,3.160500140937,-3.83,0.009117099573,44.6013771785,软件开发,2026-04-29
2225,300366,ST创意,-0.0877,78187558.91,-49.1705498371,-38.3406,-53276889.71,10.33,87.7315,1.893720117207,-4.53,0.002652084698,17.5283734408,软件开发,2026-04-29
2226,300359,全通教育,-0.03,40965313.83,-24.819596134,-56.5561,-20325358.27,-6.64,-52.8076,0.809429558038,-3.89,-0.056874752427,22.9943211935,教育,2026-04-29
2227,300347,泰格医药,0.06,1801473935.03,15.1731796293,-0.3021,49043121.13,-70.36,137.0014,24.292415550552,0.23,0.36898276929,26.6388885589,医疗服务,2026-04-29
2228,300341,麦克奥迪,0.0819,387691696.34,22.7033553891,-8.3954,42361236.41,21.44,54.0067,3.819095520485,2.04,-0.042515805038,39.6103739285,电网设备,2026-04-29
2229,300323,华灿光电,0.03,2221203649.97,109.7360945467,73.6748,50671633.44,151.9,120.9025,4.086978007686,0.77,0.048207924192,11.2702556366,光学光电子,2026-04-29
2230,300307,慈星股份,0.11,629680624.28,3.5142283532,37.1944,90724087.08,19.2,474.0807,4.120860131187,2.79,0.212868904387,33.7612359239,专用设备,2026-04-29
2231,300304,云意电气,0.08,487940453.06,-6.6427792311,-33.3993,70333733.78,-27.67,-48.0803,3.877314387006,2.04,0.012723452848,32.4731770847,汽车零部件,2026-04-29
2232,300301,ST长方,-0.0249,106310660.45,-9.8113231261,25.3362,-20628348.14,9.45,67.5722,0.087507235243,-25.43,-0.038552725039,23.1909035328,光学光电子,2026-04-29
2233,300299,富春股份,0.0177,102686216.82,23.0949621212,14.1009,12209209.87,20.93,118.0509,0.544910644101,3.31,0.013564033749,58.6046964662,游戏Ⅱ,2026-04-29
2234,300272,开能健康,0.0087,417607625.01,1.1832102159,-13.9499,5343350.8,-74.35,113.581,2.067571786871,0.42,0.050953417197,38.5097529113,小家电,2026-04-29
2235,300261,雅本化学,-0.06,303593055.47,-3.8234471878,-2.3244,-57582729.39,-351.4,62.2635,1.890642037734,-3.11,0.123603505161,5.494590011,农化制品,2026-04-29
2236,300256,星星科技,-0.008,287745138.97,-12.3017678237,-9.7867,-18509300.92,-154.25,28.7126,0.399833121339,-2.02,0.005353233061,7.6416151212,消费电子,2026-04-29
2237,300255,常山药业,0.0064,256104391.71,-1.0046640434,32.0732,5871019.93,55.21,101.8753,1.316721664971,0.49,0.021987827035,24.5983664042,化学制药,2026-04-29
2238,300250,初灵信息,-0.0112,48282480.84,-11.6978562502,-29.5342,-2402548.87,-8612.83,-106.8853,2.584599268661,-0.43,-0.128423565421,40.4075297304,IT服务Ⅱ,2026-04-29
2239,300241,瑞丰光电,0.0415,475686827.5,23.6050646935,-8.5919,29071801.79,5.78,97.2816,3.250266201852,1.28,-0.061474816569,20.270045611,光学光电子,2026-04-29
2240,300238,冠昊生物,0.04,93444027.57,-1.4273720555,-0.8755,10162275.45,-31.64,528.3424,2.187838150574,1.77,-0.052135934049,76.6418446555,医疗器械,2026-04-29
2241,300236,上海新阳,0.3323,577317550.4,33.0492157554,6.3192,103691172.99,102.59,15.789,15.354067740465,1.94,0.124605718498,42.184665469,电子化学品Ⅱ,2026-04-29
2242,300223,北京君正,0.661,1559766866.05,47.1155548956,19.5676,318979317.55,331.61,164.7516,26.351116985789,2.54,0.449058001867,43.4912426444,半导体,2026-04-29
2243,300220,金运激光,-0.0176,53142394.44,-10.3611573274,-27.4405,-2664173.57,-196.18,-629.9537,0.400968661971,-4.3,-0.062347128505,26.7729170278,自动化设备,2026-04-29
2244,300219,鸿利智汇,0.0143,971175418.9,6.7430582186,-18.9612,10090696.52,63.46,-53.1179,3.683760421753,0.39,0.351923054634,13.5313821316,光学光电子,2026-04-29
2245,300212,*ST易录,-0.0668,110889957.75,-45.7600462681,119.2413,-48072236.58,60.0,97.797,-2.779195342787,,0.054338526958,8.1837187281,IT服务Ⅱ,2026-04-29
2246,300209,行云科技,-0.0237,111975613.36,397.8617596356,30.3275,-22036384.63,-12845.4,-102.8953,0.966684200481,-2.43,-0.402938721727,7.0749635588,软件开发,2026-04-29
2247,300203,聚光科技,-0.16,410491368.52,-24.9954915422,-56.6663,-72682626.98,-254.06,57.3215,5.779426155375,-2.76,-0.14825541147,38.6202887923,通用设备,2026-04-29
2248,300199,翰宇药业,0.14,299145924.16,-3.4919645096,5.6197,127814053.73,82.94,467.4762,0.839584155921,18.86,0.079741842891,64.895165383,化学制药,2026-04-29
2249,300197,节能铁汉,-0.0468,193616491.33,-4.0418582029,-34.2868,-121340977.39,21.49,89.8627,-0.121423158379,-21.22,-0.039986491375,6.8764946356,基础建设,2026-04-29
2250,300192,科德教育,0.0744,177033953.83,-3.443501146,-10.6333,24489402.13,-35.51,-21.607,3.034005373629,2.48,0.09320385506,33.7157271691,教育,2026-04-29
2251,300190,维尔利,0.01,329388287.25,-5.6989136379,-9.1534,6297543.36,111.51,101.7608,3.275837780096,0.24,0.089147979561,25.35421781,环境治理,2026-04-29
2252,300176,鸿特科技,0.0191,454032042.76,-1.4379696161,5.2902,7416384.28,-13.05,-65.6159,2.537385716255,0.76,0.098408593919,14.3371957218,汽车零部件,2026-04-29
2253,300171,东富龙,0.0362,1108426568.51,-2.5416668611,-27.5112,27514458.55,36.67,-60.0084,10.388556043652,0.35,-0.032082064885,30.5792975601,医疗器械,2026-04-29
2254,300168,万达信息,-0.0275,512006386.31,10.4012264327,-26.5819,-39658694.83,73.88,75.9308,0.713767146585,-3.78,-0.167411673208,26.0863953402,IT服务Ⅱ,2026-04-29
2255,300162,雷曼光电,-0.0341,230474637.92,-12.2695962649,16.9087,-13872585.99,-716.92,72.7895,1.969231624212,-1.66,-0.246812594326,23.6683197693,光学光电子,2026-04-29
2256,300161,华中数控,-0.398,225567424.39,11.3918994017,-66.8534,-79072609.63,-35.86,-204.2932,7.768666959515,-5.0,-0.198849874492,37.4186378189,通用设备,2026-04-29
2257,300159,新研股份,0.0154,57897528.1,78.3030972181,-74.6713,50821988.0,206.35,-82.1283,0.849017502861,1.84,-0.038058564558,3.9830074714,专用设备,2026-04-29
2258,300157,新锦动力,-0.06,89884059.57,19.3520316397,-71.9117,-40991044.54,-161.09,-8.1129,-0.273034166774,,-0.080018719756,39.0547801779,通用设备,2026-04-29
2259,300149,睿智医药,-0.04,266689812.56,2.0778048895,-16.1013,-18156468.5,-373.36,-387.2468,2.574787798472,-1.42,0.082899295819,22.1459453187,医疗服务,2026-04-29
2260,300147,*ST香雪,-0.17,354160227.88,-15.8772672397,-21.2091,-111441329.52,-27.02,89.1833,-0.712963606445,,-0.099812070833,35.4826888615,中药Ⅱ,2026-04-29
2261,300132,青松股份,0.044,480127899.03,14.6455110684,-27.9542,21923649.81,1048.09,-48.3997,2.851783029192,1.5,0.212035058843,18.6006716149,化妆品,2026-04-29
2262,300131,英唐智控,0.0036,1340309048.09,6.0176993877,-8.9801,4074023.06,-76.6,1083.3626,1.520458735526,0.23,0.030071601573,7.7579788354,其他电子Ⅱ,2026-04-29
2263,300130,新国都,0.19,866886636.72,23.6056022945,3.6401,106666550.85,-31.81,74.1106,7.963256598054,2.39,-0.202753249559,30.050879359,计算机设备,2026-04-29
2264,300128,锦富技术,-0.043,564016360.55,25.1078569132,-10.952,-54699296.69,-9.87,66.4233,0.324655055189,-11.92,-0.080865268905,6.8894391666,消费电子,2026-04-29
2265,300123,ST亚光,-0.0278,105532032.92,-59.8676977318,-9.5829,-29534653.08,-8.81,97.386,0.305447711712,-6.04,-0.03490254358,13.5736374764,军工电子Ⅱ,2026-04-29
2266,300120,经纬辉开,0.0054,675733643.66,15.0545643078,2.1048,3113185.74,-75.71,100.6554,4.367035325856,0.12,0.135459381083,15.7556371299,光学光电子,2026-04-29
2267,300113,顺网科技,0.12,284584509.08,-50.7654542495,20.7777,80491519.51,9.56,-14.2452,3.852599667357,3.1,0.022666037912,69.0031286716,游戏Ⅱ,2026-04-29
2268,300101,振芯科技,-0.0072,123986458.07,-26.6178249689,-43.5038,-4078610.26,-147.72,93.6737,3.103355969046,-0.23,-0.12030723032,58.746900463,军工电子Ⅱ,2026-04-29
2269,300100,双林股份,0.15,1152006267.97,-10.4221619618,-29.2554,84477333.32,-47.01,-16.341,5.800815914352,2.57,0.027780271961,23.7572342607,汽车零部件,2026-04-29
2270,300098,高新兴,0.0134,510149252.47,35.6056573422,-23.9906,23156527.8,1277.66,124.1557,1.523542168158,0.88,0.02035406264,32.3497844015,通信设备,2026-04-29
2271,300095,华伍股份,0.0429,263279657.51,-5.4369274441,-9.6736,16906762.77,71.12,106.7783,3.480785091602,1.16,-0.113478080244,25.9936985589,专用设备,2026-04-29
2272,300086,康芝药业,-0.0258,96573833.91,-14.092513663,-30.8907,-11749745.07,-21.24,91.2005,1.950984299236,-1.31,-0.050380794055,60.5635124463,化学制药,2026-04-29
2273,300084,海默科技,-0.0321,41320841.19,-46.8073840752,-87.5411,-16323951.76,12.13,-165.8824,2.484727930246,-1.28,-0.055255190092,40.396898827,专用设备,2026-04-29
2274,300081,ST恒信,-0.0706,106588299.71,42.2560865125,-19.8038,-42704503.74,-24.77,80.5245,1.303401988048,-5.27,-0.009155496808,9.8461693062,通信服务,2026-04-29
2275,300074,华平股份,-0.0058,65504848.9,-8.085298194,15.3833,-3185083.32,81.24,97.7074,1.54913529546,-0.38,-0.067590863619,50.786392807,软件开发,2026-04-29
2276,300071,福石控股,-0.0007,127055506.6,-55.5394958569,-20.4122,-661513.95,92.4,99.0261,0.167002448943,-0.37,0.039525599833,30.803104452,广告营销,2026-04-29
2277,300069,金利华电,0.026,50882607.46,54.7623309615,-35.5182,3039614.7,487.76,124.1384,2.33181397,1.12,0.017015567863,33.2919239513,电网设备,2026-04-29
2278,300068,ST南都,-0.34,970614168.7,-14.7792901769,-37.7451,-304553807.66,-14.36,87.4245,1.225692718719,-24.22,0.117730996506,-4.0219389165,电池,2026-04-29
2279,300063,天龙集团,0.0228,2102992143.57,34.5449137052,-0.4541,17292987.96,20.1,532.3107,2.330170414678,0.99,-0.100217536208,5.5381957244,广告营销,2026-04-29
2280,300056,中创环保,-0.0347,65967315.36,-4.6409392581,-47.7542,-13362446.6,-16.33,77.9417,0.185909105741,-16.8,0.02221066295,7.4216620053,环境治理,2026-04-29
2281,300052,中青宝,-0.0548,31658130.62,-35.7543509342,-23.149,-14350472.94,-22.29,48.3575,1.31555837883,-4.06,-0.016255002975,14.5238725722,IT服务Ⅱ,2026-04-29
2282,300051,琏升科技,-0.0559,50716640.17,-49.1475082781,-45.8705,-20789176.71,10.76,48.5637,0.256840670695,-19.48,-0.069463785069,-49.0648725676,光伏设备,2026-04-29
2283,300042,朗科科技,0.4086,486145760.32,107.8440483593,9.2564,81891822.85,744.43,47.2549,5.664816902944,7.47,-0.281410801697,25.2491024254,计算机设备,2026-04-29
2284,300041,回天新材,0.1498,1163414059.33,8.6018164048,1.1515,83821408.96,2.8,1694.8674,5.413396476619,2.69,0.016717867491,22.9324763158,化学制品,2026-04-29
2285,300040,九洲集团,0.04,342408971.7,11.067520641,-32.4074,25681847.13,12.88,1282.222,4.061821097164,0.99,0.053587611128,33.8330926683,电力,2026-04-29
2286,300035,中科电气,0.0943,2271566338.78,42.1708414956,-11.3886,64645910.86,-51.93,-5.2436,7.348575752912,1.29,-1.228865906766,11.5520935044,电池,2026-04-29
2287,300032,金龙机电,-0.0251,257584969.03,-26.4505098599,-30.1247,-20139858.12,-222.08,12.2502,0.805967557129,-3.06,0.040384701384,14.1825800696,消费电子,2026-04-29
2288,300031,宝通科技,0.2642,951960720.02,25.4683603809,-4.9146,110650275.96,102.86,5914.3128,9.76332424472,2.74,0.258179575077,38.7183919891,游戏Ⅱ,2026-04-29
2289,300027,ST华谊,-0.0104,62623133.52,-40.8842910912,-33.5353,-28728391.55,-245.37,86.9325,-0.004130750391,,-0.000607655799,27.2116411015,影视院线,2026-04-29
2290,300026,红日药业,0.02,1130231119.07,-18.8502741822,42.6048,65714810.98,8.93,205.5358,2.85590882387,0.77,0.030417359383,57.4288456819,中药Ⅱ,2026-04-29
2291,300016,北陆药业,0.08,320369738.33,13.3327292697,-3.6745,44975808.94,209.36,-7.3768,4.093916404325,1.97,0.214378537816,46.5190401181,化学制药,2026-04-29
2292,300007,汉威科技,0.08,508513085.1,-15.608876511,-28.5271,24740540.83,46.08,-66.5544,9.023177804434,0.84,-0.334212996296,34.0614667164,通用设备,2026-04-29
2293,300005,探路者,0.0668,495642067.49,39.4135447068,15.829,56445667.67,14.44,22.8389,2.449521453736,2.79,-0.046285820809,42.7721811314,服装家纺,2026-04-29
2294,200596,古井贡B,3.04,7445774807.1,-18.5903663938,209.2945,1606873496.41,-31.03,490.8766,49.42121078689,6.3,3.615912535641,77.8456595497,白酒Ⅱ,2026-04-29
2295,200056,*ST皇庭B,-0.03,119580823.4,-8.6297988317,145.3273,-32311023.79,60.61,88.6748,-2.034173392902,,0.067942243408,65.5270541062,房地产服务,2026-04-29
2296,200037,深南电B,0.02,90061597.28,54.1847908928,-26.6295,12025495.19,197.73,-93.3554,2.803618817748,0.71,-0.02830993395,42.4374679267,电力,2026-04-29
2297,200017,深中华B,0.0089,132098160.77,-17.6149835194,-16.5009,6115610.1,3.57,-39.9954,0.566385998836,1.58,-0.062411957662,10.7399870727,饰品,2026-04-29
2298,200016,*ST康佳B,-0.0763,1931598532.06,-24.0846648686,-10.4292,-183826414.05,-293.89,98.4154,-4.674566186,,-0.021701931047,5.9857720515,白色家电,2026-04-29
2299,200011,深物业B,-0.0457,556225443.63,12.7339749574,-16.6724,-27235245.53,-644.08,-1736.8195,5.648127412782,-0.81,-0.458780924449,12.8734751224,房地产开发,2026-04-29
2300,003816,中国广核,0.054,16319425061.99,-13.2501600453,2.1646,2740733564.01,-9.33,130.4265,2.492475629887,2.2,0.068863509653,39.3727947358,电力,2026-04-29
2301,003043,华亚智能,0.058,173189042.41,-24.7624671738,-24.4458,7801462.62,-54.6,-78.0346,13.196055766489,0.42,0.474013322896,28.4993134341,半导体,2026-04-29
2302,003042,中农联合,0.01,642949080.61,23.6560045672,82.2016,1997870.81,-50.78,102.176,8.587693344891,0.16,-0.696434553832,13.0304849694,农化制品,2026-04-29
2303,003037,三和管桩,0.0368,1306083837.84,-6.1938561419,-20.4171,21917294.02,-36.66,166.219,4.66172537124,0.79,-0.442217108666,13.3971116946,水泥,2026-04-29
2304,003035,南网能源,0.0226,782765142.94,12.9664234918,-25.4033,85581193.76,-6.31,1970.7152,1.85791311079,1.22,0.066237199805,32.1862651591,电力,2026-04-29
2305,003031,中瓷电子,0.43,1099043302.94,79.0482462492,49.5891,193303413.2,57.32,61.9141,14.652101403175,2.97,0.835784009297,30.5498263018,通信设备,2026-04-29
2306,003026,中晶科技,0.11,118473391.47,18.495224701,9.3707,13849193.99,95.93,53.6851,5.255726698941,2.05,0.063025684506,45.9043419246,半导体,2026-04-29
2307,003025,思进智能,0.14,173430888.12,6.230960855,-17.3303,38935092.86,-2.97,0.9956,4.579941166189,3.02,0.036610789994,39.2060934111,通用设备,2026-04-29
2308,003019,宸展光电,0.16,584319053.17,-6.0213584016,-10.8238,27703629.64,-44.24,-26.7884,9.741721961348,1.61,0.008682399821,23.5558169228,光学光电子,2026-04-29
2309,003018,金富科技,0.08,191966086.54,13.6154561084,94.9349,20604075.21,-19.31,176.6856,6.236011997538,1.28,-0.096305709654,25.7105066888,包装印刷,2026-04-29
2310,003012,东鹏控股,-0.0432,809090594.13,-18.6270253204,-48.1733,-49983246.23,-64.15,-1774.4595,6.537151753944,-0.66,-0.120590526652,23.1458756669,家居用品,2026-04-29
2311,003011,海象新材,0.11,269618743.8,-0.5664436942,-3.1632,11329186.71,-54.09,24.818,13.521930785188,0.8,0.346874265749,20.7817141235,家居用品,2026-04-29
2312,003007,直真科技,-0.23,118386840.36,228.9417906015,-50.8732,-23588838.12,19.76,-136.1057,8.568522014634,-2.67,-0.098391272049,35.1871456433,软件开发,2026-04-29
2313,003005,竞业达,-0.1666,42404342.8,27.4007831001,-85.3108,-38554681.35,-81.71,-191.383,7.782908860183,-2.12,-0.405921752503,46.0449107585,IT服务Ⅱ,2026-04-29
2314,003003,天元股份,0.0893,229490757.27,2.3572528827,-9.755,15783227.58,9.71,84.6641,7.451530978384,1.21,0.308688248699,20.953621467,包装印刷,2026-04-29
2315,003002,壶化股份,0.08,220099619.56,-1.2654367762,-35.7833,15989678.53,-31.73,-39.6324,7.7603001978,1.04,0.1916782695,37.0749920891,化学制品,2026-04-29
2316,003001,中岩大地,0.0379,118974909.87,-26.5725924336,-29.5735,6614482.88,-36.24,174.0742,6.858058510236,0.55,-0.301474023995,21.2587454343,专业工程,2026-04-29
2317,002995,天地在线,-0.0019,217984418.51,-31.7846927397,-2.4739,-340403.16,98.07,99.5944,4.521302669056,-0.04,0.186586399284,5.3797475618,广告营销,2026-04-29
2318,002992,宝明科技,-0.08,252999261.45,-17.5374220042,-17.9909,-14031115.51,20.3,-182.7054,4.069702900174,-1.86,-0.509210881367,14.9348375064,光学光电子,2026-04-29
2319,002990,盛视科技,0.01,227114021.8,-25.3822106763,-53.8654,3809454.52,-87.41,-84.1328,9.52988937207,0.15,-0.010272774515,43.9035477333,计算机设备,2026-04-29
2320,002985,北摩高科,0.2,264544939.04,0.8584723708,-1.1409,67234180.2,24.98,-7.254,8.310002353628,2.47,-0.290634184984,53.5923116785,航空装备Ⅱ,2026-04-29
2321,002984,森麒麟,0.2,2082308925.41,1.2741815817,-4.2254,209715761.45,-41.95,91.5059,13.057088162646,1.52,0.19447844409,20.203960856,汽车零部件,2026-04-29
2322,002973,侨银股份,0.09,848637528.33,-9.3073842145,0.3859,34831158.69,-48.47,3.0816,6.331235628241,1.34,0.223493188295,25.5507598841,环境治理,2026-04-29
2323,002966,苏州银行,0.35,3605190414.0,10.9413426076,25.2544,1682216061.0,8.23,93.088,11.588884869293,3.08,8.366670226236,,银行Ⅱ,2026-04-29
2324,002965,祥鑫科技,-0.0643,1916967046.31,17.1533465116,-15.1857,-17066197.21,-119.87,-375.0458,15.981457814555,-0.4,-0.239947315845,7.4665637114,汽车零部件,2026-04-29
2325,002962,五方光电,0.01,313454651.59,15.0632357131,31.8553,4041141.06,-63.54,392.3585,6.083768747445,0.23,0.175372878435,10.8291682187,光学光电子,2026-04-29
2326,002958,青农商行,0.21,2791168000.0,-8.6890951048,39.5863,1247823000.0,5.6,758.9756,6.813148588376,3.05,-0.231245532679,,银行Ⅱ,2026-04-29
2327,002956,西麦食品,0.4585,823869831.68,25.6454425147,51.5483,101346845.59,85.86,155.7065,7.693179928849,6.13,0.862112367257,44.0786190701,休闲食品,2026-04-29
2328,002948,青岛银行,0.26,4341947000.0,7.298619261,21.9781,1524210000.0,21.16,27.4556,7.310201872157,3.6575,2.194947663125,,银行Ⅱ,2026-04-29
2329,002943,宇晶股份,-0.0949,70717166.12,-42.0097830714,-39.6508,-19494486.19,50.73,-106.3541,4.208910926048,-2.23,0.029977913982,15.8481509581,通用设备,2026-04-29
2330,002940,昂利康,0.09,340155546.51,-1.5545054635,-7.977,17654761.06,10.99,-63.0279,8.159782339737,1.08,-0.072454974834,36.6173059231,化学制药,2026-04-29
2331,002936,郑州银行,0.12,3520919000.0,1.3077954704,-0.1558,1070098000.0,5.37,378.638,5.081859497447,2.345,1.710599244992,,银行Ⅱ,2026-04-29
2332,002932,*ST明德,0.0,70666665.66,1.0097074294,84.6505,-377402.02,89.7,98.741,23.771638474763,-0.01,-0.115109472606,50.2952152589,医疗器械,2026-04-29
2333,002930,宏川智慧,0.04,348851591.56,8.0092022976,10.9947,18392355.0,-12.22,104.6977,4.278327957915,0.88,0.484900213186,42.8388409758,物流,2026-04-29
2334,002927,泰永长征,0.05,193192658.03,-0.4134459096,0.1968,10713167.57,-20.98,127.7247,4.511823519758,1.07,-0.030735116929,26.9844331206,电网设备,2026-04-29
2335,002922,伊戈尔,0.16,1275593596.6,17.7074494805,-12.3833,68673903.86,63.53,209.7939,8.955251192608,1.81,-0.451905273823,19.8221076873,其他电子Ⅱ,2026-04-29
2336,002913,奥士康,0.06,1313259541.62,12.825496608,-12.3276,17450370.32,-84.46,-31.4488,13.958938599114,0.39,0.468556587873,20.9184518432,元件,2026-04-29
2337,002910,庄园牧场,-0.16,245572691.1,16.7186936455,-15.7519,-31508394.07,-21.42,-21.4296,5.067631144539,-3.15,0.23435509284,17.3369841122,饮料乳品,2026-04-29
2338,002909,集泰股份,-0.0332,208332708.72,-14.8999051653,-19.8533,-12629314.9,-138.13,46.0706,2.180780392462,-1.48,-0.065891004949,22.7637533546,化学制品,2026-04-29
2339,002903,宇环数控,-0.06,102667604.77,-18.057449207,42.9398,-8646171.16,-358.17,61.8794,4.969328499024,-1.1,-0.01097007824,26.7675785089,通用设备,2026-04-29
2340,002899,英派斯,0.11,295711447.01,1.7468979886,-7.6609,15004058.42,5.74,22.6016,11.967585902637,0.85,-0.259227372352,24.7187991365,文娱用品,2026-04-29
2341,002897,意华股份,0.21,1292496454.28,-5.3358358365,-10.163,40269539.16,-37.69,-17.403,14.66179878692,1.43,1.415683351838,19.9604007242,通信设备,2026-04-29
2342,002893,京能热力,0.72,734744763.3,6.8315871686,46.5638,190055501.91,1.44,4180.2624,5.33724417998,14.46,-0.984640356281,37.4260527173,电力,2026-04-29
2343,002890,弘宇股份,0.0326,103472547.16,1.8387293707,83.9461,5531874.07,6.51,457.3457,3.5650535651,0.92,-0.050953151244,17.8976909995,专用设备,2026-04-29
2344,002887,绿茵生态,0.13,89662254.81,2.4409082431,-37.2343,40267543.51,50.75,-21.1718,7.783691188364,1.65,-0.123471753129,60.1958670729,环境治理,2026-04-29
2345,002875,安奈儿,0.07,161722038.24,12.5312240282,-7.2121,15015250.51,280.18,138.8947,2.899940073855,2.46,0.021348265174,64.4361584754,服装家纺,2026-04-29
2346,002872,ST天圣,-0.0308,131962880.36,14.2208538219,-20.1564,-9784913.7,21.2,2.9671,6.104831274686,-0.5,0.003429184371,47.9020137614,化学制药,2026-04-29
2347,002871,伟隆股份,0.09,142979570.36,18.4592658765,-32.481,22547194.75,-11.45,-28.1491,4.651666855116,1.91,0.118643287499,39.6692706778,通用设备,2026-04-29
2348,002867,周大生,0.27,1953961594.91,-26.9010928483,-4.3614,293413775.15,16.38,32.3569,6.241526849822,4.43,-0.162627320582,39.4288584841,饰品,2026-04-29
2349,002858,力盛体育,0.0372,104834952.9,-3.2088088299,-10.2912,6032145.01,-6.36,121.0415,3.181559842745,1.16,0.235672965343,29.1609208325,体育Ⅱ,2026-04-29
2350,002857,三晖电气,-0.1892,9054312.2,-83.342886348,-88.2694,-24710612.42,-71.07,-85.6044,3.570383337799,-5.2,-0.337638617205,12.4823833665,电网设备,2026-04-29
2351,002856,*ST美芝,-0.0184,56521352.35,-10.3536842654,-49.1975,-2486134.14,88.3,98.5322,-0.376091562522,,-0.079389047192,-9.9347489162,装修装饰Ⅱ,2026-04-29
2352,002853,皮阿诺,-0.06,82643087.81,-34.5287151914,-43.7842,-11144828.62,-181.17,64.2335,4.863192650648,-1.25,-0.254137206123,21.3967600299,家居用品,2026-04-29
2353,002851,麦格米特,0.2019,2787757360.95,20.3520607461,6.7455,114687768.37,6.93,271.5132,15.42345883853,1.43,0.042257576246,21.5651593069,其他电源设备Ⅱ,2026-04-29
2354,002847,盐津铺子,0.85,1582645031.47,2.9384521083,18.5323,230742880.99,29.48,60.4592,7.957440001717,10.97,1.232813082663,31.8188521435,休闲食品,2026-04-29
2355,002832,比音勒芬,0.68,1522211912.19,18.3619454824,36.8346,386240677.4,16.54,660.4482,10.037542615767,6.96,0.740463336039,75.2716540453,服装家纺,2026-04-29
2356,002820,桂发祥,0.04,147422515.35,0.7351430599,57.3069,7318977.23,10.15,128.6514,4.350025628833,0.84,0.071114594566,46.252949828,休闲食品,2026-04-29
2357,002818,富森美,0.5176,258174687.57,-21.7480864995,-6.1098,387382398.14,161.99,395.446,7.985240960139,6.7,0.192146532728,63.8057582137,一般零售,2026-04-29
2358,002815,崇达技术,0.03,1949397683.19,19.9220203264,-0.0721,32420018.41,-71.87,212.5279,7.206581373307,0.37,0.092568093919,19.8175305122,元件,2026-04-29
2359,002813,路畅科技,-0.1539,59621813.13,-20.8328755459,-47.2141,-18473534.63,7.46,23.7184,1.720597666167,-8.56,-0.304484845583,14.5849263105,汽车零部件,2026-04-29
2360,002807,江阴银行,0.1489,1218703000.0,8.18,32.3193,366410000.0,2.5,-52.4824,8.108387405018,1.85,-0.650283802708,,银行Ⅱ,2026-04-29
2361,002806,华锋股份,-0.0748,249051372.47,-12.4446548285,-23.3772,-15889635.13,-418.36,20.9432,5.250145230647,-1.41,-0.003746938483,7.6898951731,汽车零部件,2026-04-29
2362,002805,丰元股份,0.27,1382823517.5,276.5173811787,19.8109,76934042.8,185.59,169.4034,3.339019694311,8.58,0.025486649145,8.6155305433,电池,2026-04-29
2363,002801,微光股份,0.6,347184800.65,-2.3657114524,-6.0549,138141063.58,58.88,87.7753,8.892223893447,6.98,-0.06551852403,25.1014406209,电机Ⅱ,2026-04-29
2364,002798,帝欧水华,-0.03,376715014.36,-25.6722393213,-29.605,-14623871.29,66.82,96.241,3.146443331178,-0.84,0.090322031021,30.9957921078,家居用品,2026-04-29
2365,002797,第一创业,0.05,847198735.2,28.21,20.846,197224792.96,67.14,178.839,4.206292632834,1.13,0.169846487131,,证券Ⅱ,2026-04-29
2366,002795,永和智控,0.15,145611625.74,-2.589697336,39.9431,68011879.81,446.87,185.9932,1.009753359518,16.48,-0.024292622076,19.7475711667,通用设备,2026-04-29
2367,002791,坚朗五金,-0.14,1100246848.17,-8.7785533502,-11.7572,-48195104.16,-18.67,58.807,15.105640754275,-0.99,-0.758354937229,29.7977587643,装修建材,2026-04-29
2368,002789,*ST建艺,-0.3328,495800684.76,-35.2050821665,-46.4746,-53115177.04,-68.96,87.0414,0.952612938091,,-0.993479801416,2.5465413659,装修装饰Ⅱ,2026-04-29
2369,002786,银宝山新,0.03,595585403.45,6.047303572,25.5413,14369366.48,188.41,127.6369,0.402013084086,3.45,0.068930177155,18.8130500917,专用设备,2026-04-29
2370,002780,三夫户外,0.19,263848304.32,35.990512316,-28.8015,30662926.26,141.94,-4.5857,4.963077396459,3.81,0.236396418922,61.8343103665,服装家纺,2026-04-29
2371,002771,真视通,-0.063,35329450.87,-32.9956759875,-77.3145,-13239713.94,16.52,-22.0806,2.822963418001,-2.21,-0.183031168203,13.2144298738,IT服务Ⅱ,2026-04-29
2372,002768,国恩股份,0.93,5376728753.1,21.8633928154,-6.5651,256619640.41,131.08,13.4494,22.892726106855,4.16,0.438711027386,11.929437745,塑料,2026-04-29
2373,002765,蓝黛科技,0.03,736201912.63,-9.4590066515,-30.859,19051372.94,-63.48,33.6775,4.080957190327,0.72,-0.074393270362,13.9910896091,汽车零部件,2026-04-29
2374,002761,浙江建投,0.2239,18959076943.66,-6.0595788733,-8.4622,291922937.3,28.87,358.7289,6.545686449025,3.47,-3.21790320012,4.3626851151,房屋建设Ⅱ,2026-04-29
2375,002759,ST天际,0.39,990047576.2,91.1455743171,-15.9188,197252648.79,1001.93,7.4043,6.953181099053,5.83,-0.067267524509,41.6554981916,电池,2026-04-29
2376,002755,奥赛康,0.09,481781531.68,-5.2646481552,39.5939,84468176.35,54.34,535.7366,3.556402464783,2.59,0.204168881558,84.1008162532,化学制药,2026-04-29
2377,002753,永东股份,0.0031,978066384.03,12.3649063875,0.3726,1334126.13,-95.5,113.4005,6.191741773051,0.05,-0.290493514545,3.8201853739,橡胶,2026-04-29
2378,002748,世龙实业,0.1604,544810938.76,7.4357145402,6.2801,38489994.09,59.22,124.0466,5.9539360575,2.73,0.541692042875,16.7586333817,化学原料,2026-04-29
2379,002727,一心堂,0.3002,4433504193.86,-6.9880746816,2.2673,175807267.22,9.83,3507.4041,12.772041958106,2.38,1.218015640669,33.0850713332,医药商业,2026-04-29
2380,002726,ST龙大,-0.0009,2058003701.21,-19.2507142124,-14.0212,-993544.4,99.2,99.7443,0.484221724472,-0.19,0.016663093146,5.2358557896,食品加工,2026-04-29
2381,002724,海洋王,-0.031,296622636.36,-10.6227378791,-50.6648,-23947368.59,-318.19,-143.3268,3.565796544495,-0.87,-0.18310191312,54.8584179707,照明设备Ⅱ,2026-04-29
2382,002717,*ST岭南,-0.0734,39702485.97,-41.2677723305,128.2336,-133527755.73,-101.1,93.7295,-0.814639494395,,0.001497523199,-91.9436417346,基础建设,2026-04-29
2383,002715,登云股份,0.048,135709391.85,9.9405701615,15.2775,6619086.93,2050.22,150.7087,3.372163262536,1.43,0.00175361971,26.7581733253,汽车零部件,2026-04-29
2384,002708,光洋股份,0.058,697494851.85,15.1209089924,-15.6004,32056910.52,26.0,-14.255,3.146896014694,1.82,-0.110455882844,15.2345899412,汽车零部件,2026-04-29
2385,002705,新宝股份,0.0978,3437217940.26,-10.3527291889,-12.0572,78791609.74,-68.08,-50.2712,10.688244721477,0.91,-0.197797536712,18.4145100454,小家电,2026-04-29
2386,002701,奥瑞金,0.2,7206786511.0,29.285081476,27.0007,517124585.0,-22.19,843.7044,4.003428554393,5.18,-0.02120853168,14.4664495945,包装印刷,2026-04-29
2387,002694,*ST顾地,-0.0131,218732884.4,15.674951127,-11.6519,-9386991.53,-1237.8,94.7547,-0.098604043076,,-0.163886308193,14.433874059,装修建材,2026-04-29
2388,002693,双成药业,0.0083,48439867.75,32.0757483314,-55.089,3448212.09,134.34,-84.0114,1.002928505612,0.83,0.04869850094,62.3533656943,化学制药,2026-04-29
2389,002691,*ST冀凯,-0.076,35340101.99,-34.4898479562,-69.7812,-25876042.05,-57.87,-186.7872,2.394750358824,-3.13,-0.023616444853,4.5680102464,专用设备,2026-04-29
2390,002689,ST远智,-0.0298,218392516.71,64.4881865683,-58.5871,-31092788.98,8.61,-152.8477,1.194488739766,-2.46,-0.000138891211,29.3429909071,专用设备,2026-04-29
2391,002688,金河生物,0.081,741878953.16,18.6730311561,-11.88,62297096.94,21.87,155.8661,2.969536520817,2.76,0.024216077801,35.6275827619,动物保健Ⅱ,2026-04-29
2392,002687,乔治白,0.02,266862354.91,-3.6954742263,-41.4271,11080190.66,-28.5,-82.0001,3.099422182487,0.71,-0.3271628925,44.5055352824,服装家纺,2026-04-29
2393,002685,华东重机,0.0537,551908897.35,156.7936789755,177.1277,54135551.03,57.52,102.6271,1.63682639713,3.34,-0.031368010185,22.7244285066,工程机械,2026-04-29
2394,002681,奋达科技,-0.0088,560912681.25,-26.1481054817,-22.2926,-15875952.15,-139.25,83.4484,1.187441183357,-0.74,0.027380744644,19.8007793517,消费电子,2026-04-29
2395,002679,福建金森,-0.09,8766454.42,56.2827393562,-83.3188,-21538727.85,-2.73,-165.5216,3.159112116934,-2.85,-0.219285099849,8.029751896,林业Ⅱ,2026-04-29
2396,002670,国盛证券,0.0008,295598901.98,-28.82,531.3115,1468661.59,-97.91,-95.2482,5.85831591458,0.01,1.303126556045,,证券Ⅱ,2026-04-29
2397,002662,峰璟股份,0.01,646892298.03,-2.2660704185,-15.6463,20832353.52,-51.44,-53.855,2.979510117733,0.47,0.06777714668,32.116527965,汽车零部件,2026-04-29
2398,002661,克明食品,0.112,1178415832.72,5.1012480959,3.9587,33939256.67,-60.44,207.9757,6.868895474893,1.52,0.918697809538,17.1357015565,食品加工,2026-04-29
2399,002657,中科金财,-0.1013,81034884.98,-28.8799016599,-79.9407,-34461705.74,10.92,-1549.0335,5.007625102332,-2.01,-0.542193473266,14.7998964186,IT服务Ⅱ,2026-04-29
2400,002654,万润科技,-0.0064,1230572660.56,3.7144343388,-33.3632,-5370114.09,-192.42,-223.2551,1.850229427406,-0.34,-0.204368375023,8.2574426092,光学光电子,2026-04-29
2401,002649,博彦科技,0.02,1537785727.06,-6.9389325577,-9.942,11624417.39,-83.79,114.7155,7.108472432079,0.28,-0.332808501079,18.8677688507,IT服务Ⅱ,2026-04-29
2402,002642,荣联科技,0.0012,230802648.19,34.4960565927,-74.179,815721.89,-7.94,-94.0071,1.796062015437,0.07,-0.426371517739,14.5359172666,IT服务Ⅱ,2026-04-29
2403,002641,公元股份,-0.03,1387715992.74,18.2654527671,-21.4928,-31904225.19,16.78,-285.2895,4.424697822726,-0.59,0.581825002925,16.1938628736,装修建材,2026-04-29
2404,002638,勤上股份,-0.0165,113479861.43,-24.1607449914,51.0764,-23364945.78,-232.14,84.2729,1.315832798964,-1.23,-0.028495364525,14.8672839369,照明设备Ⅱ,2026-04-29
2405,002636,金安国纪,0.277,1259770929.28,31.3594859224,2.5099,201840306.34,763.91,57.9142,5.239007291909,5.44,-0.008563626113,26.4391186698,元件,2026-04-29
2406,002634,*ST棒杰,-0.12,114251778.27,-7.1472780943,-25.6758,-56205428.38,-15.58,32.8086,-1.693886743099,,0.013093023462,13.2507991466,服装家纺,2026-04-29
2407,002623,亚玛顿,-0.19,368298893.76,-34.1843744093,-19.1913,-38755688.99,-867.53,19.4303,13.748519600377,-1.41,0.197802488967,4.3342975557,光伏设备,2026-04-29
2408,002622,皓宸医疗,-0.0099,134804640.83,-5.6899861445,-23.409,-8340483.51,31.72,91.033,0.318382986798,-3.13,0.003911607893,48.6462935373,医疗服务,2026-04-29
2409,002620,*ST瑞和,-0.06,55318108.61,-50.0435480098,-15.123,-21919732.68,-9.1,33.6668,-0.195224140966,,0.012019408203,16.3144797007,装修装饰Ⅱ,2026-04-29
2410,002617,露笑科技,0.0369,956670960.12,11.3197391936,4.9902,70915018.37,-27.68,307.7393,3.373684514436,1.11,0.055973339822,19.4101521966,电力,2026-04-29
2411,002614,奥佳华,-0.11,1275572511.19,11.1566592329,-6.4071,-66137259.1,-3411.82,-53.8091,6.918826894918,-1.52,0.053717380526,30.6178990707,其他家电Ⅱ,2026-04-29
2412,002613,北玻股份,0.0016,287140735.11,-23.5809280705,-39.2415,1723747.19,-92.34,-91.6864,2.005749701164,0.08,0.094579283925,27.610145436,玻璃玻纤,2026-04-29
2413,002612,朗姿股份,0.1115,1608650803.82,11.9821701085,-3.9685,49339528.17,-49.4,366.412,7.554424362759,1.49,0.367937818652,60.7156116281,服装家纺,2026-04-29
2414,002607,中公教育,0.01,599826028.35,4.31369347,3.4966,47326251.27,18.33,209.8692,0.130454158087,6.06,0.024644220112,62.2365028251,教育,2026-04-29
2415,002598,ST章鼓,0.0551,412517631.16,-12.2135411174,-14.0523,17194345.01,-17.45,1387.1269,4.013826137922,1.35,0.242613460432,27.0599011068,通用设备,2026-04-29
2416,002594,比亚迪,0.448,150225314000.0,-11.8191365639,-36.8003,4084551000.0,-55.38,-56.0132,25.436830482348,1.65,0.306048524996,18.806213978,乘用车,2026-04-29
2417,002592,ST八菱,0.09,194423689.73,34.8126516673,-25.2709,24203775.0,-48.43,3.0561,3.419320824677,2.54,0.118541396879,25.5873006418,汽车零部件,2026-04-29
2418,002586,ST围海,-0.0033,308870568.84,7.8874964986,-61.5352,-3760309.67,-202.87,-101.5944,2.801684458394,-0.12,-0.145647809044,12.064037574,基础建设,2026-04-29
2419,002584,西陇科学,0.02,1822735351.02,5.7325395092,-9.1681,11980502.7,38.68,187.7029,3.738683182117,0.55,-0.391772775594,8.8054774238,电子化学品Ⅱ,2026-04-29
2420,002582,好想你,2.48,505245142.6,23.2179479203,90.434,1111159357.34,2691.43,27.6039,11.421528473506,24.46,0.151083910424,36.1980267497,休闲食品,2026-04-29
2421,002581,*ST未名,-0.0822,43861475.12,24.1484659631,-69.0639,-54225583.44,-47.15,-14.2242,2.734237625223,-2.97,-0.046295846485,13.5178917576,生物制品,2026-04-29
2422,002568,百润股份,0.21,799772936.69,8.5415911403,18.6292,216437198.29,19.34,145.561,4.839268173824,4.27,0.162387513761,70.3099708284,非白酒,2026-04-29
2423,002567,唐人神,-0.4396,5378631889.87,-9.9567552568,-4.4506,-625378819.1,-711.64,23.9365,2.90005948719,-14.15,0.043248931799,1.8607722778,饲料,2026-04-29
2424,002563,森马服饰,0.12,3449104837.69,12.0292339792,-34.2489,311360017.3,45.25,-12.4385,4.344214912726,2.7,0.123962071433,47.702898809,服装家纺,2026-04-29
2425,002547,*ST春兴,-0.0444,453989848.43,-0.543774164,-30.2057,-50065145.04,-7.84,78.9335,-0.387399470352,,0.098402897937,4.6797166993,汽车零部件,2026-04-29
2426,002541,鸿路钢构,0.2147,5242441511.03,8.8661232362,-14.7723,147608959.9,8.07,9.4282,14.283168897248,1.47,-1.304446002453,9.8507598275,专业工程,2026-04-29
2427,002539,云图控股,0.25,6101622227.18,6.8296959461,10.3328,303557057.35,19.62,99.4216,8.043896154384,3.18,-0.423089859964,12.2835796541,农化制品,2026-04-29
2428,002538,ST司特,0.081,1372513415.22,27.0352720062,-4.5112,69115288.69,81.14,603.5108,6.206689435345,1.31,0.388254536921,12.51337235,农化制品,2026-04-29
2429,002535,林州重机,0.0066,178173803.9,-42.5033896902,-36.5873,5267121.03,-77.27,104.4377,0.742348700928,0.89,0.077830079346,19.5209106382,专用设备,2026-04-29
2430,002532,天山铝业,0.48,8444424346.87,6.553903303,17.5976,2218783652.74,109.7,50.1531,6.766663643064,7.27,0.50588089414,35.605213856,工业金属,2026-04-29
2431,002528,*ST英飞,-0.0163,90288582.57,-13.0367864976,-37.853,-19550214.14,-508.42,90.9605,-0.109324920529,,-0.005233591049,37.5213608473,计算机设备,2026-04-29
2432,002526,山东矿机,0.0056,364800360.8,-16.0883630327,-41.5985,10059324.69,-81.05,-22.1561,1.820986629084,0.31,-0.049585203726,25.975538783,专用设备,2026-04-29
2433,002522,浙江众成,0.02,398562983.41,11.7054694527,-6.9897,15285281.2,4.79,44.6178,2.572880492024,0.66,0.025937546589,15.4472658758,塑料,2026-04-29
2434,002520,日发精机,0.045,115281857.6,-67.078627098,-61.7842,33822684.34,170.32,-41.7747,0.394571629505,12.07,0.023956140012,31.6647271218,通用设备,2026-04-29
2435,002517,恺英网络,0.37,2221227220.62,64.1938460501,77.7062,780567992.15,50.65,143.8042,4.846481281716,7.62,0.200344077979,80.7497444034,游戏Ⅱ,2026-04-29
2436,002512,ST达华,0.0333,479200479.51,53.4680335471,-7.5708,36431138.63,194.24,136.6958,0.29243295897,11.86,0.031659086128,12.9144236027,计算机设备,2026-04-29
2437,002508,老板电器,0.32,1962936648.19,-5.4550672625,-30.0034,306638947.4,-9.82,211.1391,12.494461145878,2.63,-0.445783163004,54.1022952513,厨卫电器,2026-04-29
2438,002506,协鑫集成,-0.032,1932809272.49,-38.7446460056,-47.0555,-186849870.95,5.59,69.4161,0.160932814547,-18.04,-0.022245453752,3.796801544,光伏设备,2026-04-29
2439,002501,*ST利源,-0.0036,54144044.58,17.7771412458,100.5156,-12900123.35,38.65,85.6743,0.045187777817,-7.73,-0.010277543411,1.2412759431,工业金属,2026-04-29
2440,002498,汉缆股份,0.0482,2551726253.76,39.371546669,-21.0299,160387369.68,12.17,101.1405,2.649069794962,1.81,-0.383233036153,14.6566910643,电网设备,2026-04-29
2441,002495,佳隆股份,0.0027,58227449.13,8.24539122,-17.4417,2452625.83,4.82,-70.9161,1.183429886784,0.22,0.029520604684,32.467494442,调味发酵品Ⅱ,2026-04-29
2442,002485,ST雪发,-0.0288,79172171.08,-63.5884580108,-17.3273,-15681048.65,-82.29,89.2219,1.86580820171,-1.53,0.014866804577,10.367617697,服装家纺,2026-04-29
2443,002480,新筑股份,-0.0493,328943026.76,-1.8072801649,-24.2114,-37938057.87,-110.11,69.9299,1.048731910557,-4.6,-0.144258040242,40.2071596905,电力,2026-04-29
2444,002475,立讯精密,0.5,83888491960.13,35.7689406201,-24.7163,3659643487.3,20.24,-27.9807,12.124713117137,4.2,-0.970122688724,11.9205204193,消费电子,2026-04-29
2445,002459,晶澳科技,-0.33,9215810744.64,-13.6472862285,-25.1945,-1066837575.29,34.89,-1.0957,6.277789120566,-4.89,0.06168277625,1.1177372633,光伏设备,2026-04-29
2446,002455,百川股份,0.03,1455570141.98,0.3803841402,-2.2473,18543260.85,-56.08,116.4695,3.79552867299,1.03,0.008828368725,8.4078611783,化学制品,2026-04-29
2447,002444,巨星科技,0.4315,3772465323.98,3.1812801675,7.4777,515392390.62,11.87,45.3734,16.009688949731,2.72,0.063459232678,31.4124238017,通用设备,2026-04-29
2448,002440,闰土股份,0.16,1682247176.55,31.5940749092,7.3733,183723457.65,284.41,-58.6494,9.007319745841,1.83,0.013321510823,22.6167578733,化学制品,2026-04-29
2449,002439,启明星辰,0.0402,667381517.31,4.1470609687,-15.5096,48712675.91,2949.98,113.6617,8.990255177751,0.45,-0.028852274918,58.2045843681,软件开发,2026-04-29
2450,002432,九安医疗,0.7014,301482711.39,-40.5357949828,1.7569,293533252.5,10.23,-56.6858,46.478037357331,1.35,-0.198823804413,68.998867073,医疗器械,2026-04-29
2451,002427,尤夫股份,-0.0204,481111415.62,-17.6894978336,1.3625,-20054249.7,-480.25,-207.5968,0.960600293895,-2.1,-0.095040874574,6.7268271796,化学纤维,2026-04-29
2452,002422,科伦药业,0.29,4259244936.0,-2.9761998439,-18.6575,453700712.0,-22.34,-9.4897,15.41760804845,1.86,0.156197109166,45.3137113972,化学制药,2026-04-29
2453,002418,康盛股份,0.0043,622895986.13,-12.527286298,-30.5006,4833262.68,-61.47,-57.0129,1.281372907999,0.33,0.00286499487,8.5081157625,家电零部件Ⅱ,2026-04-29
2454,002405,四维图新,-0.0619,856912875.65,13.3625455833,-41.5061,-144471807.64,5.26,-117.7948,3.717405620667,-1.63,-0.05643440143,29.3609701405,软件开发,2026-04-29
2455,002400,省广集团,0.0088,4472676920.36,22.2217119913,-31.8278,15308445.87,-40.41,349.8908,2.874740932759,0.31,-0.818634980606,6.0795551094,广告营销,2026-04-29
2456,002398,垒知集团,0.04,449613379.61,-15.1362615735,-21.0357,28159854.03,-23.94,164.8623,5.196240925269,0.78,0.129224991158,25.1242525563,水泥,2026-04-29
2457,002390,信邦制药,0.0257,1263351831.76,-12.3407568995,-6.6452,48656499.25,17.97,251.8656,3.518022822997,0.71,0.023412973246,16.2019829991,医药商业,2026-04-29
2458,002387,维信诺,-0.4493,1872048082.07,3.1437836402,-10.5578,-626171236.68,-18.06,18.2303,1.866660546811,-21.27,0.573259163543,-5.7543421289,光学光电子,2026-04-29
2459,002385,大北农,-0.04,7190788934.27,4.7445935296,-14.1436,-174897892.3,-230.19,80.5349,1.725013781849,-2.31,-0.249518150495,9.8061824361,饲料,2026-04-29
2460,002382,蓝帆医疗,0.0,1624785065.65,6.3288330089,4.289,962845.08,-98.84,100.2036,6.856842046541,0.01,0.071723955042,25.017156722,医疗器械,2026-04-29
2461,002377,国创高新,0.0075,496482628.8,232.4641930437,-68.8838,6828586.31,72.32,-85.1805,0.433813769289,1.73,-0.054524011591,4.6635936057,炼化及贸易,2026-04-29
2462,002363,隆基机械,0.04,441232648.69,-15.958506931,-18.5369,17533605.33,-6.7,-31.2739,5.234239731404,0.81,0.131065361516,11.470029387,汽车零部件,2026-04-29
2463,002358,森源电气,0.06,712930114.0,1.1963219231,-14.1674,53202092.67,26.27,194.508,3.606887378292,1.6,-0.118352675379,27.5564374659,电网设备,2026-04-29
2464,002357,富临运业,0.209,194954235.75,-2.0844565943,-3.2593,65529516.77,-0.93,317.2386,5.645605289622,3.77,0.127581216588,13.7339523591,铁路公路,2026-04-29
2465,002356,鹏飞绿能,-0.0057,108099397.51,-36.7820146468,-14.7939,-7500535.2,-33.17,43.8663,0.457104406475,-1.24,-0.006105979756,15.2146572958,一般零售,2026-04-29
2466,002355,兴民智通,-0.2695,246085920.45,9.1331910631,26.622,-167222861.56,-223.58,-16.7349,1.224306406599,-18.84,-0.088255185159,8.2552360464,汽车零部件,2026-04-29
2467,002354,天娱数科,0.0183,547112843.14,12.8058076849,-3.7641,30241248.36,476.94,133.0309,0.831154601186,2.3,0.04654183123,29.9125258641,广告营销,2026-04-29
2468,002352,顺丰控股,0.51,74142121000.0,6.1448842808,-10.6352,2525728000.0,13.05,-10.0832,19.916970937975,2.52,0.667720104635,13.7376175143,物流,2026-04-29
2469,002350,北京科锐,-0.0468,518163496.42,19.2634770448,-27.3974,-23889768.06,-326.21,-193.5672,3.303249103646,-1.33,-0.027963479083,14.9319860458,电网设备,2026-04-29
2470,002348,高乐股份,-0.0148,64503176.62,22.8195786218,-33.0589,-14008732.24,5.64,55.6129,0.420015373976,-3.46,-0.010395206493,22.0185390305,文娱用品,2026-04-29
2471,002346,柘中股份,0.002,193779383.81,15.5743444309,-22.4667,671425.67,-99.54,-99.0828,6.552856986789,0.02,-0.234665209306,25.5814566934,电网设备,2026-04-29
2472,002344,海宁皮城,0.03,239862381.61,-7.1830511342,-25.3535,37250800.93,-37.64,242.4141,6.594045268612,0.44,0.042663703472,34.5946607962,一般零售,2026-04-29
2473,002339,积成电子,-0.15,445065939.79,20.9180547725,-66.4042,-73379823.51,-19.59,-176.1915,3.464838053162,-4.12,-0.329961195656,16.2458798541,电网设备,2026-04-29
2474,002323,*ST雅博,-0.0053,17230005.29,-56.9285377156,-79.2354,-11137507.66,42.19,90.5635,0.090356727018,-5.65,0.019078911944,10.6539241231,专业工程,2026-04-29
2475,002317,众生药业,0.12,624239320.67,-1.5801243472,-1.537,99822991.5,20.83,296.4866,4.894761319248,2.43,0.166525025517,57.2868460459,中药Ⅱ,2026-04-29
2476,002314,南山控股,-0.0528,1366232885.44,-66.3504914476,-36.6601,-143022272.15,-158.37,93.7814,2.487879744668,-2.1,0.206712729532,23.9233143861,房地产开发,2026-04-29
2477,002300,太阳电缆,0.0223,3080591083.53,22.8316534081,-0.2962,16106114.93,-23.11,963.8754,2.635319068804,0.85,-0.200212411258,2.7743942141,电网设备,2026-04-29
2478,002291,遥望科技,0.2432,631012589.08,-35.0697586218,-8.51,227413028.06,349.38,197.1922,3.18151879645,7.95,-0.020631464499,11.0334345629,广告营销,2026-04-29
2479,002290,禾盛新材,0.17,567589708.23,-9.5042350747,-18.0066,43104385.61,-15.4,123.4904,4.075262827124,4.36,0.165236213251,15.1692859528,家电零部件Ⅱ,2026-04-29
2480,002289,宇顺电子,0.1758,265419882.08,480.4395289946,96.3802,49255805.57,4202.23,1893.9922,0.946726053922,20.46,-0.824972209558,47.6244353736,光学光电子,2026-04-29
2481,002275,桂林三金,0.21,525121474.2,12.5489021461,-9.9816,124356433.96,18.64,159.5789,5.657031915712,3.82,0.01049866676,82.2642778298,中药Ⅱ,2026-04-29
2482,002266,浙富控股,0.12,6182459778.19,25.2163515256,-12.4129,602295399.0,122.4,58.9305,2.42323560794,4.88,0.258384269138,18.4599247728,环境治理,2026-04-29
2483,002252,上海莱士,0.048,1509488075.42,-24.7454712545,20.0745,315833771.34,-44.21,197.1857,4.899705800842,0.97,0.024189822733,37.5423677986,生物制品,2026-04-29
2484,002247,聚力文化,0.001,165214736.2,5.1365647595,-19.7061,857603.25,-81.06,-85.9761,0.790262814986,0.14,-0.049506733243,20.591253058,装修建材,2026-04-29
2485,002230,科大讯飞,-0.07,5274188660.25,13.2330907021,-47.8627,-169724621.52,12.17,-118.732,8.154912517549,-0.91,-0.462319456005,38.9725300764,软件开发,2026-04-29
2486,002224,三力士,-0.0151,222783734.88,21.1036170447,-33.8747,-13305995.76,-167.84,-43.3147,3.565573031167,-0.41,-0.022502436781,22.3791709645,橡胶,2026-04-29
2487,002222,福晶科技,0.1387,324426753.06,35.6254565007,2.7914,65240350.38,30.7,7.6508,3.887623486762,3.63,0.14818604051,44.929525742,光学光电子,2026-04-29
2488,002194,武汉凡谷,-0.0021,343291668.28,-7.3783030069,8.5331,-1467791.48,-119.16,-3.9604,3.625294945992,-0.06,-0.082371574699,20.3176257348,通信设备,2026-04-29
2489,002193,ST如意,-0.12,82239833.23,2.2261359921,-32.0653,-30393559.76,-25.34,87.7453,1.028902916812,-10.68,-0.005280147282,8.8247028173,服装家纺,2026-04-29
2490,002185,华天科技,0.0266,4799534766.23,34.4870092585,-0.7156,86786407.33,568.39,-48.3019,5.484617574441,0.48,0.148560983139,11.3241186411,半导体,2026-04-29
2491,002183,怡亚通,0.01,14619101843.0,-17.1156038293,-8.2347,16814342.0,-23.91,104.746,3.489745564776,0.19,0.041586239484,4.473608427,贸易Ⅱ,2026-04-29
2492,002182,宝武镁业,0.0051,2131522224.31,4.8550948225,-27.55,5089112.12,-81.94,104.8016,5.325082064578,0.1,0.555441406033,6.8086426585,小金属,2026-04-29
2493,002176,江特电机,-0.1053,433156596.75,-13.5284254076,-17.223,-179623895.5,-316.92,29.957,1.732476816492,-6.07,0.038030373853,5.2246734345,电机Ⅱ,2026-04-29
2494,002175,*ST东智,-0.0017,71230754.47,12.4304332619,-27.5411,-2109514.64,-352.54,93.806,0.606155567369,-0.27,-0.026760527252,23.534112582,通用设备,2026-04-29
2495,002174,游族网络,0.11,354042196.4,-1.4918873708,-7.5502,103751743.35,319.99,124.4863,4.63151387837,2.32,-0.018433925572,40.1442521415,游戏Ⅱ,2026-04-29
2496,002164,宁波东力,0.04,337190311.05,1.2210642705,-4.5043,21776502.59,37.4,-84.1569,2.987615571483,1.38,-0.111408384716,23.6284750982,通用设备,2026-04-29
2497,002161,远望谷,-0.0518,106100442.83,16.1003260084,-42.7557,-38316197.08,-58.16,70.3657,2.056040743181,-2.48,0.061779764744,41.9911174371,其他电子Ⅱ,2026-04-29
2498,002157,正邦科技,-0.04,3762452229.74,25.3202690232,-9.0534,-414341894.69,-342.86,25.3031,1.129260757038,-3.87,-0.028045728327,3.9313974971,养殖业,2026-04-29
2499,002148,北纬科技,0.0043,97168882.72,4.1409714629,4.8256,2415602.75,131.81,145.276,2.182294160567,0.2,0.045985521192,39.2985996762,通信服务,2026-04-29
2500,002146,荣盛发展,-0.15,3098642364.01,-55.6476356606,-51.0169,-658697925.89,26.43,89.593,1.166235269905,-11.82,-0.031842163109,4.7079787527,房地产开发,2026-04-29
2501,002145,钛能化学,0.029,2181470762.31,6.9927182879,8.0834,103885879.03,-22.53,154.8178,3.185312014956,0.86,0.004543237473,13.1109172853,化学原料,2026-04-29
2502,002141,贤丰控股,0.0098,202480896.35,-31.2883886666,-9.84,9944676.36,-30.02,137.4055,0.781285504087,1.24,0.010802013108,15.1823295847,元件,2026-04-29
2503,002140,东华科技,0.201,1941446307.57,-6.2938240417,-39.8812,142339305.13,17.96,-15.1844,6.890926523118,2.96,0.003754781135,10.9642557752,专业工程,2026-04-29
2504,002132,恒星科技,0.0427,1232787875.28,10.3933886239,-6.2085,56649299.28,899.11,4242.8351,2.522005330436,1.62,0.04400349206,12.6112916032,通用设备,2026-04-29
2505,002131,利欧股份,0.0048,5100510263.4,7.1778801747,-8.8605,31262250.55,-71.06,105.6313,1.905185914666,0.24,-0.088639294714,6.843382623,通用设备,2026-04-29
2506,002124,天邦食品,-0.3184,1869918754.61,-23.4695306886,-5.0921,-707463733.71,-657.31,54.9054,0.746525109507,-35.16,0.050787912756,7.1254193521,养殖业,2026-04-29
2507,002123,梦网科技,-0.05,561541243.83,-22.0895984802,3.478,-43984516.83,-1278.24,72.229,1.889323905765,-2.85,-0.14386208954,11.751233384,通信服务,2026-04-29
2508,002111,威海广泰,0.15,845884162.85,32.2489925694,-17.6046,77250558.98,84.28,3246.1138,5.805534749057,2.5,0.48504116086,27.9722458632,航空装备Ⅱ,2026-04-29
2509,002110,三钢闽光,-0.04,11365516585.26,4.8323472319,16.4265,-96099480.42,-227.32,38.7137,7.974567976829,-0.49,-0.275265426366,3.7058945178,普钢,2026-04-29
2510,002105,信隆健康,-0.005,359564905.91,17.5571321422,11.0466,-1943906.19,9.46,94.2786,2.180711639532,-0.24,0.039123586853,13.1391866457,摩托车及其他,2026-04-29
2511,002102,ST能特,0.0096,1520791653.22,-34.4253336056,1.9159,23710510.21,-89.42,110.5546,1.252213453838,0.77,-0.081845397488,5.0379918017,化学制药,2026-04-29
2512,002099,海翔药业,0.02,486496687.33,0.0131834288,-1.5403,26446414.59,186.53,126.8858,3.052415217558,0.53,-0.032720707476,27.1421237244,化学制药,2026-04-29
2513,002095,生意宝,0.0,157013913.64,-3.9655879229,36.4131,1145246.62,-28.74,111.1422,3.467760716564,0.13,0.036641810739,6.7374126078,数字媒体,2026-04-29
2514,002093,国脉科技,-0.0186,121004800.84,2.648962119,-41.4303,-18727868.22,-120.49,2.8487,3.81321414672,-0.49,-0.060692188119,50.5962598632,教育,2026-04-29
2515,002090,金智科技,0.0546,327840930.75,5.2600390746,-40.2483,21864131.09,42.93,11.7785,3.911075771509,1.41,0.04362059772,28.3413178969,电网设备,2026-04-29
2516,002088,鲁阳节能,0.01,428029407.54,-21.0548299712,-39.5539,2915404.15,-95.14,104.816,4.934487328102,0.12,-0.06897900004,19.9391304374,装修建材,2026-04-29
2517,002086,东方海洋,-0.01,78370112.49,4.1142238132,-28.8316,-11268796.84,49.01,76.1646,0.647340007724,-0.88,0.003048131871,11.2219052399,农产品加工,2026-04-29
2518,002085,万丰奥威,0.12,3458003065.12,-3.0441288413,-24.3592,243051543.04,-11.64,-5.8454,3.59720068854,3.14,-0.104559711477,16.0935562887,汽车零部件,2026-04-29
2519,002084,海鸥住工,-0.0348,558061872.37,-14.920370577,-3.9408,-22509354.22,-271.01,59.6851,2.004954885972,-1.72,0.078697954051,11.7627868737,家居用品,2026-04-29
2520,002081,金螳螂,0.0664,4111401789.48,-14.086684162,2.0017,176182636.47,-17.73,183.6514,5.247105742681,1.27,-0.523214340785,13.0316618741,装修装饰Ⅱ,2026-04-29
2521,002079,苏州固锝,0.1048,1279380685.07,41.6506568531,36.1677,84969425.95,134.2,677.9318,3.94216153121,2.7,-0.344198649669,15.6032530004,光伏设备,2026-04-29
2522,002078,太阳纸业,0.3243,10082919164.47,1.8710429388,-1.6851,906372123.57,2.29,20.6918,11.175553234627,2.94,0.293186083628,14.7688631423,造纸,2026-04-29
2523,002077,大港股份,0.07,104843492.93,60.2073235728,22.9363,38402975.87,145.63,623.191,5.831434176588,1.14,0.029796823551,18.9081834704,半导体,2026-04-29
2524,002074,国轩高科,0.01,11708087377.56,29.2964776523,-24.7672,21093201.58,-79.04,114.0663,15.946719543896,0.07,0.085591393502,16.0565700832,电池,2026-04-29
2525,002067,景兴纸业,0.01,1429974397.88,20.2363819021,-21.1828,21210555.74,190.56,45.3118,4.533455706672,0.32,0.100687052312,5.9073014849,造纸,2026-04-29
2526,002058,威尔泰,0.05,182371462.72,1.442479451,-19.3908,7511806.03,366.66,16.4809,0.441645273854,12.6,0.167927771095,26.7317274605,电池,2026-04-29
2527,002055,ST得润,0.0418,1078611350.89,5.4421606812,-12.9131,25257482.4,-21.23,123.7434,2.242548868231,1.89,-0.143429142652,20.3100237189,消费电子,2026-04-29
2528,002053,云南能投,0.2237,646882134.49,-32.1930174275,13.0961,205998662.33,-6.8,2094.0579,8.282348129743,2.74,0.27495533157,53.204718546,电力,2026-04-29
2529,002043,兔宝宝,0.18,1685985839.03,32.6794283057,-34.2444,148032882.81,46.36,102.7858,4.155652227403,4.39,-0.676505400332,16.1785938675,装修建材,2026-04-29
2530,002042,华孚时尚,0.01,2031704124.66,-6.9537434669,-11.1137,25322943.98,180.98,398.5122,3.474494703471,0.43,0.041104099657,8.8568293836,纺织制造,2026-04-29
2531,002038,双鹭药业,-0.08,136840808.89,-18.9793113662,-17.0115,-86114439.76,-287.33,82.3643,4.959635169747,-1.56,0.057094156471,63.6174108778,化学制药,2026-04-29
2532,002037,保利联合,-0.1689,971229355.76,-20.1932521093,-53.4459,-81721859.41,-38.72,89.1027,2.122650484848,-7.73,0.089097276844,13.5346717848,化学制品,2026-04-29
2533,002027,分众传媒,0.1239,2915160677.12,2.0092691701,-7.5131,1789555599.73,57.65,238.2811,1.069468895761,12.13,0.148090415462,68.7408195842,广告营销,2026-04-29
2534,002011,盾安环境,0.19,3056660045.4,1.1727453052,-7.7016,196066632.44,-9.86,-36.6295,6.350525865108,2.91,0.190765381323,15.4124962731,家电零部件Ⅱ,2026-04-29
2535,002001,新和成,0.59,6294652672.67,15.7195077139,12.2189,1827227858.46,-2.8,26.5851,11.430839762635,5.37,0.547812919261,42.8809773033,化学制品,2026-04-29
2536,001914,招商积余,0.2213,4769571221.43,6.8228468898,-10.5406,233225600.48,6.3,836.8117,10.398604687794,2.15,-1.917178808449,10.7806534306,房地产服务,2026-04-29
2537,001391,国货航,0.04,5220036532.0,0.7334671012,-16.3739,472054517.0,-18.45,-36.9535,2.236976744526,1.74,0.065077410645,12.2965775635,物流,2026-04-29
2538,001386,马可波罗,0.1336,1006698961.28,-18.8156988566,-33.7768,159613818.85,-19.18,8.0658,10.231844569369,1.31,-0.135905947653,33.9953360441,家居用品,2026-04-29
2539,001368,通达创智,0.29,309283799.28,15.2711596647,32.347,32274741.31,14.63,81.4774,12.443938675919,2.3,0.067798030664,26.6357370033,文娱用品,2026-04-29
2540,001359,平安电工,0.2979,312919208.96,20.6063727346,3.6777,55257416.05,5.51,35.6934,11.143578756567,2.71,0.058747502287,33.147347344,塑料,2026-04-29
2541,001336,楚环科技,0.13,49339324.35,103.5953933928,-77.1968,10590670.18,171.71,-43.8112,10.192130512918,1.3,0.046098461806,33.1242543251,环保设备Ⅱ,2026-04-29
2542,001335,信凯科技,0.26,382077502.49,8.9153704943,32.398,24207548.3,3.05,76.3558,10.581452772661,2.46,-0.340544785681,16.276032636,化学制品,2026-04-29
2543,001331,胜通能源,-0.0296,1288083933.75,-23.1017248173,-4.3076,-8344717.38,-128.22,67.8871,5.210618731186,-0.56,-0.936659568346,0.5538075115,燃气Ⅱ,2026-04-29
2544,001326,联域股份,0.208,410158752.08,8.2291223364,7.2736,15179189.46,27.75,161.5231,16.88606895929,1.24,0.503196914617,21.5367369834,照明设备Ⅱ,2026-04-29
2545,001323,慕思股份,0.2,1186938262.6,5.8585346407,-19.0276,88378628.85,-25.13,28.8053,10.58258991572,1.97,0.036144227581,51.2815270751,家居用品,2026-04-29
2546,001322,箭牌家居,-0.0679,977889025.79,-6.8638306041,-51.172,-64262161.22,12.13,-585.5001,4.831710093674,-1.37,-0.454584501292,29.8550833888,家居用品,2026-04-29
2547,001312,福恩股份,0.23,391409162.52,-7.1039540434,10.1453,40618854.67,3.42,-28.4799,7.728043528286,3.05,-0.535986010743,28.5279767446,纺织制造,2026-04-29
2548,001296,长江材料,0.15,216180699.63,-6.5270748806,-34.2402,21835297.37,-34.25,113.0898,12.14404853475,1.21,-0.113065466682,24.9966651567,非金属材料Ⅱ,2026-04-29
2549,001282,三联锻造,0.12,395983669.87,1.548653102,-10.9239,27372468.03,-8.7,49.6796,7.439745567445,1.67,0.294896506704,20.7755694564,汽车零部件,2026-04-29
2550,001280,中国铀业,0.1,3564871309.88,8.6181358043,-41.8472,214089722.11,52.71,-51.9802,8.233116026789,1.26,0.435864480397,17.5250301409,小金属,2026-04-29
2551,001256,炜冈科技,0.27,140498706.24,18.4608226383,11.6388,37599118.65,43.77,-27.5482,9.196957412965,2.91,0.010680976566,35.8400018602,专用设备,2026-04-29
2552,001255,博菲电气,-0.019,125954899.53,36.8282513769,9.83,-1595981.11,-155.48,-119.5396,10.347791389849,-0.18,-0.553133764989,22.9353498735,塑料,2026-04-29
2553,001238,浙江正特,0.39,632152123.54,24.7127460472,66.8883,42537167.97,4.91,557.7988,10.525621845966,3.72,0.494131318986,25.87867106,文娱用品,2026-04-29
2554,001236,弘业期货,0.0124,81780416.16,23.53,146.9379,12509056.26,939.69,557.3446,1.858612313686,0.67,-0.616986761629,,多元金融,2026-04-29
2555,001233,海安集团,0.29,474235070.54,1.3038327361,-22.7071,53129534.29,-62.73,-45.4947,25.363755362798,1.13,0.263331946611,38.3073586909,汽车零部件,2026-04-29
2556,001223,欧克科技,0.3296,255620700.76,28.3265274751,16.7668,30772277.58,-24.08,160.2102,20.648127609157,1.61,0.190413784922,27.6247685536,自动化设备,2026-04-29
2557,001220,世盟股份,0.24,167849270.45,-27.6955566827,-14.8112,20635851.13,-43.43,-31.3588,16.920049661718,1.52,0.332381206306,21.830948107,物流,2026-04-29
2558,001216,华瓷股份,0.1736,301690251.6,-13.9234168739,-10.901,43715649.65,-13.12,39.053,7.482923949931,2.07,0.2901608963,34.3195692572,家居用品,2026-04-29
2559,001213,中铁特货,0.03,2320267349.77,-10.1207444533,-33.9014,121820655.67,-29.01,352.2158,4.332601655675,0.63,0.125783129119,8.7760568419,铁路公路,2026-04-29
2560,001209,洪兴股份,0.17,479360732.16,8.1929724434,-20.2073,22480945.41,8.89,486.2066,9.969020535691,1.73,-0.723756024967,33.1319415557,服装家纺,2026-04-29
2561,000998,隆平高科,-0.089,907704638.32,-35.5558398467,-83.8955,-130828544.17,-6145.62,-115.7705,4.610539155028,-1.95,-0.563173691574,35.2525082787,种植业,2026-04-29
2562,000983,山西焦煤,0.1423,8861144708.1,-1.8216271373,-11.207,807880014.39,18.62,446.6502,6.520213412172,2.22,0.096679815069,28.6044636512,煤炭开采,2026-04-29
2563,000980,众泰汽车,-0.02,74761891.55,-24.2924983762,-26.4071,-82009850.17,20.41,43.2817,0.006484770476,-87.21,-0.010482710179,5.5443767594,汽车零部件,2026-04-29
2564,000973,佛塑科技,0.38,1334192202.7,160.4597949099,134.5553,556492955.24,2694.74,2208.5477,3.722588588495,10.94,-0.148876167671,27.7949552186,塑料,2026-04-29
2565,000965,天保基建,0.0576,1487984123.09,777.925039258,207.431,63933439.42,-36.29,240.8173,4.964413968598,1.17,-0.287128219746,16.9115695238,房地产开发,2026-04-29
2566,000938,紫光股份,0.2755,27984855967.39,34.6087720553,44.0526,787908617.19,126.06,179.7289,5.42895029268,5.21,-1.081346216623,12.8829412414,IT服务Ⅱ,2026-04-29
2567,000937,冀中能源,0.0315,3553674209.41,-11.6988321975,-20.7257,111397512.28,-65.07,-45.7796,5.463717129048,0.58,0.032530333167,29.5113817075,煤炭开采,2026-04-29
2568,000936,华西股份,0.01,896173849.25,13.9140212796,-5.2855,6394895.33,-89.95,102.5133,5.762146022465,0.12,0.039847304061,8.2646401356,化学纤维,2026-04-29
2569,000935,四川双马,0.08,267454224.25,-17.703533739,-7.336,58796065.52,-49.55,1142.9381,10.257954421069,0.75,-0.018986989662,45.7578433069,多元金融,2026-04-29
2570,000926,福星股份,-0.0835,401337046.95,16.5091969586,-85.7623,-133072259.53,-38.52,95.919,3.285807758151,-8.35,0.016071818051,2.452246578,房地产开发,2026-04-29
2571,000925,众合科技,-0.05,351961382.53,59.8459272623,-58.0204,-33194868.66,33.57,-106.8625,4.760820679726,-1.02,-0.267423474953,27.0338438484,轨交设备Ⅱ,2026-04-29
2572,000923,河钢资源,0.0347,907133100.66,-26.5915386579,-40.9293,22623116.99,-82.02,-23.4387,15.386240905419,0.23,0.185427949274,40.8542393393,冶钢原料,2026-04-29
2573,000921,海信家电,0.76,23059955781.85,-7.1595658246,40.6456,1034697566.17,-8.22,176.0801,13.358518265099,5.75,0.673792477867,21.5974749024,白色家电,2026-04-29
2574,000911,*ST广糖,-0.0644,798506764.73,5.1074266059,11.6648,-25780532.78,-374.36,78.5923,-0.229997674534,,-1.946336843933,8.7540591949,农产品加工,2026-04-29
2575,000910,大亚圣象,-0.18,767558342.64,-2.5839695836,-34.4367,-96736880.86,-39.18,-61.6701,11.977597544125,-1.46,-0.8697957694,16.6631331255,家居用品,2026-04-29
2576,000908,石药景峰,0.0042,107542539.26,7.4235147147,1.2104,3670161.2,130.84,110.1037,1.186240098644,14.66,-0.040655872786,69.2434746775,化学制药,2026-04-29
2577,000901,航天科技,0.0188,1084547748.88,-34.3819575119,-22.8252,15029237.22,512.13,160.9848,5.321369513085,0.35,-0.09789882411,21.9101002335,汽车零部件,2026-04-29
2578,000900,现代投资,0.109,2294600404.28,41.092206952,154.6736,165408514.39,-5.76,672.1664,7.369856825034,1.47,0.027148946298,25.4255490499,铁路公路,2026-04-29
2579,000897,津滨发展,-0.001,50111802.28,-64.6586754391,-52.2926,-1603341.35,-111.85,97.3878,1.860858149853,-0.05,-0.147069646631,39.3024448611,房地产开发,2026-04-29
2580,000895,双汇发展,0.3728,14598383763.62,2.1205247104,-1.409,1291771313.1,13.59,12.728,6.539605329183,5.87,0.289606588198,19.7026090301,食品加工,2026-04-29
2581,000887,中鼎股份,0.24,4379470788.25,-9.7795393399,-16.5013,321983420.7,-20.01,14.0772,11.130805382657,2.6,0.31495057595,25.7750768284,汽车零部件,2026-04-29
2582,000886,海南高速,-0.024,145129272.36,153.2658072523,-57.7648,-23494028.15,-72.53,-114.2162,3.213018632699,-0.73,0.06863990622,13.3994132292,铁路公路,2026-04-29
2583,000883,湖北能源,0.07,4391518805.52,4.9932141756,11.292,505984573.41,42.04,218.494,5.336886696694,1.35,0.15344251088,26.0999308492,电力,2026-04-29
2584,000882,华联股份,-0.0137,279100027.01,-16.2495463544,4.102,-37486694.7,-1323.67,76.0932,2.390784183949,-0.57,0.015268876995,49.7831964291,一般零售,2026-04-29
2585,000860,顺鑫农业,0.156,2411072704.76,-26.0021091916,77.9388,115726172.0,-59.01,150.4602,9.256275640934,1.7,-0.501207158101,37.5531490644,白酒Ⅱ,2026-04-29
2586,000830,鲁西化工,0.23,7113501626.86,-2.4201132669,-1.5487,437961128.02,6.07,475.9165,10.181329496048,2.29,0.320319226168,13.1179399571,化学原料,2026-04-29
2587,000829,天音控股,-0.0248,29215715181.7,30.4143348772,16.8653,-25381102.17,11.01,-171.1923,2.826870035841,-0.87,-1.884644875247,2.6119476107,专业连锁Ⅱ,2026-04-29
2588,000826,*ST启环,-0.148,975408632.4,-12.5422109178,-27.6993,-181189243.18,-36.58,92.2674,-1.754922296652,,0.079428122901,25.9703476928,环境治理,2026-04-29
2589,000820,神雾节能,-0.0015,29672364.87,121.286518628,-88.6302,-1001453.32,41.76,98.1868,0.133022669269,-1.16,-0.043825917757,17.1022494912,环保设备Ⅱ,2026-04-29
2590,000818,航锦科技,0.02,740110642.15,-30.789894499,-11.5339,16161426.71,213.64,109.6037,3.311114045813,0.75,0.245996058388,10.7745664322,化学原料,2026-04-29
2591,000803,山高环能,0.09,423576001.04,-2.3906264366,3.2067,43741813.92,54.74,296.05,3.194359461464,2.98,0.039830073657,31.2148730252,电力,2026-04-29
2592,000799,酒鬼酒,0.1021,317272880.55,-7.779061804,-8.852,33180776.74,4.63,237.4157,11.606455541885,0.88,-0.120844985295,67.298553986,白酒Ⅱ,2026-04-29
2593,000796,凯撒旅业,0.0017,196070893.44,39.427244689,-24.2158,2802612.21,161.71,-94.8837,0.566357232731,0.31,-0.038203775989,21.6205689362,旅游及景区,2026-04-29
2594,000786,北新建材,0.472,6163591626.19,-1.3234661085,14.6742,803824624.41,-4.56,151.1445,16.412628656696,2.92,-0.355759102491,29.5821167678,装修建材,2026-04-29
2595,000785,居然智家,0.01,2522909596.12,-23.8165019034,27.0919,62104517.44,-70.65,104.4449,3.069757930696,0.33,0.088416104782,19.6943829574,一般零售,2026-04-29
2596,000768,中航西飞,0.0887,7002247492.0,-17.0194787555,-34.9801,246225626.23,-14.73,54.9807,8.101497548529,1.31,-0.463452570946,8.7559260666,航空装备Ⅱ,2026-04-29
2597,000756,新华制药,0.12,2423049619.1,-0.2788561223,21.6329,83903044.36,-25.15,149.206,7.67893625846,1.59,-0.167296504028,18.2045205217,化学制药,2026-04-29
2598,000733,振华科技,0.0287,836889586.23,-7.8589117135,-54.2432,15907464.61,-72.81,-96.0453,28.440353762332,0.1,-0.362419143433,39.964730806,军工电子Ⅱ,2026-04-29
2599,000720,新能泰山,-0.0177,310418236.4,3.799658113,-23.5527,-22269270.76,-237.2,95.1058,1.497101205346,-1.18,0.12737414811,0.3364187401,电网设备,2026-04-29
2600,000712,锦龙股份,-0.02,150314336.23,392.66,-47.5957,-15694178.83,83.61,-111.9516,2.980818496496,-0.59,1.067152187545,,证券Ⅱ,2026-04-29
2601,000709,河钢股份,0.0268,31300767653.27,-3.8123780095,44.9442,322960793.96,39.06,80.4026,5.03466550051,0.53,0.334223602492,9.5638283192,普钢,2026-04-29
2602,000707,双环科技,-0.0392,516839755.28,-9.8262326894,-2.0938,-22912228.78,-1395.94,63.4344,4.729224294932,-0.83,0.134377540152,8.7835707231,化学原料,2026-04-29
2603,000705,浙江震元,-0.0653,440516935.6,-41.3947515516,-11.1826,-21809259.13,-160.78,34.6396,5.82124916777,-1.11,0.078831246081,22.0292516059,医药商业,2026-04-29
2604,000695,滨海能源,-0.0484,210209009.46,118.9613613514,4.5854,-11210967.43,-6.49,71.0304,1.290374619628,-6.01,-0.514658648997,10.0362174743,电池,2026-04-29
2605,000692,惠天热电,0.0925,1213973893.32,0.8046219789,37.955,49311320.78,233.25,-81.2582,0.348049423315,31.6,-1.425237100735,14.518111592,电力,2026-04-29
2606,000682,东方电子,0.1759,1518934346.19,8.0511349918,-52.723,235825663.52,95.06,-43.444,4.588538971043,3.91,-0.282924825941,30.449946609,电网设备,2026-04-29
2607,000676,智度股份,0.0368,1045968991.5,-5.8020837831,3.4057,46131978.83,3.78,106.8596,3.398506479888,1.08,-0.011687638944,17.3228126915,广告营销,2026-04-29
2608,000665,湖北广电,-0.1,340069868.07,-18.1427135595,-10.9406,-114902171.4,-3.64,83.7524,2.806717836347,-3.54,0.12587251174,3.037062098,电视广播Ⅱ,2026-04-29
2609,000651,格力电器,1.09,43080395805.39,3.4615231707,28.7341,6082159344.39,3.01,-19.3537,27.140376296401,4.07,1.392247261315,27.4157816857,白色家电,2026-04-29
2610,000639,ST西王,-0.0086,1047868139.82,0.7818819695,2.4027,-9291380.96,-223.62,99.2534,1.529808526051,-0.56,-0.037899507989,21.3571117544,食品加工,2026-04-29
2611,000636,风华高科,0.08,1514698051.44,18.8994993237,-8.0909,88559116.72,37.14,61.473,10.788954571202,0.71,-0.188223869416,16.7811947984,元件,2026-04-29
2612,000632,ST三木,-0.1244,678064131.99,-67.9355737155,-47.6683,-57922123.02,-98.59,92.377,0.134752241651,-63.17,-0.107203891063,1.8807920296,综合Ⅱ,2026-04-29
2613,000631,顺发恒能,0.003,104067562.18,-24.7869856267,-16.1113,7075696.15,-64.15,669.5846,2.395500824471,0.12,0.005728141914,33.8574758762,电力,2026-04-29
2614,000630,铜陵有色,0.1,64699303698.58,83.5920375709,27.0316,1338454558.16,19.12,107.6791,2.795438488869,3.59,0.494541806917,7.5769587471,工业金属,2026-04-29
2615,000620,盈新发展,-0.0203,289948100.11,-2.194207809,-46.5289,-119369931.62,-16.58,82.6269,0.624102657202,-3.2,-0.020449942853,-2.4687119961,房地产开发,2026-04-29
2616,000612,焦作万方,0.428,1756656157.11,18.485738586,16.0715,510739130.7,216.46,209.1591,6.463837077298,6.86,0.278830471835,36.4370389669,工业金属,2026-04-29
2617,000608,阳光股份,-0.03,62206505.34,-14.8765647149,-30.8089,-23473690.26,-44.67,83.9388,2.73833099355,-1.14,0.019426353413,51.7664926104,房地产开发,2026-04-29
2618,000605,渤海股份,0.0527,660137102.63,19.7633291053,-10.5905,18601058.89,3.16,497.8601,6.080344899146,0.87,0.086010402015,19.6516360273,环境治理,2026-04-29
2619,000603,盛达资源,0.1151,384378436.59,9.0193804354,-52.489,79405421.57,858.53,-62.1555,5.181320816447,2.58,0.084626125926,61.4208880015,贵金属,2026-04-29
2620,000600,建投能源,0.332,6264428933.21,-4.7309193043,-0.6169,599474222.33,35.08,103.0019,6.920234223069,4.88,0.66888583282,22.9765362627,电力,2026-04-29
2621,000599,青岛双星,0.0186,6629206008.58,-6.5882623357,481.9227,42286472.69,14.76,142.7117,6.473847059659,0.81,1.123168676527,23.5594322751,汽车零部件,2026-04-29
2622,000596,古井贡酒,3.04,7445774807.1,-18.5903663938,209.2945,1606873496.41,-31.03,490.8766,49.42121078689,6.3,3.615912535641,77.8456595497,白酒Ⅱ,2026-04-29
2623,000591,太阳能,0.0467,1061141796.05,-18.4021644429,23.9237,183410276.69,-36.51,160.5971,6.119123920497,0.77,0.00609333328,42.9097312692,电力,2026-04-29
2624,000589,贵州轮胎,0.12,2687084732.71,6.3209269899,-10.1226,180213432.18,172.57,5.9806,5.912306409175,1.97,0.241434498256,19.8974261445,汽车零部件,2026-04-29
2625,000568,泸州老窖,2.52,8025174114.21,-14.189134474,208.2396,3708450417.95,-19.25,5328.1164,35.054794254731,7.32,3.086414315399,85.8177773598,白酒Ⅱ,2026-04-29
2626,000567,海德股份,0.2148,546664699.68,147.8126497007,121.9719,419764997.77,332.55,96.0632,3.08183781723,7.22,0.013787605103,99.4050200567,多元金融,2026-04-29
2627,000564,供销大集,-0.0076,361539109.0,-18.5088907415,-46.5858,-136469151.1,-4008.52,92.1738,0.802164090659,-0.96,-0.018712489321,30.1149471393,一般零售,2026-04-29
2628,000557,西部创业,0.0357,354743427.87,11.4928613468,2.9329,52025926.14,-20.88,2566.5791,4.380546043572,0.82,0.085403860113,20.6465764397,铁路公路,2026-04-29
2629,000551,创元科技,0.2562,1217936241.24,3.2580012547,10.9092,124186546.85,56.29,62.4223,6.281908855457,4.18,0.303700250405,28.6442964736,环保设备Ⅱ,2026-04-29
2630,000544,中原环保,0.3484,1173204698.05,1.7441765702,-28.4658,347613002.27,-3.22,616.2643,9.652741908877,3.67,-0.399081819911,60.1637910233,环境治理,2026-04-29
2631,000520,凤凰航运,0.0033,243585328.37,47.8683367135,18.2491,3301967.36,231.86,-71.7095,0.416090680654,0.79,-0.0009663925,4.3906341287,航运港口,2026-04-29
2632,000517,荣安地产,-0.0089,529647368.12,-79.7721603362,-48.3122,-28452884.04,-247.29,97.369,1.458582956174,-0.61,0.2228786395,5.6714721394,房地产开发,2026-04-29
2633,000504,南华生物,0.0336,119301354.8,431.3245129074,-64.12,11100681.89,600.34,-52.9559,0.838886290983,4.09,-0.274834752688,20.4622823864,医疗服务,2026-04-29
2634,000503,国新健康,-0.0497,50520618.6,0.1048051981,-71.9396,-48632474.93,-6.71,81.6871,0.979490407945,-4.94,-0.06848310844,-16.0062871043,软件开发,2026-04-29
2635,000425,徐工机械,0.175,29790570752.92,9.258451752,31.4354,2056440952.77,0.86,245.6168,5.333585160017,3.34,0.183166534756,22.0515134966,工程机械,2026-04-29
2636,000420,吉林化纤,0.0111,1303732884.42,7.3642685873,-7.4356,27249649.9,229.51,374.7729,1.805885132952,0.62,0.03623364223,12.704007277,化学纤维,2026-04-29
2637,000417,合百集团,0.0824,1773242904.49,-16.8636445726,10.9384,64285694.77,-14.58,635.4017,6.109379220774,1.36,-0.124491143672,25.7042812779,一般零售,2026-04-29
2638,000415,渤海租赁,0.1467,8949971000.0,-47.7136415843,-29.1937,907520000.0,35.57,-6.1024,4.82791498946,3.06,0.761362567173,43.2112908522,多元金融,2026-04-29
2639,000410,沈阳机床,-0.0128,813559461.45,-15.0329079241,-31.8581,-33835396.98,-452.49,-215.1613,1.576723425643,-0.81,-0.113915707225,11.4001928211,通用设备,2026-04-29
2640,000403,派林生物,0.02,342919344.14,-8.469325547,-66.1969,22968833.2,-74.22,-63.0044,8.534310442695,0.28,-0.180820736327,34.8243421495,生物制品,2026-04-29
2641,000402,金融街,0.12,2763650133.15,6.8837433336,61.47,345007278.04,190.39,108.5511,6.642603409796,1.75,-0.150847727675,31.0767525968,房地产开发,2026-04-29
2642,000301,东方盛虹,0.22,32022404528.27,5.6518178366,-4.1983,1432428907.29,319.86,19430.6171,5.253915387996,4.11,0.534614288324,18.9207405158,炼化及贸易,2026-04-29
2643,000159,国际实业,0.0152,450083978.51,25.5120669947,-34.229,7293588.28,-15.32,-59.2725,4.288508333277,0.35,-0.032731923374,12.049974478,炼化及贸易,2026-04-29
2644,000157,中联重科,0.1,12952203156.87,6.8936427755,-13.3717,884165163.19,-37.3,-5.7513,6.74347243531,1.52,0.108063675101,27.6926334401,工程机械,2026-04-29
2645,000153,丰原药业,0.0796,835922413.31,-11.1436437183,14.0309,37006766.92,-2.67,4361.4524,4.696781371252,1.74,0.020015465578,22.8986759958,化学制药,2026-04-29
2646,000096,广聚能源,0.0232,356926534.87,9.2365439377,7.7515,12228139.58,-15.65,-85.4632,5.219375481705,0.44,-0.09604781197,12.7302289662,炼化及贸易,2026-04-29
2647,000090,天健集团,-0.0125,3689860765.92,27.892121631,-70.58,-23314475.3,-157.8,-111.4675,6.017712174977,-0.21,-0.085577259466,7.7535336252,房地产开发,2026-04-29
2648,000066,中国长城,-0.026,3220200204.29,12.6695156735,-41.5919,-83617001.27,47.5806947806,-16.472,3.388930882053,-0.761,-0.198278728517,18.8289095573,计算机设备,2026-04-29
2649,000062,深圳华强,0.1921,7701131823.32,47.2777277916,6.2099,200888573.83,90.28,97.2204,6.565583737325,2.95,-0.554857700025,8.0676621995,其他电子Ⅱ,2026-04-29
2650,000056,*ST皇庭,-0.03,119580823.4,-8.6297988317,145.3273,-32311023.79,60.61,88.6748,-2.034173392902,,0.067942243408,65.5270541062,房地产服务,2026-04-29
2651,000039,中集集团,0.0353,32664178000.0,-9.3327924715,-17.4117,208961000.0,-61.57,115.5385,8.663832370797,0.4,0.094757535483,11.5409608654,通用设备,2026-04-29
2652,000037,深南电A,0.02,90061597.28,54.1847908928,-26.6295,12025495.19,197.73,-93.3554,2.803618817748,0.71,-0.02830993395,42.4374679267,电力,2026-04-29
2653,000035,中国天楹,0.05,1162062941.09,-5.1968034526,-13.3565,110716961.45,5.25,476.617,4.505383059478,1.02,0.124345873677,36.5862453596,环境治理,2026-04-29
2654,000021,深科技,0.1539,3723775220.39,10.6738667504,-16.6857,242178267.01,35.35,-36.2604,8.486772558839,1.83,0.072485986657,17.0661803011,消费电子,2026-04-29
2655,000017,深中华A,0.0089,132098160.77,-17.6149835194,-16.5009,6115610.1,3.57,-39.9954,0.566385998836,1.58,-0.062411957662,10.7399870727,饰品,2026-04-29
2656,000016,*ST康佳A,-0.0763,1931598532.06,-24.0846648686,-10.4292,-183826414.05,-293.89,98.4154,-4.674566186,,-0.021701931047,5.9857720515,白色家电,2026-04-29
2657,000011,深物业A,-0.0457,556225443.63,12.7339749574,-16.6724,-27235245.53,-644.08,-1736.8195,5.648127412782,-0.81,-0.458780924449,12.8734751224,房地产开发,2026-04-29
2658,000010,*ST美丽,0.0235,105592241.59,12.937719132,-49.6053,27071206.0,567.13,1117.5522,0.256009335151,9.64,-0.035842177897,8.2824430643,基础建设,2026-04-29
2659,000007,全新好,-0.0063,123755254.21,29.7215934204,29.0588,-2170683.41,-222.47,-45.6112,0.516938830228,-1.2,0.240092130294,9.4818221617,一般零售,2026-04-29
2660,920985,海泰新能,-0.12,433341863.69,-1.4147869903,140.8479,-38546598.29,-50.78,90.826,2.035105235491,-5.94,-0.176300492639,8.078506178,光伏设备,2026-04-28
2661,920981,晶赛科技,0.05,190287783.7,46.8520268692,26.2589,3976930.58,288.71,130.6336,6.697847747031,0.78,0.358983153607,15.1518078562,元件,2026-04-28
2662,920971,天马新材,0.05,60997141.34,5.7141493574,-9.1612,5280812.03,443.34,-80.7701,4.495401356284,1.12,0.021835865145,19.6765480584,非金属材料Ⅱ,2026-04-28
2663,920931,无锡鼎邦,0.03,83442850.73,-2.1374584109,35.8956,2740167.94,-66.99,117.0626,4.207619891089,0.7,-0.478070865219,14.7521872782,专用设备,2026-04-28
2664,920892,广咨国际,0.04,91293558.29,5.0920679267,-56.6592,7344038.29,10.39,-85.6049,2.622440806619,1.66,-0.058102657101,32.9237527302,工程咨询服务Ⅱ,2026-04-28
2665,920885,星辰科技,0.003,38863598.68,18.3928773856,-30.8297,591339.38,-90.82,-91.6975,2.410114302549,0.14,-0.107626074714,30.8603623889,自动化设备,2026-04-28
2666,920876,慧为智能,-0.04,116746918.28,-13.9127229132,-25.4655,-2585218.83,-219.91,-160.6503,3.957330180421,-1.01,-0.679977982152,13.4679132363,消费电子,2026-04-28
2667,920871,派特尔,0.05,34807831.89,-12.02074398,-8.3303,4303300.48,23.07,218.1381,3.160931318391,1.62,0.024934925563,31.8539427995,汽车零部件,2026-04-28
2668,920870,恒进感应,0.05,26172389.07,15.3363554564,-26.2565,6147282.09,44.6,2.2465,3.421050718881,1.35,0.003204074627,40.1226578587,通用设备,2026-04-28
2669,920866,绿亨科技,0.04,84289080.52,-11.7571679768,-46.8862,7692181.19,95.84,-36.3901,4.323738382317,0.99,-0.213254347,42.7381321967,农化制品,2026-04-28
2670,920834,三维装备,0.06,61206423.93,-0.7363442004,-19.4602,6964976.67,-7.87,-25.2863,2.625691902763,2.23,0.074300179987,32.0609342942,橡胶,2026-04-28
2671,920832,齐鲁华信,-0.04,64324432.96,-45.4961495318,-39.2878,-5823664.96,-808.81,14.9666,5.284558599964,-0.79,0.01315654151,12.0465815763,非金属材料Ⅱ,2026-04-28
2672,920810,春光智能,-0.02,31368166.95,-31.0096098536,-16.1039,-1517919.15,-150.95,47.1479,2.379474086653,-0.66,0.038137904692,19.8555183665,专用设备,2026-04-28
2673,920809,安达科技,0.11,1414339489.57,104.4568540701,15.914,65110504.39,200.62,570.3848,2.726177438678,4.07,-0.135879525549,12.8978120936,电池,2026-04-28
2674,920792,东和新材,0.15,208061691.26,41.7736367334,-25.0042,24249539.83,24.77,-4.8855,6.4469982574,2.3,-0.018893969615,25.7359854838,装修建材,2026-04-28
2675,920786,骑士乳业,0.06,334624797.58,-9.4605250014,-17.555,12459478.24,16.97,25.6305,3.692266651758,1.63,0.226991008022,12.260037417,饮料乳品,2026-04-28
2676,920735,德源药业,0.47,294181481.42,15.3245914423,12.3109,55513502.4,19.53,-28.8313,11.213116680855,4.16,0.296865191182,83.0023778184,化学制药,2026-04-28
2677,920729,永顺生物,0.02,47452322.97,-27.505727418,-18.468,5083098.81,-35.79,-53.6812,2.492902513298,0.75,0.001059413133,60.8495421568,动物保健Ⅱ,2026-04-28
2678,920701,豪声电子,0.02,173525698.45,-1.7746831961,-17.9208,2747435.87,-67.79,-81.6232,6.183991216035,0.33,-0.147690241691,12.4235342503,消费电子,2026-04-28
2679,920699,海达尔,0.22,69688034.77,-26.2170610043,-19.0027,10094236.95,-47.49,-10.2726,7.705951622674,2.91,0.543854302109,23.0268963861,家电零部件Ⅱ,2026-04-28
2680,920693,阿为特,0.01,97223914.94,42.2558871079,26.1746,421726.51,-91.26,109.0021,4.850553629986,0.12,0.004129389271,22.5061865833,通用设备,2026-04-28
2681,920689,克莱特,0.17,148059326.8,18.3718289531,-2.4064,12605280.57,13.85,86.0466,6.884696446866,2.53,-0.077879876975,26.7601383691,通用设备,2026-04-28
2682,920679,前进科技,0.07,30910590.08,110.5928368555,-16.4736,4122884.37,404.5,-18.6884,9.089532882722,0.82,-0.044433270725,32.4306060287,通用设备,2026-04-28
2683,920665,科强股份,0.07,77035557.41,18.0182714264,-14.477,9489256.22,-5.38,2270.7106,5.630260415878,1.31,0.096923965074,32.9993960512,橡胶,2026-04-28
2684,920651,天罡股份,0.18,56787421.62,0.1469791456,-59.2314,10931321.83,-3.65,-55.4456,9.040682708197,2.0,-0.305333912295,45.8744976561,通用设备,2026-04-28
2685,920642,通易航天,0.07,17518515.9,-45.9985829346,3.5234,6920851.22,570.13,139.3222,2.200798599865,3.08,0.209708561792,6.965695593,航空装备Ⅱ,2026-04-28
2686,920641,格利尔,0.01,97630694.28,-6.6000353359,-16.6339,645070.06,-83.73,108.4801,4.641543104895,0.13,-0.209946566767,20.7522457147,照明设备Ⅱ,2026-04-28
2687,920639,晨光电缆,0.0348,555565074.59,36.0928890135,-10.159,6944727.55,147.77,141.3029,4.250872368452,0.81,-0.542060226438,10.7603156955,电网设备,2026-04-28
2688,920634,新威凌,0.04,185694867.93,6.875227965,-8.632,2308434.53,-24.17,-10.7619,4.583463520482,0.79,-0.612190590098,6.8277653504,工业金属,2026-04-28
2689,920627,力王股份,0.1,213160630.05,25.4537764403,-10.7472,9771271.22,51.03,-18.9258,5.012734830598,2.09,-0.216992472949,14.5205743634,电池,2026-04-28
2690,920599,同力股份,0.422,1521837578.24,-0.9254402007,-4.4884,188834910.92,0.78,-37.8995,8.247175108589,5.1,0.457983459186,20.9986225488,工程机械,2026-04-28
2691,920593,鼎智科技,0.04,88697515.9,50.8590563097,16.8673,7066040.18,-44.14,94.2744,3.852607939863,0.97,0.123069129272,44.8054398556,自动化设备,2026-04-28
2692,920592,华信永道,-0.09,33154322.5,48.4754119859,-71.6006,-7235995.75,5.96,-27.2081,4.109018020175,-2.16,-0.864194873569,37.2854258144,软件开发,2026-04-28
2693,920578,巨能股份,-0.01,36158446.06,0.2765185038,0.8127,-1059391.45,-158.16,74.8032,3.456969137855,-0.4,-0.157448907902,26.3474864882,自动化设备,2026-04-28
2694,920570,坤博精工,0.11,31667468.96,6.5991278167,6.6533,5709228.24,99.44,-14.8613,7.104972227627,1.62,0.412032136411,24.9498605019,通用设备,2026-04-28
2695,920566,梓橦宫,0.17,106095325.81,11.8827715583,-12.6549,24183363.67,45.31,-12.3028,5.903159968921,2.86,0.164429545292,80.9949955231,化学制药,2026-04-28
2696,920533,骏创科技,0.06,174738045.3,8.3551106226,-9.2164,7886105.43,-19.18,-49.9475,2.916786104179,2.1,0.266499588918,23.1601831819,汽车零部件,2026-04-28
2697,920526,凯华材料,0.06,27994342.62,3.7000506471,1.2722,4563464.74,32.98,5.6423,2.823358558162,1.97,-0.011705988392,31.0018341127,电子化学品Ⅱ,2026-04-28
2698,920523,德瑞锂电,0.25,123073311.04,4.6217186786,-6.8938,25391945.75,-26.0,-24.6728,7.255760296783,3.52,0.423937015501,39.4127182247,电池,2026-04-28
2699,920522,纳科诺尔,0.07,314570925.02,35.2797074099,11.1423,11601302.68,-62.58,28.169,6.943190146431,1.07,0.136320709659,14.6556847608,电池,2026-04-28
2700,920505,九菱科技,0.06,44807069.73,23.4129428049,-8.5822,4046455.05,-35.49,22.787,5.245580391976,1.2,0.061480576398,15.789885977,通用设备,2026-04-28
2701,920504,博迅生物,0.03,26599005.35,14.8839237022,-24.5089,1495622.01,20.65,-76.5243,4.797762450875,0.72,-0.30980581057,39.4821627794,医疗器械,2026-04-28
2702,920491,奥迪威,0.09,143410993.01,-8.6245288182,-21.0865,13192756.09,-42.66,-41.5299,7.686551699487,1.22,0.052515379347,33.4131067251,元件,2026-04-28
2703,920489,佳先股份,-0.001,129558299.2,-4.8807257185,-2.2473,-129167.13,-102.2,97.9662,3.515626799439,-0.03,-0.203149473029,12.1607469203,化学原料,2026-04-28
2704,920478,峆一药业,0.04,46166565.25,-42.5371858712,-39.9787,3221500.0,-83.25,-23.6355,6.597533113493,0.62,0.13277246556,31.1368134973,化学制药,2026-04-28
2705,920445,龙竹科技,0.0328,79063901.98,-9.7597242014,-14.3379,4847718.8,-32.9,499.239,2.089620843579,1.58,0.024376671516,26.6121103981,家居用品,2026-04-28
2706,920436,大地电气,0.02,559558226.94,108.5710021673,-11.7468,2109999.1,124.03,-45.5652,4.104387122126,0.55,-0.553564172488,10.605394056,汽车零部件,2026-04-28
2707,920427,华维设计,0.02,25522518.95,69.2682677724,-30.0783,1911213.49,27.44,111.5041,3.04843625976,0.61,-0.083933056016,17.6836494816,工程咨询服务Ⅱ,2026-04-28
2708,920425,乐创技术,0.3,48637139.85,103.9064754081,12.3617,21188988.38,136.51,131.1936,4.058754286577,7.64,-0.160680114995,69.2198755186,自动化设备,2026-04-28
2709,920422,润普食品,0.08,143348304.51,20.109665118,10.0031,7254198.9,269.13,53.4071,4.931696190363,1.68,0.518888030554,13.4834263273,化学制品,2026-04-28
2710,920419,路斯股份,0.1,220560028.24,19.7286702924,-8.2416,10362604.2,-37.24,-24.2329,6.056841348455,1.67,0.334098271549,19.7826788962,饲料,2026-04-28
2711,920418,苏轴股份,0.18,176475374.95,3.3408835036,-6.1918,29994719.49,-14.09,-7.1618,5.854291565429,3.2,0.281816995242,39.560288822,汽车零部件,2026-04-28
2712,920405,海希通讯,0.01,65621725.53,-64.1372166452,-64.3151,924293.53,-96.84,-97.0096,5.951640812206,0.11,-1.018389865607,39.6673100711,自动化设备,2026-04-28
2713,920396,常辅股份,0.0977,53199999.88,15.5373739341,-33.1358,7058903.67,20.33,-50.0048,5.1127301282,1.92,-0.406511302315,36.9426212487,自动化设备,2026-04-28
2714,920374,云里物里,0.02,54904545.84,2.5834056842,-31.3933,1991501.11,-49.21,-71.7876,3.230443685689,0.76,-0.063429054565,40.1509479821,通信设备,2026-04-28
2715,920370,新安洁,-0.024,98416461.07,-12.2150704446,6.5489,-7284463.26,16.51,82.0251,1.876714023428,-1.28,-0.043265049237,12.6793215732,环境治理,2026-04-28
2716,920344,三元基因,0.01,60093322.03,33.4764302886,-51.178,1068643.32,108.72,-94.4962,5.147577666776,0.17,0.170330288482,81.3989596974,生物制品,2026-04-28
2717,920278,鹿得医疗,0.004,61690963.34,0.9775492897,-26.2252,680474.59,-89.26,-61.499,2.206385085559,0.18,-0.03792764894,21.2086522104,医疗器械,2026-04-28
2718,920275,驱动力,0.0,17520302.11,19.7366647281,-23.6999,378614.27,-62.78,-19.7358,1.466414825609,0.16,-0.011733665145,25.0522679486,动物保健Ⅱ,2026-04-28
2719,920266,生物谷,-0.04,94694477.82,2.7965429562,-26.5844,-4695184.99,72.0,70.7813,7.065380547841,-0.53,0.391565888621,64.2124548652,中药Ⅱ,2026-04-28
2720,920242,建邦科技,0.27,191989533.95,9.8481079225,-1.2075,17715267.78,-5.2,33.0633,10.378424426645,2.6,-0.574099854131,25.9848748594,汽车零部件,2026-04-28
2721,920227,美登科技,0.3,39107603.3,4.9867793007,-4.6049,11604157.76,4.86,-13.5166,10.999247269879,2.75,0.160740003082,68.3234039044,IT服务Ⅱ,2026-04-28
2722,920223,荣亿精密,-0.03,124907752.32,50.9698283694,-0.0188,-4053553.69,-6.19,56.0838,1.517085186191,-1.68,-0.289595770989,10.7616442537,通用设备,2026-04-28
2723,920212,智新电子,0.01,107186021.18,7.9418193721,-30.0838,952381.39,-88.31,-71.2701,4.021960418567,0.22,0.081277652309,12.1621603979,消费电子,2026-04-28
2724,920204,沪江材料,0.0941,88645315.46,20.3879550075,5.7662,8868454.98,64.72,143.6571,5.315373410517,1.79,0.032452560961,32.0948882435,包装印刷,2026-04-28
2725,920198,微创光电,-0.13,24446409.07,13.2430036997,-80.804,-20727791.08,48.83,-168.1347,2.540552344084,-4.93,0.068884615882,61.4749485578,计算机设备,2026-04-28
2726,920195,三祥科技,0.14,230829843.2,-10.6264022284,-29.7691,14119467.91,-40.37,-55.5155,8.573554106498,1.69,0.337842342956,32.2468908518,汽车零部件,2026-04-28
2727,920187,通领科技,0.51,225329074.42,-11.2514091203,-12.531,26388882.03,-44.6,-9.0139,20.431433589904,2.67,0.701569703045,31.3235367214,汽车零部件,2026-04-28
2728,920184,国源科技,0.01,63330313.62,15.5474698676,-14.6786,1578506.83,-14.56,-80.4415,4.756565405089,0.25,-0.168837821963,36.5085416578,IT服务Ⅱ,2026-04-28
2729,920183,海菲曼,0.45,63681725.42,15.7635986721,-15.0636,18801574.79,-0.17,-23.1533,9.793848532031,5.34,0.328724210042,67.4823109402,消费电子,2026-04-28
2730,920177,恒道科技,0.44,81522090.55,30.2803191379,6.0252,17211022.48,5.7,-6.9728,10.753496704893,4.17,0.077771130734,45.7711063692,通用设备,2026-04-28
2731,920175,东方碳素,-0.12,50564930.46,-22.8136023628,5.1014,-13901332.54,23.18,75.7909,5.44102898437,-2.12,0.178909141849,7.0972961247,非金属材料Ⅱ,2026-04-28
2732,920174,五新智能,0.27,472574168.1,126.3539748807,-42.1274,58774771.53,104.85,-55.7251,12.299732916995,2.23,-0.178731312841,30.7461031872,基础建设,2026-04-28
2733,920171,志晟信息,0.01,28634479.33,104.842161802,-79.4789,546324.42,111.31,-93.8177,2.180826976801,0.25,-0.115387877783,34.1522370891,IT服务Ⅱ,2026-04-28
2734,920169,七丰精工,0.01,37659524.0,-10.5649238227,-34.0204,1105635.6,-49.66,132.0657,4.168111382549,0.33,0.119934894132,21.1447071397,通用设备,2026-04-28
2735,920167,同享科技,0.33,991441721.27,38.1537859405,20.2131,36540005.05,1225.33,269.1593,6.047366908881,5.64,-2.498281020572,8.6751679524,光伏设备,2026-04-28
2736,920166,海圣医疗,0.18,73495192.83,15.5260360031,-24.6761,12101873.65,2.25,-55.2344,8.279678398252,2.23,0.182410070598,48.7907991519,医疗器械,2026-04-28
2737,920158,长江能科,-0.02,52252090.02,255.1430819104,-39.2186,-2801275.85,46.39,-113.0959,3.92793050021,-0.5,-0.112565342895,28.0147217736,专用设备,2026-04-28
2738,920152,昆工科技,-0.24,123263177.65,-1.0298240133,9.0179,-26057608.1,-11.71,83.7553,1.596811380193,-13.83,-0.4017692912,9.4476746033,电池,2026-04-28
2739,920149,旭杰科技,0.04,50249829.61,-40.2270211367,-48.1655,2883799.25,-67.56,108.2803,1.597916465424,2.39,0.153114604283,18.4603741983,工程咨询服务Ⅱ,2026-04-28
2740,920146,华阳变速,-0.09,42497416.91,-65.2959626501,-42.8866,-12551282.69,-329.54,50.0512,1.358174348535,-6.62,-0.018553216097,-17.5071047865,汽车零部件,2026-04-28
2741,920145,恒合股份,-0.05,6704388.58,-25.4714914713,-61.4784,-3492003.31,-14.54,9.7337,3.654489231751,-1.36,-0.034213463643,-3.6607092067,环保设备Ⅱ,2026-04-28
2742,920132,泰鹏智能,0.11,120712043.57,35.798244056,-3.0285,9138505.19,-12.67,2.7045,3.273747923428,3.38,0.022210680117,20.2599526416,家居用品,2026-04-28
2743,920122,中纺标,0.0113,37573565.78,6.6811125742,-30.955,1038360.03,205.39,-77.8951,3.689448861685,0.31,0.073023709302,39.8046612014,专业服务,2026-04-28
2744,920119,美德乐,1.07,417757261.76,20.5157413067,33.448,71339391.41,11.6,47.1444,27.214318031933,4.39,0.41472798161,29.7218636313,自动化设备,2026-04-28
2745,920112,巴兰仕,0.33,258214234.33,21.5897784805,-12.4993,27611840.79,3.68,7.2773,10.906291363111,2.94,-0.299413355569,27.1885624594,专用设备,2026-04-28
2746,920101,志高机械,0.25,184185045.55,-18.3052085424,-22.4237,22489627.6,-21.31,-16.086,12.041810080821,2.12,-0.38258681092,28.7985485692,工程机械,2026-04-28
2747,920099,瑞华技术,-0.15,34232300.38,-66.4623977412,-79.6405,-12082973.79,-173.55,-124.1201,11.637819218184,-1.32,-0.691581953612,22.3800788874,化学制品,2026-04-28
2748,920091,大鹏工业,-0.08,19941591.82,-17.8015777954,-65.4028,-4739159.6,-594.34,-178.5078,7.670384201792,-1.0,-0.290048777845,8.6685670111,专用设备,2026-04-28
2749,920089,禾昌聚合,0.21,394216317.74,-9.2938744541,-33.1835,31945020.66,-5.61,-13.9003,8.652533778241,2.48,-0.463774934094,15.3667216155,塑料,2026-04-28
2750,920077,吉林碳谷,0.0702,674704960.73,40.5690706563,1.9664,41180364.7,75.25,-15.2859,4.546841837085,1.56,-0.027000027278,17.6633715292,化学纤维,2026-04-28
2751,920076,国亮新材,0.29,294991209.82,22.6052744721,7.0953,22781863.05,9.41,-12.2955,11.931872642711,2.45,-0.43208043031,19.1635380134,装修建材,2026-04-28
2752,920075,柏星龙,0.1232,148058227.36,51.6377481003,6.8261,7982643.14,175.08,392.9294,6.274229435779,1.94,0.644624359485,30.2736249307,包装印刷,2026-04-28
2753,920066,科拜尔,0.09,108745997.12,-9.0547537522,15.6615,5794182.0,-37.55,-13.445,6.48456934419,1.43,-0.888119723688,17.6737456725,塑料,2026-04-28
2754,920058,华洋赛车,0.14,190072898.48,6.4944464346,37.6646,7669301.44,-33.4,108.4422,6.359234603507,2.15,-0.249594704128,17.4127211584,摩托车及其他,2026-04-28
2755,920056,能之光,0.18,134208381.35,0.8748351382,-10.0898,14815522.69,24.58,6.9187,6.743667874337,2.73,0.11086696176,18.6120596484,塑料,2026-04-28
2756,920055,隆源股份,0.69,267110739.5,15.7128888036,-5.2242,35089148.89,22.61,-8.195,18.006378112353,4.21,0.382163158382,25.22514439,汽车零部件,2026-04-28
2757,920045,蘅东光,1.24,687251926.77,39.2723864761,16.3689,84089469.87,41.23,4.2786,16.989809233367,7.52,-0.987261547365,26.6864068919,通信设备,2026-04-28
2758,920037,广信科技,0.63,227064112.15,29.6445680702,8.5135,57210205.19,30.85,19.5406,9.920394183509,6.51,0.020393007294,38.9482417158,电网设备,2026-04-28
2759,920036,觅睿科技,0.09,166591154.14,6.3113605443,-34.0421,3794011.71,-54.96,-86.6281,10.912872927438,1.11,-0.435959638768,38.7248765897,计算机设备,2026-04-28
2760,920033,康普化学,0.22,123354108.32,164.8020253813,73.9223,26016425.47,164.13,272.5525,6.473875049408,3.43,0.513163913619,38.7984728128,化学制品,2026-04-28
2761,920029,开发科技,0.38,528825888.59,-34.6909900462,-25.3145,53436495.12,-73.67,-64.8729,27.238722831112,1.42,0.111718256224,36.5227985235,通用设备,2026-04-28
2762,920028,新恒泰,0.18,191590675.52,11.8075879735,-17.7417,22089547.1,7.99,-39.6087,6.896811187576,2.8,-0.344282878073,25.0147169741,塑料,2026-04-28
2763,920026,卓兆点胶,0.05,75443560.99,29.107280342,-37.2852,4147081.45,-10.76,-62.3507,7.788465524538,0.65,0.430844363248,53.3414996481,专用设备,2026-04-28
2764,920023,*ST田野,0.002,113406969.19,17.3714706113,-12.7545,654063.43,-85.58,104.6826,3.685894494201,0.05,-0.029735204183,15.3607731733,农产品加工,2026-04-28
2765,920022,世昌股份,0.27,122868428.56,-10.657759593,-42.8673,16323880.87,-13.09,-9.172,7.380766859634,3.74,0.258105589264,23.0164045894,汽车零部件,2026-04-28
2766,920020,泰凯英,0.1842,732680676.2,23.4416683115,14.1781,40977776.15,22.23,-7.571,5.315544811443,3.49,-0.618049021494,18.0980213355,工程机械,2026-04-28
2767,920019,铜冠矿建,0.08,408430107.46,22.7736234479,-3.5506,16708452.01,-20.92,416.3057,4.447411916438,1.81,-0.252668882995,12.5338117061,专业工程,2026-04-28
2768,920018,宏远股份,0.22,751921364.0,23.6283708875,0.1439,28260418.49,8.01,-13.1025,7.335394633881,2.98,-0.90628129662,7.9931905632,电网设备,2026-04-28
2769,920011,晨光电机,0.26,202251333.05,2.9430248999,-13.1417,15890732.17,-16.1,-38.2201,10.270459141893,2.83,0.385468892921,17.592755812,电机Ⅱ,2026-04-28
2770,920010,凯添燃气,0.04,160782722.71,8.3691639929,15.9608,9409847.38,5.95,14395.4588,2.968781079659,1.36,-0.054365018977,14.1934436831,燃气Ⅱ,2026-04-28
2771,920001,纬达光电,-0.04,53474093.73,22.1780166175,-3.4874,-5522986.83,-190.55,80.8139,4.614843732375,-0.78,-0.063404431168,14.4104521507,光学光电子,2026-04-28
2772,920000,安徽凤凰,0.14,90505343.88,-0.513500127,-14.0478,13002262.53,7.55,16.5696,7.360232394415,1.95,0.096694861802,27.746657074,汽车零部件,2026-04-28
2773,900947,振华B股,0.071,8593145125.0,0.8924110977,-16.1953,376340981.0,47.39,80.9373,3.036045220953,2.36,0.096834943764,11.9499271578,专用设备,2026-04-28
2774,900941,东信B股,0.034,545751187.31,21.1699725144,-35.798,43148108.38,176.89,790.9513,3.040848760196,1.14,-0.191374328895,11.549536385,通信设备,2026-04-28
2775,900920,动力B股,0.03,1528901331.3,11.4836636216,-2.5329,36199600.85,117.2243463564,-98.8764,4.625755886564,0.57,-0.326409119725,10.3702695461,汽车零部件,2026-04-28
2776,900918,耀皮B股,0.02,1258496970.78,-0.257967948,-19.9891,24192253.53,-43.3,105.6954,3.966213923521,0.63,-0.076267421531,18.152971011,玻璃玻纤,2026-04-28
2777,900915,ST中路B,-0.06,180741610.77,-27.6095425933,-14.5659,-18194046.97,-462.7617116677,52.6468,1.553899229645,-3.57,-0.007225088475,14.4565222412,摩托车及其他,2026-04-28
2778,900909,华谊B股,0.08,11639856887.66,1.3245238408,11.3858,167868428.88,6.64,5.0923,10.620249920229,0.75,1.457575310309,8.399862949,化学原料,2026-04-28
2779,874339,天康制药,0.01,203852244.71,-7.5227659748,-8.7068,3363816.46,-89.91,-93.715,11.363173523059,0.12,-0.021768266232,55.546873659,,2026-04-28
2780,873699,旭宇光电,0.14,73547076.5,74.0526091541,,9626395.54,1684.4,,4.191534737024,3.45,0.116605654412,27.9887961828,,2026-04-28
2781,873324,阳光精机,0.33,83394648.72,105.816722612,,11757016.03,275.53,,9.949163492638,3.34,-0.044816479582,36.1617463385,,2026-04-28
2782,834777,中投保,0.0347,437613158.37,47.8058510333,7.1784,187130577.63,72.23,65.7084,1.834971849362,1.94,-0.011770117616,,,2026-04-28
2783,834730,联君科技,0.83,5429570.89,1.7413678626,,20821398.27,0.3,,7.3790723068,12.06,-0.3292184972,42.93780498,,2026-04-28
2784,834395,博信永元,-0.03,175943.4,-85.8444489151,45.6531,-6186556.4,-334.05,-112.7179,2.484991302409,-1.26,-0.012214843295,,,2026-04-28
2785,834089,浙商创投,0.0,18755848.39,23.6929114654,-48.1273,-2446537.85,-286.72,-181.3204,1.92256492402,-0.19,0.094848204073,,,2026-04-28
2786,833499,中国康富,0.0026,452678300.0,-32.7524902005,-45.3534,6593954.39,-89.72,-90.8396,2.135230978767,0.12,0.120031472338,24.5737757343,,2026-04-28
2787,833118,棒杰小贷,0.01,6043162.23,-49.3102753468,-18.9018,2482041.79,-73.83,-54.9861,1.277721675341,0.8,0.009544014859,,,2026-04-28
2788,832397,恒神股份,-0.0001,268019982.89,22.48771925,,-281293.01,98.17,,1.21167167791,-0.01,0.019008327653,30.9764743825,,2026-04-28
2789,832088,鑫鑫农贷,0.01,12436388.74,12.0783451738,-5.1223,5448022.02,0.55,29.5225,1.422209801575,0.95,-0.585233048725,,,2026-04-28
2790,831668,天元小贷,0.02,4210366.49,-9.9182925196,18.516,2427531.73,-10.11,118.9333,1.3047666028,1.25,-0.057789357933,,,2026-04-28
2791,688807,优迅股份,0.33,138159937.25,17.5745154992,7.3099,26574260.24,20.04,75.0013,22.475482857625,1.49,0.370293995,43.4563762007,半导体,2026-04-28
2792,688798,艾为电子,0.22,646467064.28,1.0224746823,-4.5247,51054673.59,-20.32,23.6719,18.238247299572,1.2,0.125250006396,32.1470774356,半导体,2026-04-28
2793,688796,百奥赛图,0.23,433056002.17,73.6817382951,-1.1123,104034500.04,885.4134219261,76.1119,5.10579709116,4.67,0.324189716245,78.8793776644,医疗服务,2026-04-28
2794,688790,昂瑞微,-0.67,347304886.42,10.8088225676,-36.5758,-67126472.13,-35.886223918,-19.1821,27.303455374433,-2.44,-1.720020054618,22.327684718,半导体,2026-04-28
2795,688786,悦安新材,0.13,111004545.7,15.3683264477,-4.855,19199247.38,14.05,-10.313,5.529188622061,2.44,0.093146977473,41.4359834185,金属新材料,2026-04-28
2796,688785,恒运昌,0.28,124417988.35,-12.08445576,-2.9171,17582772.3,-49.81,-21.0247,32.968886763355,1.0,0.157319544234,52.141944031,其他电源设备Ⅱ,2026-04-28
2797,688768,容知日新,-0.26,70845677.8,-15.2300271423,-72.2559,-22828809.96,-257.1579601402,-139.8023,12.286460320769,-2.09,-0.22629287611,64.9385680519,通用设备,2026-04-28
2798,688765,禾元生物,-0.1,9628104.81,132.391577602,-65.8585,-36045931.95,25.2084558401,-0.7814,8.024066512923,-1.25,-0.138526468783,42.037309625,生物制品,2026-04-28
2799,688759,必贝特,-0.12,,,,-52735696.52,-45.487130279,-13.2967,3.614892436129,-3.2,-0.104272742765,,化学制药,2026-04-28
2800,688727,恒坤新材,0.06,151505051.98,0.1045999514,-12.6154,25574323.41,-9.41,7.0703,5.628389881679,1.02,-0.092611692835,51.12307317,半导体,2026-04-28
2801,688708,佳驰科技,0.06,81064108.41,23.9268896023,-83.3831,25767837.52,4.61,-86.562,8.833288518287,0.73,-0.269472215495,73.6681588946,航空装备Ⅱ,2026-04-28
2802,688700,东威科技,0.15,305476484.0,44.4681602727,-10.5339,44315834.23,160.59,24.5889,6.290093769077,2.39,0.499655412596,37.2534949139,专用设备,2026-04-28
2803,688697,纽威数控,0.1457,711929761.28,25.0385055964,-13.54,66650811.37,8.62,-31.9676,4.185568021888,3.54,-0.107822347627,21.0399944386,通用设备,2026-04-28
2804,688695,中创股份,-0.12,28032348.63,-12.4495716687,-51.5441,-10335955.05,-492.7499716527,-26.8923,8.952313491146,-1.35,-0.224468406849,97.2688496062,软件开发,2026-04-28
2805,688690,纳微科技,0.17,252775299.49,34.0310488489,-0.4545,68134676.89,133.22,141.2566,5.062849467924,3.5,0.036910365499,74.1949425234,化学制药,2026-04-28
2806,688669,聚石化学,-0.49,780793135.8,-29.5724957854,-19.2991,-59756376.92,-814.27,62.8031,8.954955253682,-5.35,0.428543366821,10.8865900355,塑料,2026-04-28
2807,688661,和林微纳,-0.0845,163488188.02,-21.690138861,-13.2289,-12827054.61,-148.32,-83.5564,7.998493624499,-1.05,-0.229308398225,19.9378412929,半导体,2026-04-28
2808,688656,浩欧博,0.003,78864218.03,1.6123369656,-25.7554,177448.33,-89.18,105.9379,13.02307764493,0.02,0.080899905387,56.6591612853,医疗器械,2026-04-28
2809,688653,康希通信,0.0116,182462371.52,34.8019133432,15.9961,4874959.69,116.1402599365,137.2034,3.390597076211,0.34,-0.058002339521,28.0169047646,半导体,2026-04-28
2810,688629,华丰科技,0.23,633223075.0,56.1486203819,-27.0947,105112635.87,230.43,-22.4226,4.180519717518,5.61,0.928003699303,30.3410928242,军工电子Ⅱ,2026-04-28
2811,688623,双元科技,0.32,81078615.68,4.2667248132,-15.3546,18617366.6,-26.49,78.3812,36.1419034317,0.87,0.664311751408,36.9635300241,自动化设备,2026-04-28
2812,688616,西力科技,0.11,114845003.35,13.8525577201,-29.779,18653148.55,-11.05,-50.4072,5.077994362305,2.08,0.032880969275,29.5702894418,电网设备,2026-04-28
2813,688610,埃科光电,0.34,146543715.41,95.786623767,38.3674,23204810.33,169.09,213.0638,22.830205317794,1.51,-0.027343261324,42.9717704057,通用设备,2026-04-28
2814,688603,天承科技,0.24,144584949.48,42.4093404957,5.5676,29938628.31,57.79,12.2559,9.805182884963,2.48,-0.076858176023,37.8800396978,电子化学品Ⅱ,2026-04-28
2815,688592,司南导航,-0.09,65607253.83,49.6994839153,-77.4586,-7230688.09,30.3532100576,-118.7638,11.816083296605,-0.76,-0.313937658989,60.2861185937,通信设备,2026-04-28
2816,688583,思看科技,0.08,87241169.44,0.1517553928,-15.3095,7277837.51,-73.02,-56.7198,13.466748389253,0.61,-0.1109775681,73.3013072159,通用设备,2026-04-28
2817,688580,伟思医疗,0.64,106040321.83,10.5592064741,-22.7085,61573316.79,85.35,71.3971,18.329883524277,3.57,0.165955631504,66.1569277133,医疗器械,2026-04-28
2818,688577,浙海德曼,0.15,209373844.16,47.2515296048,-22.6977,16565268.9,680.22,-13.257,9.304474721088,1.61,0.486040318808,27.000809751,通用设备,2026-04-28
2819,688566,吉贝尔,0.21,226416735.47,12.197941438,-13.4602,41994228.6,-15.21,-35.0959,12.442559479046,1.71,-0.110169312057,90.1495232083,化学制药,2026-04-28
2820,688565,力源科技,0.0037,42561246.22,-14.7850085786,-31.7836,558581.03,-80.65,-86.6595,3.321037358512,0.11,-0.121509426034,21.2321235691,环境治理,2026-04-28
2821,688560,明冠新材,-0.09,196596247.33,13.2368981204,7.7756,-16092784.21,30.5492379519,76.2457,12.745889873041,-0.63,0.101594565383,4.7412730897,光伏设备,2026-04-28
2822,688549,中巨芯,0.004,366119718.34,35.331681306,10.6102,6376717.63,638.6616703254,115.2533,2.037925195881,0.21,-0.115529805629,15.7145650119,电子化学品Ⅱ,2026-04-28
2823,688545,兴福电子,0.18,446720565.78,36.7237716684,8.4294,64020078.22,20.22,54.5091,8.38351229275,2.14,-0.240296132972,26.4567771317,电子化学品Ⅱ,2026-04-28
2824,688536,思瑞浦,0.77,702304366.5,66.5039689994,14.882,105400509.6,577.25,124.3426,46.071254327533,1.68,1.443040762639,47.6560499258,半导体,2026-04-28
2825,688535,华海诚科,0.14,222757165.09,165.5839765549,24.5772,13527145.24,87.65,221.9438,22.428988511641,0.62,-0.243896427932,28.5784817536,半导体,2026-04-28
2826,688519,南亚新材,0.66,1832161085.0,92.3628096419,17.1088,150132663.11,610.83,82.5787,12.28573811833,5.08,-0.281679279624,15.1965434202,元件,2026-04-28
2827,688515,裕太微,-0.54,141680648.85,74.8330699321,-38.1135,-43257692.37,28.7592007367,-594.5997,18.335702711625,-2.91,-0.359394118625,42.5329774173,半导体,2026-04-28
2828,688507,索辰科技,-0.38,39429407.13,1.6555718353,-89.0443,-33940631.4,-117.1393683691,-131.5864,31.044678269204,-1.2,-0.346846816247,50.1277942243,软件开发,2026-04-28
2829,688506,百利天恒,-1.88,94586830.06,40.253343563,-79.1759,-774557546.7,-45.7480796519,-38.536,13.669353151278,-12.6,-1.796771678804,54.1499669008,生物制品,2026-04-28
2830,688501,青达环保,0.23,370310183.04,-40.1318116858,-31.381,28263022.57,-58.87,-44.3508,9.256759672774,2.49,-0.579754209505,29.3104077314,环保设备Ⅱ,2026-04-28
2831,688498,源杰科技,2.09,355278486.49,320.9399426311,62.8336,179441968.61,1153.07,111.0306,29.375184136344,7.38,0.46133631354,77.8078616274,半导体,2026-04-28
2832,688485,九州一轨,-0.03,32012676.53,22.8498439706,-65.51,-4352804.21,27.752500749,-257.6126,8.321888791172,-0.35,0.03913560804,27.6929504838,轨交设备Ⅱ,2026-04-28
2833,688472,阿特斯,0.14,7129468616.21,-16.9599799774,-20.6537,519415064.56,999.1,1835.3813,6.487825372811,2.21,-0.043178272834,20.4088102982,光伏设备,2026-04-28
2834,688449,联芸科技,0.0193,355275119.99,47.380300471,-12.5487,8860305.34,135.7347180753,-82.9942,4.190004997696,0.46,0.19463788913,51.4572569267,半导体,2026-04-28
2835,688388,嘉元科技,0.28,3445321290.6,73.9357620457,11.024,120514859.33,392.77,646.2826,17.764805721284,1.67,-0.799643635549,7.4771932412,电池,2026-04-28
2836,688383,新益昌,0.21,251895128.51,11.1301835238,89.1219,21332416.96,82.39,115.8005,12.352118573684,1.71,-0.166237498487,38.9047040011,专用设备,2026-04-28
2837,688376,美埃科技,0.23,458173734.74,44.5187675778,3.5065,31691569.07,-24.4,260.1341,14.476980238524,1.63,0.092872667472,26.5569105678,环保设备Ⅱ,2026-04-28
2838,688358,祥生医疗,0.41,127282003.17,-0.3381732129,37.3885,46026273.65,10.6,103.8429,12.660810115526,3.28,-0.150775095517,61.0070401754,医疗器械,2026-04-28
2839,688334,西高院,0.2097,218415971.67,5.6393028493,0.6349,66398215.73,5.44,29.6456,9.398828447989,2.26,0.340437490977,56.9343476666,专业服务,2026-04-28
2840,688328,深科达,0.29,188009515.15,5.2155946778,29.939,27068442.07,89.22,883.23,9.061499159585,3.21,0.577969070457,37.9258855453,专用设备,2026-04-28
2841,688311,盟升电子,-0.09,11902094.83,-43.6267700046,-95.7013,-15281220.77,-1.632557293,-149.0339,10.23788394173,-0.91,-0.247153411782,25.945600956,军工电子Ⅱ,2026-04-28
2842,688300,联瑞新材,0.3,293960879.87,23.1561250144,0.7878,71636519.87,13.64,-1.3548,7.358282425348,4.11,-0.005080783805,40.0209209477,非金属材料Ⅱ,2026-04-28
2843,688299,长阳科技,0.04,239371761.72,-10.2694613569,-16.0452,11143660.62,-21.32,108.0611,6.823267289796,0.57,-0.013318135138,33.5739072531,光学光电子,2026-04-28
2844,688291,金橙子,0.53,62801442.95,-2.4338782195,-7.9723,52991072.43,342.76,14447.4732,9.872096138378,5.38,0.073114525547,63.5074130729,软件开发,2026-04-28
2845,688283,坤恒顺维,0.04,35259391.16,15.452817492,-58.7008,4399354.02,707.6969013654,-78.6338,8.131578406158,0.45,-0.344104222003,62.0356453143,通信设备,2026-04-28
2846,688281,华秦科技,0.29,299042995.78,23.8505624261,-32.3841,79063217.45,26.19,23.0898,17.53437630288,1.66,0.172773620456,43.3999521111,航空装备Ⅱ,2026-04-28
2847,688270,ST臻镭,0.18,121292601.26,67.0082366376,-6.2115,39581087.11,76.17,35.3901,10.720815191758,1.74,-0.062566799407,70.5154673999,半导体,2026-04-28
2848,688260,昀冢科技,-0.4409,156777627.4,56.2779489743,-4.1254,-52902595.99,-1.313048877,-19.6227,1.34579548925,-49.58,-0.22725829825,-3.1065026948,消费电子,2026-04-28
2849,688258,卓易信息,0.49,87520625.01,2.7049128378,20.9802,59469026.83,216.35,69.251,7.905611657312,6.41,0.35989859342,57.1795109944,IT服务Ⅱ,2026-04-28
2850,688253,英诺特,0.3,108809643.44,-47.4262227466,18.7432,40631620.58,-57.36,205.8343,15.300300181373,1.96,-0.21820165164,76.3634649771,医疗器械,2026-04-28
2851,688251,井松智能,-0.17,103877026.76,30.0667145836,-77.7926,-17463658.35,-2332.3991246702,-174.2276,8.382415771224,-2.04,-0.52373339361,15.3042961912,IT服务Ⅱ,2026-04-28
2852,688238,和元生物,-0.084,50540466.83,-4.365874179,-42.1358,-53084824.41,10.7477590194,27.2303,2.08879905503,-3.84,-0.101800457062,-23.8469953207,医疗服务,2026-04-28
2853,688231,隆达股份,0.2,566687076.93,64.7477552318,4.751,47573504.61,66.7,1442.5477,11.371253192904,1.71,-0.419173978288,19.0903043345,金属新材料,2026-04-28
2854,688229,博睿数据,-0.26,32203645.83,-11.0650020224,25.4656,-11638489.1,-26.4347063689,78.8702,8.234196637387,-3.15,-0.462553045721,73.2514763842,IT服务Ⅱ,2026-04-28
2855,688227,品高股份,-0.14,63769271.24,-26.820395894,-74.6679,-15325533.71,1.4890189838,22.1163,11.019216998234,-1.21,-0.349214775604,36.6180132467,IT服务Ⅱ,2026-04-28
2856,688225,亚信安全,-0.4817,1210666080.62,-6.1653881888,-57.5204,-186186595.57,18.1090882609,-306.566,3.880524211995,-11.32,-1.981168231619,27.7946639545,软件开发,2026-04-28
2857,688217,睿昂基因,-0.09,35864096.63,-28.7182929704,-6.0095,-4983192.9,-248.53,88.866,15.036764368796,-0.59,0.030802422899,78.3643909672,医疗器械,2026-04-28
2858,688209,英集芯,0.1,376762141.69,23.0300797052,-14.449,45130158.59,129.8,-28.9481,5.154596460807,2.04,-0.330676246051,36.7489795495,半导体,2026-04-28
2859,688205,德科立,0.12,254444250.0,27.9697627449,-9.6262,19639010.0,35.08,-37.5526,14.78954913124,0.84,-0.405788713368,25.7339594037,通信设备,2026-04-28
2860,688201,ST信安,-0.0452,86135270.62,14.5997472758,-61.51,-14344171.62,42.3844200589,-125.6494,4.087138751123,-1.12,-0.193384904598,76.2911497079,软件开发,2026-04-28
2861,688196,卓越新能,0.24,677759805.01,-4.3759091952,27.0436,30131372.29,-50.86,334.9567,25.266467534856,0.94,-1.481391169856,13.1525624301,化学制品,2026-04-28
2862,688187,时代电气,0.47,5101755441.0,12.4544925886,-48.3241,643344143.0,1.91,-53.2468,31.76466042953,1.5,-0.669984292452,33.3087820781,轨交设备Ⅱ,2026-04-28
2863,688180,君实生物,-0.02,726287839.6,45.0859428739,4.873,-20564028.12,91.244738382,92.6419,5.742764021853,-0.34,0.056345383961,79.7634815873,生物制品,2026-04-28
2864,688179,阿拉丁,0.09,170732306.58,31.1506340526,-32.1653,29093277.78,20.31,-34.3262,2.808052199315,2.94,-0.389296808897,67.7106898663,化学制品,2026-04-28
2865,688177,百奥泰,-0.37,251586840.1,21.8010234069,-0.0171,-151834708.68,-62.6841506393,-40.4798,0.541255468146,-50.59,0.110098340731,81.3421196191,生物制品,2026-04-28
2866,688175,高凌信息,0.03,61595871.01,40.8002077504,-37.516,3948092.35,131.22,141.9072,13.386038133347,0.23,-0.313147356341,47.014749796,军工电子Ⅱ,2026-04-28
2867,688170,德龙激光,-0.25,87332244.96,-11.9324572318,-74.0123,-25531435.27,-55.0139577699,-159.779,11.919849346652,-2.05,-0.379368880998,43.2805501992,自动化设备,2026-04-28
2868,688160,步科股份,0.15,189001594.3,43.2191989447,-12.104,13313608.86,19.7,-52.3703,14.46129728766,1.02,-0.367313654146,32.8638915878,自动化设备,2026-04-28
2869,688153,唯捷创芯,-0.11,482814288.54,-5.0618804443,-36.6004,-48135149.72,-165.5351640697,-237.3926,9.241938317491,-1.2,0.171657021138,21.2696059536,半导体,2026-04-28
2870,688128,中国电研,0.33,1182346337.04,4.2487674689,-8.4361,133944287.33,5.99,-12.7147,8.913605006156,3.75,0.184467110408,31.2345081742,专用设备,2026-04-28
2871,688123,聚辰股份,0.19,279994453.68,7.2502715686,-2.9395,30843666.99,-69.0,-29.4589,16.915592560254,1.16,0.102357887208,48.9346466043,半导体,2026-04-28
2872,688113,联测科技,0.44,122033958.07,29.4285983758,-15.5352,28404947.49,32.27,94.5473,15.697753241082,2.83,0.368868421705,36.2618934679,专用设备,2026-04-28
2873,688103,国力电子,0.07,306740698.65,33.2797847584,-20.478,6724512.15,-42.98,-54.3198,11.821419289689,0.59,-0.177009608588,23.8264553845,其他电子Ⅱ,2026-04-28
2874,688102,斯瑞新材,0.0557,443003165.25,28.7539038259,11.4086,43076379.05,33.24,8.2538,2.511171855514,2.23,-0.298459025022,23.3261530743,金属新材料,2026-04-28
2875,688091,上海谊众,0.09,79157974.05,11.4395407702,8.511,18167553.85,28.07,30.7301,7.007504164078,1.26,0.091532504846,85.2563446828,化学制药,2026-04-28
2876,688090,瑞松科技,0.17,202057014.32,15.7967146936,-44.2925,20582669.54,878.58,16.4176,7.561989711552,2.25,0.822788663247,29.3862107583,自动化设备,2026-04-28
2877,688087,英科再生,0.28,1020078245.73,28.6919478642,5.914,51044108.57,-29.42,-14.1646,14.852095298918,1.79,0.681997082885,29.0741419201,家居用品,2026-04-28
2878,688085,三友医疗,0.02,123568286.14,6.1270810416,-18.3431,7056129.84,-44.97,530.6269,6.358091891041,0.33,-0.070857998731,72.7832666936,医疗器械,2026-04-28
2879,688084,晶品特装,-0.03,56614543.67,114.3775406395,-29.4036,-2099499.09,41.2823338079,92.4083,20.267482284146,-0.14,-0.30851520147,21.3441130612,军工电子Ⅱ,2026-04-28
2880,688082,盛美上海,0.22,1476441483.04,13.0622328317,-9.9594,104288813.23,-57.66,-19.6931,28.412449419964,0.77,-0.299849560668,45.6379535491,半导体,2026-04-28
2881,688078,龙软科技,-0.11,22936394.4,-37.852480146,-27.7748,-7932823.61,-188.2,80.5228,9.168734459002,-1.18,-0.294154619511,33.1428607192,软件开发,2026-04-28
2882,688077,大地熊,0.1,405446498.59,18.8289979522,-11.649,11640628.33,71.24,-18.1566,9.70147875098,1.05,-0.5453926483,16.7857246262,金属新材料,2026-04-28
2883,688072,拓荆科技,2.03,1112431778.96,56.9673418563,-51.6121,570602298.59,488.29176657,54.1341,25.667963468878,8.25,-1.841177410032,41.6890753169,半导体,2026-04-28
2884,688052,纳芯微,-0.22,1141366367.79,59.1715797002,13.878,-35736538.47,30.3901017768,59.5689,46.707405995174,-0.47,-1.186265022581,33.6693966788,半导体,2026-04-28
2885,688036,传音控股,0.61,16200109629.19,24.5795363273,0.9471,700357725.49,42.9,61.8664,18.452390220718,3.35,-3.556293295433,22.0046685119,消费电子,2026-04-28
2886,688029,南微医学,0.78,853734897.79,22.1091930266,6.2859,146462686.25,-8.99,139.8534,22.582665485023,3.5,0.56643193485,64.0095371836,医疗器械,2026-04-28
2887,688023,安恒信息,-1.12,324933826.2,4.4405377502,-65.6858,-114109417.2,-2.4031003094,-176.7451,21.902460667407,-4.64,-3.317137166562,55.6536085654,软件开发,2026-04-28
2888,688015,交控科技,0.09,376652962.7,-6.5485082352,-63.7796,16326742.85,-7.77,-77.1378,14.231296979583,0.61,-0.442126087092,40.4014661664,轨交设备Ⅱ,2026-04-28
2889,688012,中微公司,1.48,2914986518.73,34.1285376976,-32.5558,930487319.17,197.2,3.3553,38.823724017131,4.0,-0.253497297361,39.8925648403,半导体,2026-04-28
2890,688010,福光股份,-0.11,109743596.57,-3.8524250128,-44.6874,-18062542.13,9.1673271609,-130.2849,10.67586021028,-1.05,-0.225895395286,13.3718417189,光学光电子,2026-04-28
2891,688008,澜起科技,0.73,1460718316.43,19.514563386,4.4394,847375292.29,61.3,40.46,17.055877920673,5.39,0.512711063486,69.7882209522,半导体,2026-04-28
2892,688002,睿创微纳,1.0399,1944857599.91,71.124107037,-12.3215,478742205.72,228.31,14.5748,15.328452939097,6.85,2.0122907951,53.4040889862,军工电子Ⅱ,2026-04-28
2893,605500,森林包装,-0.01,833193866.67,84.9623195554,2.7234,-2942361.09,-108.68,-109.4865,6.231332962403,-0.11,0.042049607553,6.3045493001,造纸,2026-04-28
2894,605488,福莱新材,0.07,818644853.31,35.755149539,7.8593,18835518.99,-46.0,48.5403,7.496689233168,1.04,-0.180024893821,12.5978994851,塑料,2026-04-28
2895,605378,野马电池,-0.03,264031985.27,9.437567875,24.6946,-7341216.03,-161.31,-304.8524,4.762195522647,-0.59,-0.114884308986,10.5497392377,电池,2026-04-28
2896,605358,立昂微,0.01,999381068.5,21.8104658372,5.044,7224610.83,108.9153298096,120.9508,10.395701928531,0.1,0.02990718031,15.5634683908,半导体,2026-04-28
2897,605339,南侨食品,0.01,766645420.36,-2.8933893222,-3.7749,3019726.5,-89.57,-74.5107,8.064958949175,0.09,0.213602702846,18.8302214526,休闲食品,2026-04-28
2898,605337,李子园,0.14,299538134.02,-6.3876304936,-7.0384,53510150.27,-19.13,10.6197,4.282254197704,3.2,0.202583154753,37.74450979,饮料乳品,2026-04-28
2899,605318,法狮龙,-0.0078,82038404.16,-6.5340880386,-44.7086,-983410.41,87.6472877185,81.1873,5.085883451433,-0.15,-0.241723761437,26.4185384296,装修建材,2026-04-28
2900,605305,中际联合,0.61,438510271.59,38.4142947611,-16.6952,128829355.35,30.74,40.1966,14.417006798701,4.29,-0.042461967532,50.4198206392,工程机械,2026-04-28
2901,605289,罗曼股份,0.43,384868981.62,113.4642937299,-66.6317,46529340.05,222.75,39.7465,12.496187595532,3.47,1.501076118249,29.4894663847,专业工程,2026-04-28
2902,605266,健之佳,0.24,2090858636.19,-8.8639502,-11.8557,35949728.33,7.23,-24.3851,17.526212127157,1.28,1.050258081496,35.4457434086,医药商业,2026-04-28
2903,605258,协和电子,0.06,199074560.48,1.6112411487,-23.8422,5111835.14,-57.16,-76.761,13.844874909432,0.42,0.042325270568,15.5937930669,元件,2026-04-28
2904,605196,华通线缆,0.13,2132576833.0,38.85396926,-2.443,64544904.5,54.76,127.5225,6.625722753748,1.92,-0.205342538987,15.666741949,电网设备,2026-04-28
2905,605169,洪通燃气,0.0155,556295833.54,-16.4596078301,-33.7567,4387816.82,-80.53,-84.9645,7.128560462988,0.22,0.118795429228,9.679441936,燃气Ⅱ,2026-04-28
2906,605168,三人行,0.05,1062397688.29,30.0456615466,-3.0395,10998376.65,-85.03,-75.8174,12.971194971737,0.4,-0.869116548796,14.2121617351,广告营销,2026-04-28
2907,605136,丽人丽妆,0.03,415346845.19,15.0710286744,-19.4239,10337670.33,156.4221968752,123.7653,6.027908883467,0.43,-0.062429381821,42.4753806447,互联网电商,2026-04-28
2908,605111,新洁能,0.23,517042358.48,15.1440517,5.1529,94543216.61,-12.68,59.9357,10.453660784877,2.16,0.144841640723,28.7455352124,半导体,2026-04-28
2909,605100,华丰股份,0.08,284042533.15,28.0718823408,20.8465,12893840.91,10.73,28.7079,10.553854952088,0.71,-0.279465728109,13.1447155487,通用设备,2026-04-28
2910,605098,行动教育,0.33,173433423.87,32.7016430553,-29.3288,39071194.29,38.26,-62.8279,8.593462412506,3.83,0.456529188075,76.529230807,教育,2026-04-28
2911,605089,味知香,0.1663,175644831.13,1.5407002953,2.4871,22725133.68,16.51,43.3568,9.177777767754,1.81,-0.350777958188,24.5736406203,食品加工,2026-04-28
2912,605080,浙江自然,0.51,377133346.89,5.7489496377,83.5383,71719463.73,-25.3,698.6309,16.08018070742,3.2,-0.027545067911,34.2266848886,文娱用品,2026-04-28
2913,605060,联德股份,0.26,336707382.99,22.4238267913,3.9266,62347821.83,35.07,24.9785,10.50565993171,2.5,0.354379393953,37.0828894102,通用设备,2026-04-28
2914,605058,澳弘电子,0.23,358800374.29,6.1387888945,4.8323,33097544.74,-9.62,-27.3121,12.714789349931,1.81,0.191425549042,26.6093502881,元件,2026-04-28
2915,605055,迎丰股份,-0.04,331667562.09,10.0799590151,-33.5905,-18288878.6,-85.4492017159,-48.6825,2.232462182818,-1.8,0.070888693705,10.2038147224,纺织制造,2026-04-28
2916,605011,杭州热电,0.1,816215552.38,27.0358327761,-5.4198,40516159.63,9.95,-2.005,6.177311203299,1.65,-0.054648972882,9.7158951111,电力,2026-04-28
2917,605009,豪悦护理,0.39,974683723.55,6.9821761247,-6.0521,83510842.68,-7.84,191.8218,16.199951669386,2.43,0.942093038666,33.2449724152,个护用品,2026-04-28
2918,603987,康德莱,0.12,536744613.38,-2.0797691939,-7.0019,54068509.07,-10.93,15.5009,6.518071180241,1.97,-0.052777183855,31.5023453734,医疗器械,2026-04-28
2919,603979,金诚信,0.96,3413771953.49,21.4473092393,-13.8135,601471668.1,42.55,2.6988,18.352173354435,5.28,1.209237367347,36.0703410282,工业金属,2026-04-28
2920,603969,银龙股份,0.08,560727041.46,-4.1136361596,-26.5185,65615096.73,-5.77,-29.1459,3.24859360489,2.34,-0.054115811946,25.7587423043,通用设备,2026-04-28
2921,603949,雪龙集团,0.11,118534965.79,14.4853637334,0.3552,23453779.2,31.95,-18.9725,5.24390032176,2.15,0.031683606225,35.287629031,汽车零部件,2026-04-28
2922,603936,博敏电子,-0.02,817938924.51,-0.5974470719,-19.7918,-10854372.74,-139.72,67.6155,6.821233092895,-0.25,-0.435723983003,15.5035643604,元件,2026-04-28
2923,603916,苏博特,0.07,695552356.44,2.0424272314,-28.9483,30186953.9,24.08,12.3271,9.99565224524,0.69,0.370801509032,34.4811097165,水泥,2026-04-28
2924,603915,国茂股份,0.08,657335851.71,9.2468040347,-0.2625,55017548.82,27.85,10.7916,5.775748907852,1.46,0.004185016769,19.5050221582,通用设备,2026-04-28
2925,603909,建发合诚,0.0969,1792685132.68,16.4099262151,-26.1758,25263090.75,25.02,-22.0483,4.542476501223,2.16,-0.277287748941,4.0145307337,工程咨询服务Ⅱ,2026-04-28
2926,603908,牧高笛,0.22,268189193.33,-19.7979721301,38.7463,20471124.75,-33.3,128.8999,5.216318689594,4.3,-0.598712482251,30.4263131809,服装家纺,2026-04-28
2927,603895,天永智能,0.05,106931503.04,-8.5826800938,-33.4271,5219429.62,-21.07,-16.5444,1.898895869264,2.58,0.24173280866,17.5252453741,专用设备,2026-04-28
2928,603890,春秋电子,0.13,1107833165.2,27.6722649132,-7.3264,60724383.99,50.69,12.6707,7.38702177124,1.82,0.551972698942,21.1832750383,消费电子,2026-04-28
2929,603871,嘉友国际,0.24,1932542001.85,-15.7833624253,6.9927,327649316.73,25.18,22.6449,4.598255204142,5.32,0.223746813341,21.5108156424,物流,2026-04-28
2930,603869,ST智知,0.0079,103037492.71,-11.2237724486,-60.6377,3679539.27,-37.4,25539.9609,7.585317572479,0.1,-0.051117501159,33.9810370857,IT服务Ⅱ,2026-04-28
2931,603858,步长制药,0.3045,2579013525.28,-7.3945198084,-24.2899,320411354.85,4.28,163.1304,9.691774394535,3.16,-0.033613056553,63.3477186725,中药Ⅱ,2026-04-28
2932,603810,丰山集团,0.08,413345924.72,28.2885963518,36.0842,13401688.27,-18.16,498.2683,9.346078635026,0.83,-0.430582153315,15.819221134,农化制品,2026-04-28
2933,603806,福斯特,0.12,3372519565.87,-6.9491004195,-8.9217,311788611.6,-22.27,279.8679,6.203265175314,1.88,-0.045143310734,13.8260237245,光伏设备,2026-04-28
2934,603776,永安行,-0.02,121451459.29,45.6266991646,28.8937,-5104561.53,79.27081544,96.7731,12.193288175414,-0.15,0.050830764229,3.7345912322,摩托车及其他,2026-04-28
2935,603768,常青股份,0.03,919072557.8,13.2112863833,-4.7173,6934505.6,13.08,105.0584,9.202136409149,0.32,-0.617164753545,17.7074280631,汽车零部件,2026-04-28
2936,603728,鸣志电器,0.033,700402051.46,17.6531500174,-2.5678,13817143.28,92.19,22.3835,7.098763372545,0.46,-0.034695797795,37.0231504462,电机Ⅱ,2026-04-28
2937,603709,中源家居,0.02,482781253.87,36.8419194338,-2.9247,2037680.26,-12.1,118.8493,4.035948677556,0.4,-0.183665177923,27.0077290543,家居用品,2026-04-28
2938,603706,东方环宇,0.54,484703107.23,3.9555543944,0.4395,102667441.82,26.41,31.8229,9.740951768175,6.04,-0.064916726349,31.9350684762,燃气Ⅱ,2026-04-28
2939,603697,有友食品,0.15,534740707.97,39.6157093346,55.4617,65774624.08,30.71,459.4464,4.296277028597,3.64,0.174180253945,24.2593244682,休闲食品,2026-04-28
2940,603681,永冠新材,0.15,1584369157.41,3.7728138335,-6.0999,26779502.83,104.86,115.4178,13.993678489448,1.01,0.512120607517,7.6223077453,化学制品,2026-04-28
2941,603680,今创集团,0.24,1138240407.87,4.7729758497,38.0647,188843923.55,26.41,111.6457,7.494854778908,3.27,0.09983605873,34.1215263968,轨交设备Ⅱ,2026-04-28
2942,603679,华体科技,-0.0843,143739850.1,64.6531516191,51.4442,-14110159.32,-521.2511923783,79.5539,4.955152356978,-1.93,0.13996452229,21.2391566979,光学光电子,2026-04-28
2943,603662,柯力传感,0.15,357689246.81,13.3435707728,-24.9876,41119298.94,-45.65,-52.4449,9.933775390337,1.48,0.184504863315,46.3459550346,通用设备,2026-04-28
2944,603657,春光科技,-0.26,572640111.68,1.1158760201,-17.4115,-35408929.08,-1316.16,-131.5588,6.452608990233,-3.9,0.46841295983,3.4233870489,家电零部件Ⅱ,2026-04-28
2945,603655,朗博科技,0.078,58288835.35,-4.7190773814,-22.0776,8222724.26,-20.14,-35.2216,5.432420559151,1.44,0.053106518585,36.6277642911,汽车零部件,2026-04-28
2946,603633,徕木股份,-0.08,332441532.75,-5.0505244614,-11.3959,-35815877.21,-290.2,77.7879,4.078056649234,-2.04,0.012342288944,6.8240159562,消费电子,2026-04-28
2947,603630,拉芳家化,0.1,223254916.1,6.2144631677,16.6805,21461361.19,64.47,149.0967,8.384310338582,1.14,0.157131683778,52.0708948232,化妆品,2026-04-28
2948,603629,利通电子,1.03,997438307.3,41.6127791455,18.0679,271272956.39,821.08,253.9504,8.557326001449,12.93,2.313856001677,46.2297886932,消费电子,2026-04-28
2949,603613,国联股份,0.38,9819626300.56,-10.8882271207,-19.5186,274003430.29,1.59,23.7048,13.01042071112,2.97,-0.864523423561,6.9346507566,互联网电商,2026-04-28
2950,603610,麒盛科技,0.1,868189111.07,10.3692479603,7.7253,33717251.35,-24.19,180.173,8.81561615971,1.08,0.108512674894,31.7654891928,家居用品,2026-04-28
2951,603607,京华激光,0.15,195443658.42,-18.2647079392,-4.1647,26715050.06,5.15,-17.2351,5.991918612982,2.53,0.218050774605,29.7230003877,包装印刷,2026-04-28
2952,603583,捷昌驱动,0.13,947700385.78,-1.432933645,-5.3191,50472028.14,-55.15,194.6769,12.196671450913,1.08,0.01113036203,28.7821076263,自动化设备,2026-04-28
2953,603568,伟明环保,0.26,1455741575.53,-27.568431329,309.3831,439404028.1,-38.63,459.4205,8.959923726466,2.89,0.345617513156,45.1907172632,环境治理,2026-04-28
2954,603551,奥普科技,0.11,374886624.07,8.3176713156,-40.1735,41093115.85,-19.01,-63.5988,3.770854388485,2.9,-0.179241703487,45.0380449019,厨卫电器,2026-04-28
2955,603530,神马电力,0.24,380904369.25,33.5456585599,-31.6762,98274588.02,44.07,-36.4541,4.406059659208,5.31,0.252350881659,49.0527697327,电网设备,2026-04-28
2956,603519,立霸股份,0.13,395251530.33,-5.6128119375,-13.6034,33809477.16,-2.62,-11.8294,4.736632827145,2.72,-0.023859228212,15.7089795347,家电零部件Ⅱ,2026-04-28
2957,603518,锦泓集团,0.32,1074763243.66,-3.302914661,-21.4596,110786298.87,24.47,-1.3427,11.126956698676,2.92,0.151035369294,69.5739863966,服装家纺,2026-04-28
2958,603488,展鹏科技,-0.06,63455652.57,16.9877599979,-78.7255,-18659657.38,-23.3615643391,83.6317,2.652662200995,-2.38,-0.08766541247,-1.5813235218,专用设备,2026-04-28
2959,603459,红板科技,0.19,952686864.12,22.8799882358,0.1914,123795397.04,14.36,-2.194,3.733614056249,5.2,0.052716316549,25.1784728786,元件,2026-04-28
2960,603402,陕西旅游,0.53,164513135.86,-21.4742213398,17.2649,41179601.56,-44.57,174.266,37.985988763267,1.41,0.886469612832,56.6613580081,旅游及景区,2026-04-28
2961,603399,永杉锂业,0.26,2081919660.29,90.1739536708,39.833,132522783.74,549.2412322595,177.9027,3.161118521236,8.53,-0.720791413274,16.8647847925,能源金属,2026-04-28
2962,603396,金辰股份,0.16,585179780.42,-14.8023073956,-32.9303,21796785.63,-7.18,305.2721,18.906743801039,0.84,-0.435717234526,26.363659004,光伏设备,2026-04-28
2963,603395,红四方,0.08,950020489.76,3.3816789452,0.0218,20780795.03,-1.66,285.0719,5.486616464269,1.47,0.243421440308,9.85304347,农化制品,2026-04-28
2964,603392,万泰生物,-0.03,523344880.88,30.6320573795,63.2405,-42983830.73,18.5556701427,80.883,9.349645453337,-0.36,-0.183522269263,69.8578030772,医疗器械,2026-04-28
2965,603386,骏亚科技,-0.06,606605709.41,2.527524848,-1.6206,-20450504.63,-235.45,28.4869,4.011410184634,-1.55,0.090690562062,11.7954219652,元件,2026-04-28
2966,603382,海阳科技,0.09,979202110.25,-21.3315269201,3.0629,15653213.2,-50.4,-28.0928,9.771095145058,0.89,0.332328076277,9.5861738509,化学纤维,2026-04-28
2967,603379,三美股份,0.83,1397991545.89,15.3568125799,-1.5842,505821099.8,26.29,7.5789,14.121316266327,6.05,0.776825896251,53.4236182533,化学制品,2026-04-28
2968,603376,大明电子,0.03,496069677.27,-9.1441405494,-52.0118,13530138.67,-77.7,-75.407,4.382231178822,0.77,0.186101512196,12.076989154,汽车零部件,2026-04-28
2969,603370,华新精科,0.19,323246688.23,-15.4056759462,-22.2864,33410706.93,-32.17,12.2882,11.252930940269,1.71,-0.348073463504,21.1848318215,电机Ⅱ,2026-04-28
2970,603363,傲农生物,-0.01,2205836627.38,23.706461476,3.0964,-13329775.76,-106.11,96.0365,1.190085810379,-0.43,-0.045135821458,4.250961596,饲料,2026-04-28
2971,603360,百傲化学,0.03,263616780.6,-46.119023749,-57.9734,19828453.27,-65.28,-74.5218,1.996614388478,1.42,-0.042124669319,32.6825377026,农化制品,2026-04-28
2972,603351,威尔药业,0.28,356303724.13,1.8810585555,12.4713,37634039.87,2.86,1.9795,13.543306073019,2.07,0.126979441584,27.4845004495,化学制药,2026-04-28
2973,603338,浙江鼎力,0.89,2457378084.73,29.4772129696,29.2882,452900563.43,5.66,48.6565,23.390742447585,3.9,-0.366888851508,33.8098598341,工程机械,2026-04-28
2974,603335,迪生力,-0.05,170886421.53,-33.4260628485,-34.8448,-19817185.0,12.4006155483,-122.7461,0.659371058026,-6.76,0.029579057379,18.481494233,汽车零部件,2026-04-28
2975,603332,苏州龙杰,0.09,333942352.07,7.7258827681,-34.941,19336272.67,47.41,-12.2878,6.106448658699,1.47,0.100682302895,11.4418356561,化学纤维,2026-04-28
2976,603322,超讯科技,0.26,235371190.85,-11.6351830593,-56.6636,41664038.68,-16.79,143.6087,1.669621258687,17.2,-0.344469995506,34.8920416825,通信服务,2026-04-28
2977,603320,迪贝电气,0.11,237640946.23,-3.3147814842,-1.5982,15997939.38,-26.15,2.9006,8.019962966808,1.35,0.370727428643,14.3807991014,电机Ⅱ,2026-04-28
2978,603317,天味食品,0.2363,1130471895.98,76.1909393739,8.9611,250109545.36,234.67,40.9003,4.46745453691,5.36,0.237202736191,45.030770281,调味发酵品Ⅱ,2026-04-28
2979,603300,海南华铁,0.05,1518461074.02,17.8773208336,-1.2765,108884792.75,-42.87,4066.3315,3.344990979514,1.65,0.438137310749,32.3606976871,多元金融,2026-04-28
2980,603291,联合水务,0.0352,214987902.45,-15.0049421264,-24.0814,14881068.95,18.79,-62.8726,4.314825025721,0.82,0.190841800746,34.2835518836,环境治理,2026-04-28
2981,603288,海天味业,0.42,9028967209.89,8.5657831927,24.6151,2443715832.21,10.97,42.3863,7.181084349076,5.97,-0.079820624328,41.9955452815,调味发酵品Ⅱ,2026-04-28
2982,603283,赛腾股份,0.34,774768166.88,6.1144932206,-8.8914,91063978.03,33.21,8.2895,13.136848636831,2.59,-0.089581678346,43.6605246189,自动化设备,2026-04-28
2983,603276,恒兴新材,0.12,245413137.81,31.3767603854,-6.2982,25922506.71,101.22,32.5949,8.655072184307,1.45,0.231075357962,24.0069857489,化学制品,2026-04-28
2984,603273,天元智能,0.03,84054374.95,-31.4076082792,-37.0747,7399179.74,44.15,25.0564,4.139918939506,0.79,0.151553136061,18.182461245,工程机械,2026-04-28
2985,603272,*ST联翔,-0.06,21360237.06,-48.553447404,-40.412,-5576999.73,-2051.74,59.1218,5.199571761028,-1.03,-0.181012331535,30.876751468,家居用品,2026-04-28
2986,603268,松发股份,1.13,8888335184.08,199.068387957,-10.043,1093463056.14,330.29,-20.9502,10.862794530329,10.94,4.115855874346,21.4854654082,航海装备Ⅱ,2026-04-28
2987,603262,技源集团,0.06,240079769.97,-9.4051308774,-18.8754,22927467.0,-46.18,33.8159,3.92568460541,1.47,0.066193217795,41.6782181283,食品加工,2026-04-28
2988,603259,药明康德,1.59,12435776568.29,28.8068135055,-1.299,4651517987.76,26.68,-34.2548,28.226746064983,5.68,1.205128346489,50.4025925161,医疗服务,2026-04-28
2989,603257,中国瑞林,0.43,368435111.3,7.237077604,-49.4597,51493813.34,271.59,-29.4729,21.392041727833,2.03,-1.153362255333,36.5477450276,工程咨询服务Ⅱ,2026-04-28
2990,603230,内蒙新华,0.18,357561598.4,-39.3733925622,140.8519,62178573.95,-59.76,332.9279,8.007897761079,2.22,-0.40555342832,42.9993126018,出版,2026-04-28
2991,603220,中贝通信,0.0,484660766.48,-11.7967209669,-47.7637,-2846.79,-100.02,99.9225,7.180975723714,-0.0001,-0.73990641449,16.8601855837,通信服务,2026-04-28
2992,603218,日月股份,0.08,1142324731.73,-12.1644685444,-18.4227,84886912.4,-29.72,-28.6787,10.123878545802,0.82,0.058650582125,16.7616798588,风电设备,2026-04-28
2993,603214,爱婴室,0.0618,889480763.25,3.5411131552,-15.8252,8562410.16,27.92,-70.5982,8.581783413352,0.72,1.008100373238,24.9982678082,专业连锁Ⅱ,2026-04-28
2994,603207,小方制药,0.35,145694452.27,12.878647217,13.7685,56006923.51,-6.41,48.9716,7.154150211106,4.99,0.281875554036,60.9250193175,化学制药,2026-04-28
2995,603206,嘉环科技,0.05,801126553.69,0.177543714,-58.0601,14518047.66,-28.19,787.2355,7.474445377829,0.64,-2.926078710167,12.9471658844,通信服务,2026-04-28
2996,603197,保隆科技,0.33,2239684916.34,17.5732718684,-17.0398,71527516.62,-24.87,387.7308,15.009970120551,2.19,0.735441314211,22.0930584887,汽车零部件,2026-04-28
2997,603196,璞源材料,0.0575,378581544.94,95.8382032921,60.3704,23672474.28,214.86,193.3177,4.760861388438,1.22,0.092778315132,46.9895363886,服装家纺,2026-04-28
2998,603194,中力股份,0.45,1739186307.83,12.8540722955,-13.4931,182128440.22,-4.92,4.9553,13.763063092244,3.35,-0.937300734763,30.158590558,工程机械,2026-04-28
2999,603182,嘉华股份,0.17,417454718.38,20.1088616208,16.285,27311716.12,-23.53,118.0128,6.882998640656,2.44,0.351077676572,11.7389033522,农产品加工,2026-04-28
3000,603178,圣龙股份,0.08,370049620.33,-7.5430345086,-12.1191,18877523.14,161.0184902348,113.6343,4.841866025295,1.65,-0.061817251604,15.0650959188,汽车零部件,2026-04-28
3001,603137,恒尚节能,0.2,253427522.12,-42.5648687192,-6.2573,36206126.04,-23.87,144.102,6.54264562592,3.07,0.61639702658,16.5681456413,装修装饰Ⅱ,2026-04-28
3002,603135,中重科技,0.03,101451358.64,-13.5427182851,28.6634,18502565.13,34.85,198.0307,4.658089413003,0.63,0.152831151227,24.5394754824,专用设备,2026-04-28
3003,603120,肯特催化,0.21,164506102.31,14.1927124007,-9.3883,19363896.01,10.3,-39.64,13.178606268695,1.64,0.269567043805,25.5670275506,化学制品,2026-04-28
3004,603118,共进股份,0.03,2179307067.01,6.2565252539,-18.0242,24449905.91,9.65,387.4669,6.444812470653,0.48,-0.084188859332,10.6984735308,通信设备,2026-04-28
3005,603116,红蜻蜓,0.02,554100848.94,-1.4864288334,6.5874,9228587.0,127.14,110.4659,4.388860817357,0.37,0.022413700831,39.7445435071,服装家纺,2026-04-28
3006,603110,东方材料,0.05,109949191.17,34.3600103198,8.5043,10426653.23,253.41,209.0957,3.463178046692,1.51,-0.021379837098,28.1430360339,化学制品,2026-04-28
3007,603107,上海汽配,0.13,471423886.45,-3.6877834686,-20.6582,44772356.08,-1.88,111.0455,6.462433067011,2.07,-0.063516799828,22.7266962026,汽车零部件,2026-04-28
3008,603106,恒银科技,0.01,56645008.81,-39.7601450642,-42.1337,2846124.68,-46.78,-78.7031,2.543953317413,0.22,-0.118416034907,39.3373835014,计算机设备,2026-04-28
3009,603105,芯能科技,0.0046,120836412.37,-13.9972944592,-20.5212,2288645.89,-91.7,-84.3392,4.298092029809,0.1,0.005932012675,41.4582285484,电力,2026-04-28
3010,603103,横店影视,0.06,581862111.0,-50.3628873922,44.4828,40122353.32,-88.3,185.7534,2.015497903359,3.19,0.197394137133,14.6607071276,影视院线,2026-04-28
3011,603101,汇嘉时代,0.137,759533707.42,4.5695660057,30.601,64431097.94,13.3,1932.2075,3.046777684566,4.52,0.289878416943,33.4690885021,一般零售,2026-04-28
3012,603091,众鑫股份,0.92,417655019.26,12.2744256035,-7.2075,93816339.46,29.96,37.1661,22.330917502616,4.19,0.960623970492,35.7649991193,包装印刷,2026-04-28
3013,603090,宏盛股份,0.17,200950888.66,27.635385872,-4.1125,17235531.33,-26.56,-4.2928,6.5176492332,2.68,0.1153190469,26.8003572261,通用设备,2026-04-28
3014,603083,剑桥科技,0.34,1286551914.15,43.9813087364,-12.0894,118328991.17,276.44,2722.619,21.445190547466,1.58,-0.622121793984,29.329155713,通信设备,2026-04-28
3015,603082,北自科技,0.12,426206836.31,-3.4050990154,-39.4648,19007626.57,-54.97,-65.279,10.28551348947,1.15,-0.147911873633,11.8587297373,自动化设备,2026-04-28
3016,603075,热威股份,0.18,525653837.75,15.7994378517,-9.3363,71507609.52,3.91,-6.9183,5.563005586065,3.24,0.245803980704,28.8294585803,家电零部件Ⅱ,2026-04-28
3017,603073,彩蝶实业,0.11,183465974.45,1.3820069468,-14.4679,13237818.62,-42.25,95.9415,11.960490257759,0.96,-0.020135872241,23.6344638018,化学纤维,2026-04-28
3018,603072,天和磁材,0.18,594351840.44,13.1156183416,-19.0382,47873004.77,33.41,15.7834,8.436845340245,2.17,-0.114260132322,17.7407580772,金属新材料,2026-04-28
3019,603062,麦加芯彩,0.1,358881162.47,-15.4097034218,-1.168,10067124.5,-79.92,-77.5306,19.478552189722,0.48,-1.948686947685,19.8149135972,化学制品,2026-04-28
3020,603058,永吉股份,-0.0328,184241320.31,-18.8830474695,-9.4268,-13492433.52,-136.05,18.5077,2.85331580663,-1.12,0.115823377986,26.3964439292,包装印刷,2026-04-28
3021,603053,成都燃气,0.1878,1613071070.47,-3.679525072,2.5126,166953110.2,-6.9,157.3928,5.68327581694,3.36,0.106717304796,19.9209064351,燃气Ⅱ,2026-04-28
3022,603042,华脉科技,-0.0136,166870932.6,7.8832582496,-30.1724,-2191430.45,76.5314484288,91.7467,5.19323051066,-0.26,-0.283336766261,28.299514963,通信设备,2026-04-28
3023,603038,华立股份,0.26,351842350.1,59.6400206861,-3.7695,68791056.12,862.96,750.6943,5.337676570403,4.91,-0.159273396335,36.2498200497,装修建材,2026-04-28
3024,603035,常熟汽饰,0.2,1671885873.4,24.9903505404,-31.4579,71580841.11,-18.34,3964.2856,14.694536281059,1.34,0.370398962154,11.9910784312,汽车零部件,2026-04-28
3025,603032,德新科技,0.1084,148713018.17,52.2394882874,1.8322,25108410.98,2436.4501199281,362.0784,5.014832580949,2.17,0.120933497351,41.4360634249,电池,2026-04-28
3026,603004,鼎龙科技,0.12,184959488.13,21.5457955949,14.0486,28724970.53,-20.14,7.663,8.823485180367,1.36,0.12952638328,34.6945892956,化学制品,2026-04-28
3027,603001,奥康国际,0.0633,426790185.12,-27.6279565043,-3.9485,25389969.1,157.6217147038,180.3081,5.909702892937,1.08,0.303196085141,46.8915595783,服装家纺,2026-04-28
3028,601975,招商南油,0.0923,1568479601.53,14.18586351,1.1191,431860717.87,51.73,18.5026,2.56002778655,3.66,0.067455871012,29.0645618257,航运港口,2026-04-28
3029,601966,玲珑轮胎,0.01,6057410454.0,6.3293560584,-6.541,16893475.0,-95.04,-91.6185,15.60178874643,0.07,0.373235712749,17.0691419188,汽车零部件,2026-04-28
3030,601956,东贝集团,-0.0271,1689475525.44,12.6127097442,7.9511,-16792119.01,-137.11,40.7951,3.965458585042,-0.67,-0.375452138029,8.8476633748,家电零部件Ⅱ,2026-04-28
3031,601900,南方传媒,0.34,1969380232.0,-6.8075537611,-16.2784,300274948.71,-6.23,56.1091,10.356249631306,3.34,-0.346175826037,40.2254588641,出版,2026-04-28
3032,601898,中煤能源,0.29,34188624000.0,-10.9473896429,-8.7631,3844352000.0,-3.2,-28.7944,12.370262748212,2.37,0.433482169356,25.5093799622,煤炭开采,2026-04-28
3033,601890,亚星锚链,0.088,546633971.86,-7.0359756269,-1.6255,84390734.94,60.75,-20.4893,4.058157080686,2.19,-0.373699748322,25.3407400712,航海装备Ⅱ,2026-04-28
3034,601878,浙商证券,0.17,2359025663.39,40.8160277875,14.9444,751157315.22,35.2,44.3369,8.242205006166,2.02,1.480402629558,,证券Ⅱ,2026-04-28
3035,601865,福莱特,0.02,3673598256.0,-9.9451311896,18.3812,38146521.6,-64.06,-88.8791,9.403632575071,0.17,0.128227032387,14.4414501426,光伏设备,2026-04-28
3036,601828,美凯龙,0.01,1548462867.82,-4.1458642921,-4.0177,47677601.73,109.2864410043,100.2317,5.177866640488,0.21,0.094830933258,66.3123247234,一般零售,2026-04-28
3037,601789,宁波建工,0.1343,5007711458.07,-18.9433735159,-36.5442,185155458.81,76.72,245.9102,4.122438965798,2.91,-1.06221788239,7.1153798018,房屋建设Ⅱ,2026-04-28
3038,601777,千里科技,0.0107,2360995090.42,30.6888174392,-22.6614,48370208.96,141.31,55.3872,2.28892623484,0.47,0.137437090116,24.9054740184,摩托车及其他,2026-04-28
3039,601702,华峰铝业,0.24,2976859106.6,2.4881067705,-11.8746,242902216.37,-8.78,-20.6494,6.689725182633,3.71,-0.032945938963,14.2571063303,工业金属,2026-04-28
3040,601579,会稽山,0.25,500268812.84,3.9429122036,-18.0548,119952373.55,27.96,-6.5598,8.105710022431,3.13,0.222523275723,61.6020093498,非白酒,2026-04-28
3041,601456,国联民生,0.09,1856319897.71,18.8052642935,13.5163,496755400.36,32.07,101.7861,9.416595734868,0.94,0.972137500989,,证券Ⅱ,2026-04-28
3042,601399,国机重装,0.0176,3586502154.46,3.0367439127,-1.9758,126999673.55,14.39,367.6294,2.062430878555,0.86,-0.230447801877,12.4551996319,专用设备,2026-04-28
3043,601339,百隆东方,0.16,1987937714.04,14.8487803032,-6.9413,242561863.43,39.83,128.1068,6.234727638515,2.62,0.250823601595,17.0698242492,纺织制造,2026-04-28
3044,601212,白银有色,0.02,19582065921.11,8.2176471325,52.8109,149981524.84,440.2346662109,127.7537,2.146591299878,0.98,-0.024283490431,10.1947123437,工业金属,2026-04-28
3045,601179,中国西电,0.0676,5523905943.52,4.9933412678,-18.8782,346600770.07,17.54,4.6629,4.555928593907,1.4961,-0.110324656636,23.3521285062,电网设备,2026-04-28
3046,601177,杭齿前进,0.1569,516043968.2,14.3857848042,-22.8885,62754300.99,16.99,35.9939,7.142800922069,2.18,-0.06709585064,21.9742202773,通用设备,2026-04-28
3047,601169,北京银行,0.38,19599000000.0,14.4333508495,19.1573,8098000000.0,5.55,928.0164,13.403490516956,2.905,3.02327011304,,银行Ⅱ,2026-04-28
3048,601137,博威合金,-0.1,5660890079.28,14.0333532984,7.2268,-91359801.53,-128.84,87.9118,10.216157028373,-1.04,-0.215039957519,8.0723044891,金属新材料,2026-04-28
3049,601117,中国化学,0.26,46104603589.03,3.251631843,-14.3425,1567029750.14,8.46,-28.8957,11.273511820814,2.3,-0.217648706689,9.3573207036,专业工程,2026-04-28
3050,601113,华鼎股份,0.01,1138938540.85,-1.5017199583,-2.1175,8706989.93,-90.78,-75.67,3.663933978013,0.22,0.010603210739,8.029691439,化学纤维,2026-04-28
3051,601100,恒立液压,0.49,3209889672.03,32.5214186712,1.8634,652191721.93,5.59,0.761,13.339564105206,3.71,0.386178635664,38.573534804,工程机械,2026-04-28
3052,601098,中南传媒,0.21,2921157577.66,1.0999016265,-28.9764,379576599.87,3.13,-10.3987,9.215080996453,2.32,0.148124900245,44.4047396536,出版,2026-04-28
3053,601058,赛轮轮胎,0.32,9460829799.47,12.4753899226,2.7753,1056350920.31,1.72,62.3075,6.817156739742,4.8,0.053526352348,26.8621886235,汽车零部件,2026-04-28
3054,601026,道生天合,0.05,675936125.99,-19.0031295387,-15.2825,30914637.73,-0.53,-37.1053,3.998814985335,1.18,-0.482623468077,13.5801182805,风电设备,2026-04-28
3055,601022,宁波远洋,0.11,1569939744.44,14.3846815369,-1.7794,139598884.66,-20.27,15.2587,4.797988894756,2.25,0.353481835417,15.9433177679,航运港口,2026-04-28
3056,601015,陕西黑猫,-0.15,2344922359.34,-9.2797147249,2.8622,-313206449.45,-19.74,27.2648,2.355353481571,-6.31,0.051511346237,-10.7638883127,焦炭Ⅱ,2026-04-28
3057,601008,连云港,0.02,623468051.7,2.3820689531,-10.9907,30820614.17,35.21,-52.1603,3.408288159334,0.73,0.618450951832,23.6963535593,航运港口,2026-04-28
3058,601001,晋控煤业,0.2,3046310265.69,25.662929368,-19.4979,338569061.36,-33.9,-38.9777,11.679671988696,1.75,0.377377044028,33.1197579266,煤炭开采,2026-04-28
3059,600998,九州通,0.14,44782649427.39,6.5843048436,6.4646,733160406.88,-24.41,162.3921,5.45559267199,2.62,-0.599609144303,7.4646185553,医药商业,2026-04-28
3060,600997,开滦股份,-0.07,4425431066.17,-1.980424771,-0.4966,-109280110.45,-262.44,49.7221,8.526869844636,-0.8,-0.006954974037,6.907713239,焦炭Ⅱ,2026-04-28
3061,600979,广安爱众,0.0195,715190030.2,-3.9159124028,-16.9224,24571148.08,9.17,104.7547,3.290751280217,0.59,0.032449776441,21.702962882,电力,2026-04-28
3062,600969,郴电国际,0.0306,1051901208.03,5.1026530886,-1.5109,11316201.42,4.32,344.4748,9.83733076147,0.31,0.99213739588,5.3213022072,电力,2026-04-28
3063,600967,内蒙一机,0.08,2601362463.8,-4.7614344496,22.0821,138300992.96,-25.75,369.2478,7.020562225261,1.16,0.811248417457,10.2991712565,地面兵装Ⅱ,2026-04-28
3064,600903,贵州燃气,0.09,1978402962.51,-13.7464529512,12.2026,101380343.09,41.75,3259.5911,2.661350972557,3.2,0.227533733437,16.9534090489,燃气Ⅱ,2026-04-28
3065,600893,航发动力,0.001,7077226141.69,14.7994968111,-69.7804,2559274.0,-65.93,-99.5138,15.08483151687,0.0064,1.26328033271,10.9092796684,航空装备Ⅱ,2026-04-28
3066,600882,妙可蓝多,0.15,1625690927.32,31.81283828,-2.9912,75557985.88,-8.3,231.5325,9.113540356746,1.64,0.12290075136,29.7964933272,饮料乳品,2026-04-28
3067,600858,银座股份,0.1365,1612710013.0,0.816629945,72.487,70995967.07,-1.8,345.9128,5.302419291734,2.6081,1.052014453903,37.6556694027,一般零售,2026-04-28
3068,600841,动力新科,0.03,1528901331.3,11.4836636216,-2.5329,36199600.85,117.2243463564,-98.8764,4.625755886564,0.57,-0.326409119725,10.3702695461,汽车零部件,2026-04-28
3069,600828,茂业商业,-0.0106,508431008.12,-20.6605328245,-6.3884,-18430374.72,-228.51,93.5904,3.883636416882,-0.27,0.079037733392,58.1888516446,一般零售,2026-04-28
3070,600824,益民集团,0.018,151962143.95,-18.7712310964,-10.6502,18858741.16,38.27,-81.5811,2.40337584437,0.75,0.005557456103,51.9612516759,一般零售,2026-04-28
3071,600819,耀皮玻璃,0.02,1258496970.78,-0.257967948,-19.9891,24192253.53,-43.3,105.6954,3.966213923521,0.63,-0.076267421531,18.152971011,玻璃玻纤,2026-04-28
3072,600818,ST中路,-0.06,180741610.77,-27.6095425933,-14.5659,-18194046.97,-462.7617116677,52.6468,1.553899229645,-3.57,-0.007225088475,14.4565222412,摩托车及其他,2026-04-28
3073,600798,宁波海运,-0.0069,617174897.96,57.3017155342,-13.3609,-8278426.76,82.1782616151,-114.0491,3.27327949844,-0.21,0.056862255047,2.9927615561,航运港口,2026-04-28
3074,600785,新华百货,0.29,1878573450.09,1.2850778125,48.4507,65042485.97,-18.7,296.9533,10.235038158184,2.86,1.675843202458,23.5945612475,一般零售,2026-04-28
3075,600776,东方通信,0.034,545751187.31,21.1699725144,-35.798,43148108.38,176.89,790.9513,3.040848760196,1.14,-0.191374328895,11.549536385,通信设备,2026-04-28
3076,600770,综艺股份,0.012,131355301.07,29.1568567291,-11.4612,15112100.51,332.7979468553,-17.5009,2.614962053146,0.44,0.003904261769,23.4042636799,综合Ⅱ,2026-04-28
3077,600768,宁波富邦,0.21,405698287.11,83.6816817832,25.2837,27985693.44,450.49,-34.0709,3.421963218594,6.31,-1.70628075541,24.8055311268,工业金属,2026-04-28
3078,600737,中粮糖业,0.101,4299972091.4,-14.6355688529,-30.7149,215963123.41,22.04,58.6735,5.438331953458,1.87,-0.113780269887,10.9737059441,农产品加工,2026-04-28
3079,600732,爱旭股份,-0.21,4437173402.79,7.2919943322,10.4485,-439738106.56,-46.3734582495,65.9037,2.239616798649,-6.45,0.330720993367,7.2040233942,光伏设备,2026-04-28
3080,600731,湖南海利,0.0823,438735789.81,12.184655998,5.8756,44630510.18,-21.16,-1.9058,5.760366379649,1.4,0.094915992846,28.7477198258,农化制品,2026-04-28
3081,600704,物产中大,0.19,134202581763.43,0.7922289897,-17.9104,970956937.83,-1.3,69.7961,8.150846168935,2.29,-1.496729552472,3.3627215165,物流,2026-04-28
3082,600699,均胜电子,0.26,13815230879.12,-5.2191148374,-9.9292,402088780.16,18.11,86.5156,11.301466218391,2.31,0.589935174969,17.6656642161,汽车零部件,2026-04-28
3083,600690,海尔智家,0.5,73686720161.13,-6.8649883795,7.8976,4651612980.68,-15.22,113.3669,13.349613058407,3.86,0.171842411549,25.3437866989,白色家电,2026-04-28
3084,600675,中华企业,-0.02,3289620513.92,-43.0036925903,1.491,-92665589.4,-120.15,60.2535,2.373678182583,-0.64,-0.105090523595,17.142100001,房地产开发,2026-04-28
3085,600673,东阳光,0.04,4248632543.63,26.9474823677,7.1719,119276129.55,-57.1,118.9318,3.299124180649,1.24,0.054565434395,19.2018789472,综合Ⅱ,2026-04-28
3086,600623,华谊集团,0.08,11639856887.66,1.3245238408,11.3858,167868428.88,6.64,5.0923,10.620249920229,0.75,1.457575310309,8.399862949,化学原料,2026-04-28
3087,600621,华鑫股份,0.15,629536173.14,-0.9670382209,9.5453,155272413.08,13.02,19.3125,8.816720898613,1.67,1.634681645494,,证券Ⅱ,2026-04-28
3088,600601,方正科技,0.05,1563676158.41,64.3077274966,1.4343,231633236.09,195.16,48.8608,1.141628812679,4.88,0.106499754296,30.5164929268,元件,2026-04-28
3089,600600,青岛啤酒,1.319,10285128726.0,-1.5356682087,231.0498,1799783004.0,5.23,362.2629,23.780560576422,5.71,2.196873788702,42.7429891848,非白酒,2026-04-28
3090,600581,*ST八钢,-0.213,3252373785.12,-7.3689903085,-21.2766,-327034870.31,11.5887777498,74.9761,-1.372613993938,,-0.346223407212,0.174240439,普钢,2026-04-28
3091,600575,淮河能源,0.05,9747403619.44,13.4664320813,-44.3701,323817956.7,-30.49,-65.7399,3.113345914755,1.46,0.114072773684,9.4950507367,电力,2026-04-28
3092,600558,大西洋,0.0621,989654038.81,7.2521601699,17.7124,55727299.69,36.04,38.7109,2.763683878791,2.27,0.056519087228,16.385288797,通用设备,2026-04-28
3093,600537,*ST亿晶,-0.06,169990037.79,-72.0484961714,-54.2796,-65482345.74,-23.2197736735,79.1476,-0.122782355635,,-0.008680836987,3.0566023324,光伏设备,2026-04-28
3094,600520,三佳科技,0.01,102313450.15,47.4756403315,-27.3989,1492157.07,134.9859050015,-42.1739,2.484918465316,0.38,0.064126779335,30.6646459131,半导体,2026-04-28
3095,600515,海南机场,0.0098,1742898250.28,59.8662105706,52.9291,112459591.87,12.02,-27.0753,2.122487560429,0.46,-0.005821694264,32.004289994,航空机场,2026-04-28
3096,600513,联环药业,0.02,810625785.82,29.1410973583,28.7936,6424752.09,-72.14,110.1545,4.479865655394,0.5,-0.276590531292,26.5225493034,化学制药,2026-04-28
3097,600508,上海能源,0.1,1948946581.46,12.264870219,-4.3197,73981326.58,-29.28,313.2203,17.649648012807,0.58,0.409289100133,15.9296550364,煤炭开采,2026-04-28
3098,600507,方大特钢,0.047,3999589797.75,-7.9609666563,-20.0144,107924038.74,-56.89,-29.6585,4.437456311121,1.06,0.170960410505,8.4158004166,特钢Ⅱ,2026-04-28
3099,600506,统一股份,0.328,878665797.49,17.6972723647,77.4394,63068469.02,52.49,274.5789,2.638734889498,13.27,1.383433868714,22.5212272943,炼化及贸易,2026-04-28
3100,600486,扬农化工,1.008,3467120040.96,6.9892694478,27.7435,407036576.96,-6.41,76.5551,29.277544470855,3.49,2.916630569882,21.7929531249,农化制品,2026-04-28
3101,600480,凌云股份,0.13,4566790124.81,5.2537626188,-20.8011,153375463.84,-28.71,-37.8603,6.750184049608,1.88,0.183498824075,16.8966557512,汽车零部件,2026-04-28
3102,600476,*ST湘邮,0.016,91684847.27,4.1070174381,-49.8361,2627439.75,141.1612421506,100.6076,-2.743716840939,,-0.11774885646,20.1740615497,IT服务Ⅱ,2026-04-28
3103,600470,六国化工,-0.17,1500871745.5,-6.437553912,4.4047,-90379582.99,-35.4498750586,63.634,2.921523780867,-5.77,-0.44638022038,3.3293371509,农化制品,2026-04-28
3104,600456,宝钛股份,0.1233,1501559178.7,3.1962155875,-10.8465,58916329.15,-27.4,-48.0293,15.157648006304,0.82,-0.197749831685,20.3494935021,小金属,2026-04-28
3105,600426,华鲁恒升,0.526,8343592884.31,7.3600136901,12.5009,1116593729.35,57.96,18.5876,16.093235144763,3.32,0.419496039774,22.2802294227,农化制品,2026-04-28
3106,600410,华胜天成,-0.0842,1018432435.95,15.0834654991,-31.5155,-92296301.9,-162.3,72.0866,3.929764871345,-2.11,0.44848995297,11.3475544278,IT服务Ⅱ,2026-04-28
3107,600375,汉马科技,0.02,2009226575.59,52.1721758821,-4.2552,27144541.28,130.84,290.7671,2.118517419025,0.8,0.030828126094,6.969274394,商用车,2026-04-28
3108,600372,中航机载,0.0372,4642132666.27,-1.7531858662,-37.5899,180057428.63,78.48,131.8323,7.837609721475,0.47,-0.178016923445,25.9635309093,航空装备Ⅱ,2026-04-28
3109,600371,万向德农,0.004,45994116.89,-37.0529114093,7.3087,1045194.9,-95.39,107.5737,1.833842312785,0.19,-0.046051947276,28.4087440384,种植业,2026-04-28
3110,600352,浙江龙盛,0.1651,3617855481.63,11.8253147629,-0.6751,537132237.66,35.67,24.3572,10.187356250066,1.63,0.123728452114,33.8508910413,化学制品,2026-04-28
3111,600332,白云山,1.097,23277545111.44,3.5781698291,45.0304,1783755071.76,-2.06,645.5935,24.333424694838,4.61,-1.364008013806,20.3114116952,中药Ⅱ,2026-04-28
3112,600330,天通股份,-0.034,805116504.37,12.6971819811,8.6094,-41844749.04,-187.25,81.1928,6.288310115566,-0.54,-0.036126215648,20.0299025551,电子化学品Ⅱ,2026-04-28
3113,600320,振华重工,0.071,8593145125.0,0.8924110977,-16.1953,376340981.0,47.39,80.9373,3.036045220953,2.36,0.096834943764,11.9499271578,专用设备,2026-04-28
3114,600315,上海家化,0.33,1795245164.9,5.379021832,32.3741,222134304.08,2.3,261.262,10.519076428212,3.18,0.562439390025,65.8451820582,化妆品,2026-04-28
3115,600298,安琪酵母,0.5,4533719882.24,19.4915050373,-8.2687,425925053.0,15.08,-0.4794,14.36088739396,3.48,-0.426854488945,26.4679119352,调味发酵品Ⅱ,2026-04-28
3116,600289,ST信通,-0.079,458545798.62,1003.7862788769,288.6005,-49849401.13,-74.2515607792,84.9287,1.424921218696,-5.39,0.136708019461,-1.1199837738,通信服务,2026-04-28
3117,600285,羚锐制药,0.435,1126074496.05,10.3177095071,38.6741,246333622.73,13.61,126.8883,6.434087903165,6.99,0.473360650938,78.1877902651,中药Ⅱ,2026-04-28
3118,600269,赣粤高速,0.12,1497532222.06,-4.0354587908,-20.5297,274895826.44,-35.77,178.8015,8.455706589558,1.4,0.246832321375,50.0057562755,铁路公路,2026-04-28
3119,600267,海正药业,0.31,2390467858.12,-9.1704806863,-8.9986,355690873.08,83.13,345.8475,7.463767887356,4.05,0.376050872091,50.8678060937,化学制药,2026-04-28
3120,600251,冠农股份,0.375,634557026.16,-4.1127890746,67.5195,291365316.14,57.31,20210.0868,5.199742745276,7.46,0.133734654962,9.5291863043,农产品加工,2026-04-28
3121,600243,*ST海华,-0.02,86067232.75,67.3297684676,-32.0992,-7245247.07,-801.6903510264,90.3767,1.256788260978,-1.31,-0.045415428848,10.2982453912,通用设备,2026-04-28
3122,600227,赤天化,-0.0169,596487317.05,5.6547836628,0.2255,-28466386.29,38.1568825728,76.9426,1.328170260506,-1.26,-0.003650598291,7.5891610376,农化制品,2026-04-28
3123,600223,福瑞达,0.03,900439097.16,2.7807287428,-14.5762,31896895.52,-37.1,-30.6708,4.195207534817,0.75,-0.029316244147,55.9745912144,化妆品,2026-04-28
3124,600219,南山铝业,0.1,9066732846.14,0.9547040097,9.3078,1100775007.11,-35.39,14.2996,4.436737290621,2.09,0.091635422361,21.6381072149,工业金属,2026-04-28
3125,600198,大唐电信,-0.0502,87026472.23,52.3007501072,-80.5824,-65427211.77,11.2949320161,-762.7995,0.147627862481,-11.68,-0.097327954596,16.9331976149,通信设备,2026-04-28
3126,600197,伊力特,0.22,606270509.05,-23.7907336558,43.2101,104887714.82,-27.26,32.5898,8.4137723013,2.67,0.175713011395,51.5299999994,白酒Ⅱ,2026-04-28
3127,600185,珠免集团,0.02,703943886.75,-23.3956105993,-21.2006,39026056.75,142.9062823387,108.404,0.045800649764,40.66,0.097208060482,46.7926402061,旅游零售Ⅱ,2026-04-28
3128,600178,东安动力,-0.0427,914652678.86,-8.0220321754,-53.1261,-19904368.72,-633.77,-225.9378,5.443662574388,-0.78,-2.006226342422,3.2265519789,汽车零部件,2026-04-28
3129,600157,永泰能源,0.0028,5522112486.34,-2.1019160863,-9.3123,61839959.41,21.09,475.4822,2.150365968571,0.132,0.051785974961,18.9604323688,电力,2026-04-28
3130,600156,华升股份,-0.0144,162429006.98,-24.1532271295,15.7466,-5790377.61,53.6855643343,70.7134,0.918622234058,-1.56,-0.165907271177,5.6664241142,纺织制造,2026-04-28
3131,600153,建发股份,0.19,140140115062.95,-2.5265929858,-18.6589,701188697.66,20.06,105.8611,14.853164904494,3.97,-9.403868623063,4.2319193927,物流,2026-04-28
3132,600133,东湖高新,-0.0017,387132938.27,-13.2138573692,-81.5906,-1765643.6,35.5250296766,-100.8805,8.541458535135,-0.02,-0.195018999669,25.2644447143,环境治理,2026-04-28
3133,600096,云天化,0.7816,11980782595.76,-8.0610688398,10.7691,1424767712.69,10.39,233.5176,14.291530106035,5.63,1.317397719407,19.5567456122,农化制品,2026-04-28
3134,600078,澄星股份,0.0408,997763285.33,5.2958474429,6.1111,27583358.27,176.79,241.8428,2.517898468569,1.63,0.043319646625,14.7351542948,农化制品,2026-04-28
3135,600066,宇通客车,0.3,5909377255.56,-7.9206314982,-60.7618,659203966.6,-12.69,-70.8592,7.328566360175,4.14,1.578061009067,23.5583202486,商用车,2026-04-28
3136,600052,东望时代,-0.02,59841984.52,-54.5680095846,-52.5995,-19494570.3,-1795.0031665088,96.3104,2.557746488449,-0.9,0.00773939357,2.9235500527,电力,2026-04-28
3137,600051,宁波联合,0.02,149042288.66,-53.7184057872,-60.464,5390991.35,-61.38,-68.8393,11.000499570188,0.16,0.19375391196,17.2954027758,综合Ⅱ,2026-04-28
3138,600048,保利发展,0.08,45730241134.26,-15.7384693367,-65.9802,915698691.22,-57.06,202.4409,16.207225892784,0.47,0.724544734202,13.4969840696,房地产开发,2026-04-28
3139,600038,中直股份,0.0462,2373106172.39,-0.1249634529,-83.0963,37853668.42,-81.26,-86.4393,21.487051307034,0.23,4.865250504031,9.2212926807,航空装备Ⅱ,2026-04-28
3140,600032,浙江新能,0.0118,991661965.76,-10.7306683986,-2.8735,28398367.62,-66.16,126.4843,5.344354856045,0.22,0.153936050907,27.0322230292,电力,2026-04-28
3141,600026,中远海能,0.3977,7303414755.4,26.9218174806,7.6508,2173313711.03,206.74,65.3445,8.822144201337,4.5762,0.689026742242,42.658288367,航运港口,2026-04-28
3142,600023,浙能电力,0.07,15662169321.92,-11.0236412187,-24.4821,947188311.55,-11.84,-27.0498,5.754820080694,1.23,0.322930499206,5.4499208798,电力,2026-04-28
3143,600021,上海电力,0.1668,9922910270.55,-4.9834441871,2.2534,567079447.92,-31.59,300.9591,7.374235063709,2.3,1.036570198123,22.2376089543,电力,2026-04-28
3144,400098,航通5,0.04,402876194.75,153.2002178531,-48.8515,30324646.44,214.8303027468,-96.3264,0.256824696205,11.94,-0.109394680481,29.4028876647,,2026-04-28
3145,400084,乐视网3,-0.0179,56825908.46,94.757034375,-20.7226,-71587105.9,15.44,-7.2347,-5.389152049511,,0.000369825246,18.8078605334,,2026-04-28
3146,301680,固德电材,0.79,358045590.28,48.9175433122,0.67,49089356.1,1.9,-19.8709,22.985017966184,6.16,0.365554053623,28.2389161813,汽车零部件,2026-04-28
3147,301656,联合动力,0.02,4278836539.99,11.2179046861,-30.6702,48534816.48,-85.2,-85.7835,4.011475979594,0.5,0.208295095938,13.2479484005,汽车零部件,2026-04-28
3148,301626,苏州天脉,0.11,263194330.43,5.0842769739,-11.9384,12459070.26,-77.1,2.697,13.96540718603,0.78,0.30154873176,35.3536473517,消费电子,2026-04-28
3149,301616,浙江华业,0.1844,208150371.29,-2.9634290202,-9.8847,14750193.5,-12.7,-6.7719,18.24501243875,1.01,0.1730409325,23.467719518,通用设备,2026-04-28
3150,301611,珂玛科技,0.11,270518449.16,9.1272399494,-3.1993,45887389.17,-47.31,2.9621,4.19792371539,2.54,0.113123578899,46.1465395827,半导体,2026-04-28
3151,301609,山大电力,0.09,118754591.93,6.9475907743,-52.0448,14518175.87,-16.16,-71.1502,7.958545927738,1.13,-0.042491604187,40.7685564686,电网设备,2026-04-28
3152,301606,绿联科技,0.5727,2798115866.69,53.4215811928,-10.517,237638095.49,58.14,-0.0537,8.724417665872,6.79,-0.462613368458,39.2577590798,消费电子,2026-04-28
3153,301578,辰奕智能,-0.0538,192259939.35,3.7154724789,-8.9309,-4386025.14,-154.14,-208.663,11.423514746956,-0.47,0.007084954038,14.5459691158,黑色家电,2026-04-28
3154,301571,国科天成,0.14,200051295.47,67.1346774264,-48.2988,24921051.98,88.62,-68.128,11.506417736507,1.21,-0.067409373456,37.6906468828,军工电子Ⅱ,2026-04-28
3155,301557,常友科技,-0.11,203585486.53,1.4352937495,-42.8211,-5084856.18,-146.18,-115.8903,23.406239646676,-0.49,-2.753180576426,13.5432988176,风电设备,2026-04-28
3156,301555,惠柏新材,0.1469,549045844.55,11.3729479431,-6.8508,13557743.84,53.73,8.1621,12.247668983609,1.21,-0.032932551939,11.9689434484,塑料,2026-04-28
3157,301535,浙江华远,0.06,165687023.22,-1.3218351388,-25.2382,27314803.4,-29.09,28.9687,2.737688774384,2.37,0.188300845957,28.4960503016,汽车零部件,2026-04-28
3158,301529,福赛科技,0.37,381572731.55,-8.7371684423,-16.697,30735209.31,9.9,17.7353,16.599113247831,2.18,0.081938134104,26.841953801,汽车零部件,2026-04-28
3159,301526,国际复材,0.0717,2214670205.37,18.514028295,-1.3302,270188735.78,412.94,60636.7485,2.263602006397,3.22,-0.022273870982,23.289039266,玻璃玻纤,2026-04-28
3160,301525,儒竞科技,0.11,242232407.36,-30.9834392473,-16.1179,10474661.92,-80.18,221.6069,34.530618457921,0.32,0.620030967079,22.0282525578,通用设备,2026-04-28
3161,301518,长华化学,0.09,671310979.96,15.9514528408,-12.1789,12619397.13,-32.51,-40.3369,11.432924199067,0.79,-0.490708120598,6.0786286905,化学制品,2026-04-28
3162,301517,陕西华达,-0.11,79378230.04,-7.6879685669,-54.7203,-15992885.87,13.29,69.5576,8.412254931618,-1.22,-0.162530561095,29.1835671548,军工电子Ⅱ,2026-04-28
3163,301516,中远通,-0.0292,208806305.25,37.701174761,-36.0198,-8186171.8,52.33,47.2962,4.513375396246,-0.64,0.177686029822,17.081266472,其他电源设备Ⅱ,2026-04-28
3164,301513,尚水智能,0.39,327499846.12,17.5425132064,38.6601,29432433.2,-39.69,-14.6804,10.156481922933,3.94,3.9240735824,28.6047868083,电池,2026-04-28
3165,301512,智信精密,-0.48,37049346.26,32.0762935955,-89.0162,-25827534.27,-21.14,-133.9374,19.782458012615,-2.42,-0.956723337908,29.464555065,自动化设备,2026-04-28
3166,301508,中机认检,0.1381,190040588.47,11.0735510868,-29.7436,31217087.21,1.87,-20.4351,9.168434635792,1.52,0.303098868789,45.5867688516,专业服务,2026-04-28
3167,301501,恒鑫生活,0.2184,450492216.78,7.5018877073,-2.2247,32294956.74,-60.55,-17.0879,14.340143653076,1.53,0.445536995943,19.8501321086,家居用品,2026-04-28
3168,301489,思泉新材,0.33,259839214.26,41.7353860032,0.8446,26524222.02,49.67,920.0449,13.550927993454,2.45,-0.127705403383,33.5587187055,电子化学品Ⅱ,2026-04-28
3169,301468,博盈特焊,0.06,87311451.29,-17.7081934132,-33.1671,7835299.99,-43.87,-39.6848,17.735707685661,0.34,-0.191179594856,31.4313440729,通用设备,2026-04-28
3170,301459,丰茂股份,0.2083,242486968.65,23.8319543788,2.4163,21693138.68,-24.48,228.9706,12.233562748999,1.72,0.039331846581,25.3045906061,橡胶,2026-04-28
3171,301449,天溯计量,0.0581,159668450.37,-6.0680032575,-26.7424,3785888.84,-73.07,-62.7472,17.665669444126,0.33,-0.137550120833,43.2697794147,专业服务,2026-04-28
3172,301448,开创电气,-0.04,169302274.21,10.2601025289,-31.8881,-1246161.09,-154.36,-115.0788,6.616473021128,-0.18,0.653281841969,20.9051838997,通用设备,2026-04-28
3173,301439,泓淋电力,0.14,1087937792.31,26.2879146234,8.19,55177174.21,9.39,-4.9362,7.824641547477,1.81,-0.642690207873,13.593901901,电网设备,2026-04-28
3174,301429,森泰股份,0.1366,260918429.97,0.8412217647,10.2887,15877615.26,-13.11,102.3273,11.473867053206,1.16,-0.060026343005,28.6672857792,装修建材,2026-04-28
3175,301428,世纪恒通,0.1671,255506800.28,-5.9038228968,-3.2449,16482965.64,6.87,119.7065,12.214642639444,1.38,-4.190921553173,31.8474929986,通信服务,2026-04-28
3176,301418,协昌科技,0.1156,118022206.62,57.2046040898,31.0705,8488469.67,62.76,173.2984,22.025895358583,0.52,-0.966064430263,11.5240694862,自动化设备,2026-04-28
3177,301392,汇成真空,0.2749,113517433.35,16.5590965808,-31.5813,27493283.64,230.38,497.8872,7.5725513667,3.7,0.0642636296,55.9543281111,专用设备,2026-04-28
3178,301390,经纬股份,-0.072,60102671.65,0.0719249557,-67.2404,-4319055.65,-374.07,58.5379,15.6503667075,-0.46,-2.343629482333,22.6230705337,工程咨询服务Ⅱ,2026-04-28
3179,301382,蜂助手,0.1283,626060815.36,24.4134705557,16.2105,36263737.76,1.75,84.6489,6.689310371412,1.92,-1.285001274975,17.490941842,通信服务,2026-04-28
3180,301381,赛维时代,0.1055,2720092007.0,10.6501761292,-25.0273,42552895.66,-9.51,-41.8942,6.940144384449,1.54,0.118358505119,43.0987572657,互联网电商,2026-04-28
3181,301378,通达海,-0.43,68794111.15,14.4795428906,-41.8687,-41056841.31,-37.07,45.2955,12.300083980021,-3.4,-0.827631751863,29.3129125486,软件开发,2026-04-28
3182,301368,丰立智能,0.002,127261818.54,9.1706241488,-2.2753,262307.23,-91.07,100.9644,7.848402387011,0.03,-0.014118628726,11.2673108435,通用设备,2026-04-28
3183,301367,瑞迈特,0.43,309091576.74,16.5126371574,-11.9895,38426474.73,-46.58,-15.8177,34.343995738728,1.26,0.39216175692,54.3331028238,医疗器械,2026-04-28
3184,301366,一博科技,0.0557,304252485.56,28.1642564124,-8.5564,11599085.84,272.69,-3.4528,10.331027013084,0.54,-0.103046292321,27.5537210832,元件,2026-04-28
3185,301358,湖南裕能,1.78,14965443920.53,121.312206895,31.2925,1356057561.29,1337.77,114.5659,25.023645432861,9.98,-1.373391354577,16.1571735885,电池,2026-04-28
3186,301348,蓝箭电子,-0.0335,175878187.21,26.6358858111,-9.3646,-8035214.35,-10.22,26.0822,6.122067107375,-0.55,0.281684947208,-0.0635868676,半导体,2026-04-28
3187,301338,凯格精机,0.61,339654129.97,72.8006823723,-10.8309,64978454.48,95.66,-0.7483,15.960322903383,3.9,0.012405059023,40.0984497088,专用设备,2026-04-28
3188,301333,诺思格,0.24,218094046.58,26.1800534079,-10.4838,22825313.85,-12.46,-44.7767,20.669346402991,1.15,-0.187180125096,30.1906763997,医疗服务,2026-04-28
3189,301332,德尔玛,0.05,649304062.76,-16.5539173418,-38.0128,21775011.09,-7.82,-46.7811,6.439345033944,0.73,0.104993395196,29.7737720427,小家电,2026-04-28
3190,301323,新莱福,0.39,274426228.08,32.8884593856,2.3583,40741178.31,33.73,20.39,21.314048061682,1.83,-0.378240764139,33.0902126941,金属新材料,2026-04-28
3191,301309,万得凯,0.32,227795638.19,6.875052978,-6.8615,32569969.04,-3.82,8.0455,16.664877472785,1.96,0.022864569441,25.9341835162,通用设备,2026-04-28
3192,301308,江波龙,9.21,9908726244.41,132.7928324203,64.2737,3862236561.17,2644.05,443.4679,29.069413675235,39.4,-6.858098326922,55.5274284884,半导体,2026-04-28
3193,301306,西测测试,-0.46,61330075.21,-20.2277944136,-37.698,-38897354.73,-94.94,-60.3541,9.962015674882,-4.52,-0.266476862322,10.1149586541,军工电子Ⅱ,2026-04-28
3194,301285,鸿日达,-0.08,251755404.62,55.166165057,-22.6909,-17306081.54,-42.19,64.3368,4.566936232158,-1.82,-0.219564128756,15.4848992334,消费电子,2026-04-28
3195,301276,嘉曼服饰,0.39,344415202.09,16.5791518997,-16.0762,50286643.18,12.74,32.3254,16.761172115972,2.34,0.40032874321,65.3321210633,服装家纺,2026-04-28
3196,301275,汉朔科技,0.4292,1476289826.06,50.4397232092,5.263,180715794.71,20.68,31.5773,9.841209926491,4.52,1.058373222206,30.2494204541,其他电子Ⅱ,2026-04-28
3197,301273,瑞晨环保,-0.2549,36919161.62,2.891815162,-62.3429,-18262389.81,18.16,37.9127,12.203165233639,-2.07,-0.650551430651,33.9804383673,通用设备,2026-04-28
3198,301272,英华特,-0.02,116934296.31,22.4300896573,-28.4371,-1236570.07,38.71,-107.627,17.472501828304,-0.12,-0.334363673223,21.1329465348,通用设备,2026-04-28
3199,301269,华大九天,-0.13,256932598.84,9.6490416016,-50.609,-73003923.19,-851.54,-240.5997,9.538227960915,-1.39,-0.314957201759,78.8024012578,软件开发,2026-04-28
3200,301268,铭利达,0.01,803318316.48,22.6096593725,-30.1947,5506385.54,112.52,102.777,3.729256423473,0.34,-0.635197226911,12.0079380205,通用设备,2026-04-28
3201,301267,华厦眼科,0.2,1150088313.1,5.2176409059,32.5955,171662280.94,14.69,2349.4901,6.478537446179,3.15,0.357479186167,46.1319710527,医疗服务,2026-04-28
3202,301263,泰恩康,0.07,189516171.47,2.6271262263,27.1336,28582881.28,-9.39,1131.0056,3.987896902238,1.7,-0.097985030864,62.8815989082,化学制药,2026-04-28
3203,301261,恒工精密,0.7,318692382.29,34.1376588853,4.0817,61958370.03,210.56,465.9968,18.385408683922,3.91,-0.897876013042,21.5650141231,通用设备,2026-04-28
3204,301252,同星科技,0.13,344384341.57,16.2860161296,-7.2677,22059074.89,-38.55,10.2189,8.000703282615,1.64,-0.482355088278,16.4862062605,家电零部件Ⅱ,2026-04-28
3205,301251,威尔高,0.0505,428517191.78,38.4792241554,1.5383,6800100.28,-69.53,373.7129,11.54325713455,0.43,-0.177807774172,18.720568817,元件,2026-04-28
3206,301239,普瑞眼科,0.47,820353329.11,10.5223138257,37.479,70645328.36,158.97,191.4245,14.119767113209,3.4,1.186266975379,41.0956026357,医疗服务,2026-04-28
3207,301217,铜冠铜箔,0.13,1841754256.18,32.0377583946,-5.7695,106347061.66,2138.17,142894.2713,6.635687707322,1.95,-0.384870152941,8.7917710127,电池,2026-04-28
3208,301216,万凯新材,0.66,4319567712.5,10.2211115586,41.2591,380831027.62,693.98,316.1616,11.274525339555,5.98,-0.803632759658,8.5653323597,塑料,2026-04-28
3209,301209,联合化学,0.04,130100299.42,0.0295350631,4.4666,4484755.78,-72.89,-14.2035,6.899924579732,0.58,-0.14968944625,20.7549063764,化学制品,2026-04-28
3210,301203,国泰环保,0.23,117775796.19,35.0412995181,79.8604,18598701.86,-30.06,18.3635,17.445177421125,1.28,0.010348298375,22.4771857261,环境治理,2026-04-28
3211,301202,朗威股份,0.13,313900459.77,25.7637642731,-10.3274,17693420.34,-13.24,60.2457,8.910432989956,1.47,-0.557692603886,20.2777928381,通信设备,2026-04-28
3212,301201,诚达药业,0.0462,128239954.61,68.0560558485,5.7411,7001953.35,600.15,124.3978,13.582791145864,0.33,-0.073765277368,33.1322860564,医疗服务,2026-04-28
3213,301198,喜悦智行,-0.0007,101746493.62,8.6253468724,5.8962,-119681.29,95.8,98.6181,5.355357838698,-0.01,0.23789829787,15.6308897969,包装印刷,2026-04-28
3214,301193,家联科技,-0.5052,753104627.28,48.8902444759,-8.456,-98607041.1,-295.1,-5110.4309,7.070569200833,-6.73,-0.13521181761,11.5508525295,家居用品,2026-04-28
3215,301191,菲菱科思,0.28,479420004.25,65.4469395761,-11.0651,19175597.36,78.92,5.1776,24.552496790545,1.16,-2.458325635401,9.4621632239,通信设备,2026-04-28
3216,301190,善水科技,0.1849,206107176.71,61.3426476485,-24.1582,37959873.56,126.28,408.3437,9.229601772252,1.93,-0.237515129859,32.5876882465,化学原料,2026-04-28
3217,301177,迪阿股份,0.09,361266069.96,-11.37900595,-0.6803,37586365.9,81.39,2.7885,15.729727479401,0.6,-0.387349025488,68.6478901042,饰品,2026-04-28
3218,301171,易点天下,-0.13,1041831860.12,12.131420765,-6.3814,-63539084.46,-213.58,-39.7351,7.748708470282,-1.73,0.113331205729,15.1209511535,广告营销,2026-04-28
3219,301169,零点有数,-0.23,22376504.98,-12.1981076225,-90.0343,-16528324.13,24.79,-210.7419,6.016641318299,-3.74,-0.408036075967,28.5203702084,专业服务,2026-04-28
3220,301166,优宁维,-0.1,259314490.89,19.8485633673,-15.7092,-8496226.11,-36.84,-7.9682,22.998542819138,-0.55,-1.386827833741,20.3119721961,生物制品,2026-04-28
3221,301161,唯万密封,0.24,204302958.56,12.6993251711,3.6415,29268761.96,18.14,69.6908,8.00421527825,3.1,0.115972869,42.0401995524,工程机械,2026-04-28
3222,301159,三维天地,-0.2,23320598.97,10.0806626918,-90.6448,-15355432.33,48.2,-118.366,8.393131295798,-2.33,-0.4827470702,44.6628577311,软件开发,2026-04-28
3223,301157,华塑科技,0.1629,58550514.71,28.9935707244,-30.3515,9776480.86,26.13,-1.6188,18.531792109667,0.88,-0.019409656667,29.8067439653,其他电源设备Ⅱ,2026-04-28
3224,301156,美农生物,0.0956,159023381.03,59.2582350563,-7.0782,13452263.21,51.43,-3.1678,5.313330313544,1.82,0.000415620237,31.4793425883,化学制品,2026-04-28
3225,301150,中一科技,0.3,1797239408.58,43.9394075959,7.3442,70840345.96,2297.11,166.0548,15.729748679764,1.95,-1.684080202564,8.9119697217,电池,2026-04-28
3226,301136,招标股份,0.0196,99856759.22,20.2047693237,-58.0335,5388799.45,201.06,132.4091,5.25783576465,0.37,-0.116778194001,36.6953390899,工程咨询服务Ⅱ,2026-04-28
3227,301135,瑞德智能,-0.04,355374191.36,6.7388982702,-11.2708,-3623879.3,-154.98,-193.4873,12.046366796924,-0.29,-1.589861032545,14.7466480555,家电零部件Ⅱ,2026-04-28
3228,301127,武汉天源,0.07,420579270.29,35.3317465651,-23.0758,44721160.62,-10.98,-45.4813,5.021906217304,1.31,-0.221391646143,28.9194666552,环境治理,2026-04-28
3229,301126,达嘉维康,0.03,1384201321.08,6.4917220576,36.4885,5964963.76,89.7,102.4095,7.303749849759,0.4,-0.330931268208,17.2251534324,医药商业,2026-04-28
3230,301125,腾亚精工,-0.1465,125528860.17,-19.2796489184,-27.4657,-20765516.49,-2348.55,-687.1712,4.100750849053,-3.51,-0.273377083199,17.9384720689,通用设备,2026-04-28
3231,301119,正强股份,0.25,114318848.76,9.9899604565,-6.3522,25510192.21,-32.74,17.3687,10.262983740673,2.42,0.083582956154,29.7529492284,汽车零部件,2026-04-28
3232,301118,恒光股份,0.2233,408639430.68,9.6605434158,3.1621,23993402.2,476.95,273.5945,12.338742991332,1.78,-0.471682585457,17.1645180969,化学原料,2026-04-28
3233,301115,联检科技,-0.1829,243813714.47,-9.9535042084,-39.0226,-32150465.28,-820.58,-138.6103,13.503234884922,-1.29,-0.057294553953,26.4348354768,专业服务,2026-04-28
3234,301111,粤万年青,-0.0207,66183290.14,-6.5373906469,-23.2429,-3306621.99,3.93,-190.8222,4.671162153813,-0.44,-0.0564356755,52.5884261516,中药Ⅱ,2026-04-28
3235,301108,洁雅股份,0.09,192214403.98,55.4495230355,-7.2493,10268499.71,2.04,9.6279,16.847332351205,0.54,0.229132840173,24.9900833472,个护用品,2026-04-28
3236,301089,拓新药业,-0.08,92502151.55,-4.6317237374,-13.3794,-10509661.07,-194.82,73.3932,11.655174163318,-0.71,-0.011138407596,24.3529619825,化学制药,2026-04-28
3237,301086,鸿富瀚,0.43,282087477.37,62.7503472154,7.9586,38830262.15,107.74,96.0287,22.118545613333,1.97,-6.363086973778,38.1162062962,消费电子,2026-04-28
3238,301081,严牌股份,0.01,257429858.05,28.9066267787,7.9918,2956502.04,-75.82,-7.6943,4.745067578185,0.27,-0.093042997405,26.1999728357,环保设备Ⅱ,2026-04-28
3239,301078,孩子王,0.0389,2461782814.06,2.4588327894,-15.8274,48617880.56,56.79,-45.0739,3.413287226007,1.14,0.281650159676,28.4816322604,专业连锁Ⅱ,2026-04-28
3240,301070,开勒股份,-0.0788,37239376.91,-1.7762352724,-2.5733,-7078155.54,-36.95,69.0275,8.037104761795,-0.97,-0.171864918967,40.1822921639,通用设备,2026-04-28
3241,301066,万事利,0.06,211694222.41,18.642514096,7.5763,14909897.91,30.6,12.3512,5.48465986235,1.13,-0.236267655335,50.5326402639,纺织制造,2026-04-28
3242,301063,海锅股份,0.06,389366328.05,-11.5516007957,-6.9898,6561490.03,-68.07,211.231,15.143526289833,0.67,0.209697346005,14.0304716598,专用设备,2026-04-28
3243,301057,汇隆新材,0.14,231102943.15,19.0645787235,-16.7413,16324143.28,32.4,273.1804,6.712842278254,2.11,-0.324754758504,17.0007198024,化学纤维,2026-04-28
3244,301055,张小泉,0.19,275373679.71,22.2636842409,-7.04,29162820.32,124.56,70.6747,4.491533764103,4.25,0.210906686026,37.9897672683,家居用品,2026-04-28
3245,301046,能辉科技,-0.029,145904513.88,-53.0021117006,-10.9919,-4826246.15,-184.08,70.4904,6.950846646016,-0.41,-0.617515603627,16.0995576801,专业工程,2026-04-28
3246,301033,迈普医学,0.31,78362845.65,6.3211750093,-34.4805,20715382.12,-14.27,-44.4246,12.229203332249,2.56,0.047759032788,78.7655190008,医疗器械,2026-04-28
3247,301029,怡合达,0.2,746334773.93,20.391678722,-0.607,129113676.92,6.02,36.5318,7.087458342594,2.92,0.149003252055,39.0233184307,自动化设备,2026-04-28
3248,301012,扬电科技,0.1043,388420492.45,18.6918870533,26.1489,20552394.67,36.09,345.5342,6.048917198494,1.74,-0.269575494663,14.7230037399,电网设备,2026-04-28
3249,301011,华立科技,-0.07,153059807.56,-17.2700007039,-40.0359,-10482339.99,-191.71,-584.5188,6.160148234541,-1.1,-0.251503965467,19.4791221519,文娱用品,2026-04-28
3250,301001,凯淳股份,0.006,72385721.5,-3.7782778079,-16.7075,442547.35,-71.84,103.945,9.611103577,0.06,-1.403450996125,25.9021110261,互联网电商,2026-04-28
3251,301000,肇民科技,0.11,181968858.6,-4.2435838377,-25.8759,26794857.7,-26.57,-35.7882,5.417306948114,2.06,0.097692130309,31.9512762883,汽车零部件,2026-04-28
3252,300991,创益通,-0.04,136064534.4,-18.1539600457,-35.3933,-6429602.8,-202.56,-36.2758,4.356875552708,-1.02,0.45552205375,20.0918650849,其他电子Ⅱ,2026-04-28
3253,300988,津荣天宇,0.22,546746342.57,21.1483134756,9.1184,30507671.98,6.91,787.1294,9.319378505113,2.36,-0.169684244159,20.8911061157,专用设备,2026-04-28
3254,300983,尤安设计,-0.0049,22497957.85,-52.8776374776,-53.5024,-838604.64,-190.89,98.7617,16.006051383044,-0.03,0.000830709201,16.4230466367,工程咨询服务Ⅱ,2026-04-28
3255,300978,东箭科技,0.0756,401921993.49,-14.7195080838,-22.5041,31956600.61,-35.66,167.5006,3.950127686516,1.92,0.232638460192,29.0002009838,汽车零部件,2026-04-28
3256,300973,立高食品,0.382,1048352784.84,0.2669875424,-13.2927,64015199.01,-27.56,12.5825,14.911627701286,2.57,0.089809987014,29.7242210682,休闲食品,2026-04-28
3257,300945,曼卡龙,0.22,605293398.36,-15.2586167158,5.2757,57129018.36,32.81,361.3752,6.619511019409,3.35,0.259124483101,26.8471898984,饰品,2026-04-28
3258,300931,通用电梯,-0.0529,51686775.18,-22.8731511461,-54.0088,-12694779.53,-679.09,71.9588,2.458270397383,-2.13,-0.03252681931,20.9393245222,专用设备,2026-04-28
3259,300926,博俊科技,0.298,1008004074.94,-8.341388603,-41.8308,129372015.44,-13.37,-40.4794,8.329745978595,3.58,0.115264528004,24.9934248991,汽车零部件,2026-04-28
3260,300921,南凌科技,0.07,137971071.11,5.0589371703,-3.8109,11893657.85,257.33,1165.6086,4.520824626073,1.44,0.010861717603,35.5271326921,通信服务,2026-04-28
3261,300917,特发服务,0.1941,731198109.49,5.7391320823,-12.6027,32811131.53,1.36,-0.5368,7.268058787456,2.97,-0.973156764438,11.6319324088,房地产服务,2026-04-28
3262,300913,兆龙互连,0.1416,508488452.66,13.4680597679,-16.074,48548763.99,48.96,-47.8816,7.727567606874,1.84,0.152962111507,21.0700063,通信设备,2026-04-28
3263,300907,康平科技,0.1432,516862005.39,91.0487686056,121.7119,13748219.65,-27.33,946.4981,8.398924500625,1.71,-2.418248190313,18.4640604619,电机Ⅱ,2026-04-28
3264,300902,国安达,-0.0375,32646784.65,-44.9798654194,-69.7692,-6815710.44,-353.34,-146.9123,4.461261407042,-0.84,-0.185619492178,34.8885740268,专用设备,2026-04-28
3265,300901,中胤时尚,0.0031,91311232.59,15.6053078125,-11.9352,736290.43,127.9,-95.4553,4.032778737167,0.08,-0.062340688875,21.9327697502,服装家纺,2026-04-28
3266,300898,熊猫乳品,0.1362,204130156.85,20.2916084586,-9.4284,16891914.87,24.08,-53.4727,8.38544435129,1.64,-0.057515828387,26.039823596,饮料乳品,2026-04-28
3267,300894,火星人,-0.13,154162643.32,-5.2113212394,-20.3283,-53216136.58,1.75,31.6295,2.385605575259,-4.93,-0.133747011519,32.4588297803,厨卫电器,2026-04-28
3268,300884,狄耐克,-0.0077,119610599.91,4.7638406312,-40.1779,-1951367.49,28.01,-114.6392,5.044676777363,-0.15,-0.186646711716,36.7717742015,计算机设备,2026-04-28
3269,300882,万胜智能,0.08,256536096.0,12.39269468,-40.8346,22299771.65,-39.25,153.3386,4.511112422601,1.74,-0.339131256925,28.0993656269,电网设备,2026-04-28
3270,300879,大叶股份,0.12,1314817633.77,-13.37553119,93.7892,23423526.03,-87.94,113.8446,6.103542448933,1.91,0.207313693059,21.8354486619,专用设备,2026-04-28
3271,300875,捷强装备,-0.08,102234480.23,210.5308353381,-31.3569,-7548227.48,-45.72,91.5473,8.509468709848,-0.89,-0.299797725644,23.4791343742,地面兵装Ⅱ,2026-04-28
3272,300871,回盛生物,0.3839,458217021.87,14.8216238621,8.6559,77674741.18,74.56,19.0423,11.173182007662,3.51,0.260774915768,35.5120953442,动物保健Ⅱ,2026-04-28
3273,300869,康泰医学,-0.0205,100279216.75,-10.3404316694,-19.1376,-8241769.96,-150.15,75.6332,4.217216245897,-0.48,0.066269423075,51.7876088317,医疗器械,2026-04-28
3274,300864,南大环境,0.29,208902858.51,4.8594514159,-10.6676,46024267.23,2.79,41.1759,8.872555264738,3.34,-0.279240682595,37.36536424,环境治理,2026-04-28
3275,300862,蓝盾光电,-0.05,88116291.23,-13.200077645,-30.4669,-8664273.54,-271.99,70.8702,10.621082311238,-0.44,-0.311326589065,27.8005067259,通用设备,2026-04-28
3276,300859,西域旅游,-0.17,19183743.46,18.1447548305,-51.3795,-26696443.95,9.85,-11.6858,4.871647379226,-3.47,-0.087446582194,-78.637911164,旅游及景区,2026-04-28
3277,300857,协创数据,2.17,6084505275.47,192.9016238333,55.8158,750356502.2,343.45,60.8655,14.999699536551,15.66,0.786605488936,22.527321781,消费电子,2026-04-28
3278,300854,中兰环保,0.24,102093769.59,-20.8022940629,-24.2931,23963548.16,139.73,136.2438,9.143358308363,2.65,0.972593024296,27.6268570582,环境治理,2026-04-28
3279,300833,浩洋股份,0.3287,268441755.21,-7.385729245,-19.4098,41575401.82,-21.94,9.9737,19.658977075037,1.68,0.27682421083,56.8205502608,专用设备,2026-04-28
3280,300832,新产业,0.5625,1128586851.55,0.3400968385,-1.7886,441991297.0,1.02,6.3887,12.073914426661,4.72,0.456865490902,73.4793556713,医疗器械,2026-04-28
3281,300829,金丹科技,0.13,390108806.78,13.3963623927,-4.9403,29719322.23,-23.03,270.8902,10.733142007541,1.23,0.328301843545,19.0970456819,化学制品,2026-04-28
3282,300823,建科智能,0.11,96258322.3,36.4788704858,-24.8501,14412668.72,542.13,-6.2862,7.41319561693,1.5,0.157262017228,48.1543765697,专用设备,2026-04-28
3283,300820,英杰电气,0.1635,301573023.75,-7.1302255997,-14.2968,36334753.41,-28.05,21.5337,11.612953312605,1.42,0.313101870234,36.7421937918,其他电源设备Ⅱ,2026-04-28
3284,300812,易天股份,0.0638,132464738.4,-5.4869123343,-45.7852,8933341.42,-55.52,155.7988,5.598058570046,1.15,0.156280517986,34.2850853205,消费电子,2026-04-28
3285,300810,中科海讯,-0.1202,63573739.6,35.7491510992,-62.7403,-14011096.79,44.47,-142.7063,6.527316317408,-1.81,-0.805578175604,32.1418476065,航海装备Ⅱ,2026-04-28
3286,300808,久量股份,-0.1068,70263737.07,6.9364528037,-6.9285,-17080646.05,-41.15,-25.1195,5.86788120475,-1.8,0.004769603063,7.9967614509,光学光电子,2026-04-28
3287,300807,天迈科技,-0.13,15841144.42,-49.6523910852,-78.1475,-8732408.49,-872.86,30.582,6.593122235295,-1.93,-0.107089151643,41.477614974,计算机设备,2026-04-28
3288,300805,电声股份,0.01,760921750.44,19.2443173158,18.6353,2588761.67,-40.31,132.5947,3.678647952831,0.17,-0.277823736272,9.2480069599,广告营销,2026-04-28
3289,300790,宇瞳光学,0.15,819168462.85,33.1628907767,-19.6658,56733634.68,16.14,-2.5113,7.258538690022,2.12,0.157453743225,21.8856178528,计算机设备,2026-04-28
3290,300788,中信出版,0.22,402177055.13,-3.9557635063,-12.8104,41602628.65,-23.33,235.2448,11.805507436425,1.87,-0.133719791925,41.355673987,出版,2026-04-28
3291,300782,卓胜微,-0.2698,827574694.62,9.4943085086,-13.5314,-144311122.65,-209.53,-18.1432,18.167283242099,-1.47,-0.343356022652,18.4508605402,半导体,2026-04-28
3292,300776,帝尔激光,0.6,422608882.88,-24.6781635261,67.8967,163657411.38,0.33,608.8275,14.364349647934,4.09,0.877908991565,47.4861193268,光伏设备,2026-04-28
3293,300775,三角防务,0.02,283709668.17,-29.6321248471,-17.0097,10737549.01,-91.65,-18.3851,10.755818018018,0.18,0.056308968664,31.1492032119,航空装备Ⅱ,2026-04-28
3294,300765,石药创新,-0.0674,664646761.85,40.8246376204,17.7062,-93854748.19,-248.88,56.7643,1.834720240927,-3.58,-0.127809109854,41.1466977314,化学制药,2026-04-28
3295,300762,上海瀚讯,-0.0704,43605132.33,-65.2643518342,-77.9705,-44215743.86,-434.16,40.0646,3.619375935955,-1.93,-0.22700751604,27.3705958044,军工电子Ⅱ,2026-04-28
3296,300751,迈为股份,0.42,1336849480.12,-40.0158404415,-31.3886,118020459.25,-27.19,102.1053,28.803844794749,1.48,6.978041360683,51.3901460147,光伏设备,2026-04-28
3297,300746,汉嘉数智,0.04,220131576.97,-19.8699915984,-47.0325,8001904.98,-21.78,-82.7727,3.649253228411,1.0,-0.174331161033,24.4808383521,工程咨询服务Ⅱ,2026-04-28
3298,300735,光弘科技,0.0222,2222550448.43,85.8649270765,-18.826,17043145.46,-51.91,-81.0254,6.469873269079,0.34,0.412126521962,9.6863171917,消费电子,2026-04-28
3299,300727,润禾材料,0.15,423796964.82,31.79001298,11.1898,27342665.13,13.41,10.7911,7.664363394291,2.01,0.128644258878,23.5658712498,化学制品,2026-04-28
3300,300721,怡达股份,0.0261,547873888.44,64.9188220803,12.8649,4309600.13,111.9,122.0625,6.767137120074,0.39,0.359777809011,7.2443613827,化学制品,2026-04-28
3301,300718,长盛轴承,0.2,348083438.13,23.4093160439,4.7319,61042118.65,15.09,-6.8788,6.034837747582,3.44,-0.054285886864,33.9036128504,通用设备,2026-04-28
3302,300713,英可瑞,-0.12,58570732.14,-29.1298071084,-41.8842,-19223320.36,-105.54,61.4656,2.79384797066,-4.24,-0.243514801556,19.9161984899,其他电源设备Ⅱ,2026-04-28
3303,300712,永福股份,0.0136,331292046.55,-22.0654812085,-23.5606,2510222.17,-86.87,118.5549,6.827005173583,0.21,0.483659190449,17.0253112827,专业工程,2026-04-28
3304,300706,阿石创,0.11,426327229.77,41.6121729331,27.5892,17527671.88,572.39,172.1808,4.49971315649,2.57,0.256886781844,12.4688944332,半导体,2026-04-28
3305,300685,艾德生物,0.22,260346165.81,-4.3164371463,-21.6062,85156924.42,-5.87,-13.7646,5.255204650506,4.14,0.274018015639,82.459087228,医疗器械,2026-04-28
3306,300680,隆盛科技,0.2554,580990711.25,-4.0927015852,-30.5224,58148220.95,-0.89,93.67,9.114510406463,2.84,0.216971928965,17.2654415222,汽车零部件,2026-04-28
3307,300669,沪宁股份,0.0109,60257489.45,-6.5976281506,-32.6827,2088959.48,-42.18,-53.5717,4.569119214724,0.24,0.077227062964,17.540970237,专用设备,2026-04-28
3308,300665,飞鹿股份,-0.0273,80910110.38,8.9541564365,-37.2381,-5981027.39,60.83,96.0733,1.801927293124,-1.51,0.028286720047,12.1503990093,化学制品,2026-04-28
3309,300664,鹏鹞环保,0.1003,337469070.52,24.6959493973,-35.3817,72741957.76,-45.8,172.9318,5.77617919494,1.68,0.080305432524,39.9508536863,环境治理,2026-04-28
3310,300662,科锐国际,0.4668,3789206091.64,14.7367779269,0.0947,91874151.47,59.0,-2.0375,11.940392628675,3.97,-0.392595822171,5.684596568,专业服务,2026-04-28
3311,300658,延江股份,0.0958,475852361.24,9.0652883927,6.3243,31416835.81,182.9,1684.1204,4.059667044857,2.35,0.186603039922,19.5477540634,个护用品,2026-04-28
3312,300655,晶瑞电材,0.01,419475394.99,13.3882861147,-0.8255,6691778.83,-84.62,-68.112,2.398910612651,0.24,0.000430673776,21.3504124651,电子化学品Ⅱ,2026-04-28
3313,300651,金陵体育,0.0039,65574573.7,26.8571903128,-59.7393,547872.03,132.34,-97.8555,7.74850132117,0.05,-0.054878580852,32.5566961025,文娱用品,2026-04-28
3314,300650,太龙股份,0.04,973472498.53,70.4295124574,56.991,7677947.98,19.45,390.5008,5.945904385474,0.61,-0.924438870006,5.0857296847,其他电子Ⅱ,2026-04-28
3315,300644,南京聚隆,0.2334,593728384.69,-0.1557623399,-31.3611,25820187.7,-15.42,-18.3171,9.77626437894,2.37,0.039307053353,15.2422158757,塑料,2026-04-28
3316,300643,万通智控,0.17,298907228.46,11.4948398372,-8.249,39514664.43,6.98,28.1937,5.680330781825,3.1,0.198297081161,36.3031056455,汽车零部件,2026-04-28
3317,300641,正丹股份,0.1267,460034298.68,-46.0787832657,16.1712,67176398.3,-82.71,71.0952,6.236810385798,2.07,-0.114679592536,19.0768769354,化学制品,2026-04-28
3318,300629,新劲刚,0.04,91466035.61,94.9372766166,-25.1572,10720136.26,157.55,-84.7421,7.055667639146,0.61,-0.226744278648,64.3248119563,军工电子Ⅱ,2026-04-28
3319,300624,万兴科技,-0.25,368690988.59,-2.8693026178,-5.5615,-47983486.7,-46.23,-61.8883,5.051205209633,-4.8,-0.482945887137,87.6568181056,软件开发,2026-04-28
3320,300622,博士眼镜,0.18,353211748.62,8.2940326724,26.1979,39905164.79,32.23,-34.3392,4.155756042593,4.3,0.396239123833,58.0374304793,专业连锁Ⅱ,2026-04-28
3321,300612,宣亚国际,-0.11,42682936.89,-61.8181963459,-53.9147,-19706961.71,-389.07,63.0424,2.373656543365,-4.41,-0.028415045586,18.0059780793,广告营销,2026-04-28
3322,300611,美力科技,0.08,446084562.22,7.1731191791,-25.5806,17320663.67,-49.04,-40.535,6.099619210983,1.37,0.119333197568,23.5925262839,汽车零部件,2026-04-28
3323,300608,思特奇,-0.2,87359987.86,84.5350769205,-76.7823,-67739923.2,-2.36,-1905.5686,3.814926261331,-5.11,-0.145072213913,-11.5130461169,软件开发,2026-04-28
3324,300602,飞荣达,0.13,1643714119.75,39.1460279892,-13.9145,77356955.36,33.92,-1.3161,7.132063955674,1.89,-0.041058917879,20.9021413828,消费电子,2026-04-28
3325,300596,利安隆,0.5749,1592219449.61,7.5044891167,5.1879,132001612.19,22.34,26.4526,21.596178898256,2.7,0.031897078485,22.7380073424,化学制品,2026-04-28
3326,300587,天铁科技,0.01,355314442.99,-0.8322820054,1.8593,18116204.73,76.58,111.3012,1.725859500411,0.81,0.069516139161,41.1828649825,橡胶,2026-04-28
3327,300585,奥联电子,-0.0332,83501144.06,-19.9084187243,-41.6814,-5672901.69,-210.51,92.232,3.703342626242,-0.79,0.005175804451,16.3921795972,汽车零部件,2026-04-28
3328,300583,赛托生物,0.02,328046378.97,26.2443405369,22.551,3616573.14,113.15,192.3252,9.308259313657,0.21,0.162080313955,22.0802575957,化学制药,2026-04-28
3329,300577,开润股份,0.41,1257281862.96,1.9227129447,7.199,98779615.74,15.72,84.8276,9.129669000825,4.55,0.07750684983,24.2462696163,服装家纺,2026-04-28
3330,300576,容大感光,0.0733,271246552.21,12.0606793271,-5.0303,26848883.51,-22.43,39.6741,4.751314828131,1.56,-0.023855225129,35.455228561,电子化学品Ⅱ,2026-04-28
3331,300573,兴齐眼药,0.84,683337441.58,27.4548724552,20.0684,206414274.49,41.48,112.9097,8.867057134554,9.92,0.845870224959,82.0521587729,化学制药,2026-04-28
3332,300568,星源材质,0.02,1080809646.68,21.5311896216,-7.4256,29273914.2,-37.33,137.5097,7.249617129378,0.3,0.050549923675,26.205874138,电池,2026-04-28
3333,300567,精测电子,0.15,739469841.49,7.2624981815,-31.3347,42711995.1,13.61,336.3867,14.929969798492,0.97,-1.324504502683,45.4391647498,通用设备,2026-04-28
3334,300564,筑博设计,-0.03,59535932.8,2.7589335634,-58.0311,-5529373.19,80.0271106756,-114.0051,7.695146558229,-0.44,-0.170471805571,16.1304984542,工程咨询服务Ⅱ,2026-04-28
3335,300551,古鳌科技,-0.1,13428635.41,-45.6940221869,-69.7365,-34480198.46,31.71,64.7034,0.901070000977,-10.67,-0.145458407997,15.596074553,计算机设备,2026-04-28
3336,300538,同益股份,0.0459,665586508.22,-8.1259462816,37.4948,8291042.81,156.66,114.2186,4.998347060858,0.91,-0.492172119611,7.9657939584,塑料,2026-04-28
3337,300535,达威股份,-0.0754,159969231.84,-0.0902454477,-12.9839,-8066149.53,-244.25,-187.9364,8.940780691898,-0.84,-0.08098392632,38.5619826016,化学制品,2026-04-28
3338,300531,优博讯,0.1346,447862664.76,26.9301173735,23.3558,43203002.43,103.77,4174.587,4.479940857758,3.32,-0.733764178136,26.4508929257,计算机设备,2026-04-28
3339,300529,健帆生物,0.28,560623604.23,2.3342072488,22.9988,220512869.14,16.81,177.057,4.483774144054,6.15,0.320422888341,77.2501929391,医疗器械,2026-04-28
3340,300520,科大国创,-0.13,130748196.36,-46.1115185019,-80.9052,-38839326.4,-41.8,39.6557,5.859876882325,-2.24,-0.330333772079,32.3344432099,软件开发,2026-04-28
3341,300518,新迅达,-0.07,56544163.07,12.0110261122,140.4462,-13703435.93,-31.97,82.2028,3.315236380209,-2.05,0.000480998555,27.0716700167,互联网电商,2026-04-28
3342,300511,雪榕生物,0.27,678923162.65,54.0581013041,2.4505,173170360.14,2291.06,87.9379,2.783772701409,10.2,0.317706817004,33.6328826724,种植业,2026-04-28
3343,300510,金冠股份,-0.0371,143054038.43,-46.8556113063,-57.0938,-30562686.77,-449.78,88.0218,2.324933366085,-1.58,-0.02351336187,8.7049865538,电网设备,2026-04-28
3344,300506,名家汇,-0.01,10751596.48,-58.7393523146,-85.4625,-12830415.78,22.89,-127.9628,0.958582729523,-0.93,-0.023205848505,-14.7666170596,装修装饰Ⅱ,2026-04-28
3345,300497,富祥股份,0.114,357761297.28,53.0864569296,-13.9243,61195509.19,2633.39,692.0744,4.171107656309,2.76,0.030950122664,38.3117756985,化学制药,2026-04-28
3346,300493,润欣科技,0.03,593836695.02,1.3783933752,-19.8954,16850523.4,32.69,84.1572,2.260678046398,1.46,0.007841869682,9.9993223841,其他电子Ⅱ,2026-04-28
3347,300488,恒锋工具,0.25,166006165.23,11.7178017106,-16.466,41497597.21,46.68,-24.9187,11.442085587479,2.35,0.085135166914,45.1259597294,通用设备,2026-04-28
3348,300454,深信服,-0.15,1626652872.73,28.9094766813,-44.2464,-64503007.68,74.16,-113.6267,25.185198140727,-0.64,-2.733519047538,60.3267834116,软件开发,2026-04-28
3349,300449,汉邦高科,-0.0192,42174517.08,-19.2526455003,-13.9489,-7414333.52,12.02,70.1331,0.72074933384,-2.63,-0.1687969617,11.5320452888,计算机设备,2026-04-28
3350,300446,航天智造,0.1626,2036277949.72,-5.5070606789,-11.35,137456028.15,-26.1,-40.3321,7.156331798106,2.3,0.300863816615,15.581926279,汽车零部件,2026-04-28
3351,300441,鲍斯股份,0.03,352568933.17,3.359515494,-22.8155,20146416.25,-56.75,-38.3341,3.912331569355,0.8,0.058356287791,21.872776341,通用设备,2026-04-28
3352,300427,红相股份,0.007,115356983.9,1.3852908414,-51.8641,3554289.01,-77.04,104.3619,2.363413656499,0.3,-0.071956195011,31.5728349153,电网设备,2026-04-28
3353,300424,航新科技,0.1111,571870327.79,44.421325716,67.5472,27277684.81,216.26,143.489,2.873502534761,3.76,0.428076037897,26.6297357547,航空装备Ⅱ,2026-04-28
3354,300423,昇辉科技,-0.05,107328544.74,-35.9237671901,-12.7123,-23642759.59,-83.7,86.3731,2.313618407755,-2.03,-0.07460716387,9.9536896973,电网设备,2026-04-28
3355,300420,五洋自控,0.0036,166557016.86,-18.344788755,-8.3875,4058532.44,-44.17,-51.3839,2.130452360961,0.17,0.025638213773,26.2732365859,通用设备,2026-04-28
3356,300419,ST浩丰,-0.0246,24646782.42,-45.7538463579,-70.3587,-9046259.02,-79.76,89.8811,0.905895748587,-2.68,-0.03679836843,31.795549928,IT服务Ⅱ,2026-04-28
3357,300411,金盾股份,0.0073,41459307.89,-37.0331400742,-60.0457,2983901.87,-71.43,176.953,2.372541266807,0.31,0.061962282708,24.8726596145,专用设备,2026-04-28
3358,300393,中来股份,-0.23,495020826.34,-69.6276956705,-10.2213,-251084755.43,-88.19,74.2176,1.625418377216,-13.44,-0.015636219571,-19.1211786845,光伏设备,2026-04-28
3359,300389,艾比森,0.1064,887844523.87,7.5151913919,-30.9748,39276698.16,7.87,-41.1096,4.551583731585,2.37,-0.452888868042,32.2079060367,光学光电子,2026-04-28
3360,300384,三联虹普,0.1421,164779008.89,-36.6328247821,30.8353,45324083.05,-43.55,113.5007,8.900424394629,1.61,-0.191647239162,50.0209047956,专业工程,2026-04-28
3361,300365,恒华科技,-0.02,87803010.53,-63.5521362271,-77.9343,-13017060.09,-424.2,94.4815,2.664806534389,-0.8,-0.121989964653,20.7457592058,软件开发,2026-04-28
3362,300360,炬华科技,0.19,296208376.73,-31.5874844336,-32.1799,95273684.22,-45.51,9.3539,8.267506767779,2.27,-0.083813283415,40.9668220594,电网设备,2026-04-28
3363,300353,东土科技,-0.0643,100438677.97,-28.3387414706,-79.0311,-39562858.59,20.69,-117.124,3.587073410287,-1.78,-0.197211604357,40.5762957694,通信设备,2026-04-28
3364,300345,华民股份,-0.1043,163584182.38,-31.9483472898,-42.9632,-60591246.04,-83.28,5.2862,0.693556496748,-14.1,-0.07513700813,-13.3504773519,光伏设备,2026-04-28
3365,300338,*ST开元,-0.0568,27248479.64,-20.0001219707,16.4437,-22873587.77,-28.4,69.1594,-0.315969294874,,-0.030899878416,24.9584798853,教育,2026-04-28
3366,300329,海伦钢琴,-0.0815,22130429.54,-20.2744554476,-35.4287,-20617393.73,-112.88,58.7028,2.401332165864,-3.34,-0.11746822018,18.2255171898,文娱用品,2026-04-28
3367,300320,海达股份,0.1039,846204110.36,0.465470422,-9.0971,62489346.83,18.69,-4.9106,4.31261930423,2.44,0.286175186218,20.0997155199,橡胶,2026-04-28
3368,300318,博晖创新,-0.0089,189861229.3,-5.8494949637,-3.0431,-7285203.57,-79.68,87.5057,1.565728167027,-0.57,-0.046757877286,29.7167967352,生物制品,2026-04-28
3369,300317,珈伟新能,0.0031,246929829.55,20.346196778,20.1001,2573321.4,2.43,101.8043,1.711214993529,0.18,0.028679990249,19.1509312286,电力,2026-04-28
3370,300316,晶盛机电,0.08,1729485850.04,-44.8822830779,-43.9255,102547160.48,-82.1,726.4752,13.150566605247,0.6,-0.179386187824,29.4435397837,光伏设备,2026-04-28
3371,300315,掌趣科技,0.02,184842595.3,14.0669405395,7.5875,54091084.88,94.15,123.158,1.728694920494,1.16,-0.02178858153,77.1436269376,游戏Ⅱ,2026-04-28
3372,300311,任子行,-0.0376,51917710.09,2.0498869438,-82.2191,-25359348.05,32.06,-125.3526,0.971360261503,-3.8,-0.081646578067,62.2187315157,软件开发,2026-04-28
3373,300302,同有科技,0.1819,121705475.37,156.1171416286,59.6545,87180836.16,431.25,240.9717,2.298001060952,8.24,-0.152751464695,48.0244377193,计算机设备,2026-04-28
3374,300300,海峡创新,-0.02,33297142.62,5.0262932658,-44.4742,-11256105.55,-6.77,-107.0538,0.398827972492,-4.17,-0.065914725302,-2.3772264456,IT服务Ⅱ,2026-04-28
3375,300298,三诺生物,0.18,1239411700.81,18.9907077943,2.765,97685838.82,35.46,182.5366,5.31264693016,3.11,0.081914976533,52.5090310705,医疗器械,2026-04-28
3376,300293,蓝英装备,-0.0031,304136777.58,18.1058367191,-10.0681,-1062901.7,78.76,99.0332,2.197601498987,-0.14,0.014786399082,22.8704014403,专用设备,2026-04-28
3377,300289,利德曼,-0.0073,70464433.69,-10.7013324642,-4.8588,-3972385.73,-217.35,74.9349,3.00571807606,-0.24,0.014124484011,43.381069469,医疗器械,2026-04-28
3378,300288,朗玛信息,-0.0123,65536185.38,-10.2081057083,-11.0555,-4167101.35,-164.15,-0.0383,3.195459043459,-0.39,-0.024590206026,15.9132024385,IT服务Ⅱ,2026-04-28
3379,300287,飞利信,-0.0199,72905117.43,-36.9030421689,59.1245,-28597498.24,-3.89,48.5239,0.690172722562,-2.85,0.006299752186,12.3294209335,IT服务Ⅱ,2026-04-28
3380,300285,国瓷材料,0.14,1064111443.98,9.1473603048,-18.066,142267849.58,4.79,17.7045,7.231117484169,1.97,0.169353442465,36.7357170521,电子化学品Ⅱ,2026-04-28
3381,300284,苏交科,0.0326,870525068.45,7.5841655567,-37.8085,41116435.56,-4.63,174.0528,6.625346274218,0.49,-0.074518441839,22.6983662851,工程咨询服务Ⅱ,2026-04-28
3382,300281,金明精机,0.012,112825350.23,21.1732412558,6.5823,4885942.86,115.28,139.2847,2.977486480255,0.39,-0.029042975595,20.8202866573,专用设备,2026-04-28
3383,300276,三丰智能,-0.0088,218871651.25,-24.3734296459,-62.6507,-12313733.75,-311.78,94.5063,1.249559206788,-0.63,0.042043809841,11.4469115287,自动化设备,2026-04-28
3384,300274,阳光电源,1.12,15560645284.03,-18.258672181,-31.699,2291269562.74,-40.12,45.0119,23.471175460125,4.81,0.582865872743,33.2629317483,光伏设备,2026-04-28
3385,300271,华宇软件,-0.07,171737431.38,-29.0909681868,-77.9138,-56244363.52,-23.87,1.8765,4.351002077237,-1.58,-0.478119934786,36.7599154143,IT服务Ⅱ,2026-04-28
3386,300269,联建光电,-0.0314,70668284.75,-32.9639934957,-45.7197,-17237588.01,-285.4,-77.7005,0.151294355993,-19.55,-0.016205789009,24.4635584565,光学光电子,2026-04-28
3387,300260,新莱应材,0.1296,767952516.32,14.1463524814,3.3409,52847562.35,3.65,77.1309,5.268822700341,2.48,-0.050270237384,22.2044389368,通用设备,2026-04-28
3388,300257,开山股份,0.08,1170257038.55,6.7468764835,-8.7989,79657824.31,-9.8,32.5483,6.681160788941,1.2,0.028112156289,33.939477834,通用设备,2026-04-28
3389,300254,仟源医药,0.0137,173800715.3,-4.3665267311,-32.9765,3342275.14,-67.83,32.4472,1.719341205277,1.08,0.082416411632,66.9758043395,化学制药,2026-04-28
3390,300252,金信诺,0.03,673821241.59,19.6583968048,8.0778,21127289.45,560.4,226.9424,3.325463313273,0.96,0.011741777199,18.9879374696,军工电子Ⅱ,2026-04-28
3391,300247,融捷健康,0.0295,239862774.58,-4.6648436669,-14.717,23735224.86,-23.4,186.908,1.438741512343,2.06,0.044335127,35.6155255144,其他家电Ⅱ,2026-04-28
3392,300245,ST天玑,-0.06,63435075.38,-4.1492654374,-73.2363,-17800690.98,-215.95,-172.6626,3.956863266687,-1.64,0.066089901783,22.9386822083,IT服务Ⅱ,2026-04-28
3393,300244,迪安诊断,0.1053,2246960355.26,-4.9961544044,-11.203,64374317.59,406.46,608.8004,10.443220375302,0.99,-0.261980384055,29.4732492578,医疗服务,2026-04-28
3394,300235,方直科技,0.01,18672700.14,-20.583401363,-50.4165,2077081.98,-68.27,-82.0164,2.818462866803,0.29,-0.054307860004,82.840714487,软件开发,2026-04-28
3395,300230,永利股份,0.0504,585627654.93,15.2704798932,-3.3756,40947185.79,21.76,378.9755,4.030851978933,1.25,0.000167344984,32.1010229174,塑料,2026-04-28
3396,300226,上海钢联,0.1664,17518689658.22,22.5501231613,5.0366,53021641.79,2.21,17.2796,7.033650315384,2.39,-1.350147366154,1.3002818067,软件开发,2026-04-28
3397,300225,金力泰,0.0303,210191291.6,27.04149145,-11.433,14383299.66,155.34,2205.8411,1.844124685887,1.65,-0.099930989739,32.7396643059,化学制品,2026-04-28
3398,300218,安利股份,0.0258,520482490.81,-6.1935011839,-12.3149,5603416.32,-87.93,-43.8042,7.239944923336,0.36,-0.289543075899,22.7708524711,塑料,2026-04-28
3399,300217,东方电热,0.0193,595962671.4,-12.8550230443,-14.0665,28577869.72,-36.32,428.5733,2.873496145136,0.68,0.065470281688,11.883701317,家电零部件Ⅱ,2026-04-28
3400,300204,舒泰神,-0.02,46897704.19,-25.8112095869,18.15,-8431806.99,-261.1,82.0881,1.694999422162,-1.03,-0.041651283925,78.1874448724,化学制药,2026-04-28
3401,300198,*ST纳川,-0.0351,23031577.89,38.9026899263,29.5318,-36256268.51,15.04,78.2102,0.466164759227,-19.97,-0.006224684822,37.4589788472,装修建材,2026-04-28
3402,300195,长荣股份,-0.0783,286067357.86,-15.7830448891,-42.0492,-33189176.22,-823.92,-290.6569,6.304356265619,-1.23,0.081169320299,25.0471785338,专用设备,2026-04-28
3403,300187,永清环保,0.0689,207720297.45,20.0758979831,-27.3953,44496857.12,62.22,227.25,1.794204023479,3.92,0.061794640492,32.811208123,环境治理,2026-04-28
3404,300170,汉得信息,0.04,788982741.18,6.3929742194,-19.1956,39027073.61,10.69,-52.0322,5.576007708082,0.69,-0.171046019297,34.8682121942,IT服务Ⅱ,2026-04-28
3405,300169,天晟新材,-0.002,107843639.7,2.8540945128,-5.3525,-639506.47,96.8,-100.665,0.194359523927,-0.99,-0.09405475125,27.107490429,化学制品,2026-04-28
3406,300165,天瑞仪器,0.0254,135045518.12,5.1024424081,-26.7148,12570646.18,297.4,105.4273,2.13043341487,1.19,0.0630875091,50.0428244127,通用设备,2026-04-28
3407,300163,先锋新材,-0.0224,63296095.33,-25.6697566016,40.4187,-10625217.03,-142.45,60.7747,1.158947976139,-1.92,-0.084082697215,12.3270286253,化学制品,2026-04-28
3408,300154,瑞凌股份,0.06,221747852.17,-1.6735602381,7.5659,27876021.95,-36.96,267.4659,4.00428913494,1.55,-0.013321494238,25.9722520991,通用设备,2026-04-28
3409,300151,昌红科技,0.03,239496300.46,-3.8508179146,-4.3155,16954385.56,-4.41,5.1401,2.966173677721,1.03,0.092597583878,28.7076770447,专用设备,2026-04-28
3410,300142,沃森生物,0.0692,443848309.81,-3.9824848733,-36.5412,110677005.66,4082.41,674.0388,4.632187299766,1.41,-0.012654560605,68.4663906933,生物制品,2026-04-28
3411,300124,汇川技术,0.37,10143223378.12,12.9797628104,-24.5422,1013451151.58,-23.39,27.3386,13.437955639883,2.83,0.034738328056,29.0770551368,自动化设备,2026-04-28
3412,300122,智飞生物,-0.1622,2150185419.45,-8.6437508228,63.6268,-388316279.0,-18.79,97.1011,6.454811897701,-2.48,0.116162789635,29.1575834641,生物制品,2026-04-28
3413,300119,瑞普生物,0.2374,826126074.24,0.5488690249,-3.279,107778219.26,-7.08,182.0944,10.351398614283,2.27,0.024420466073,39.729878852,动物保健Ⅱ,2026-04-28
3414,300118,东方日升,-0.32,2702360121.9,-9.6479831908,27.6482,-361030501.35,-35.31,80.9332,7.275908867215,-4.27,0.011664548565,2.0219041784,光伏设备,2026-04-28
3415,300096,ST易联众,-0.0647,60925345.4,2.6329863525,-71.8673,-27837829.5,-6.0,-344.6011,0.775342424744,-8.02,-0.205683930419,47.2807958673,IT服务Ⅱ,2026-04-28
3416,300088,长信科技,0.0193,2464489716.88,-11.7752116612,-5.7436,47919504.16,-39.88,158.5096,3.476256226749,0.55,0.039888931913,9.4619404765,光学光电子,2026-04-28
3417,300082,奥克股份,0.003,1072052362.81,13.6817470932,0.4799,2066193.64,162.95,-84.5328,4.033636776321,0.08,-0.354754286425,4.7430146524,化学原料,2026-04-28
3418,300078,思创智联,-0.01,91054019.64,-77.7519528118,13.2017,-9088118.92,53.53,85.451,0.451188419682,-1.78,-0.01921194127,22.2987602088,IT服务Ⅱ,2026-04-28
3419,300070,碧水源,0.0167,1299723778.01,-18.2889432101,-61.9133,60492925.96,0.75,-56.9809,7.547243367963,0.22,-0.084205617588,24.3014652224,环境治理,2026-04-28
3420,300067,安诺其,0.0087,385952400.95,48.6400261272,65.9695,10068282.0,206.66,138.2798,2.155197564036,0.41,-0.011764523419,14.1507479771,化学制品,2026-04-28
3421,300054,鼎龙股份,0.26,1020104503.18,23.8179386419,6.0576,250955125.19,77.99,24.9858,5.760869119037,4.71,0.301688162437,54.9470617542,电子化学品Ⅱ,2026-04-28
3422,300053,航宇微,-0.0269,59960324.44,-32.3160090125,-18.775,-18711162.77,-1611.48,93.0368,2.029380295577,-1.31,-0.056642468631,31.0195628088,半导体,2026-04-28
3423,300050,世纪鼎利,0.006,63961072.9,1.4476840986,-39.4572,3198042.13,61.85,5394.7535,0.757458791649,0.78,-0.003098400402,26.9181966771,通信服务,2026-04-28
3424,300049,福瑞医科,0.12,360140767.62,9.0007042406,-27.1479,31794294.84,11.03,-24.6633,7.479152266678,1.6,0.345997145439,74.8927813956,医疗器械,2026-04-28
3425,300047,天源迪科,0.0243,2354371476.72,8.5178934958,-23.5726,15503370.15,17.34,296.2244,5.182174429942,0.47,0.478840412359,7.1092419087,软件开发,2026-04-28
3426,300045,华力创通,-0.018,146836129.15,6.9416306049,-32.5236,-11956734.71,31.17,84.7901,2.289240149575,-0.79,-0.105854876068,31.0778638978,军工电子Ⅱ,2026-04-28
3427,300039,上海凯宝,0.062,283250810.91,-29.3002651655,-15.1012,64865914.64,-23.05,-29.1412,4.469988666472,5.66,0.04563277978,80.8200365551,中药Ⅱ,2026-04-28
3428,300037,新宙邦,0.64,3361170190.61,67.8548595525,11.1953,480492707.17,109.02,37.5753,14.588179374639,4.37,0.18415634272,24.2804340976,电池,2026-04-28
3429,300036,超图软件,-0.087,185122488.01,-20.8944309518,-65.8082,-41998221.45,3.54,-1179.787,5.353960902144,-1.58,-0.308869765685,60.8801564475,软件开发,2026-04-28
3430,300021,大禹节水,0.0096,593108592.98,10.7767469861,-65.0007,9777213.45,18.07,-74.1503,2.565415644949,0.37,-0.388502712345,23.3221393346,农业综合Ⅱ,2026-04-28
3431,300008,天海防务,0.0491,1016238614.88,36.1179220935,-25.8422,84895000.66,108.11,27.0977,1.449943346488,3.46,0.068313404442,18.9444527389,航海装备Ⅱ,2026-04-28
3432,300004,南风股份,-0.01,86912524.44,-36.2407503248,-50.1951,-5214922.06,-132.11,-112.7322,3.691967356615,-0.29,-0.114831379772,18.0786264249,专用设备,2026-04-28
3433,300002,神州泰岳,0.087,1401017530.84,5.8574908511,-20.0521,171106560.89,-28.31,121.8983,3.972779034047,2.21,0.098892414795,49.8865000526,游戏Ⅱ,2026-04-28
3434,300001,特锐德,0.07,2215933243.71,5.4090637507,-62.7701,71932771.89,11.05,-87.096,8.19085585303,0.84,-0.870429296892,23.0466676191,电网设备,2026-04-28
3435,200869,张裕B,0.23,878124848.0,8.2872575315,0.6219,148506918.0,-6.76,227.7776,15.957689570653,1.43,0.27960711492,57.0805404427,非白酒,2026-04-28
3436,200761,本钢板B,-0.261,10378148324.2,-15.8832053902,-7.2669,-1071171849.91,-39.78,37.9567,1.441955057229,-14.47,0.019320875538,-6.8447131988,普钢,2026-04-28
3437,200706,瓦轴B,-0.0024,570327865.59,-14.9496391974,20.1391,-957220.77,87.69,96.6507,0.493587861252,-0.48,0.003935012817,13.6134183957,通用设备,2026-04-28
3438,200625,长安B,0.04,32706438744.02,-4.2568014085,-33.3505,350518930.55,-74.09,-65.6356,7.787898263658,0.45,-1.174964475774,14.0757892298,乘用车,2026-04-28
3439,200570,苏常柴B,0.1054,941778496.02,4.9027199889,127.5126,74394909.83,70.16,1074.8755,5.004879425282,2.13,-0.396834142282,14.283614802,汽车零部件,2026-04-28
3440,200541,粤照明B,0.017,2096453494.71,-2.2676879961,-7.4254,26142891.26,-59.63,-64.5948,4.475701640777,0.38,-0.091676583103,15.7134838279,照明设备Ⅱ,2026-04-28
3441,200468,宁通信B,-0.03,103691109.91,-24.3235278082,-37.7387,-6511588.95,-36.54,-213.9164,0.008089873349,-130.36,-0.194386612,19.7371005747,通信设备,2026-04-28
3442,200058,深赛格B,0.0201,343592992.5,-7.4154060628,-26.9578,24708029.52,2.15,205.1776,1.654993628025,1.22,-0.020843615491,28.88526625,一般零售,2026-04-28
3443,200055,方大B,0.0263,729005218.84,-3.3582424724,-10.8799,28201271.6,-14.61,105.3074,5.205055517149,0.51,-0.080285424487,18.7893248142,装修建材,2026-04-28
3444,200025,特力B,0.0772,180492862.07,-45.0553040691,-38.7599,33276880.54,-2.78,72.7254,4.314778927988,1.81,0.265836079744,35.2630931662,综合Ⅱ,2026-04-28
3445,200019,深粮B,0.0563,1159515736.18,-5.4753105176,-26.9276,64945146.92,-28.88,21002.2608,4.384770654825,1.29,0.203659596455,16.8991809594,农产品加工,2026-04-28
3446,200012,南玻B,-0.03,2990246615.0,-2.5605436369,-9.2477,-98642973.0,-721.57,-298.9212,4.284056123065,-0.75,0.012841955145,11.0208493957,玻璃玻纤,2026-04-28
3447,003033,征和工业,0.4,419377596.48,6.1469244528,-22.7019,32909847.59,-38.87,-22.4997,17.485602468135,2.33,-0.533157365382,24.7310347621,摩托车及其他,2026-04-28
3448,003032,传智教育,0.0036,104054165.11,43.7471888689,-5.7142,1457944.1,127.18,101.7794,2.907718888799,0.12,0.067040542506,53.4921412623,教育,2026-04-28
3449,003030,祖名股份,-0.03,514486434.27,15.7068714222,-8.6514,-3344919.73,43.44,51.2927,8.052456382193,-0.33,0.298015440856,23.7512880419,农产品加工,2026-04-28
3450,003028,振邦智能,0.04,322999558.42,9.8423312405,-1.2037,5698211.12,-80.9,331.5064,12.095252467401,0.33,-0.734009840233,16.2058725424,家电零部件Ⅱ,2026-04-28
3451,003021,兆威机电,0.17,357477104.69,-2.735374305,-22.346,40951727.67,-25.15,-43.9514,19.198937369183,1.17,0.145068459942,31.2986478301,电机Ⅱ,2026-04-28
3452,003020,立方制药,0.19,357096223.21,-0.8695757872,-24.5224,35290847.3,-7.74,-20.2526,9.69807616031,1.93,0.33478864876,65.8597888199,化学制药,2026-04-28
3453,003017,大洋生物,0.38,278128254.27,11.7114208531,-6.7104,30870752.17,5.21,55.7725,13.893622348214,2.68,-0.038058943333,23.4589548377,化学原料,2026-04-28
3454,003016,欣贺股份,0.0431,372261901.13,7.1460068833,-12.4803,18048912.48,191.5,138.5136,6.408255681589,0.67,0.15875149896,72.9413366949,服装家纺,2026-04-28
3455,003015,日久光电,0.04,127902446.35,-7.7140890535,-23.2831,10362301.85,-63.06,-62.5035,4.120512950545,0.9,0.060292124359,32.417278444,光学光电子,2026-04-28
3456,003013,地铁设计,0.16,635738487.14,-2.8580367746,0.4789,70301380.12,27.1,-40.9219,7.309542081003,2.19,-0.991545377807,33.786868663,工程咨询服务Ⅱ,2026-04-28
3457,002996,顺博合金,0.19,3814385283.61,9.7474489863,-19.176,126372318.85,8.01,640.1615,4.943129046517,3.75,-0.717029676733,4.3597662589,工业金属,2026-04-28
3458,002987,京北方,0.03,1146684821.64,-0.900686745,-6.4652,25161101.78,-46.16,-70.0232,3.463915138548,0.84,-0.643078191539,19.3828911367,软件开发,2026-04-28
3459,002986,宇新股份,-0.1593,2221444529.81,19.0931086454,-21.0365,-59691895.29,-270.4,-339.7564,9.989407302076,-1.56,-0.237905181853,1.6790614454,炼化及贸易,2026-04-28
3460,002980,华盛昌,0.09,167006334.52,-13.4218298896,-38.8887,17760199.46,-39.09,-26.4897,5.960970781752,1.58,0.069697520015,39.5024296531,电网设备,2026-04-28
3461,002970,锐明技术,0.24,557699063.63,8.3517301196,-28.8818,43463275.44,-56.85,-59.9891,11.739488501041,2.07,-1.313721811022,41.7051374008,计算机设备,2026-04-28
3462,002961,瑞达期货,0.43,398418369.45,108.42,200.9759,203605452.75,151.19,26.3473,8.614906782935,5.19,-1.826068207007,,多元金融,2026-04-28
3463,002960,青鸟智控,0.0744,874520320.11,-0.978521835,-34.6457,64708691.84,-6.14,-20.6516,7.144334937603,1.01,-0.343640994224,35.1504999691,专用设备,2026-04-28
3464,002951,金时科技,-0.03,34235860.92,-13.3654567255,-76.9703,-11614975.08,54.08,94.2873,3.748624227383,-0.76,-0.112455369284,20.3412443936,其他电源设备Ⅱ,2026-04-28
3465,002950,奥美医疗,0.177,896090731.55,18.1154256576,-16.6404,108951039.12,25.95,209.0379,5.838815571004,2.99,0.067721697989,32.6724745209,医疗器械,2026-04-28
3466,002947,恒铭达,0.59,713919396.07,10.039463069,-20.2464,151385826.35,39.91,22.0702,12.62218415663,4.77,0.800532967152,34.7468027869,消费电子,2026-04-28
3467,002946,新乳业,0.22,2842844592.58,8.3055621518,1.5439,186392105.7,39.89,72.1091,4.441991993289,4.77,0.332330892787,29.9669328198,饮料乳品,2026-04-28
3468,002941,新疆交建,-0.02,519436474.59,19.5105517789,-85.875,-15890821.47,-114.55,-168.6095,6.423363537099,-0.34,-2.148309842098,8.5918326866,基础建设,2026-04-28
3469,002931,锋龙股份,0.02,127964690.84,6.158808115,2.3528,3313335.28,-58.96,183.1846,4.367890744173,0.35,-0.045140090845,20.873246897,通用设备,2026-04-28
3470,002923,润都股份,0.05,348709127.56,36.9080963544,19.436,15603820.99,735.25,277.633,3.147276828327,1.49,0.185427778776,47.1405875436,化学制药,2026-04-28
3471,002921,联诚精密,-0.01,320355098.14,22.8934349373,6.2106,-949106.41,87.83,68.4496,8.803165891239,-0.07,0.045552962709,14.1609377948,汽车零部件,2026-04-28
3472,002920,德赛西威,0.77,6495182292.0,-4.3695800073,-36.4503,461487967.35,-20.74,-30.6939,25.400256288402,2.95,1.869652060395,18.5964366321,汽车零部件,2026-04-28
3473,002919,名臣健康,0.0344,417505779.32,15.5184197303,-4.1486,9171805.41,-27.85,164.4009,3.063538042242,1.13,0.052527474067,59.4515078963,游戏Ⅱ,2026-04-28
3474,002918,蒙娜丽莎,-0.04,633978608.76,-7.6173331812,-32.9991,-18124365.74,69.43,35.4474,7.902594714772,-0.55,-0.047161800437,24.7945760185,家居用品,2026-04-28
3475,002912,中新赛克,-0.48,101777432.82,21.7610358639,-69.8925,-82027499.58,-107.25,-202.4814,9.571773858754,-4.9,-0.500548251382,41.9960672083,计算机设备,2026-04-28
3476,002900,哈三联,-0.02,228835929.34,11.6121563919,9.61,-7056753.93,75.54,94.6043,5.581555073635,-0.4,0.051270988958,40.8789954138,化学制药,2026-04-28
3477,002896,中大力德,0.06,242301287.43,5.1163758719,-12.2357,11062020.61,-36.42,101.2401,6.130666555772,0.92,-0.049855314097,24.4070467422,通用设备,2026-04-28
3478,002879,长缆科技,0.01,274545597.09,2.0439004025,-32.9464,1355029.86,-44.86,-98.6492,9.220343240122,0.08,-0.144537312299,27.575471143,电网设备,2026-04-28
3479,002876,三利谱,0.19,941005581.55,16.8712676397,-9.9412,33317160.28,12.43,1491.9413,13.910467676693,1.39,-0.698328115227,17.5972569278,光学光电子,2026-04-28
3480,002870,香山股份,-0.08,1189928593.12,-17.5147923984,-23.7504,-10472002.03,-146.26,-338.2894,12.389085519755,-0.64,1.487624586794,20.9892570759,汽车零部件,2026-04-28
3481,002869,金溢科技,-0.1458,102466567.73,22.1490755447,-25.1822,-25217991.83,-260.75,74.7758,11.395599823816,-1.24,-0.262654097413,27.2459745637,计算机设备,2026-04-28
3482,002864,盘龙药业,0.21,222541696.37,-11.058865092,-25.675,21760948.7,-30.36,236.1527,16.076211772739,1.28,0.87509406078,54.8539081894,中药Ⅱ,2026-04-28
3483,002860,星帅尔,0.16,508767619.79,1.1361930934,23.1452,57175527.04,-11.08,153.8644,6.528171498625,2.46,0.33256549116,19.6285734598,家电零部件Ⅱ,2026-04-28
3484,002859,洁美科技,0.11,507378438.43,22.5246095075,-11.6732,47752907.14,41.59,8.7864,7.129995440448,1.52,0.057980072891,32.5850742577,其他电子Ⅱ,2026-04-28
3485,002852,道道全,0.04,1580482599.41,6.3585804854,-12.0535,14129264.44,-86.25,-19.9989,6.564703253574,0.63,0.741983675007,7.6652691295,农产品加工,2026-04-28
3486,002850,科达利,1.67,4142357669.66,37.085588572,-10.1393,461135354.48,19.06,-20.4041,49.579859727578,3.39,0.801571681027,21.1661746682,电池,2026-04-28
3487,002849,威星智能,0.12,429814319.54,17.6406937892,18.5901,25450910.28,-6.05,244.2306,6.241160400534,1.87,-0.142628495735,27.1884301517,通用设备,2026-04-28
3488,002838,道恩股份,0.25,1715955959.02,33.436333065,7.2342,119089390.63,168.92,104.2372,7.855426598101,3.22,0.27145240111,14.6884470627,塑料,2026-04-28
3489,002833,弘亚数控,0.34,781873907.93,19.5543829824,23.3726,145173519.15,9.83,59.1479,7.042373974447,4.88,0.362669590156,33.7812582133,专用设备,2026-04-28
3490,002831,裕同科技,0.27,3793341905.18,2.550315514,-18.1877,245783456.8,1.95,-40.2757,13.399579030671,2.0,0.714513183164,25.0547986532,包装印刷,2026-04-28
3491,002830,名雕股份,0.03,117809006.39,0.0652015692,-56.0041,3367946.49,15.41,-87.4925,5.126635992425,0.49,-0.072275028649,32.9592969755,装修装饰Ⅱ,2026-04-28
3492,002829,星网宇达,-0.13,53303360.44,-39.3224314112,-52.1829,-26534158.41,-125.86,82.0255,7.450677484291,-1.7,-0.300688368304,21.9006184294,航天装备Ⅱ,2026-04-28
3493,002827,高争民爆,0.0343,304821355.89,0.2383178656,-46.2431,9470134.77,-46.27,-86.8407,3.897101018279,0.88,-0.093288786591,23.7051386734,化学制品,2026-04-28
3494,002826,易明医药,0.11,182577229.06,22.921570319,23.9593,19648370.41,4.55,81.6354,4.394955513373,2.38,0.416250878773,82.4797376624,化学制药,2026-04-28
3495,002823,凯中精密,0.16,660498103.84,-8.2774019101,-12.2838,52284179.17,6.59,-4.1237,6.419789476532,2.51,0.307200115654,20.6128985895,电机Ⅱ,2026-04-28
3496,002821,凯莱英,0.84,1801847990.24,16.9108395592,-11.6873,304321266.6,-6.82,-8.4265,49.747623145601,1.71,1.459407208264,43.0161545246,医疗服务,2026-04-28
3497,002811,郑中设计,0.12,376843477.85,39.7160520066,-3.2818,35728948.56,45.91,94.2214,4.714219512027,2.49,-0.282334222354,37.6081890494,装修装饰Ⅱ,2026-04-28
3498,002803,吉宏股份,0.1643,1804314089.03,22.1201640033,7.2086,72362633.53,22.32,18.2237,6.147946224956,2.65,0.032327522851,46.9029737397,互联网电商,2026-04-28
3499,002792,通宇通讯,-0.0247,279704550.96,11.5707334694,-5.3084,-12927155.57,-215.61,-181.5484,5.384791910724,-0.46,-0.235962301142,19.204440702,通信设备,2026-04-28
3500,002790,瑞尔特,0.0021,350509248.45,-14.9654441571,-19.2677,891191.88,-95.85,102.0597,4.945215011931,0.04,0.051068733989,24.8587615749,家居用品,2026-04-28
3501,002783,凯龙股份,0.02,715330084.0,-6.3611445193,-26.6565,9645665.03,-73.2,31.5018,5.330854901838,0.37,-0.092399226401,26.0559366632,化学制品,2026-04-28
3502,002782,可立克,0.0523,1224992893.25,8.866360042,-14.2023,25463747.5,-63.63,-62.1759,4.518026186428,1.14,0.239640386792,11.9615658807,其他电子Ⅱ,2026-04-28
3503,002778,中晟高科,-0.05,33378719.13,12.318299978,-63.9207,-5650931.46,-110.56,-152.7078,2.572328933183,-1.75,-0.463374982065,17.1720926968,环境治理,2026-04-28
3504,002777,久远银海,0.03,197944555.42,-4.7142448531,-63.6797,11734541.2,-21.26,-65.5663,4.164139091746,0.69,-0.242988072676,39.9710603821,IT服务Ⅱ,2026-04-28
3505,002775,文科股份,-0.0212,140248044.24,65.2264387237,199.163,-12811063.02,-488.26,95.7639,-0.078078595576,-6.23,-0.179820371497,20.1932889856,基础建设,2026-04-28
3506,002774,快意电梯,-0.0059,259768062.01,-2.7551140973,-48.8475,-1976690.65,-117.6,-110.0715,3.606187860271,-0.16,-0.132346823631,18.2105560106,专用设备,2026-04-28
3507,002766,索菱股份,-0.0212,95542778.41,-55.2070378037,-13.299,-18173903.92,-1800.56,67.0885,1.234562852066,-1.68,-0.067649371787,24.9160689653,汽车零部件,2026-04-28
3508,002760,凤形股份,0.06,147875366.39,-3.0988052265,-22.1109,6661654.65,118.6,116.045,7.753114148437,0.8,-1.121096906652,19.5711969657,通用设备,2026-04-28
3509,002756,永兴材料,0.92,2429211075.62,35.8164118813,29.4804,489045952.43,155.48,276.5096,24.472755177513,3.78,0.54990771859,30.8686783638,能源金属,2026-04-28
3510,002746,仙坛股份,0.08,1311597902.13,18.3819811165,-19.6759,66283427.57,38.02,32.8454,5.429287062498,1.43,0.103561415499,8.7337739145,养殖业,2026-04-28
3511,002745,木林森,0.28,4719999713.64,21.4474133347,-10.2824,418738044.65,193.26,124.8295,7.991680313886,3.57,0.193694971146,26.9184518893,光学光电子,2026-04-28
3512,002730,电光科技,0.06,247487426.03,-9.328286786,-22.7062,21858547.2,5.93,2245.8928,4.556363693614,1.33,0.286192420634,41.4366595164,专用设备,2026-04-28
3513,002729,好利科技,0.05,97183397.64,-4.1303015968,-5.7411,9595001.82,-44.63,3.6853,3.096847468699,1.71,0.06333116356,33.266017535,其他电子Ⅱ,2026-04-28
3514,002728,特一药业,0.05,209871725.36,-28.8891863755,-9.802,25763241.72,-18.39,56.5728,3.598769209208,1.4,0.022744896546,60.9858301686,中药Ⅱ,2026-04-28
3515,002719,ST麦趣,-0.0757,128256272.84,-13.7551206168,-6.9313,-13180678.23,-1976.15,81.077,0.626268676375,-11.68,-0.069013599313,24.8401110016,休闲食品,2026-04-28
3516,002716,湖南白银,0.055,3197943211.4,69.1683655353,-16.9539,155526279.39,455.78,-14.3706,1.438133202602,4.16,-0.377255180785,9.0202538144,贵金属,2026-04-28
3517,002713,东易日盛,-0.02,111693662.82,-33.0469563008,-24.0464,-17023179.36,9.89,-117.9745,0.912808990034,-1.94,-0.00896600185,34.8462775482,装修装饰Ⅱ,2026-04-28
3518,002709,天赐材料,0.82,6673476673.92,91.2907826689,14.9148,1654404644.44,1005.75,75.7573,9.360264119535,8.84,-0.01049405054,38.6534607856,电池,2026-04-28
3519,002702,海欣食品,0.0206,470646073.54,43.7994280323,-14.8686,11442619.36,830.26,156.0799,1.865399089085,1.11,0.232910627141,21.9698738103,食品加工,2026-04-28
3520,002698,博实股份,0.0769,576130719.61,-17.6985584402,-16.0163,78410535.36,-47.75,-43.235,4.132067695806,1.86,0.00356010653,33.462698278,自动化设备,2026-04-28
3521,002697,红旗连锁,0.1,2453935422.73,-1.0259029786,0.2743,142551787.27,-8.97,45.5358,3.624867490154,2.93,-0.031933620904,30.4094365266,一般零售,2026-04-28
3522,002696,百洋股份,-0.0555,861352007.68,24.6667470254,-21.9287,-19209169.86,-521.26,-526.5725,3.926808709836,-1.42,-0.385924462868,8.0304076583,饲料,2026-04-28
3523,002675,东诚药业,0.0405,626367330.36,-8.8161816115,-10.2607,33435403.61,35.19,-28.116,5.198112677266,0.77,-0.038077486142,53.1315310041,化学制药,2026-04-28
3524,002674,兴业科技,0.0764,589595836.66,-5.9656340052,-39.3495,22594528.74,19.31,-63.4113,8.292142099062,0.92,-0.216590840833,15.5250980754,纺织制造,2026-04-28
3525,002672,东江环保,-0.14,602635623.35,-13.4019068694,-42.9817,-150224871.7,-2.66,77.6424,2.016102432506,-6.53,-0.033406715585,0.9404775341,环境治理,2026-04-28
3526,002669,康达新材,0.023,1155707868.16,31.7781405879,-22.2826,6864386.96,7.73,-83.4159,9.14435138296,0.25,-0.25631057706,13.89955835,化学制品,2026-04-28
3527,002658,雪迪龙,0.02,223041204.33,-12.1421221623,-56.2016,14252423.55,41.53,-59.9269,4.229567763794,0.53,0.00708391993,39.8384615331,环保设备Ⅱ,2026-04-28
3528,002646,天佑德酒,0.1018,406312745.23,-5.8730263351,83.9772,48478882.49,-28.18,376.7705,6.016650686407,1.7,0.304240045585,61.7610821236,白酒Ⅱ,2026-04-28
3529,002639,雪人集团,0.0046,568748275.51,41.4288168139,-36.3734,3584946.09,-64.01,236.2193,3.318753341852,0.14,-0.18739883595,21.1839838814,通用设备,2026-04-28
3530,002635,安洁科技,0.05,1155177821.21,6.3339072799,-8.7361,34893247.15,11.8,226.126,8.850214983679,0.25,0.118204765454,19.0739920456,消费电子,2026-04-28
3531,002627,三峡旅游,0.0196,150446369.48,7.0378517529,1.8243,14188636.65,-14.78,164.6677,4.267782211408,0.46,0.010672055263,27.0910177167,旅游及景区,2026-04-28
3532,002625,光启技术,0.08,522345952.84,40.2793166828,16.1765,176152449.31,17.03,117.1899,4.537910723151,1.81,0.022944868744,49.8535590606,航空装备Ⅱ,2026-04-28
3533,002624,完美世界,0.05,1171168302.54,-42.1089952516,-5.765,102682587.0,-66.02,57.1728,3.71569307203,1.43,-0.077180496193,66.7146899327,游戏Ⅱ,2026-04-28
3534,002603,以岭药业,0.2447,2439783832.76,3.4581457852,24.28,408848309.57,25.43,42.917,6.822467905921,3.65,0.365540102584,60.0539409769,中药Ⅱ,2026-04-28
3535,002601,龙佰集团,0.08,7158023653.92,1.3945024925,9.5023,187001441.21,-72.74,143.5001,9.581515471346,0.81,0.186093239621,14.7487854977,化学原料,2026-04-28
3536,002593,日上集团,0.04,751700335.94,3.7561232829,-25.0565,32243715.1,126.17,1.1233,3.075906261341,1.34,0.332266175586,14.7476429196,专业工程,2026-04-28
3537,002590,万安科技,0.06,940320087.25,0.1619876519,-37.3078,30763266.51,1.22,-53.008,5.939746113359,1.0,0.335295984263,15.5650533031,汽车零部件,2026-04-28
3538,002585,双星新材,0.004,1290797999.56,-6.6226647066,6.2155,4057985.68,109.49,101.3325,7.293646564719,0.05,0.387323358218,8.0429261965,塑料,2026-04-28
3539,002579,中京电子,0.0092,699240829.57,-5.8787134487,-5.4253,5619861.31,-16.87,219.6783,3.922116916949,0.23,0.23875345214,15.7476002478,元件,2026-04-28
3540,002577,雷柏科技,0.02,107555544.69,8.6349598693,-19.8254,4804671.91,-39.8,137.2259,4.143827030974,0.41,0.007482192755,31.6185145062,计算机设备,2026-04-28
3541,002576,通达动力,0.1328,456681196.62,2.6106249497,31.4066,21917213.44,15.38,9.8018,7.976907284797,1.66,0.077738803271,14.0153005606,电机Ⅱ,2026-04-28
3542,002575,群兴玩具,-0.001,64383648.51,-11.5857176761,-66.0695,-890369.16,94.08,82.3636,1.367864181217,-0.11,0.019921945337,11.4131586203,综合Ⅱ,2026-04-28
3543,002574,明牌珠宝,0.02,957411321.58,-1.7482997636,45.1011,12312013.11,132.38,104.8817,5.147098463371,0.45,-0.122735017765,7.8702387231,饰品,2026-04-28
3544,002571,德力股份,-0.0461,380169577.83,2.1603853842,-4.2401,-18067385.75,36.06,89.3899,2.030103428212,-2.24,-0.007934536844,18.7135798414,家居用品,2026-04-28
3545,002570,贝因美,0.04,657369842.89,-9.6702254929,-11.4765,38954870.49,-8.98,-18.4514,1.508355164783,2.39,0.066971344991,40.548374808,饮料乳品,2026-04-28
3546,002565,顺灏股份,0.0189,291506426.99,-10.3403152033,1.0043,19983341.33,49.94,338.4836,1.73362215011,1.1,0.056047854527,27.2357441514,包装印刷,2026-04-28
3547,002560,通达股份,0.055,1606880581.98,9.0414232249,-16.8757,28907573.59,81.05,-1.8364,5.231935686514,1.06,-0.553180204108,8.2768144019,电网设备,2026-04-28
3548,002558,巨人网络,0.57,2328514124.66,221.7004406829,38.6874,1080400017.37,210.58,219.9354,8.58470949289,6.81,0.695362395794,95.3776893518,游戏Ⅱ,2026-04-28
3549,002556,辉隆股份,0.06,3873133958.62,5.7152307083,34.8659,53584399.91,-34.54,85.0204,3.863357596096,1.48,-0.603660645901,5.5184220007,农业综合Ⅱ,2026-04-28
3550,002555,三七互娱,0.4,3720385595.41,-12.3230238805,6.1483,873307568.15,59.02,57.2061,6.552770611636,6.22,0.165906967227,77.8771301239,游戏Ⅱ,2026-04-28
3551,002552,宝鼎科技,0.17,969743531.82,41.9743378411,-0.5209,66046450.32,267.64,-8.8037,4.036120401392,4.31,0.131346954429,20.5602000764,元件,2026-04-28
3552,002551,尚荣医疗,-0.0021,257385011.97,-7.9918478728,-20.5065,-1806254.42,-112.93,98.2708,2.929240228516,-0.07,-0.030623284304,14.7290011644,医疗器械,2026-04-28
3553,002548,金新农,-0.23,1314776851.47,12.5175313323,9.1093,-184649860.58,-616.31,6.9461,1.264083301029,-16.23,-0.036524500674,-2.0763442564,饲料,2026-04-28
3554,002543,万和电气,0.11,2171151046.26,-5.4007261689,27.3603,79614565.43,-55.6,130.209,6.497138732383,1.65,0.182557974341,22.6791175804,厨卫电器,2026-04-28
3555,002542,*ST中岩,-0.02,63888059.61,-51.4100640165,-80.9258,-42175115.9,18.25,93.567,-0.089518833012,,-0.044196623258,19.2094809185,专业工程,2026-04-28
3556,002534,西子洁能,0.07,1095756796.85,-9.6522150098,-42.5805,60172518.25,12.15,-76.8598,6.779671767061,1.07,0.075968463414,22.9167161693,其他电源设备Ⅱ,2026-04-28
3557,002527,新时达,-0.0113,865719701.79,10.1294191775,-1.7573,-7512635.32,7.61,-746.7842,1.875923224419,-0.6,-0.102544193354,18.1344326155,专用设备,2026-04-28
3558,002524,光正眼科,-0.01,187042350.77,-10.1481654804,-15.6287,-3835314.58,-768.46,80.5025,0.178636932578,-4.09,0.013718835089,39.0796142847,医疗服务,2026-04-28
3559,002521,齐峰新材,0.07,804349975.53,-3.9099051479,-2.536,40111780.26,124.23,-23.4756,7.119320514005,1.01,0.341171251527,12.6930158893,造纸,2026-04-28
3560,002515,金字火腿,0.01,121490270.57,-6.0564153793,28.3622,12901378.51,-46.99,292.3362,2.169872177359,0.49,0.025977074972,29.7795992142,食品加工,2026-04-28
3561,002511,中顺洁柔,0.08,2197846469.67,6.2917608187,-4.509,102659662.71,53.76,16.0993,4.321497451706,1.86,0.131596198838,34.3693086048,个护用品,2026-04-28
3562,002500,山西证券,0.07,782064211.0,3.95,-12.2882,255046997.0,2.2,32.4462,5.223578655912,1.37,1.507160601169,,证券Ⅱ,2026-04-28
3563,002493,荣盛石化,0.29,60629357967.14,-19.1343635574,-24.9708,2815287974.96,378.46,7114.0854,4.642786282385,6.26,0.854640981775,19.6935110255,炼化及贸易,2026-04-28
3564,002487,大金重工,0.68,1906951849.38,67.1721298953,20.832,434638000.75,88.19,101.1926,13.651605283959,5.12,0.686061431793,39.1904150088,风电设备,2026-04-28
3565,002483,润邦股份,0.08,902635596.79,-33.9751430381,-58.035,68421132.57,-2.48,-49.8371,5.19597851847,1.5,-0.445598496006,28.5709320513,专用设备,2026-04-28
3566,002476,新叶股份,0.0199,227237467.13,78.0317287107,50.7876,12168399.94,-9.46,285.7891,1.574561241307,1.27,-0.090177802206,14.7567995558,炼化及贸易,2026-04-28
3567,002474,榕基软件,-0.0125,101078608.37,-11.8629697918,-10.3561,-7795166.43,29.12,78.306,2.119722857811,-0.59,0.003038425313,25.4698907565,IT服务Ⅱ,2026-04-28
3568,002468,申通快递,0.31,15686434480.6,30.7354101044,-7.8128,458588281.91,94.29,-25.1875,7.443546578396,4.11,0.419178140123,7.3835204043,物流,2026-04-28
3569,002466,天齐锂业,1.12,5128047632.11,98.4382922726,73.8854,1876028010.28,1699.12,563.5421,27.166035004095,4.31,0.151861969665,62.6560605658,能源金属,2026-04-28
3570,002451,摩恩电气,0.01,328217278.9,-10.0612399527,-2.8626,5952579.14,86.47,68.5676,1.751310713595,0.79,-0.270393430844,11.0090467117,电网设备,2026-04-28
3571,002446,盛路通信,0.03,269608212.09,-3.362617527,1.9628,25008668.86,-0.27,273.157,2.780499799728,0.98,-0.052805284892,31.6338389246,军工电子Ⅱ,2026-04-28
3572,002445,中南文化,0.01,218933181.84,-12.7042214228,-14.7667,26333726.08,-45.77,448.3912,0.961338446912,1.16,-0.031478804419,12.3095184492,通用设备,2026-04-28
3573,002443,金洲管道,0.0767,935638520.38,6.5847861225,-13.2661,39915597.18,52.02,-9.2707,6.731241987482,1.15,0.052709870846,13.0322838932,特钢Ⅱ,2026-04-28
3574,002441,众业达,0.18,2501077544.13,3.2222561179,1.9466,95823576.3,-3.53,1194.2968,8.342537398524,2.13,-0.638695286717,12.6621563491,电网设备,2026-04-28
3575,002438,江苏神通,0.1684,521167718.16,-9.7501889502,5.9826,85489667.75,-4.48,67.3981,7.499176575717,2.27,-0.023463042485,36.5798412214,通用设备,2026-04-28
3576,002437,誉衡药业,0.0433,539105711.33,-2.204051841,14.5926,94926073.47,57.55,-28.7032,1.070912421948,4.05,0.032607439172,45.5778481634,化学制药,2026-04-28
3577,002434,万里扬,0.05,913597716.14,-31.0045654707,-26.9259,71908596.62,-33.28,171.4787,4.512121689068,1.22,-0.007674696793,15.3719081997,汽车零部件,2026-04-28
3578,002430,杭氧股份,0.27,3996285983.35,12.1117423599,9.3544,265106079.33,17.26,38.3747,10.292631176018,2.67,0.517913915658,22.5157718872,化学制品,2026-04-28
3579,002424,ST百灵,0.02,644124070.17,-15.3124255539,-31.9864,28189608.94,16.63,117.4895,2.277992386261,0.89,-0.035880359265,45.889273882,中药Ⅱ,2026-04-28
3580,002416,爱施德,0.1032,15474729233.78,21.4928700084,-2.3482,127953599.02,1.46,243.7551,4.828476232152,2.16,-1.320350681215,5.4052436366,专业连锁Ⅱ,2026-04-28
3581,002412,汉森制药,0.0763,263228412.01,-2.2497051508,-11.6573,38406422.88,241.17,-66.7751,4.81503954368,1.6,-0.020713025696,79.2982731181,中药Ⅱ,2026-04-28
3582,002409,雅克科技,0.5604,1972760765.04,-6.8503997212,-8.0202,266687960.67,2.47,30.6081,17.021917426643,3.34,-0.089013758935,31.2457491838,半导体,2026-04-28
3583,002406,远东传动,0.06,402908937.69,19.5512709722,-18.1179,45023026.54,58.54,-26.0334,5.63923357256,1.1,0.039716331409,26.2252669464,汽车零部件,2026-04-28
3584,002404,嘉欣丝绸,0.1,1288476380.84,7.906085535,15.4824,54908304.66,10.95,96.5542,3.699201055694,2.7,0.252371603349,13.4714360645,服装家纺,2026-04-28
3585,002402,和而泰,0.1851,2814675314.0,8.8801107792,14.7587,169975401.94,0.34,180.8277,7.459783743813,2.5,-0.036417763872,20.482868532,家电零部件Ⅱ,2026-04-28
3586,002395,双象股份,0.1128,631924779.64,4.9438117023,-4.406,30254297.39,-55.56,53.4363,5.78857183014,1.97,0.056948489163,11.8294802797,塑料,2026-04-28
3587,002389,航天彩虹,0.1026,373292079.87,18.4779270272,-73.4823,101090305.12,427.31,384.3257,8.236764862108,1.25,-0.237393188967,13.8448887847,航空装备Ⅱ,2026-04-28
3588,002388,新亚制程,0.0091,450565602.14,17.8986425989,-18.6386,4593331.74,-65.75,119.1647,1.878174855178,0.48,0.118298849045,19.0900341352,其他电子Ⅱ,2026-04-28
3589,002384,东山精密,0.61,13137636263.36,52.7234327423,0.6389,1109892942.38,143.47,581.7981,12.359470838865,5.05,0.615127615281,19.3275357993,元件,2026-04-28
3590,002381,双箭股份,0.04,537224685.33,-12.4991222025,-24.715,17180225.72,-33.43,47.6217,5.2461603656,0.8,0.037517679714,15.3121108535,橡胶,2026-04-28
3591,002378,章源钨业,0.32,2630578899.98,121.7552209802,98.7363,381312910.29,795.78,280.1658,2.264050214923,15.08,-0.003386283326,26.8689660784,小金属,2026-04-28
3592,002375,亚厦股份,0.05,1632125418.15,-8.3764167631,-27.286,65676597.94,-1.6,1.2897,6.211897321645,0.79,-0.286488564644,16.1790159318,装修装饰Ⅱ,2026-04-28
3593,002373,千方科技,0.0,1312997127.87,-18.3827757138,-55.6599,3735872.63,-98.31,-95.3007,7.287993327111,0.03,-0.290477658979,38.0959320514,IT服务Ⅱ,2026-04-28
3594,002372,伟星新材,0.08,812693830.31,-9.2001368261,-59.6719,119477982.84,5.08,-40.6292,3.140433255127,2.42,0.07715071069,41.4024624208,装修建材,2026-04-28
3595,002369,卓翼科技,-0.0365,370608931.35,-12.9909845747,-16.5511,-20702812.9,35.6,79.7508,0.329884596251,-9.26,-0.035908569035,10.2840928175,消费电子,2026-04-28
3596,002364,中恒电气,0.04,418396025.6,7.7898839114,-41.8148,24935658.45,22.89,-53.6524,4.43754263418,1.0,-0.250565989465,25.6677925193,其他电源设备Ⅱ,2026-04-28
3597,002362,汉王科技,-0.1729,410344526.02,6.1500046106,-34.8121,-42265796.73,-206.72,59.6568,3.712535766001,-4.56,-0.507857408118,42.3117769022,软件开发,2026-04-28
3598,002361,神剑股份,-0.0055,491226512.02,-5.4943038743,-16.007,-5267947.23,-144.39,69.0518,2.304060204625,-0.24,-0.210241382775,8.2631744677,塑料,2026-04-28
3599,002360,ST同德,-0.03,86423958.75,-22.716826112,-38.8304,-11098925.17,-207.69,98.9756,2.287655591356,-0.19,0.063113455096,40.262338839,化学制品,2026-04-28
3600,002342,巨力索具,0.0039,559624614.03,14.6729850198,-32.3313,3711565.36,-38.0,-41.7624,2.547701888427,0.15,-0.081481537167,18.2530268557,通用设备,2026-04-28
3601,002338,奥普光电,0.13,226407303.14,36.4523460185,-21.8217,31096843.27,125.11,-26.7884,6.022496558208,2.17,-0.632444036958,30.6483197484,军工电子Ⅱ,2026-04-28
3602,002337,赛象科技,0.01,191606071.79,27.9952977084,-2.6482,7453998.95,17.34,1440.592,2.266577935385,0.56,0.339480208319,23.1788030073,专用设备,2026-04-28
3603,002332,仙琚制药,0.0949,918349166.84,-8.9118460726,-1.6113,93886296.97,-34.79,118.565,6.145244357522,1.55,0.136255710291,59.4666583527,化学制药,2026-04-28
3604,002328,新朋股份,0.136,801099418.69,-22.578280631,7.0984,104978361.66,159.17,10442.8995,4.426385142335,3.12,0.058465354341,9.8060892228,汽车零部件,2026-04-28
3605,002326,永太科技,0.113,1692745244.32,59.6991008636,42.82,104664216.72,889.5,233.0681,3.005071471425,3.84,0.117139047568,24.0893808149,化学制品,2026-04-28
3606,002324,普利特,0.04,2540852992.3,31.3726631369,-18.3457,47551658.78,-56.38,12.1087,4.216286157412,1.02,-0.191902535887,9.2274856051,塑料,2026-04-28
3607,002321,华英农业,-0.0073,865760062.72,12.4849850474,-47.7429,-15088227.73,-26.59,45.4776,0.432230431153,-1.64,-0.030607000078,7.7519572177,养殖业,2026-04-28
3608,002320,海峡股份,0.0546,1547143691.74,4.7098347907,29.2119,122087056.64,7.26,804.4665,1.843393243427,3.01,0.297095345485,44.1160524322,航运港口,2026-04-28
3609,002319,乐通股份,0.025,112206202.8,19.2451517272,23.3213,5272096.87,680.4,155.1334,0.853156132993,3.01,-0.074030429578,21.9115076408,化学制品,2026-04-28
3610,002318,久立特材,0.41,2023912307.62,-29.7883815512,-12.4525,394681282.11,1.43,59.3058,9.330851603443,4.49,-0.161029208878,24.9151409951,特钢Ⅱ,2026-04-28
3611,002313,日海智能,0.0263,670314229.97,9.4117654011,-10.2996,9859696.13,132.93,105.6976,0.204832270085,14.45,-0.207128280235,13.5906299892,通信设备,2026-04-28
3612,002312,川发龙蟒,0.05,2867623860.56,37.5731249151,11.5952,90639382.3,-12.22,497.3666,5.138009749519,0.94,-0.08564743478,12.244377876,农化制品,2026-04-28
3613,002311,海大集团,0.54,29009557462.36,13.1906109124,-10.3926,887120850.37,-30.82,543.2928,15.285009515637,3.55,0.014625111284,9.9216445362,饲料,2026-04-28
3614,002309,中利集团,0.01,653126237.09,109.0345215605,-33.5658,15615407.29,120.28,-81.2722,0.623238421557,0.85,-0.159666221118,10.7082894666,电网设备,2026-04-28
3615,002307,北新路桥,-0.04,1761893017.98,9.1588696097,-51.6214,-61691211.33,9.94,-1794.9137,2.617322255942,-1.08,-0.723552303317,16.1160132478,基础建设,2026-04-28
3616,002305,*ST南置,0.0091,66024325.03,-43.1448543546,-36.9549,15791186.16,103.41,103.1947,0.144344299429,6.51,-0.01717015306,36.203017114,房地产开发,2026-04-28
3617,002304,洋河股份,1.6241,8185736912.16,-26.0293912906,630.2813,2446551121.2,-32.73,238.3057,32.687022572892,5.09,1.286944846089,75.4161942784,白酒Ⅱ,2026-04-28
3618,002303,美盈森,0.0401,906595710.93,-6.5960295485,-6.5612,61363438.45,-23.64,7532.0461,2.93332868468,1.37,0.035873782897,25.5092119587,包装印刷,2026-04-28
3619,002297,博云新材,0.2309,380160793.66,125.9401991631,45.6175,132307066.27,13362.43,315.8428,3.942814796991,6.03,0.010945198979,48.7400230903,航空装备Ⅱ,2026-04-28
3620,002296,辉煌科技,0.2172,221818890.07,3.1627397173,-26.2081,84614383.53,-11.26,244.4093,6.444469164107,3.43,0.225512570627,67.957056864,通信设备,2026-04-28
3621,002295,精艺股份,0.03,1326433632.9,22.9619509364,13.1643,7204714.38,-6.73,110.8902,5.183065828838,0.56,-0.559179891068,2.5290042809,工业金属,2026-04-28
3622,002292,奥飞娱乐,0.04,653979166.16,-0.5444515847,11.6308,54717930.52,11.44,156.5813,2.010745419832,1.85,-0.02753487588,46.9435053891,文娱用品,2026-04-28
3623,002283,天润工业,0.13,1265934523.7,26.4422580183,8.1831,145447079.55,47.7,66.2018,5.480219308101,2.36,0.038393208025,22.0437906429,汽车零部件,2026-04-28
3624,002274,华昌化工,0.0508,1828923871.3,3.2415667523,12.8784,48424392.1,69.61,124.7222,5.541609844167,0.92,0.029677469128,8.425705234,化学原料,2026-04-28
3625,002267,陕天然气,0.3338,3160188543.43,-10.998042199,19.7763,371213549.19,-19.1,238.4928,6.312055671457,5.45,0.126397137013,17.2280778355,燃气Ⅱ,2026-04-28
3626,002264,新华都,0.12,1552669755.93,40.3532431054,109.5284,83743395.71,-10.05,1089.3707,2.894667749214,4.1,0.396843005035,19.9851922416,广告营销,2026-04-28
3627,002261,拓维信息,0.0488,593581435.45,-4.7247300434,-45.6747,61455042.5,-5.96,249.5033,2.066703096062,2.39,-0.200069785542,17.2129273235,软件开发,2026-04-28
3628,002255,海陆重工,0.1246,498507224.31,6.7716231875,-21.7887,103490493.68,40.33,6.505,5.560752772044,2.34,0.105338101998,33.0491122707,其他电源设备Ⅱ,2026-04-28
3629,002253,川大智胜,-0.0796,25640519.11,1.1698602679,-89.6849,-17954116.65,-41.07,89.9484,3.758915263813,-2.15,0.049789878338,18.4312437269,软件开发,2026-04-28
3630,002250,联化科技,0.1132,1962698252.37,29.9954398853,14.6667,101902161.32,104.97,120.9437,7.595259493271,1.51,-0.070871859141,30.1625161858,农化制品,2026-04-28
3631,002244,滨江集团,0.26,12490285128.27,-44.50673632,-28.1084,810803552.48,-16.92,391.3835,9.73283382814,2.71,-0.53094045525,11.0488463605,房地产开发,2026-04-28
3632,002243,力合科创,-0.0177,554199648.66,18.6834087834,-20.2513,-21481387.37,-3.77,-136.3327,6.024547761385,-0.29,-0.050057986557,19.1191869169,化妆品,2026-04-28
3633,002239,奥特佳,0.0125,1659115958.9,-13.1962057547,-24.5143,41442366.8,-11.25,-49.6614,1.740065898143,0.75,0.039091084401,12.609424393,汽车零部件,2026-04-28
3634,002227,*ST特迅,-0.0633,60266213.95,29.8487451878,-35.8821,-15698114.73,12.11,11.6871,3.717514066377,-1.69,-0.035469162693,28.285911546,其他电源设备Ⅱ,2026-04-28
3635,002226,江南化工,0.0507,2182119359.96,2.6002847295,-29.5338,134367542.4,-13.99,44.0796,3.661973699287,1.39,-0.033640651615,25.5485497755,化学制品,2026-04-28
3636,002225,濮耐股份,0.02,1300606076.45,-2.9244440338,-0.8057,18904022.63,-65.55,328.41,3.562456583689,0.46,-0.058379561564,18.5922936121,装修建材,2026-04-28
3637,002215,诺普信,0.763,2630609620.97,25.194549439,55.042,752553795.78,20.04,904.9029,4.858025631299,16.58,0.12366387693,42.6908039774,农化制品,2026-04-28
3638,002208,合肥城建,-0.03,2688470556.01,36.142606014,-28.2175,-24894561.2,-369.39,94.8276,7.372995943353,-0.42,-0.039741570018,10.6003179854,房地产开发,2026-04-28
3639,002207,*ST准油,-0.06,54812552.14,81.6277419708,-34.1748,-15707302.93,-1.01,-86.3178,0.04468770307,-82.06,-0.196005558985,-20.0726327647,油服工程,2026-04-28
3640,002206,海利得,0.11,1309816024.77,-9.8548249781,-7.7177,123141831.47,-11.85,23.8878,3.548642378723,3.03,0.111339635801,21.5770849253,化学纤维,2026-04-28
3641,002201,九鼎新材,0.024,304989022.05,4.1179615566,-46.7244,15655880.2,-4.75,4.1508,1.818438786924,1.33,0.134799032855,27.8017038286,玻璃玻纤,2026-04-28
3642,002199,东晶电子,-0.0074,151522558.92,198.5139512305,-11.4869,-1796042.32,87.8,83.5047,0.743962886114,-0.99,-0.041695179733,14.2662193432,元件,2026-04-28
3643,002195,岩山科技,0.0037,163912620.19,-0.9163559631,-12.232,21065757.03,-33.24,123.3267,1.747106821255,0.21,-0.013660669923,29.7428407425,IT服务Ⅱ,2026-04-28
3644,002192,融捷股份,1.0705,376193077.47,295.7696705462,13.6913,277972235.66,1296.26,106.2452,14.923651083741,7.5,-0.437490900731,74.3522655603,能源金属,2026-04-28
3645,002191,劲嘉股份,0.03,1004577858.71,58.1283305456,-8.1145,36534940.13,-45.16,107.4533,4.287881843468,0.59,0.204949904105,12.9031093664,包装印刷,2026-04-28
3646,002190,成飞集成,-0.0573,551258415.31,9.039239744,-32.4217,-20545051.38,-4342.63,-117.7649,12.120521735937,-0.53,-0.227182071471,4.7547163875,汽车零部件,2026-04-28
3647,002189,中光学,-0.2399,271757116.29,3.7445897378,-42.3331,-62649883.61,8.02,-84.3995,1.599605140478,-13.98,0.077816145606,-0.6618879809,军工电子Ⅱ,2026-04-28
3648,002187,广百股份,0.03,612441108.37,-62.0458356598,-2.0852,24141736.2,7.84,137.0504,5.710240868958,0.61,-0.158385097807,41.7083137936,一般零售,2026-04-28
3649,002171,楚江新材,0.088,17887346050.97,36.0703365567,9.1668,140163107.32,6.39,400.0335,5.487934730055,1.59,-1.180340914104,3.4957871368,工业金属,2026-04-28
3650,002163,海南发展,0.0,690455863.06,-1.3660346635,-31.0374,-3936195.3,73.01,96.3334,0.703550099487,-0.66,-0.280232415447,16.2692321928,装修装饰Ⅱ,2026-04-28
3651,002153,石基信息,0.0087,606469494.62,2.4172552325,-29.5356,23642710.76,11.99,112.6252,2.452563461582,0.35,-0.065881822133,49.3678009143,软件开发,2026-04-28
3652,002149,西部材料,0.0188,603178300.51,-20.0352282185,-36.3405,9196830.23,-71.4,-73.0412,7.626839968919,0.26,-0.46532464059,14.8957371865,小金属,2026-04-28
3653,002139,拓邦股份,0.04,2644453008.69,-1.0097311637,-8.6425,51889112.16,-73.65,191.7057,5.61384051134,0.74,-0.322854188866,19.990579748,消费电子,2026-04-28
3654,002129,TCL中环,-0.4119,6549096744.0,7.3428879049,-12.429,-1646700383.44,13.62,52.7779,4.948418838233,-7.81,0.075278660196,-8.6399456212,光伏设备,2026-04-28
3655,002126,银轮股份,0.26,4245278073.7,24.2666922127,-8.1177,214047300.34,0.79,-25.0268,8.834003937373,2.83,-0.367911484972,18.591069219,汽车零部件,2026-04-28
3656,002112,三变科技,0.07,514299605.27,91.1707875334,-18.9771,21068084.75,12.28,180.3511,2.941824796181,2.46,-0.13954995195,21.2660708932,电网设备,2026-04-28
3657,002106,莱宝高科,0.0494,1450514585.57,-1.5033314545,11.6001,34891047.89,-53.49,170.4755,7.957962246784,0.62,0.119963237523,14.9654687998,光学光电子,2026-04-28
3658,002101,广东鸿图,-0.0106,1960203675.63,-6.6057127003,-22.9996,-7040198.51,-115.6,-104.6218,11.985473289782,-0.09,-0.093850746234,10.6911005961,汽车零部件,2026-04-28
3659,002098,浔兴股份,0.084,570774296.6,-4.3251674633,-22.4195,30067274.84,-41.98,-22.7964,4.249082311676,2.0,0.090202116788,31.8185476469,纺织制造,2026-04-28
3660,002061,浙江交科,0.08,8173430150.56,0.0251635356,-45.4793,218279466.62,-1.33,-12.6197,5.995363437113,1.37,-0.634994845787,7.6136517629,基础建设,2026-04-28
3661,002049,紫光国微,0.3979,1499087278.85,46.1070992082,20.7607,334300512.64,180.27,91.7692,16.38860701323,2.4,-0.411986938789,52.5810695055,半导体,2026-04-28
3662,002048,宁波华翔,0.34,5169479932.93,-17.4318834431,-25.7418,272917299.08,6.63,-17.16,14.735720508252,2.35,0.232315676481,14.1350461578,汽车零部件,2026-04-28
3663,002047,宝鹰股份,-0.01,87559874.09,6.1962979378,-39.002,-9194444.33,43.25,-109.8912,0.026845005696,-19.9,0.012847878867,8.6608419654,装修装饰Ⅱ,2026-04-28
3664,002046,国机精工,-0.017,642002692.32,-8.6964382041,-11.2052,-9080792.73,-110.26,-116.7513,8.1347264715,-0.21,-0.169132814134,29.7942823867,通用设备,2026-04-28
3665,002041,登海种业,0.0383,264633306.55,62.7042732021,-55.0043,33737595.91,37.16,-10.4159,4.198337734227,0.92,-0.027088317648,32.0896290407,种植业,2026-04-28
3666,002039,黔源电力,0.2087,468464412.14,16.7199127711,-58.0336,89223352.27,72.09,-16.8426,10.609121690509,1.99,0.622373517958,56.9271703419,电力,2026-04-28
3667,002036,联创电子,-0.09,1651274749.35,-24.1395982537,-6.7183,-96796072.13,-3066.81,90.8877,0.912703178153,-9.78,0.002710576389,11.1396679379,光学光电子,2026-04-28
3668,002035,华帝股份,0.1217,1185913206.98,-5.8608919723,-20.4296,101107703.18,-4.88,284.5908,4.540927093347,2.64,-0.301819578619,44.7929726841,厨卫电器,2026-04-28
3669,002034,旺能环境,0.46,835718557.55,-4.3615615686,21.3625,201159024.1,0.25,18.3955,16.795701904545,2.75,0.589826248552,44.316510979,环境治理,2026-04-28
3670,002030,达安基因,-0.07,149439274.94,-11.6458291703,-41.2015,-98154811.55,-285.46,83.7189,5.015986160257,-1.38,-0.03251542774,30.7670367301,医疗器械,2026-04-28
3671,002023,海特高新,0.0344,357749357.72,17.342948086,-22.8794,25507975.71,35.53,103.9032,5.023981068076,0.64,-0.018609435786,32.7117417445,航空装备Ⅱ,2026-04-28
3672,002022,科华生物,-0.0942,395096525.16,1.8595333837,-12.4392,-48451272.77,9.03,90.3021,4.927763033103,-1.86,-0.199014143345,36.8071857026,医疗器械,2026-04-28
3673,002015,协鑫能科,0.182,2306093409.04,-21.3722360422,-3.5354,287879259.32,13.5,180.4256,7.446338125586,2.41,0.318578155607,30.6234243978,电力,2026-04-28
3674,002012,凯恩股份,0.01,153993907.27,9.8053233145,-18.4103,4112752.6,-18.4,-71.192,3.337920431173,0.26,-0.10103070639,17.6588140609,造纸,2026-04-28
3675,002009,天奇股份,0.06,724706440.46,16.4687698642,-9.2825,24608141.01,-41.83,296.6026,5.104898553117,1.21,0.191042849901,20.0531940737,专用设备,2026-04-28
3676,002005,德豪润达,0.0053,135253236.09,-9.9495240036,-23.5585,9286103.86,1024.82,116.5664,0.189761641746,2.76,-0.021528996806,11.148174695,小家电,2026-04-28
3677,002003,伟星股份,0.08,1040112573.0,6.2240539313,-10.9344,93079724.64,-7.23,52.003,3.931413610259,2.01,0.037215828558,38.431889621,纺织制造,2026-04-28
3678,001400,江顺科技,0.6262,283428571.6,3.3911259599,23.2973,37572461.46,12.17,139.2397,21.385631758167,2.97,0.3483872705,36.5687517475,专用设备,2026-04-28
3679,001390,古麒绒材,0.2,229254680.12,18.6856957972,-21.093,39972971.26,4.9,0.756,8.3337657721,2.4,0.24611436115,23.6930405004,纺织制造,2026-04-28
3680,001387,雪祺电气,0.0643,662430890.44,50.1412047393,12.7202,11761301.28,-38.22,-76.9597,7.215928702554,0.9,0.154342783549,13.3681998618,白色家电,2026-04-28
3681,001378,德冠新材,0.2114,415365275.96,17.2443021639,11.468,28180928.38,27.46,22.0774,14.255654618116,1.49,-0.266566708242,15.6514941433,塑料,2026-04-28
3682,001376,百通能源,0.09,287583275.19,5.8584958453,-7.9447,42591811.13,-15.9,-37.2426,2.774702622174,3.39,0.066663112172,29.3280063051,电力,2026-04-28
3683,001369,双欣材料,0.11,995267889.81,12.0704621446,8.5551,127761153.7,2.03,-3.2965,6.156196342145,1.83,-0.076671506992,20.8297447072,化学纤维,2026-04-28
3684,001367,海森药业,0.19,107192930.67,-9.5253834877,-38.1789,28908444.29,-7.38,-39.3572,10.015375271215,1.91,0.172526014039,48.1880099155,化学制药,2026-04-28
3685,001366,播恩集团,0.06,344922838.59,20.5234902397,-10.2048,9149201.78,278.79,193.2426,5.008339807692,1.14,-0.443426479836,13.9936546061,饲料,2026-04-28
3686,001358,兴欣新材,0.17,116646704.67,11.1751961461,-1.6707,21513682.24,22.98,492.0753,11.821946622727,1.49,0.223199155844,33.5075326136,化学制品,2026-04-28
3687,001338,永顺泰,0.0662,944849130.02,-7.6079807245,33.7973,33207973.08,-53.24,304.3689,7.452348145161,0.89,-0.160907430776,7.6819050686,农产品加工,2026-04-28
3688,001306,夏厦精密,-0.36,172388644.86,2.3720554318,-12.288,-22049471.44,-271.5,47.5311,20.43163211807,-1.71,-0.584195003548,2.4076793767,通用设备,2026-04-28
3689,001301,尚太科技,0.7,2195008278.98,34.8549612608,-9.9453,180820800.33,-24.42,-22.9371,27.546661188866,2.54,-5.527446869325,19.2791805116,电池,2026-04-28
3690,001299,美能能源,0.12,220354058.24,-9.975631718,4.5667,27690742.39,4.48,-23.5457,5.118086756483,2.26,0.059164319589,19.4915511441,燃气Ⅱ,2026-04-28
3691,001298,好上好,0.1998,3153726360.3,77.9889470554,40.6398,59037294.75,235.36,118.2211,5.647889314519,3.55,-3.250363691822,5.4553734628,其他电子Ⅱ,2026-04-28
3692,001288,运机集团,0.22,381363868.17,-6.3063884679,-31.133,51421275.96,32.26,-41.8801,9.946343871655,2.05,-0.88546918465,34.4541888199,专用设备,2026-04-28
3693,001287,中电港,0.2085,29862093622.94,144.3582670252,43.7424,158442987.42,87.38,494.8979,7.287202491224,2.9,-19.645448745139,2.8219546603,其他电子Ⅱ,2026-04-28
3694,001285,瑞立科密,0.46,533437871.93,13.581715039,-26.4262,82685463.64,26.28,-13.5459,21.485482210488,2.16,-0.178213433042,30.9262900201,汽车零部件,2026-04-28
3695,001283,豪鹏科技,0.42,1352972764.0,10.4631390926,-8.2812,40066448.35,25.94,43.5091,35.628144273379,1.13,0.438623751961,21.2626533863,电池,2026-04-28
3696,001279,强邦新材,0.0404,415599749.67,14.990235564,1.0671,6467501.11,-68.68,-18.7453,6.364869970813,0.64,-0.736822371688,7.6813029496,包装印刷,2026-04-28
3697,001277,速达股份,0.189,242149586.55,45.0339768569,-28.3875,14366454.53,30.4,27.8965,20.675749806184,0.92,-1.289825345789,17.4492905117,专用设备,2026-04-28
3698,001270,铖昌科技,0.2198,103897665.11,12.9213814024,5.4508,44724149.72,50.0,67.1855,7.57038495373,2.91,-0.101670250614,82.1705637654,军工电子Ⅱ,2026-04-28
3699,001267,汇绿生态,0.0191,386585092.19,25.1839588385,-21.1735,14867595.9,-25.03,-59.1142,2.090828973346,0.89,-0.383501975263,21.5950026906,通信设备,2026-04-28
3700,001266,宏英智能,0.35,543758755.02,186.1530887244,421.9769,36311194.66,1309.44,823.4989,9.51725678723,3.61,-0.01901436241,18.0553606307,自动化设备,2026-04-28
3701,001257,盛龙股份,0.2376,1336411750.33,-1.5698598442,157.0463,385067354.08,3.74,407.099,4.163315106344,6.56,0.455386689452,50.9763652573,小金属,2026-04-28
3702,001239,永达股份,0.0107,464325865.73,-1.3375010662,-9.6021,2570909.41,-85.92,110.5286,5.654766387208,0.19,-0.015388602583,9.152877896,工程机械,2026-04-28
3703,001227,兰州银行,0.0934,2033024832.02,-0.2032894988,8.6273,531782942.6,-4.79,47.5071,5.404078486523,1.74,-0.302263478907,,银行Ⅱ,2026-04-28
3704,001222,源飞宠物,0.1205,449863312.93,34.3571516713,-0.57,22701977.36,-10.51,258.3,7.459378146786,1.6,0.228110001519,22.5561831146,文娱用品,2026-04-28
3705,001212,中旗新材,0.02,87171123.43,7.6533864071,-12.5554,3771052.19,191.23,110.6252,9.555068822233,0.2,0.157372079976,18.2539947793,装修建材,2026-04-28
3706,001211,双枪科技,0.07,415482605.92,24.4329672395,-18.9997,5444936.01,-41.48,190.9039,11.99077675625,0.63,-0.557649762361,36.1612309515,家居用品,2026-04-28
3707,001208,华菱线缆,0.05,1213471497.41,20.7035392405,7.3399,30444253.28,-5.34,68.8344,4.607187453333,1.04,-0.15538338467,10.3633097274,电网设备,2026-04-28
3708,001201,东瑞股份,-0.74,622769008.9,25.9758817405,16.4435,-188556734.56,-3292.8,-9.6392,11.780027433471,-6.02,0.128838826891,-2.0497173988,养殖业,2026-04-28
3709,000969,安泰科技,0.0959,2402721553.63,34.8284574029,13.7056,99214971.94,20.19,19.1289,5.6010467619,1.7,-0.414812894873,17.1292818815,金属新材料,2026-04-28
3710,000968,蓝焰控股,0.15,481293465.43,-14.7742431534,-3.9127,147641158.42,-20.03,120.6337,6.60916697397,2.34,0.260318199208,31.6528159662,油气开采Ⅱ,2026-04-28
3711,000967,盈峰环境,0.07,3921501368.15,23.2251074112,-8.7928,214289794.67,18.61,173.1104,5.429786138552,1.24,-0.388888799059,22.3830806986,环保设备Ⅱ,2026-04-28
3712,000962,东方钽业,0.1067,477029588.55,41.0774004547,38.487,54346417.02,-3.82,8.7313,7.591026108557,1.7,-0.414731247061,14.8853675798,小金属,2026-04-28
3713,000960,锡业股份,0.5178,15551862935.68,59.8583424538,70.5663,867590831.63,73.71,292.8424,12.592217746061,4.24,-0.210245289645,10.043981058,小金属,2026-04-28
3714,000953,中哲精化,0.0026,37228726.03,-8.8269853771,-25.8787,953625.33,-29.98,167.7237,0.421609988326,0.62,0.01149480965,15.3734856127,化学制药,2026-04-28
3715,000927,中国铁物,0.0168,7789454249.88,-9.1019842547,-10.683,101365766.39,-42.66,-17.859,1.627921654072,1.03,0.095164746792,5.9967456499,轨交设备Ⅱ,2026-04-28
3716,000922,佳电股份,0.1158,1220041849.18,5.5570303547,-4.6839,80446487.96,46.03,38.3339,6.749484609221,1.73,-0.776660977811,19.3471787512,电机Ⅱ,2026-04-28
3717,000919,金陵药业,0.045,768671414.38,-5.1039256404,-5.9362,28003133.19,21.85,292.5445,6.119357577307,0.74,-0.001684705527,21.5107079185,化学制药,2026-04-28
3718,000917,电广传媒,-0.07,1076585525.48,16.7312636588,-6.098,-92648499.64,-3172.74,-1763.0495,7.260001215084,-0.9,0.159075857097,26.233720019,电视广播Ⅱ,2026-04-28
3719,000903,ST云动,-0.02,1236501385.95,-17.6110354796,51.3292,-38798271.63,-57.7,94.2773,0.317929268969,-6.14,-0.126749649353,8.1320207953,汽车零部件,2026-04-28
3720,000902,新洋丰,0.397,5499889538.63,17.8176961188,20.248,498529503.83,-3.11,108.788,9.802065324153,4.11,0.515780522023,18.0102434651,农化制品,2026-04-28
3721,000899,赣能股份,0.2071,2240533135.22,52.4374031716,0.5178,202030880.13,4.69,48.7199,6.820543393958,3.09,1.107847470767,17.4942897879,电力,2026-04-28
3722,000893,亚钾国际,0.5829,1487831535.97,22.7045296636,2.0291,532507990.34,38.52,71.9717,15.036229695412,3.91,0.844674464836,57.3642080509,农化制品,2026-04-28
3723,000888,峨眉山A,0.1124,220536027.63,-2.438669176,9.955,59216620.55,0.53,517.2005,5.171325143591,2.2,0.123324736666,52.0051806104,旅游及景区,2026-04-28
3724,000881,中广核技,-0.0623,1080594965.11,1.8306721485,-27.4021,-58891859.74,9.47,68.2107,5.264049151408,-1.18,0.029745985199,11.2378033047,化学制品,2026-04-28
3725,000877,天山股份,-0.2102,12334444568.29,-17.4762076796,-36.9345,-1494860538.1,0.08,76.0093,10.394430767554,-2.0,-0.468183827065,10.6352602544,水泥,2026-04-28
3726,000869,张裕A,0.23,878124848.0,8.2872575315,0.6219,148506918.0,-6.76,227.7776,15.957689570653,1.43,0.27960711492,57.0805404427,非白酒,2026-04-28
3727,000868,安凯客车,0.002,682152169.92,3.7335071198,-30.5672,1850674.3,-57.65,103.9728,0.854479830622,0.23,-0.320860548824,8.7265551742,商用车,2026-04-28
3728,000863,三湘印象,-0.0043,212278257.35,-4.4359396343,50.703,-5077239.18,-132.59,96.4031,3.68636085871,-0.12,0.050427892782,33.5906393948,房地产开发,2026-04-28
3729,000856,冀东装备,-0.0606,530003312.0,-14.2058669926,-28.5295,-13763730.1,-11547.72,-176.4786,1.842893177841,-3.24,-0.350455525771,5.7569418378,专用设备,2026-04-28
3730,000850,华茂股份,-0.216,781190257.94,2.6494579502,-9.5811,-197310527.21,-383.4,-675.6717,4.744299495649,-4.33,-0.158060325547,10.7681642295,纺织制造,2026-04-28
3731,000848,承德露露,0.25,1139237480.55,13.727838329,-6.439,248437347.38,15.31,2.0267,3.638323075612,6.88,0.051792146233,49.3244983143,饮料乳品,2026-04-28
3732,000839,国安股份,-0.0008,857706444.0,3.0411288489,-11.3768,-3215098.47,-192.83,-103.749,0.396200749489,-0.2,-0.030498144294,15.3651445715,通信服务,2026-04-28
3733,000831,中国稀土,0.1306,820743355.3,12.7856553133,19.3557,138554049.7,90.8,806.6569,4.661745775326,2.84,0.080841222622,20.836107416,小金属,2026-04-28
3734,000825,太钢不锈,0.004,22213320748.55,-4.7052205442,-0.7083,20178257.54,-89.26,103.9066,5.73723931162,0.06,0.110994597966,0.9657721033,特钢Ⅱ,2026-04-28
3735,000819,岳阳兴长,0.008,1087026036.25,2.2557332414,1.21,2800470.13,-79.42,113.8146,5.626118019113,0.14,0.062498462333,16.4552309296,炼化及贸易,2026-04-28
3736,000809,和展能源,0.004,75593232.94,9339.7238333904,-70.4925,3338785.76,122.86,127.8148,3.221860195631,0.13,-0.03191187953,17.1529671979,风电设备,2026-04-28
3737,000801,四川九洲,0.0146,1007158390.7,23.8737534354,-21.4232,14819319.85,-32.2,-81.7781,3.065116141847,0.48,-0.703329443999,17.3054904203,黑色家电,2026-04-28
3738,000797,中国武夷,-0.0613,792750284.86,-8.0002035242,-83.4168,-96310012.1,-112.34,68.2342,2.947631594173,-2.06,-0.281076225295,16.8753938605,房地产开发,2026-04-28
3739,000789,万年青,-0.0253,807981605.68,-23.982236414,-34.197,-20189916.06,-157.12,-193.7698,8.091916859444,-0.31,-0.117509661813,16.5680683767,水泥,2026-04-28
3740,000788,北大医药,0.0453,215174005.41,-57.1673421146,-14.3342,26996289.91,-40.85,150.8427,2.497954042369,2.17,0.314526123836,33.8316165381,化学制药,2026-04-28
3741,000778,新兴铸管,0.0498,9876470247.83,17.9258451646,0.3768,197231864.73,43.94,-20.3832,6.724928977348,0.75,-0.316585156289,6.3756290862,普钢,2026-04-28
3742,000777,中核科技,-0.0279,120883028.28,-49.2116673043,-81.3698,-10708356.34,-692.78,-118.3593,6.407090398353,-0.43,-0.676552105605,11.3693006583,通用设备,2026-04-28
3743,000776,广发证券,0.58,11681980573.19,64.33,25.2299,4707447205.41,70.73,70.1113,17.606395103211,3.32,2.418269763042,,证券Ⅱ,2026-04-28
3744,000766,通化金马,0.0094,300103166.53,0.2742325306,8.0649,9129303.66,-21.18,-2.0777,2.400074992206,0.39,0.042204025883,74.8484156189,化学制药,2026-04-28
3745,000761,本钢板材,-0.261,10378148324.2,-15.8832053902,-7.2669,-1071171849.91,-39.78,37.9567,1.441955057229,-14.47,0.019320875538,-6.8447131988,普钢,2026-04-28
3746,000758,中色股份,0.1305,3121211343.75,27.0340365734,-2.1343,259790838.12,4.94,4970.6734,3.131925375904,4.25,-0.224253650167,15.9562467917,工业金属,2026-04-28
3747,000735,罗牛山,-0.1441,585787590.78,29.9412274624,-66.4921,-165935659.87,-2143.1,-209.9109,3.620246688424,-3.9,-0.067276601475,5.3514273439,养殖业,2026-04-28
3748,000731,四川美丰,-0.0583,881427313.0,-3.2428215818,-11.6659,-31986490.06,-161.26,72.0934,6.956967426756,-0.83,-0.369658472878,7.9548878627,农化制品,2026-04-28
3749,000727,冠捷科技,-0.0625,12600320661.23,2.762252489,-17.9916,-282922470.86,-66.5731689367,-54.7841,0.397956311749,-14.78,-0.245719088717,8.4302065447,光学光电子,2026-04-28
3750,000716,黑芝麻,0.044,646177178.05,46.2262765277,-17.9661,32899438.42,1361.48,160.2168,3.359156559181,1.31,0.119815790732,21.6351466841,休闲食品,2026-04-28
3751,000711,ST京蓝,0.0032,137203628.11,8.6087052224,-4.4858,9300419.3,171.81,108.7587,0.224233133143,1.19,-0.025205913119,13.2411755944,环境治理,2026-04-28
3752,000697,炼石航空,0.0009,580804236.96,33.9340363439,13.1245,1219264.64,102.26,100.3556,2.413885084912,0.04,-0.032293890379,16.4821117389,航空装备Ⅱ,2026-04-28
3753,000690,宝新能源,0.14,2098022535.22,5.9774906361,11.6022,309751665.38,3.43,52.2009,6.015698256329,2.4,0.364769302013,23.4015212267,电力,2026-04-28
3754,000672,上峰材料,0.03,721340577.83,-24.1732137241,-34.0591,31906346.2,-60.08,-70.9046,9.374303991596,0.35,0.05724633787,24.5417951895,水泥,2026-04-28
3755,000668,荣丰控股,-0.09,53832329.56,-33.3257405665,-78.5701,-12682218.46,13.14,-123.6826,5.088721107036,-1.68,-0.287372102402,0.1331344391,房地产开发,2026-04-28
3756,000663,永安林业,-0.0369,58420675.05,6.8936972283,-46.1003,-12435166.94,34.27,83.4924,2.703858569561,-1.35,-0.126291278043,11.3554652601,林业Ⅱ,2026-04-28
3757,000659,珠海中富,-0.0042,219332258.49,-7.888163235,31.1595,-5392756.87,72.2,91.2438,0.071535059572,-5.02,0.015101442867,17.6399127271,包装印刷,2026-04-28
3758,000656,金科股份,-0.004,239922999.74,-68.135001555,-79.7475,-42239807.17,97.39,-100.1053,0.386874649618,-1.02,-0.013982296344,13.7350600216,房地产开发,2026-04-28
3759,000650,仁和药业,0.1003,1129224010.41,14.5670017111,60.6361,140374777.74,-14.57,897.4813,4.611579033479,2.2,0.088970823566,36.7037035087,中药Ⅱ,2026-04-28
3760,000625,长安汽车,0.04,32706438744.02,-4.2568014085,-33.3505,350518930.55,-74.09,-65.6356,7.787898263658,0.45,-1.174964475774,14.0757892298,乘用车,2026-04-28
3761,000598,兴蓉环境,0.177,2087040347.57,3.1527139527,-17.1761,527457317.25,3.86,119.0038,6.787005271594,2.64,0.058296801606,46.5399490638,环境治理,2026-04-28
3762,000597,东北制药,0.019,2006198284.03,3.0257979287,25.6412,26631068.38,-26.68,-69.5183,3.892996395069,0.48,0.011834487427,28.4396519223,化学制药,2026-04-28
3763,000590,古汉医药,-0.0285,71667915.65,9.8859848508,-36.497,-6813530.68,58.09,80.9124,2.258305569578,-1.25,-0.099556497398,42.811518518,中药Ⅱ,2026-04-28
3764,000586,汇源通信,-0.0287,95242698.66,10.6329565355,-37.1727,-5544521.98,-315.6366979139,66.6443,1.64635808323,-1.73,-0.033680846102,25.1641721383,通信设备,2026-04-28
3765,000582,北部湾港,0.094,1725821441.95,5.0269929871,-16.9743,229334824.75,16.93,-8.0123,8.110532730677,1.16,0.299222482024,30.4857076399,航运港口,2026-04-28
3766,000570,苏常柴A,0.1054,941778496.02,4.9027199889,127.5126,74394909.83,70.16,1074.8755,5.004879425282,2.13,-0.396834142282,14.283614802,汽车零部件,2026-04-28
3767,000566,海南海药,-0.0589,168179556.43,-18.5956697209,-12.177,-76452135.09,-11.8286063949,59.2654,0.003428056374,-179.16,0.011828580407,24.8556143073,化学制药,2026-04-28
3768,000555,神州信息,-0.0962,1765056718.65,-18.2732378414,-60.6851,-92473721.71,0.5,-156.6537,5.828644238013,-1.64,-1.037569853431,12.4392346314,IT服务Ⅱ,2026-04-28
3769,000552,甘肃能化,0.01,2495330187.99,27.9252901945,45.1473,65231957.53,41.17,1.7502,3.053636427375,0.39,0.020782774803,17.8798195047,煤炭开采,2026-04-28
3770,000545,金浦钛业,-0.0288,292714558.53,-46.0346936631,-11.8082,-28408347.14,-84.66,89.1476,0.632134364006,-4.46,-0.011834390706,0.1543154199,化学原料,2026-04-28
3771,000541,佛山照明,0.017,2096453494.71,-2.2676879961,-7.4254,26142891.26,-59.63,-64.5948,4.475701640777,0.38,-0.091676583103,15.7134838279,照明设备Ⅱ,2026-04-28
3772,000537,绿发电力,0.04,1177208154.36,14.7579023801,-0.7254,88962788.64,-65.01,1958.5608,9.68133010094,0.45,0.250670190959,36.9308514989,电力,2026-04-28
3773,000536,华映科技,-0.0803,290064892.64,-15.1793771734,-14.5983,-222122294.23,4.66,28.3695,0.303699639451,-22.82,-0.027785307754,-16.1766349533,光学光电子,2026-04-28
3774,000526,学大教育,0.7584,950601790.07,10.0637819975,54.7973,90670563.47,22.9,351.7543,8.541262809778,9.14,4.503348484134,32.4681536479,教育,2026-04-28
3775,000525,红太阳,0.0025,673319462.49,-20.573887934,-10.4788,3201016.06,-89.06,102.9839,1.905271294769,0.13,0.077050874795,22.7941321572,农化制品,2026-04-28
3776,000524,岭南控股,0.049,1019364762.58,10.4490562125,-6.5121,32865719.89,23.63,630.0934,3.451503082032,1.43,-0.079727926856,19.6132509588,旅游及景区,2026-04-28
3777,000523,红棉股份,0.0259,509053215.42,-1.139599175,7.0361,47476754.18,298.36,237.4713,1.067733472725,2.44,0.02051633328,13.7491449813,综合Ⅱ,2026-04-28
3778,000519,中兵红箭,0.0392,1742705138.3,181.264531442,-70.2087,54630031.74,142.36,-45.6503,7.473390582288,0.53,0.47001402742,17.1476029629,地面兵装Ⅱ,2026-04-28
3779,000428,华天酒店,-0.0613,119669115.25,0.5359696261,-8.0333,-62487029.24,1.42,-15.6634,1.252892032346,-4.78,0.004265872438,1.9884426529,酒店餐饮,2026-04-28
3780,000422,湖北宜化,0.1664,6756183954.65,15.0261490892,4.1641,181130818.63,36.19,6131.3004,5.721859324334,2.62,0.872227364106,13.9625030747,农化制品,2026-04-28
3781,000421,南京公用,0.126,2541479718.32,24.4019144066,150.8808,72387247.57,119.93,206.7331,4.906224802436,2.6,0.301781219489,12.8935316842,综合Ⅱ,2026-04-28
3782,000411,英特集团,0.144,8594984814.51,1.8732028802,-1.3953,80154301.42,-20.48,-55.1552,9.568351217335,1.51,-2.488818413173,6.3271482888,医药商业,2026-04-28
3783,000407,胜利股份,0.0409,1012663976.75,-10.7427278855,-9.8126,35991880.71,31.14,0.8257,3.514395323113,1.17,-0.125301998845,12.1604805925,燃气Ⅱ,2026-04-28
3784,000099,中信海直,0.1201,502587618.96,1.389645602,-16.6175,93135582.82,2.11,45.4802,7.201302147739,1.68,0.410689475741,21.2366296092,航空机场,2026-04-28
3785,000068,华控赛格,-0.018,48393895.23,-64.4104064669,-84.6284,-18165235.54,-4.59,-308.5065,0.581485133674,-3.06,-0.028127197942,12.2355672588,环境治理,2026-04-28
3786,000061,农产品,0.068,1282790146.94,-18.5303207532,-3.5834,135024908.34,80.89,24.3075,4.354360449524,1.55,0.109738646327,25.7296111533,一般零售,2026-04-28
3787,000059,华锦股份,0.0277,8368762031.04,-8.6485398998,-27.0125,44357124.97,112.97,111.9982,6.093277897754,0.46,-0.867502284147,17.9390519732,炼化及贸易,2026-04-28
3788,000058,深赛格,0.0201,343592992.5,-7.4154060628,-26.9578,24708029.52,2.15,205.1776,1.654993628025,1.22,-0.020843615491,28.88526625,一般零售,2026-04-28
3789,000055,方大集团,0.0263,729005218.84,-3.3582424724,-10.8799,28201271.6,-14.61,105.3074,5.205055517149,0.51,-0.080285424487,18.7893248142,装修建材,2026-04-28
3790,000034,神州数码,0.3358,40557142015.74,27.6247556214,-2.002,235993097.38,8.62,260.4368,15.485296122446,2.12,-3.445425953397,3.3667113155,IT服务Ⅱ,2026-04-28
3791,000032,深桑达A,-0.0678,12813395816.39,2.1376031473,-20.669,-82405833.63,-141.97,-147.9792,6.078594536399,-1.11,0.723330484031,6.6395483396,专业工程,2026-04-28
3792,000025,特力A,0.0772,180492862.07,-45.0553040691,-38.7599,33276880.54,-2.78,72.7254,4.314778927988,1.81,0.265836079744,35.2630931662,综合Ⅱ,2026-04-28
3793,000019,深粮控股,0.0563,1159515736.18,-5.4753105176,-26.9276,64945146.92,-28.88,21002.2608,4.384770654825,1.29,0.203659596455,16.8991809594,农产品加工,2026-04-28
3794,000012,南玻A,-0.03,2990246615.0,-2.5605436369,-9.2477,-98642973.0,-721.57,-298.9212,4.284056123065,-0.75,0.012841955145,11.0208493957,玻璃玻纤,2026-04-28
3795,920976,视声智能,0.18,66019133.98,7.4076707577,-36.175,12853383.61,-15.59,-44.2401,4.116971120059,4.5,-0.047151071126,55.0355572992,计算机设备,2026-04-27
3796,920970,大禹生物,-0.16,33740362.7,14.479128839,-55.0293,-17416636.89,-437.62,8.9893,2.221066943921,-6.84,-0.168032234244,13.5985484234,动物保健Ⅱ,2026-04-27
3797,920964,润农节水,0.01,136544947.66,-13.5476929819,-78.1109,2974951.13,-41.23,137.8057,3.341448135203,0.34,-0.225093812517,17.1000645869,农业综合Ⅱ,2026-04-27
3798,920957,汉维科技,0.04,161109287.61,15.304972131,1.6459,4454829.64,435.05,60.7817,3.696619162256,1.13,-0.056932551743,11.2244694879,化学制品,2026-04-27
3799,920942,恒立钻具,0.0806,35928879.48,-8.837558294,-20.5314,4943970.01,-60.8,504.606,8.224454042177,0.99,0.225589117046,29.9569427875,工程机械,2026-04-27
3800,920932,科达自控,-0.05,100629281.95,49.2831604245,19.3346,-5456631.52,11.11,94.0911,5.722338544675,-8.04,0.384294965608,34.0787688687,软件开发,2026-04-27
3801,920926,鸿智科技,0.005,88799539.76,-12.5388804377,-36.4602,442818.72,-93.96,-93.6549,3.128627334363,0.16,0.057987943243,13.0240204749,小家电,2026-04-27
3802,920924,广脉科技,0.04,80928600.18,-0.1798632468,-61.0498,3973868.8,-43.63,27.9603,3.011024817678,1.24,0.260404413471,23.9339218854,通信服务,2026-04-27
3803,920879,基康技术,0.1,76778815.96,-2.1393910151,-46.1452,16209521.71,-17.14,-42.8171,3.883728267689,2.52,-0.24448231553,52.625199236,通用设备,2026-04-27
3804,920857,泓禧科技,-0.25,95830621.86,-8.7912508555,7.0046,-18322920.37,-753.39,-45.3733,4.605882990471,-5.23,-0.235542622691,4.1257944207,消费电子,2026-04-27
3805,920839,万通液压,0.2199,166688138.09,0.1069382077,-12.453,25939209.03,-23.31,-14.2207,5.743301540104,3.84,-0.152638704395,28.1837948569,工程机械,2026-04-27
3806,920837,华原股份,0.15,167933459.76,10.4635687821,7.0487,22169527.63,30.43,40.552,3.906805271925,3.81,0.094894849173,31.0141278006,汽车零部件,2026-04-27
3807,920807,奔朗新材,-0.01,124823227.08,6.7600782173,-17.5987,-2338796.47,-140.18,71.3097,5.147511286837,-0.25,-0.23645703068,26.4086769755,通用设备,2026-04-27
3808,920806,云星宇,0.06,483010886.5,5.5410250303,-22.083,18278580.51,-12.09,-64.6194,5.197198842833,1.18,-0.520577801509,10.7673572509,IT服务Ⅱ,2026-04-27
3809,920802,保丽洁,0.0574,44878004.15,15.6653937592,-21.9591,4710593.37,17.04,-50.3675,5.436473784419,1.06,0.068276288775,36.8818255925,环境治理,2026-04-27
3810,920799,艾融软件,0.02,118810666.61,37.3911784885,-18.6655,4006155.88,-84.29,-67.6547,2.000139994389,0.96,-0.255872172211,26.9768207473,软件开发,2026-04-27
3811,920790,联迪信息,-0.02,52637837.6,12.2807413024,-24.5449,-1643217.02,-120.04,-381.6835,3.927262205412,-0.53,0.0008106217,20.769991224,IT服务Ⅱ,2026-04-27
3812,920781,瑞奇智造,-0.05,34880703.11,-29.1002804191,-62.6745,-7060521.83,-308.99,79.3096,2.285339000703,-1.98,-0.197087849006,19.5219131006,专用设备,2026-04-27
3813,920768,拾比佰,0.14,476891728.99,14.6943955117,-2.8112,15631999.55,43.26,90.8681,6.500235229972,2.19,0.022698861855,10.4548969544,家电零部件Ⅱ,2026-04-27
3814,920748,路桥信息,-0.08,54698582.25,95.3100204977,16.2434,-6062368.23,5.48,81.9111,2.698012838415,-2.89,-0.231803142168,20.6508877842,IT服务Ⅱ,2026-04-27
3815,920717,瑞星股份,0.02,12570446.59,-52.3611632702,-66.5841,2548937.09,160.62,114.4983,4.793275832316,0.46,-0.016491964684,31.2993837715,专用设备,2026-04-27
3816,920690,捷众科技,0.22,82001004.16,12.4655014944,-28.9485,14378672.74,6.35,-23.226,9.308407475566,2.36,0.293436780694,33.8671601336,汽车零部件,2026-04-27
3817,920685,新芝生物,0.08,34891531.29,6.8284750209,-37.1928,6957831.91,7.02,-52.0005,6.177864322457,1.24,-0.14484219181,62.7304610625,通用设备,2026-04-27
3818,920576,天力复合,0.014,102779772.73,-23.8794829518,-14.261,1520075.56,-83.89,170.3741,4.104881948141,0.34,-0.320478431574,11.6477447965,金属新材料,2026-04-27
3819,920571,国航远洋,0.0527,238143364.17,19.6421983666,-21.8791,29267471.4,289.69,6.395,2.483530148361,2.14,0.118411196509,29.410680484,航运港口,2026-04-27
3820,920564,天润科技,-0.2,21522852.38,33.0650523249,-78.4006,-18089287.37,-190.23,-215.3763,3.435741515712,-5.74,-0.225391313446,11.0977203106,IT服务Ⅱ,2026-04-27
3821,920547,无锡晶海,0.25,109875444.29,5.4689540072,-2.5796,19775928.3,3.36,31.9512,9.398707343991,2.75,0.189120696375,32.9149089259,生物制品,2026-04-27
3822,920527,夜光明,0.09,80373720.76,-3.9276873902,-19.7277,5503948.12,50.83,-41.2451,6.638683552372,1.39,0.092010094649,26.5430121541,纺织制造,2026-04-27
3823,920476,海能技术,-0.0036,66424451.2,19.6853459825,-50.6532,-285088.83,45.11,-101.1867,5.256653806184,-0.06,-0.221964003085,62.9938421381,通用设备,2026-04-27
3824,920471,美邦科技,0.07,115795106.39,0.0681485891,10.5684,5499522.08,836.31,127.3988,6.154126099519,1.08,0.13043050024,16.3269713111,化学制品,2026-04-27
3825,920438,戈碧迦,0.08,150788465.71,21.3860086377,8.9968,11518695.91,31.16,46.4876,6.762529176353,1.18,-0.109454210827,28.9125828058,光学光电子,2026-04-27
3826,920407,驰诚股份,0.01,47427244.68,26.4964298284,-43.668,883681.83,-8.66,253.7161,3.210083721775,0.32,-0.063660229317,37.4485525774,通用设备,2026-04-27
3827,920403,康农种业,0.08,39718500.23,63.4596216268,-87.6297,7491532.19,944.14,-90.8441,5.675226481536,1.34,-0.287804509774,44.5046489108,种植业,2026-04-27
3828,920346,威贸电子,0.12,69810558.01,-3.7337012856,-16.4741,9491846.66,-13.76,-35.1707,6.028990446158,1.98,0.242986474184,26.9980453921,消费电子,2026-04-27
3829,920274,宏裕包材,0.12,171829423.09,10.5381136574,7.2241,9686051.58,40.24,195.4795,6.154290307342,1.95,-0.352494259734,14.9549548953,包装印刷,2026-04-27
3830,920270,天铭科技,0.06,51784486.51,23.4269929373,-2.5719,5982453.72,-36.12,462.1845,3.967258533972,1.45,-0.072603797507,35.5671562881,汽车零部件,2026-04-27
3831,920267,鑫汇科,-0.08,109110734.14,-18.700048288,-29.6948,-3563143.54,-162.65,76.1799,4.824975450924,-1.47,0.402308803318,13.4465388631,消费电子,2026-04-27
3832,920252,天宏锂电,0.02,97408053.17,-4.1933194152,-8.8199,2321129.19,-23.09,1.4941,2.586689485158,0.88,-0.049631363616,14.0167799023,电池,2026-04-27
3833,920247,华密新材,0.08,112755565.38,17.537923297,-11.6977,11861634.67,25.68,-35.8048,3.119914815697,2.44,0.241622496767,32.3600773559,汽车零部件,2026-04-27
3834,920239,长虹能源,0.36,1195751921.61,24.1770031525,-3.2652,66076428.95,14.15,-9.3314,6.320414873103,5.91,0.656506507698,16.2364048689,电池,2026-04-27
3835,920225,利通科技,0.07,104927751.56,-15.5603049481,-9.047,9496052.07,-73.36,-44.4742,5.837458645283,1.29,0.0721264893,39.5819060092,橡胶,2026-04-27
3836,920221,易实精密,0.13,83939838.46,5.0132492778,-14.3779,15281523.71,1.61,44.5555,3.730770669511,3.59,0.224027989314,31.8148716151,汽车零部件,2026-04-27
3837,920220,朗信电气,0.31,280239374.68,-1.8791205138,-36.5195,16296399.69,29.4804129873,-67.9271,15.008329419932,2.07,1.039734403147,17.9790986893,汽车零部件,2026-04-27
3838,920207,众诚科技,-0.04,29461790.93,-54.957492972,-82.453,-3250516.66,50.2,-130.5993,3.046162511308,-1.1,-0.115302124302,24.1241982773,软件开发,2026-04-27
3839,920188,悦龙科技,0.53,83258943.44,15.0611991302,33.751,32073575.24,29.43,143.9708,9.826438497647,4.86,0.513730024357,57.4712981729,橡胶,2026-04-27
3840,920180,爱得科技,0.11,60686546.82,-9.1357957879,-23.1467,12124131.48,-23.24,-33.4077,6.705935303429,1.85,-0.111967695957,58.5040890616,医疗器械,2026-04-27
3841,920163,方大新材,0.13,207944653.83,0.1302835523,5.1682,16426296.95,39.02,6.9841,4.013979686387,3.23,0.323789289855,15.3884954389,包装印刷,2026-04-27
3842,920124,南特科技,0.17,276058851.72,-1.8327866589,2.1541,24577019.97,-29.11,71.1324,7.26133854389,2.3,-0.528406426832,22.8102367331,通用设备,2026-04-27
3843,920123,芭薇股份,0.09,227278640.36,40.2886192671,-3.3186,9994922.96,15.91,8.2641,3.828567283127,2.37,-0.56283635225,23.555263317,化妆品,2026-04-27
3844,920100,三协电机,0.22,154283346.29,26.7429054054,7.4826,16183894.47,-4.5,13.6015,6.452336766099,3.45,0.057573277893,24.5471391895,电机Ⅱ,2026-04-27
3845,920082,方正阀门,0.08,171051328.7,0.8686284323,18.8377,11478134.85,-63.6,73132.4319,3.72016111066,2.15,0.042500677995,20.1602246426,通用设备,2026-04-27
3846,920035,精创电气,0.19,135309813.39,25.8077841357,-8.5129,11160247.28,26.17,-25.5932,10.249386917545,1.9,-0.024498060328,46.1984994465,自动化设备,2026-04-27
3847,920030,德众汽车,0.01,481120603.18,-16.1612097132,-20.6539,1851835.17,22.71,107.9678,2.438686406514,0.43,0.378822061755,8.591119993,汽车服务,2026-04-27
3848,920008,成电光信,-0.0006,27033696.13,33.4127131778,-24.1683,-41376.14,98.93,-100.3815,5.107349132863,-0.01,-0.587333147765,50.2274239701,军工电子Ⅱ,2026-04-27
3849,874417,泰鹏环保,0.22,110994504.09,9.3741657353,,20314346.08,43.4471638625,,4.723442855824,4.84,0.002907736703,32.1765315524,,2026-04-27
3850,872836,康派斯,0.18,335015605.06,80.5757367257,-10.0051,16715898.34,222.48,87.2543,5.175375055162,3.62,0.375517364227,23.3861527423,,2026-04-27
3851,833839,天波科技,0.19,360374304.14,52.0406671854,,16758482.85,87.7384753546,,5.341469971711,3.54,-0.369235863213,21.9716962948,,2026-04-27
3852,833502,ST联创集,0.0001,537735.85,-84.5086826574,-56.1538,139076.77,101.49,100.0562,-0.193666710335,,-0.000938138678,,,2026-04-27
3853,833044,硅谷天堂,-0.0077,189644382.43,4.6941035532,,-32269188.6,-128.33,,1.057261013538,-0.72,-0.050290461512,18.3567859348,,2026-04-27
3854,832905,信源小贷,0.01,4185122.46,6.3418500059,-33.7207,2767527.28,65.02,453.2802,1.167431565313,1.25,0.017738443725,,,2026-04-27
3855,688809,强一股份,0.86,284828466.1,229.3946579078,-21.9701,112012161.97,697.6,-22.8274,32.264156747374,2.72,0.53901752873,64.5351443825,半导体,2026-04-27
3856,688795,摩尔线程,0.06,737595528.38,155.3483184294,2.3123,29359218.61,126.0998875154,110.5891,24.508130693737,0.26,-3.162952991501,67.3514013135,半导体,2026-04-27
3857,688662,富信科技,0.09,116988096.77,4.3280290638,1.2017,7386489.63,5.06,10.5286,8.369614845195,1.01,-0.055304727675,29.2169083639,其他电子Ⅱ,2026-04-27
3858,688563,航材股份,0.27,658024424.09,0.7870145002,-19.6239,120312392.46,-11.52,-11.6074,23.198225637133,1.15,-0.789905640111,25.5145262582,航空装备Ⅱ,2026-04-27
3859,688350,富淼科技,0.15,347577099.57,7.8267787377,16.5583,19071473.84,251.8,193.6253,12.976693673985,1.12,0.516744345903,19.4664150871,化学制品,2026-04-27
3860,688138,清溢光电,0.18,330375766.52,10.6652383072,6.1098,55693659.32,7.64,27.8521,9.003496133545,1.98,0.191188704765,31.281076923,半导体,2026-04-27
3861,688118,普元信息,-0.306,28707231.21,-22.921607305,-84.2137,-28548119.42,-3.6576951249,-155.8462,9.051915602514,-3.32,-0.409847260587,38.657890163,软件开发,2026-04-27
3862,605218,伟时电子,-0.11,536506656.58,16.8452079445,-26.9355,-25604643.65,-287.3,-1122.539,7.30493562221,-1.57,-0.337600713138,6.5907169457,光学光电子,2026-04-27
3863,605151,西上海,0.15,441058080.58,18.9438949212,-18.838,19904947.11,359.8176512515,342.8958,10.232857087234,1.46,0.248436530442,18.6881855699,汽车零部件,2026-04-27
3864,603685,晨丰科技,0.04,242403311.55,-6.3817059211,-5.0346,9969170.54,304.7491859013,510.8425,7.951681170931,0.5,0.14469726265,20.9026514968,光学光电子,2026-04-27
3865,603648,畅联股份,0.0918,366841021.06,5.296104402,-8.2736,33267059.97,4.96,4.1859,5.226787310879,1.77,0.087543340936,22.16460541,物流,2026-04-27
3866,603599,广信股份,0.17,911720423.29,-7.1369776128,4.844,157326949.62,-2.27,15.2794,11.228869634778,1.55,0.139787231262,34.9757659436,农化制品,2026-04-27
3867,603439,三力制药,0.11,381730286.64,-6.5736402274,-42.5403,44411545.94,5.88,228.607,3.65150996394,3.03,0.033242310468,71.7664940032,中药Ⅱ,2026-04-27
3868,603208,江山欧派,-0.21,227787466.76,-43.3474383343,-33.1612,-36361626.77,-1150.6552095241,76.305,5.72156062966,-3.41,-0.69192706461,14.8956712468,家居用品,2026-04-27
3869,603176,汇通集团,-0.13,335347260.06,26.5966949801,-63.0709,-60656365.64,-43.9322730108,-187.7219,2.249027793366,-5.24,-0.600604825785,12.6480771939,基础建设,2026-04-27
3870,603092,德力佳,0.5313,1119062537.47,31.7359795996,-17.7587,212505443.62,48.91,7.5867,14.339510118797,3.77,0.539735697116,23.7380078633,风电设备,2026-04-27
3871,603079,圣达生物,0.07,189216336.68,-6.8934774078,-15.2454,13174688.97,-39.31,49.4211,8.454508213591,0.83,-0.017053544793,27.6016612658,化学制品,2026-04-27
3872,601699,潞安环能,0.24,7262884327.47,4.2351469521,8.0768,719245843.53,9.4,263.7275,15.495520520369,1.53,1.276400053771,36.6617855171,煤炭开采,2026-04-27
3873,601518,吉林高速,0.06,264966542.29,4.9673974516,-42.6158,115178569.18,0.7,21.218,3.083524129794,2.0,0.034494957708,67.5442357828,铁路公路,2026-04-27
3874,600802,福建水泥,-0.09,283370763.26,-21.3478137044,-31.7702,-42201761.19,-111.87,64.6406,1.996717166563,-4.37,-0.337243329426,-9.3759008143,水泥,2026-04-27
3875,600665,天地源,-0.1818,919622504.51,-13.9147312965,-71.4244,-157088052.23,-154.1428790752,85.4759,1.640182396658,-10.5,0.211934876594,0.1202288248,房地产开发,2026-04-27
3876,600642,申能股份,0.156,6818149406.86,-7.0775249685,-3.9351,787908211.96,-22.05,12.7651,7.7865308065,2.03,0.486584845121,19.6839195378,电力,2026-04-27
3877,600592,龙溪股份,-0.0006,298570903.82,-26.9279427262,6.7264,-242549.54,-100.81,-100.47,6.470727051492,-0.0081,-0.05273094263,41.0877993805,通用设备,2026-04-27
3878,600348,华阳股份,0.13,4925694054.89,-15.3287228941,9.7338,483606671.1,-18.98,-16.4586,7.723277581522,1.76,-0.106482080446,41.3123100059,煤炭开采,2026-04-27
3879,600119,*ST长投,-0.007,63318738.52,-3.6969924563,-5.1425,-2709300.25,52.9712555925,91.3612,0.203207641589,-3.126,-0.116714505422,17.6934058256,物流,2026-04-27
3880,400089,盛运5,0.0101,88006896.17,11.5993372876,7.4102,35398826.86,3.18,21.5769,0.494323861865,2.06,0.006766576091,53.2235050757,,2026-04-27
3881,301665,泰禾股份,0.3,1377534846.84,33.4164523995,-6.826,134026258.38,70.67,36.3755,8.301774757778,3.65,0.631812217822,28.5077678936,农化制品,2026-04-27
3882,301613,新铝时代,0.4,875979430.96,39.0904169369,4.5252,57754412.05,9.7,24.7879,11.755571310085,3.48,-0.280629167376,16.9383760801,汽车零部件,2026-04-27
3883,301607,富特科技,0.5,1049772167.22,107.4020039802,-31.5264,76954718.01,291.32,-1.3936,8.443107687943,6.06,0.617865958509,17.2665004874,汽车零部件,2026-04-27
3884,301603,乔锋智能,0.88,725136557.67,51.7572911885,15.8839,105874514.63,41.98,41.9801,20.7140881869,4.33,0.041792931765,30.6979269181,通用设备,2026-04-27
3885,301591,肯特股份,0.2,120325653.37,5.7973065593,32.4344,16818687.75,-22.13,143.3082,10.933632627675,1.85,-0.063054415121,37.758963411,塑料,2026-04-27
3886,301566,达利凯普,0.13,114832631.05,13.8761955876,49.5804,53944919.45,4.75,64.3123,3.807185757681,3.6,0.052736078273,67.6235286608,元件,2026-04-27
3887,301556,托普云农,0.07,70507386.35,-12.1501735402,-40.9162,6123916.82,19.33,-59.4752,11.607556760319,0.62,-0.591868657364,46.6024633035,IT服务Ⅱ,2026-04-27
3888,301533,威马农机,0.0824,197050153.81,10.0572538505,-6.5051,8098630.33,-16.13,231.5431,11.456204694288,0.72,-0.066540614526,18.9970381937,专用设备,2026-04-27
3889,301458,钧崴电子,0.14,200263033.76,20.125258695,-2.575,36952438.19,7.38,117.1798,6.378038545945,2.2,0.129418518585,47.5544476192,元件,2026-04-27
3890,301389,隆扬电子,0.09,166791962.04,127.3033123577,-21.7257,26920892.45,-12.24,22.0307,7.920278731393,1.2,0.267932832451,49.3792637563,消费电子,2026-04-27
3891,301379,天山电子,0.1007,424596229.98,7.5978274826,-5.2172,19705281.51,-45.01,-34.9771,7.38272517046,1.36,0.031940562381,16.5006738669,光学光电子,2026-04-27
3892,301372,科净源,0.08,70259685.3,8.0650499734,105.8448,5738119.49,-48.94,110.691,10.808076888873,0.78,-0.300962996834,24.941767452,环境治理,2026-04-27
3893,301369,联动科技,0.05,93809635.08,44.5636611946,-22.8481,3414378.44,229.55,-82.1187,21.500081306945,0.23,-0.19589400431,56.2774867581,半导体,2026-04-27
3894,301331,恩威医药,0.1215,175328944.36,-10.7738431507,-33.5668,12504732.32,-23.31,-18.5904,10.556835018489,1.16,-0.033941646147,55.6895940464,中药Ⅱ,2026-04-27
3895,301311,昆船智能,-0.11,322017872.82,-31.1635572922,-48.1434,-25390804.9,-61.19,52.2855,7.141542634,-1.47,-0.553141185167,5.2119468348,通用设备,2026-04-27
3896,301310,鑫宏业,0.2706,1089620714.31,44.2805241322,-4.5296,36952839.6,7.33,-4.5389,17.336399413743,1.57,-2.697643727513,10.3400074044,汽车零部件,2026-04-27
3897,301296,新巨丰,0.01,757351671.76,111.741422398,-14.2506,6026290.47,-54.09,124.7773,6.225407203106,0.23,0.221977440025,18.5316726012,包装印刷,2026-04-27
3898,301282,金禄电子,0.06,546153471.59,33.3195753166,-8.791,8912555.22,-42.64,-69.202,11.425343184405,0.52,-0.269743741444,12.8575696453,元件,2026-04-27
3899,301225,恒勃股份,0.26,291338909.87,35.1686386294,-28.652,26595320.11,-19.55,-36.9734,15.49835923225,1.68,-0.141817517508,22.9436323352,汽车零部件,2026-04-27
3900,301222,浙江恒威,0.26,187934681.67,30.7742322755,46.25,25786537.52,23.64,16.4579,14.652512192643,1.77,0.243678118965,21.6761673194,电池,2026-04-27
3901,301221,光庭信息,-0.0379,162631085.66,21.6688735228,-40.6154,-3510681.86,-114.61,-111.6831,21.999748399252,-0.17,-0.49814041802,34.9506581471,汽车零部件,2026-04-27
3902,301213,观想科技,0.0873,29428501.63,69.7401062677,-78.2879,6985189.37,515.7,-44.3339,10.051888189774,0.87,0.208077886351,68.5974701118,军工电子Ⅱ,2026-04-27
3903,301208,中亦科技,0.05,211400667.59,35.1647317741,-56.8574,6457841.49,-41.22,-70.9985,13.040022758405,0.41,-2.590296452102,26.4816618264,IT服务Ⅱ,2026-04-27
3904,301207,华兰疫苗,0.0628,26775352.59,10.2658882145,-93.2474,37365712.75,14.0,-26.1709,9.553065877851,0.65,0.168150445712,70.9196568978,生物制品,2026-04-27
3905,301197,工大科雅,-0.06,25788165.67,-47.1298204044,-92.1063,-7111333.13,-514.37,-113.3493,10.960275522814,-0.54,-0.352798420441,22.239254406,通用设备,2026-04-27
3906,301187,欧圣电气,0.0453,674138177.42,28.2093007336,27.9558,11117918.07,-81.93,142.9157,5.744883848799,0.75,-0.334056971989,31.5779029864,小家电,2026-04-27
3907,301186,超达装备,0.19,197936907.99,25.4286203294,-12.5414,15955245.17,-35.99,-28.9926,20.068956317594,0.99,0.017673710557,31.7348303396,汽车零部件,2026-04-27
3908,301183,东田微,0.35,206168366.33,32.1530991212,-14.2665,28065377.13,39.64,36.5274,12.311727905056,2.89,0.201355561536,25.732750312,光学光电子,2026-04-27
3909,301180,万祥科技,0.0,349756182.92,25.0361096632,7.1873,-1030172.15,-126.57,90.7979,3.271844706007,-0.08,0.101072328942,11.7958405697,消费电子,2026-04-27
3910,301172,君逸数码,0.0129,61992368.46,184.799431599,-62.5857,2230917.65,22.7,-87.3638,8.638457698516,0.15,-0.110908403119,25.1040697373,IT服务Ⅱ,2026-04-27
3911,301128,强瑞技术,0.142,515938891.9,62.9248498019,15.3213,14692894.14,22.84,-42.8889,9.075612670165,1.59,-0.315973041321,32.1258726086,专用设备,2026-04-27
3912,301121,紫建电子,-0.04,333039110.53,42.6282789516,-12.4562,-4355219.04,-279.13,10.8342,16.745350984205,-0.26,0.518209050372,25.450074679,电池,2026-04-27
3913,301110,青木科技,0.4552,343303888.38,25.0738641625,-12.8886,42120500.07,320.53,-3.0096,16.652102194737,2.76,-0.166331219989,54.6545354192,互联网电商,2026-04-27
3914,301095,广立微,-0.0544,105357327.12,58.4680269188,-65.7129,-10716747.53,21.86,-120.7405,15.685483296256,-0.34,0.501316297323,56.0991920882,软件开发,2026-04-27
3915,301090,华润材料,0.0142,3049942909.73,0.4509546815,10.0336,20902845.63,207.6,127.7023,4.481267556777,0.32,-0.025360726591,0.944682984,塑料,2026-04-27
3916,301072,中捷精工,-0.1,206154102.42,5.2288001852,-9.3475,-10667307.35,0.77,60.2855,6.799867084877,-1.48,0.160272446586,11.5476891512,汽车零部件,2026-04-27
3917,301068,大地海洋,0.0963,231708658.33,-31.3903999714,-35.2532,13604298.78,65.32,194.6188,5.69762082932,1.71,0.389230884837,20.8521724342,环境治理,2026-04-27
3918,301059,金三江,0.1,131648081.45,20.9755476036,4.7244,22685730.12,47.06,-1.9426,2.833763063412,3.53,0.214792662165,38.4722353354,化学制品,2026-04-27
3919,301041,金百泽,-0.0017,176179183.18,15.6959637263,4.0953,-178958.88,92.63,-101.3629,6.376232648481,-0.03,0.094549891732,20.6228203095,元件,2026-04-27
3920,301035,润丰股份,0.59,3191190916.59,18.7956573994,-15.5077,165306122.47,-35.61,6.795,27.378649252433,2.17,-2.287101618845,23.7915174308,农化制品,2026-04-27
3921,301021,英诺激光,0.0755,115165035.78,35.4451624682,-32.7814,11521754.6,267.41,-56.0797,6.838807589365,1.11,0.113631221041,49.1324548608,自动化设备,2026-04-27
3922,301013,利和兴,0.0138,139788769.36,116.9829034111,-1.944,3223960.9,166.14,103.1576,2.863339097184,0.48,-0.250796601076,19.6106627203,专用设备,2026-04-27
3923,301010,晶雪节能,0.0202,71470617.12,-29.5468117996,-82.1546,2182102.03,-28.15,219.4858,7.672715540648,0.26,-0.085722571481,13.1361366647,装修建材,2026-04-27
3924,301009,可靠股份,0.0071,291301069.93,3.9691229961,-9.178,1879779.06,-89.89,-76.8906,4.941836908446,0.14,0.026757612043,23.850545934,个护用品,2026-04-27
3925,300981,中红医疗,0.0115,601919053.24,-4.3282079833,18.1281,4930231.95,-73.94,104.6877,12.260145740212,0.09,0.136348020613,14.3021098346,医疗器械,2026-04-27
3926,300963,中洲特材,0.04,266337862.21,26.7906775783,19.5135,19223300.17,48.77,10553.9423,2.448146334053,1.73,-0.052420651688,21.6222231012,金属新材料,2026-04-27
3927,300957,贝泰妮,0.16,1118024424.25,17.840213077,-40.9815,65965712.11,132.76,-71.7903,14.77752474372,1.07,0.100556631327,73.3475960939,化妆品,2026-04-27
3928,300952,恒辉安防,0.038,269879041.08,-4.1459656629,-22.3165,6548168.96,-75.87,-67.121,9.829729721897,0.38,0.333427165795,20.3574344121,服装家纺,2026-04-27
3929,300950,德固特,0.04,124629693.81,-0.0580025308,-24.3181,5416085.01,-77.12,-72.6344,5.414850291962,0.66,0.098420156009,28.7916298219,专用设备,2026-04-27
3930,300942,易瑞生物,-0.0253,57644102.49,16.823478172,-25.7119,-10259486.22,-206.62,-139.7236,2.054388303583,-1.14,-0.030926707413,55.7976449813,医疗器械,2026-04-27
3931,300941,创识科技,0.0011,44444788.79,28.9922834618,-50.8067,227353.33,-92.5,-98.6962,6.309676410305,0.02,-0.201049907643,34.1120690474,计算机设备,2026-04-27
3932,300930,屹通新材,0.18,253177184.95,62.5249491008,3.2368,18296427.64,33.73,68.4581,9.4598696096,1.95,-0.2226116126,14.1940416065,金属新材料,2026-04-27
3933,300912,凯龙高科,0.0888,175505213.09,2.8799769163,16.7746,10113356.06,272.59,112.7296,3.897303056266,2.35,-0.182150457426,7.4898902366,汽车零部件,2026-04-27
3934,300905,宝丽迪,0.2,347674043.29,13.0182389599,-18.6869,35165779.2,30.75,-22.1779,11.071826127079,1.87,0.02463226962,21.0884484002,化学纤维,2026-04-27
3935,300870,欧陆通,-0.12,1041547037.48,17.2573987333,-3.1053,-12541361.74,-125.3,-156.1192,23.928435502572,-0.47,0.245876981636,17.0131541988,其他电源设备Ⅱ,2026-04-27
3936,300851,交大思诺,0.0381,64209710.88,25.8951721183,-64.7455,3310558.85,188.35,-93.5435,15.399459686381,0.25,-0.311831914086,64.8166418126,轨交设备Ⅱ,2026-04-27
3937,300846,首都在线,-0.0428,352868588.33,15.320766705,13.7731,-21523212.66,45.83,69.5234,1.521199466969,-2.78,-0.017453773167,15.2274796531,IT服务Ⅱ,2026-04-27
3938,300843,胜蓝股份,0.22,491875184.37,46.0906195296,-1.0991,36061152.31,19.63,299.0086,9.951398819317,2.21,-0.269115891562,23.7024631827,消费电子,2026-04-27
3939,300840,酷特智能,0.05,162197955.13,4.2801378853,7.486,12406915.99,-19.38,403.9136,5.352307204,0.97,0.119912033958,42.5688749927,服装家纺,2026-04-27
3940,300835,龙磁科技,0.2355,334561858.45,30.4332943939,-4.8891,27586971.75,-3.11,-21.5668,10.66794809285,2.21,0.108234203909,24.8314865941,金属新材料,2026-04-27
3941,300822,贝仕达克,0.0712,177699506.25,-17.9184205821,-5.1756,22060594.48,108.53,209.5902,4.027938847877,1.77,0.009980931911,22.3956193744,消费电子,2026-04-27
3942,300819,聚杰微纤,0.07,118437111.84,-5.5085412992,-8.4039,10395825.34,-29.33,181.3594,5.90705416541,1.19,-0.002169855769,31.006340335,纺织制造,2026-04-27
3943,300806,斯迪克,0.03,757186573.83,12.8821698796,-2.5296,15228053.71,57.96,0.9768,5.150421934674,0.66,-0.221318840385,23.0251485229,塑料,2026-04-27
3944,300798,锦鸡股份,-0.0339,328110321.5,25.4493251835,5.8042,-15912336.48,-122.83,20.2721,3.508742792087,-0.94,-0.07403666082,7.8203962901,化学制品,2026-04-27
3945,300797,钢研纳克,0.061,269649953.85,23.0918715011,-27.4693,23584078.9,46.66,-57.9013,3.524291872841,1.76,-0.288674762725,46.5156171433,专业服务,2026-04-27
3946,300795,米奥会展,-0.08,39341660.31,127.8396501568,-89.7551,-24686405.38,32.9,-124.1833,2.098056327418,-3.85,-0.153578404803,41.8080994813,专业服务,2026-04-27
3947,300792,壹网壹创,0.13,213021384.54,-14.0750081006,-31.2975,31388697.96,20.74,244.9885,12.535552727404,1.06,0.049935124956,32.5389263194,互联网电商,2026-04-27
3948,300786,国林科技,0.03,134160175.48,16.8047415951,-22.1404,4830761.27,179.05,383.7975,6.077185458164,0.43,0.060297062081,17.713212207,环保设备Ⅱ,2026-04-27
3949,300763,锦浪科技,0.15,1418791121.12,-6.5134785666,10.0661,61164410.2,-68.59,150.0333,22.718125929511,0.67,-0.074304972982,33.5456299715,光伏设备,2026-04-27
3950,300749,顶固集创,-0.09,118264667.08,-42.2958950039,-25.2936,-18541883.31,-1959.32,-1521.8333,2.683976496056,-3.31,-0.478917360532,19.780941838,家居用品,2026-04-27
3951,300730,科创信息,-0.05,14537383.26,-5.2657037516,-90.4104,-12675025.31,50.66,83.9547,0.659368337998,-7.51,-0.091516645712,14.6790335085,软件开发,2026-04-27
3952,300729,乐歌股份,0.0024,1496165889.48,-3.1179047137,-19.9242,806512.12,-98.44,-99.1087,10.735309915537,0.02,0.29126753251,28.5784359085,家居用品,2026-04-27
3953,300724,捷佳伟创,0.78,1495474851.65,-63.5171864846,-36.7935,270264081.43,-61.83,479.6006,39.050919889387,2.01,0.721381264088,34.5858864299,光伏设备,2026-04-27
3954,300709,精研科技,-0.27,571995360.67,21.9154063552,-11.15,-49720278.04,-184.18,49.9864,11.584321613411,-2.28,-0.746207794678,18.0227928351,消费电子,2026-04-27
3955,300700,岱勒新材,0.0062,120538107.95,19.5041480467,10.3213,2464183.89,107.7,102.5559,1.943053669406,0.32,0.041559164132,24.8931926843,通用设备,2026-04-27
3956,300692,中赋科技,0.0386,219752073.97,12.7888109953,-6.0116,17912341.78,-13.35,209.9653,5.640744408818,0.7,0.047246277905,42.5137890497,环境治理,2026-04-27
3957,300671,富满微,0.09,268991903.58,59.4053780343,3.1212,20520766.26,181.91,116.5759,7.167415781977,1.22,-0.2350295963,20.5737038675,半导体,2026-04-27
3958,300670,大烨智能,-0.0306,54978406.19,-22.2711075852,68.4233,-9695689.98,45.93,92.9388,1.335470597026,-2.27,0.086561846608,15.7340333769,电网设备,2026-04-27
3959,300663,科蓝软件,-0.059,104205981.53,-40.6589174194,-39.4447,-28281285.84,-391.27,92.6429,0.669795546105,-7.27,-0.019728123651,19.3322598609,软件开发,2026-04-27
3960,300661,圣邦股份,0.1995,1098130967.75,39.0811972314,0.0624,123692813.99,106.96,-39.3142,8.813017869103,2.31,0.076861040786,51.6282847702,半导体,2026-04-27
3961,300648,星云股份,-0.092,239644493.96,4.8583831788,131.3498,-16040647.21,-298.79,91.3317,6.658235304284,-1.37,0.096101267548,34.2304393498,电池,2026-04-27
3962,300640,德艺文创,0.0042,274829398.82,4.4269693844,-3.9729,1295400.0,-67.02,196.9658,2.612473140212,0.16,-0.0929168948,15.1881379027,家居用品,2026-04-27
3963,300504,天邑股份,0.08,359749692.44,8.7238614969,48.2855,22889103.66,198.36,147.2081,7.733176947899,1.09,-0.935067466648,20.1380612082,通信设备,2026-04-27
3964,300496,中科创达,0.2226,1748552102.91,19.0422553489,-33.5253,102383161.68,10.6,-53.6928,22.590653117418,0.99,0.676666472673,32.7099194184,IT服务Ⅱ,2026-04-27
3965,300486,东杰智能,0.02,320174581.91,23.3768598161,1.4047,8881392.97,114.76,-18.6903,3.561936511894,0.4,-0.153581644369,12.3075596367,自动化设备,2026-04-27
3966,300472,*ST新元,-0.07,34731076.6,811.9850693897,-37.4255,-20356959.14,-18.16,92.1699,0.08354157547,-61.36,-0.151250294936,0.7663791511,专用设备,2026-04-27
3967,300462,ST华铭,-0.0986,145163787.87,23.4491837293,-18.0486,-17860733.64,-296.42,53.0331,7.645252662456,-1.28,-0.136654997035,18.8190645001,计算机设备,2026-04-27
3968,300457,赢合科技,0.1,2049063034.42,53.1372158557,-23.0012,61898948.0,308.19,-73.7772,10.667477280553,0.9,-0.31180375542,18.1268668797,电池,2026-04-27
3969,300453,三鑫医疗,0.132,408868947.98,13.3929774554,-13.484,68356641.86,27.23,-14.51,2.927854304556,5.03,0.024127007388,37.1082862002,医疗器械,2026-04-27
3970,300448,浩云科技,0.002,43805110.61,-27.8297257622,-44.0306,1366250.77,122.49,112.5506,1.799876760805,0.11,0.007135399652,34.0396949405,IT服务Ⅱ,2026-04-27
3971,300440,运达科技,-0.036,46684720.41,-45.8159613315,-93.5438,-15617345.32,-32.29,-133.2408,3.805089131491,-0.93,-0.194173585389,46.6415526082,IT服务Ⅱ,2026-04-27
3972,300406,九强生物,0.18,334810688.09,4.690567542,-2.6128,105607356.33,26.84,227.8747,6.383769298258,2.74,0.16289413493,81.9386074904,医疗器械,2026-04-27
3973,300403,汉宇集团,0.0552,253848499.62,-9.6672423101,-21.1319,33270518.66,-40.13,-50.6328,3.714151764561,1.49,0.103573158143,32.7772910199,家电零部件Ⅱ,2026-04-27
3974,300374,中铁装配,-0.14,328617202.12,25.7535234914,-50.9865,-33397917.92,-6.1,51.4231,2.887940958285,-4.59,-0.070520800793,0.9858085241,基础建设,2026-04-27
3975,300351,永贵电器,-0.06,473998701.03,6.2957806503,-27.7747,-21742403.16,-193.46,-149.6838,6.257317325201,-0.87,-0.260781798985,20.0117473938,轨交设备Ⅱ,2026-04-27
3976,300350,华鹏飞,-0.0122,162965816.54,106.9799586107,6.9756,-6850272.48,-38.74,83.3164,1.560622817193,-0.78,-0.128718649473,7.1533397356,物流,2026-04-27
3977,300340,科恒股份,-0.0778,370751671.02,-10.9744162871,-45.6629,-21436420.18,-1026.51,73.5244,0.233735176395,-28.54,0.158545848195,12.9491185617,电池,2026-04-27
3978,300291,百纳千成,0.0142,504483164.99,635.2770899107,288.1088,13383468.78,1725.11,101.299,2.165004495288,0.66,-0.094682220699,14.5942592418,影视院线,2026-04-27
3979,300290,ST荣科,-0.028,107694030.2,-11.4635385685,-64.2196,-17906660.37,30.36,-33.7356,1.164898215945,-2.37,-0.145287757876,37.948894859,IT服务Ⅱ,2026-04-27
3980,300279,和晶科技,0.021,391254755.2,-14.9283291184,-22.7184,10285566.17,-73.19,1414.8288,2.138417887964,0.99,0.045602933955,14.7833157377,家电零部件Ⅱ,2026-04-27
3981,300277,汽轮科技,0.06,1303584864.4,18.1897924053,1739.0364,84880055.35,105.5,5139.844,6.664096454471,0.86,0.234310057769,26.2897550669,IT服务Ⅱ,2026-04-27
3982,300266,兴源环境,-0.0205,173003406.96,4.2432083409,-12.3109,-31859694.29,-23.16,81.2831,0.019658145057,-68.64,-0.022529814009,8.4850875933,环境治理,2026-04-27
3983,300214,日科化学,0.0045,912958078.53,-2.0003655311,-0.2233,2077680.19,124.06,106.1609,5.150511027585,0.09,0.010381910156,7.2276769078,化学制品,2026-04-27
3984,300194,福安药业,0.05,407493108.61,-12.8689130839,-3.6473,54916269.3,-20.47,161.5201,3.718389314242,1.25,0.070818230914,40.5779539865,化学制药,2026-04-27
3985,300181,佐力药业,0.2846,897797296.94,8.8997833351,17.9682,199592681.0,10.18,63.6552,4.882307417541,6.09,0.11407027525,63.8345744962,中药Ⅱ,2026-04-27
3986,300174,元力股份,0.115,469462869.75,8.2112965317,-5.4298,41642390.61,-11.1,-25.1914,9.58851151428,1.19,0.072861105626,24.7557885572,化学制品,2026-04-27
3987,300173,ST福能,-0.0348,110392237.06,-32.8588965696,-83.1097,-25550850.46,-550.73,75.0902,1.104916584829,-3.1,0.034460525171,10.2627152341,电池,2026-04-27
3988,300155,安居宝,-0.0152,25987893.48,-15.6105588381,-39.4188,-8519609.34,-7.02,59.2868,2.129132051693,-0.71,-0.043663898715,32.2702402427,计算机设备,2026-04-27
3989,300153,科泰电源,0.0636,616265449.56,69.8374020739,10.9626,20342175.8,46.8,59.3452,2.92871323275,2.19,0.082351723094,15.2043917953,其他电源设备Ⅱ,2026-04-27
3990,300145,南方泵业,0.0421,1133378192.89,7.484925548,-31.1786,80859380.01,21.16,269.0818,1.549659918756,2.75,-0.071982728332,31.6757041111,通用设备,2026-04-27
3991,300141,和顺电气,-0.0259,109070509.15,113.0885845693,36.9091,-6679845.61,49.47,76.045,2.402544008911,-1.07,-0.170671009088,10.0285477213,电网设备,2026-04-27
3992,300135,宝利国际,0.0096,349455233.46,52.0852927904,16.1847,8810434.91,172.01,109.9726,0.939419078082,1.02,-0.036366675673,0.9002868175,炼化及贸易,2026-04-27
3993,300134,大富科技,-0.07,612654113.13,11.9033957352,-11.7525,-53048861.55,3.93,46.9609,4.763023745484,-1.44,-0.401977084654,11.5404643754,通信设备,2026-04-27
3994,300111,向日葵,-0.0041,54561953.0,-24.4620414914,-24.2303,-5215010.14,-3882.5,8.3626,0.525874685992,-0.77,-0.007285443298,24.2389993445,化学制药,2026-04-27
3995,300103,达刚控股,-0.0057,23786583.35,-32.1306240023,-6.7176,-1794593.73,67.58,94.8901,1.412590979594,-0.4,-0.001281368856,32.9000985759,专用设备,2026-04-27
3996,003039,顺控发展,0.1055,535624550.11,7.6568069052,-8.6544,65162416.54,24.11,-31.5058,4.814452363526,2.22,0.085050962794,40.816528209,环境治理,2026-04-27
3997,003038,鑫铂股份,-0.03,2021810790.39,2.0479297622,-2.3486,-7938622.31,-122.78,96.0071,11.553577404747,-0.28,-1.643182933793,4.3391637144,工业金属,2026-04-27
3998,003009,中天火箭,0.0296,152189105.63,76.4093976398,-55.073,4736854.45,127.06,106.5348,12.231137878327,0.27,-0.174048205455,19.8434217186,航天装备Ⅱ,2026-04-27
3999,002988,豪美新材,0.1592,1889345648.45,12.8752944169,-13.9704,39774464.31,-3.85,260.4622,10.768096845939,1.47,-0.526141105167,10.0146827668,工业金属,2026-04-27
4000,002976,瑞玛精密,-0.09,362468274.76,-19.0338023475,-46.2437,-13807527.37,-206.91,-5.16,9.615636435189,-0.95,0.234838967773,19.5948622944,汽车零部件,2026-04-27
4001,002972,科安达,0.1516,92978650.33,14.4259192127,-45.8191,37297914.12,16.45,36.1682,5.13857859605,3.29,0.085238320174,73.6302504037,轨交设备Ⅱ,2026-04-27
4002,002969,嘉美包装,0.0609,857361273.13,42.3075803482,10.5488,66939643.6,432.41,41.1039,2.964484981594,2.31,0.074091673294,17.0715404692,包装印刷,2026-04-27
4003,002952,亚世光电,0.06,236025888.32,21.1990698675,-8.0247,8930998.3,100.28,592.611,5.359795973165,1.02,0.442622221857,17.8462615478,光学光电子,2026-04-27
4004,002928,华夏航空,0.1062,1823654471.77,2.8036510153,5.8837,134040691.16,63.51,2112.3321,3.113573277688,3.53,0.539726882802,-0.1972259601,航空机场,2026-04-27
4005,002915,中欣氟材,-0.0152,310810908.72,-12.6307861785,-24.6077,-4991587.67,-260.22,-145.3805,4.43473698576,-0.36,-0.178883906662,14.0868219331,化学制品,2026-04-27
4006,002892,科力尔,-0.0157,454403102.6,8.0680193645,2.4017,-11641785.81,-619.78,4.3978,1.7087701477,-0.91,0.021928776993,14.9807459985,电机Ⅱ,2026-04-27
4007,002888,惠威科技,-0.0156,48293725.55,-14.3703570641,-41.8574,-2301713.13,-683.38,-120.5204,2.578248368237,-0.59,0.041400315579,29.8770161251,消费电子,2026-04-27
4008,002880,卫光生物,0.1366,221871720.94,-1.3912319616,-53.365,30982974.04,-29.21,-64.9752,10.773232120944,1.28,-0.518478956526,37.7383000255,生物制品,2026-04-27
4009,002877,智能自控,0.017,197238691.48,7.129122007,-19.4104,6075259.97,12.09,-3.461,3.409741075446,0.5,-0.059905213271,27.4038380373,通用设备,2026-04-27
4010,002845,同兴达,-0.13,2191659347.7,4.3199851002,-7.3214,-42578233.17,-3.39,-174.5104,7.464736488305,-1.73,-0.965866583323,8.1347727724,光学光电子,2026-04-27
4011,002836,新宏泽,0.07,124975461.92,23.510846404,14.9326,16582022.67,3.59,742.9213,1.724002569488,4.26,0.134632374609,25.3872879384,包装印刷,2026-04-27
4012,002810,山东赫达,0.2973,596643044.19,27.7801494276,25.5712,102706933.58,127.38,4207.7669,6.3750588214,4.57,0.301118451199,32.3216481626,化学制品,2026-04-27
4013,002809,红墙股份,-0.05,173367580.98,33.4207505431,-25.9028,-11188721.67,-541.04,65.2691,7.364421725432,-0.71,0.05772665227,15.5190151803,化学制品,2026-04-27
4014,002796,世嘉科技,-0.09,192708903.8,8.0446718068,-28.8518,-23491827.61,-24.98,-324.5658,3.338207320516,-2.76,-0.123479590758,6.6389482103,通信设备,2026-04-27
4015,002769,普路通,0.01,63211730.75,-69.9962757659,122.5492,3729274.12,-87.9,216.6805,3.149740114283,0.32,-0.014891664789,24.2908306066,物流,2026-04-27
4016,002762,金发拉比,0.0003,87969135.2,15.6526034999,-28.4738,118509.77,105.45,100.1097,1.888281515797,0.02,-0.015667153224,39.7109935213,服装家纺,2026-04-27
4017,002739,儒意电影,0.0412,2998273392.32,-36.3256219675,4.8396,86914752.89,-89.53,144.7169,3.606755964068,1.15,0.091886207075,24.2863320622,影视院线,2026-04-27
4018,002707,众信旅游,0.01,1265379422.61,8.5762363533,-20.0017,9893728.95,-47.82,116.5006,0.916092616047,1.1,0.042111604799,13.4058514916,旅游及景区,2026-04-27
4019,002703,浙江世宝,0.0509,752846305.28,4.8815694689,-30.7504,41867949.76,-14.09,35.7482,2.572360039244,2.0,0.013002632352,21.2842310384,汽车零部件,2026-04-27
4020,002653,海思科,0.5,1563985905.54,75.3321853001,43.795,554610281.57,1089.85,1652.6206,4.325679114069,12.15,0.311174778971,81.3965091892,化学制药,2026-04-27
4021,002651,利君股份,0.03,194927623.72,11.2571069377,-19.1536,31502748.99,-32.09,201.2164,2.712459281153,1.13,0.038289462485,30.0752604127,航空装备Ⅱ,2026-04-27
4022,002650,ST加加,0.031,434728785.2,3.456344276,109.7468,33826104.82,124.34,126.1314,1.572168892181,1.96,0.134560448442,35.8927305258,调味发酵品Ⅱ,2026-04-27
4023,002587,奥拓电子,0.0235,250417846.92,35.6223106455,10.9231,15215303.28,11.85,408.9886,2.05537212603,1.14,-0.123603740895,32.6077178301,光学光电子,2026-04-27
4024,002578,闽发铝业,0.0112,360008812.47,20.2649340314,-41.3484,10535219.45,410.96,148.783,1.606065142932,0.7,0.100805585196,8.1071443529,工业金属,2026-04-27
4025,002562,兄弟科技,0.0308,986890581.03,7.4000995826,11.3445,35224677.34,68.47,656.1119,3.220598227659,0.95,0.029598156779,19.3097516496,化学制品,2026-04-27
4026,002529,海源复材,-0.0781,107706658.28,11.6867889343,-3.0719,-20306089.45,12.8,78.6721,0.306484336346,-22.6,-0.226444328731,0.8957652715,专用设备,2026-04-27
4027,002518,科士达,0.24,1240294080.12,31.4663261381,-25.3565,138642938.29,24.84,-16.0058,8.546021806473,2.83,0.194081069202,29.7124497607,其他电源设备Ⅱ,2026-04-27
4028,002507,涪陵榨菜,0.24,753654845.59,5.7010143464,73.9155,272472277.65,0.07,186.6197,7.81914021462,3.07,0.145072483387,54.8553050961,调味发酵品Ⅱ,2026-04-27
4029,002497,雅化集团,0.2964,2830218496.2,84.1618046218,13.3799,338821317.99,310.87,13.5511,9.572426915227,3.11,-0.373615981665,24.586018722,化学制品,2026-04-27
4030,002496,辉丰股份,0.0004,107557648.06,45.3026089049,-14.837,578096.01,-96.31,100.2737,0.739202937538,0.05,-0.004262235699,5.923927145,农化制品,2026-04-27
4031,002488,金固股份,0.0233,964457655.96,8.7772420333,29.7165,23205946.44,199.86,5333.6928,3.484913551399,0.66,-0.213016140531,14.8029343743,汽车零部件,2026-04-27
4032,002456,欧菲光,-0.0742,3729437021.78,-23.6026858641,-41.1209,-247443025.65,-319.75,-325.5986,1.120756259556,-6.37,0.139304968249,7.3732456935,光学光电子,2026-04-27
4033,002425,凯撒文化,0.0124,193524193.89,8.1435640142,49.8188,11854884.6,224.2,102.633,2.59191653251,0.48,-0.026038491114,22.2001894577,游戏Ⅱ,2026-04-27
4034,002335,科华数据,0.15,1430062407.61,17.5725706896,-41.7386,78008800.49,13.15,6.1514,12.588968813444,1.21,0.234313294406,27.8536595382,其他电源设备Ⅱ,2026-04-27
4035,002270,华明装备,0.1825,530271786.47,4.0708967524,-13.2766,163026548.07,-4.85,26.6235,3.482850669097,5.07,0.10306309256,53.2464942571,电网设备,2026-04-27
4036,002246,北化股份,0.1317,519900774.74,17.1807300769,-43.2085,72320174.85,145.09,-3.1161,5.69796699289,2.34,-0.200712119513,36.0582385925,化学制品,2026-04-27
4037,002237,恒邦股份,0.13,32868815879.09,73.3664393315,-8.5712,182408871.05,14.56,139.7645,9.422847822477,1.36,-1.370614759701,3.0432074537,贵金属,2026-04-27
4038,002228,合兴包装,0.04,2671495340.31,7.0389440547,8.9814,40692413.65,-18.22,172.4968,2.480446890425,1.36,0.064927888667,13.127111868,包装印刷,2026-04-27
4039,002216,三全食品,0.31,2452818131.22,10.5802722555,59.1838,269199846.6,29.11,80.5063,5.546428575044,5.61,-0.074466479856,25.5377001347,食品加工,2026-04-27
4040,002210,飞马国际,0.0044,66500216.89,21.6529472686,-35.7874,11603043.65,1610.33,972.0355,0.352203662204,1.25,0.006306628839,34.2332458068,环境治理,2026-04-27
4041,002205,国统股份,-0.184,106046752.12,289.791485375,-53.8388,-34188642.62,-8.45,49.9794,1.380562146876,-12.49,-0.004000706176,12.7273432427,水泥,2026-04-27
4042,002155,湖南黄金,0.38,18829704609.45,43.5051049744,109.5253,595546380.34,79.21,29.6934,5.575243090622,7.08,0.136182239129,5.2383593541,贵金属,2026-04-27
4043,002151,北斗星通,0.025,615100660.92,93.2808825185,-12.8784,13555430.13,145.76,104.9246,8.907111342446,0.28,-0.050203765954,37.8962146035,军工电子Ⅱ,2026-04-27
4044,002144,宏达高科,0.07,94361382.04,-23.2768242249,-7.3252,12063762.0,-31.34,174.7262,12.132614023262,0.57,0.152591926101,29.4708251923,纺织制造,2026-04-27
4045,002115,三维通信,0.0266,4820194036.44,110.5122486501,2.5716,21609028.32,1540.24,234.5699,2.547171390656,1.05,-0.008573878913,3.6017691692,通信服务,2026-04-27
4046,002104,恒宝股份,-0.0295,126298429.47,-48.998965859,-49.948,-20869058.19,-187.19,-197.3124,3.012913827432,-0.97,-0.115216607859,22.1232406826,通信设备,2026-04-27
4047,002007,华兰生物,0.126,762111441.69,-12.1599482462,-37.3331,230349018.41,-26.44,47.6808,6.413462565415,1.98,-0.003496432801,50.1875874153,生物制品,2026-04-27
4048,001396,誉帆科技,0.0169,137712717.55,29.1652259532,-46.5584,1804890.88,213.57,-96.2651,13.383802823222,0.12,-0.530518688652,28.0531977637,基础建设,2026-04-27
4049,001373,翔腾新材,-0.1378,155846091.72,12.846338494,5.1584,-9466087.06,-326.01,42.2341,12.28326208548,-1.12,-0.167736388057,8.1698977687,光学光电子,2026-04-27
4050,001337,四川黄金,0.63,480769185.83,130.7886164162,102.2894,265502177.41,176.93,174.5194,5.0058488445,13.51,1.028872463786,69.5405172677,贵金属,2026-04-27
4051,001332,锡装股份,0.83,353620701.69,83.4264715886,62.629,91292629.83,96.84,230.0027,24.063569702688,3.5,-0.580475529731,44.3050592008,专用设备,2026-04-27
4052,001318,阳光乳业,0.0675,97590471.07,-7.0063397285,-19.3444,19079033.91,-13.51,11.752,5.229329082856,1.27,0.041082784441,35.2379131825,饮料乳品,2026-04-27
4053,001313,粤海饲料,0.02,1531082809.53,64.1665060259,2.5866,11258073.06,145.64,233.9745,3.6613124886,0.44,-0.203878870186,11.1725345935,饲料,2026-04-27
4054,001300,三柏硕,-0.0265,154644158.54,11.7297639928,44.9151,-6433643.3,-198.58,90.0869,3.948438093068,-0.67,-0.069766525663,16.2579390824,文娱用品,2026-04-27
4055,001259,利仁科技,0.0723,145649598.52,34.597511031,-1.278,5253825.9,147.97,1.9992,9.874518217479,0.73,0.236149163852,25.9633684708,小家电,2026-04-27
4056,001234,泰慕士,0.13,238475547.19,9.6242329946,10.4071,13811164.94,-33.64,9.9448,8.630142866113,1.47,0.018928851689,17.3440273845,服装家纺,2026-04-27
4057,001231,农心科技,0.2,210137388.3,1.1874025363,-4.39,19326591.19,5.13,-27.9724,10.238751798179,1.91,-0.399213345307,26.0216934132,农化制品,2026-04-27
4058,001229,魅视科技,-0.05,31876642.84,16.7158371218,-67.2094,-4686001.43,-180.0,-116.0029,9.883503247683,-0.47,-0.124720469686,56.1960537373,计算机设备,2026-04-27
4059,001221,悍高集团,0.32,704628836.73,12.538318645,-35.8162,128528625.83,11.19,-41.5881,7.361766063648,4.46,-0.202021305842,36.2272195337,家居用品,2026-04-27
4060,000995,皇台酒业,-0.0272,31943220.07,-17.4032199791,-61.3612,-4822002.32,-240.28,-122.6842,0.93173877948,-2.88,-0.194087932619,65.1535942663,白酒Ⅱ,2026-04-27
4061,000988,华工科技,0.64,4265855702.83,27.1313315504,28.6144,638461927.07,55.76,327.1033,11.623523747669,5.61,-1.12095578234,19.8116449288,自动化设备,2026-04-27
4062,000929,兰州黄河,-0.0916,68204160.55,43.0703950168,-54.3973,-16675042.86,-330.55,83.6307,1.877535846818,-4.67,-0.448012302467,3.6834419627,非白酒,2026-04-27
4063,000828,东莞控股,0.2736,355080601.34,-2.8837458334,-3.5169,284438355.55,29.83,2431.3232,10.074087611595,2.75,0.77202050551,70.2180342827,铁路公路,2026-04-27
4064,000779,甘咨询,0.1253,434182801.29,5.1984619748,-32.6297,58248019.4,5.9,766.298,8.578345087931,1.47,-0.721222397866,42.2937316574,工程咨询服务Ⅱ,2026-04-27
4065,000752,*ST西发,0.0287,98656471.86,-5.0013945983,-8.8088,7559169.88,9.05,935.2921,2.354918737573,1.22,0.085026575808,41.5051197737,非白酒,2026-04-27
4066,000738,航发控制,0.0963,1349036707.62,0.0196674701,12.0539,126602706.8,-13.77,290.3426,9.576960645608,1.01,-0.258820605072,23.8576914981,航空装备Ⅱ,2026-04-27
4067,000736,中交发展,0.005,348219614.29,-97.0413566217,-15.8444,3434860.28,100.7,106.9651,1.622027695573,0.28,-0.155039316568,16.3687219074,房地产服务,2026-04-27
4068,000719,中原传媒,0.1086,1875995310.67,-2.0912637487,-31.3195,111147069.12,1.07,-82.3274,12.096025960446,0.9,-0.239758104893,34.6187005872,出版,2026-04-27
4069,000657,中钨高新,0.4,7006834056.84,106.4716284137,43.4875,921090515.67,264.44,111.8201,4.688881623076,9.03,-0.937423735616,30.4502645896,小金属,2026-04-27
4070,000652,泰达股份,0.007,989450389.3,-76.0552620883,-74.1507,10387290.56,36.37,102.9166,3.67838656613,0.19,0.001295061835,10.7301433642,环境治理,2026-04-27
4071,000617,中油资本,0.12,7380631554.27,-17.24,-9.4561,1573104255.26,22.89,419.042,8.418441357341,1.49,-1.078772241878,57.2355994849,多元金融,2026-04-27
4072,000615,*ST美谷,-0.12,148146920.01,-37.6802427973,-41.6382,-216003086.02,-424.54,32.4884,0.914576334646,-12.37,0.000891914768,45.6145834186,医疗美容,2026-04-27
4073,000572,海马汽车,-0.0193,204601015.04,-25.7017763815,-66.019,-31800145.02,-5.99,57.016,0.957893912627,-2.0,-0.126915115554,2.7058006614,乘用车,2026-04-27
4074,000529,广弘控股,-0.0038,510517720.18,0.370962629,35.9024,-2196831.19,-115.78,-103.942,5.514692494187,-0.07,-0.124677858727,-0.2334324555,食品加工,2026-04-27
4075,000518,四环生物,-0.011,81170293.95,85.1440937471,62.3106,-11313770.0,28.91,53.6224,0.314025828217,-3.09,-0.015367778837,19.1318896413,生物制品,2026-04-27
4076,000156,华数传媒,0.0608,2015042843.46,-4.9113776423,-27.2902,112619085.64,-13.75,-4.0746,8.192504028536,0.74,-0.529224905972,29.5896679703,电视广播Ⅱ,2026-04-27
4077,000070,特发信息,-0.0106,829834032.62,5.0587795195,-32.6991,-9534976.72,36.67,98.1066,1.111349470763,-1.13,0.253997123213,19.2477789548,通信设备,2026-04-27
4078,000065,北方国际,0.0951,2351640839.53,-35.5648217681,-35.3741,110473004.33,-37.54,-53.7131,9.637382833543,0.99,0.186386947505,17.1801668877,专业工程,2026-04-27
4079,900946,天雁B股,0.0017,162054293.2,46.4050037439,3.2366,1849445.71,109.54,105.6724,0.691426688694,0.25,-0.015399250763,11.2310878352,汽车零部件,2026-04-25
4080,900906,中毅达B,0.0173,270527676.86,0.065511829,-4.3722,18496634.95,34.41,230.0565,0.129801452915,14.27,-0.018297716494,20.6064680764,化学原料,2026-04-25
4081,900902,市北B股,-0.0408,233321158.13,-35.8342148113,-17.7924,-76453783.52,-94.6096168371,40.3161,3.20979970125,-1.26,-0.243311901543,22.8070342812,房地产开发,2026-04-25
4082,900901,云赛B股,0.033,1449399959.47,2.763991987,-17.1284,44551088.41,5.77,-8.1757,3.597938667107,0.909,-0.212180081136,15.7450428095,软件开发,2026-04-25
4083,688788,科思科技,-0.4681,28432134.78,36.9566448859,-56.0273,-72588160.01,-24.4,29.6148,11.208435653826,-4.04,-0.342505176179,25.2597986242,军工电子Ⅱ,2026-04-25
4084,688777,中控技术,0.1,1506129239.69,-6.2885700723,-37.727,74682797.94,-37.81,656.9899,12.681582769548,0.75,-0.798183563279,30.9921454806,自动化设备,2026-04-25
4085,688767,博拓生物,-0.07,89376734.08,1.6954286257,-36.1327,-10207874.77,-216.9,-137.8207,15.806789192626,-0.43,-0.120458922118,47.5570437962,医疗器械,2026-04-25
4086,688757,胜科纳米,0.0184,132385002.13,21.9596626958,-7.8626,7413359.18,-35.64,40.0838,2.220220207614,0.83,0.15182729026,36.5415223716,专业服务,2026-04-25
4087,688755,汉邦科技,0.21,194648721.85,17.8037230026,-15.1424,18456117.94,66.22,-18.4587,14.385670498977,1.47,-0.31927637375,37.7271314458,专用设备,2026-04-25
4088,688722,同益中,0.16,250938132.57,-0.8112228109,-2.5226,36241145.93,-16.5,120.3713,6.513390424838,2.5,0.326488287806,29.6226733851,化学纤维,2026-04-25
4089,688720,艾森股份,0.1,161590350.29,28.0694707579,5.4602,9416503.04,24.5,-43.8215,11.843034387761,0.91,0.020886080061,27.739360995,半导体,2026-04-25
4090,688712,北芯生命,0.11,185346174.1,45.3577221577,36.9987,45710893.64,121.83,2643.4596,4.232127997914,3.13,0.173795609688,71.7459973186,医疗器械,2026-04-25
4091,688707,振华新材,-0.19,183010312.29,-32.6290736083,-49.4062,-95612412.8,2.1245714506,3.9236,7.650069606372,-2.43,-0.402453556683,-20.490261172,电池,2026-04-25
4092,688692,达梦数据,1.34,410656134.83,59.0911831245,-13.6571,151414135.57,54.25,-18.9823,34.317079226687,4.01,-1.109561451607,96.5640084944,软件开发,2026-04-25
4093,688687,凯因科技,0.04,206891100.9,-10.666679576,-47.4795,6134210.32,-76.1,108.5304,10.052336727197,0.36,-0.013947743086,72.9674302487,生物制品,2026-04-25
4094,688677,海泰新光,0.4,174462610.05,18.7708314593,12.5753,47199181.0,1.09,37.3463,11.548562437749,3.45,0.382939161557,63.7947490801,医疗器械,2026-04-25
4095,688663,新风光,0.03,218283746.1,-44.8084998618,-72.422,4185350.47,-85.1,-66.2001,9.802686497294,0.3,-1.341834048373,29.277868642,电网设备,2026-04-25
4096,688659,元琛科技,0.03,187285450.03,45.2059904769,1.2948,4167417.32,65.34,111.5383,3.233603498438,0.81,-0.012629694875,22.5580701134,化学制品,2026-04-25
4097,688657,浩辰软件,0.07,74546905.04,26.7933414262,-26.9152,4255301.86,-38.0,-53.9917,21.673796412318,0.3,-0.290308804394,91.9400091704,软件开发,2026-04-25
4098,688655,迅捷兴,-0.04,213387382.12,72.7400189915,6.0304,-5350718.55,-10.2176962408,12.3841,4.891964108779,-0.82,0.035812284129,14.164500909,元件,2026-04-25
4099,688638,誉辰智能,-0.82,154879891.84,62.0009019672,-26.9886,-45737413.14,0.3036457329,1.0176,13.644876043929,-5.88,0.450062133214,15.3584141411,电池,2026-04-25
4100,688631,莱斯信息,-0.08,90040112.43,-17.2970141285,-83.698,-12758311.03,14.5652723403,-112.1379,11.64676938949,-0.67,-1.646848699639,52.7436496227,软件开发,2026-04-25
4101,688628,优利德,0.65,394965310.99,26.9793422271,32.4961,72563913.27,31.68,350.1767,11.97758500094,5.57,0.286955938156,46.4883451055,通用设备,2026-04-25
4102,688607,康众医疗,-0.19,68538444.85,17.2821251194,-27.7317,-16205231.69,-393.8674061924,-131.0139,9.525669181279,-1.92,-0.190929911889,35.4941938254,医疗器械,2026-04-25
4103,688600,皖仪科技,0.1,179221528.77,33.4616329558,-5.1316,12263386.0,324.9781926346,-58.1146,5.963622330931,1.54,-0.229565631684,49.0283905193,通用设备,2026-04-25
4104,688597,煜邦电力,-0.07,146053614.9,6.4871624982,-65.3076,-22443347.32,-517.28,-158.1948,2.368723033513,-2.53,-0.179276731773,9.2099597461,电网设备,2026-04-25
4105,688593,新相微,0.012,150985909.35,0.4404395346,-14.5742,5368726.67,145.69,489.4006,3.382575704077,0.34,0.057672996065,13.9392518418,半导体,2026-04-25
4106,688589,力合微,-0.03,70026393.69,-28.3893664847,-20.4874,-3691627.78,-129.31,-103.6223,6.537204115713,-0.35,0.088478373804,38.5545347366,半导体,2026-04-25
4107,688568,中科星图,-0.1842,202682748.14,-59.8118486569,-56.7286,-148823598.14,-816.31,-27.123,4.499820355181,-4.01,-0.343363003699,40.0817870073,IT服务Ⅱ,2026-04-25
4108,688553,汇宇制药,0.05,269206581.35,12.6139879742,4.997,21869139.53,185.34,-15.3775,8.92513746263,0.58,0.047607604108,79.1758495172,化学制药,2026-04-25
4109,688548,广钢气体,0.07,606393981.14,10.5873146092,-13.8036,91787930.36,62.63,7.8956,4.61877724969,1.52,0.086423178498,29.6474506561,电子化学品Ⅱ,2026-04-25
4110,688539,高华科技,-0.02,51443872.36,-21.1252733452,-61.2595,-3636168.65,-195.91,-145.8967,9.43928947074,-0.21,-0.153527305454,52.7833867948,元件,2026-04-25
4111,688530,欧莱新材,0.25,275811386.15,215.8605433898,55.7707,40684847.4,3407.2640178812,307.1942,5.292888682611,4.92,0.44322650397,28.0025025428,半导体,2026-04-25
4112,688523,航天环宇,0.0038,65112904.14,6.1992390421,-57.9109,1525890.93,-84.65,139.2903,4.131228403092,0.09,-0.131181268974,26.6696212054,航天装备Ⅱ,2026-04-25
4113,688479,友车科技,0.08,95535510.0,1.8903424643,-49.5591,10705786.77,91.1,-51.9676,13.052505473699,0.57,-0.126819359481,31.4873150622,软件开发,2026-04-25
4114,688456,有研粉材,0.29,1265123856.05,58.9977011909,19.9696,30291617.29,193.05,65.8165,12.41853095765,2.37,-2.028267191877,7.4561299345,金属新材料,2026-04-25
4115,688455,科捷智能,-0.28,267399080.44,73.1430663375,-82.5736,-43883787.28,-0.9835453801,-148.8418,5.477787569562,-4.67,-0.880815964926,14.5222108453,自动化设备,2026-04-25
4116,688450,光格科技,-0.07,32655305.22,23.7418866182,-63.294,-4521359.41,67.107821231,79.6056,14.174834413182,-0.48,-0.318300805758,64.3838637806,电网设备,2026-04-25
4117,688419,耐科装备,0.13,68632201.93,0.50654679,-7.9652,14321202.03,-37.19,1.6214,9.185993299583,1.37,-0.033234106,34.3730544214,半导体,2026-04-25
4118,688398,赛特新材,0.0,242370584.89,-1.4385861117,-6.9996,381096.74,-96.09,130.1984,6.130623175791,0.03,0.507748015134,22.7147035293,化学制品,2026-04-25
4119,688396,华润微,0.2486,2857208195.23,21.3401310188,-4.2788,330002688.93,296.56,144.3763,17.427828240163,1.4254,0.472326832781,25.4849784085,半导体,2026-04-25
4120,688395,正弦电气,0.14,120873376.46,24.7452321871,6.8568,11987584.6,30.91,13.5853,9.169052289252,1.52,-0.19475702582,32.9413002153,自动化设备,2026-04-25
4121,688392,骄成超声,0.45,198154550.35,34.2933483555,-21.8387,50304372.72,112.85,113.8679,16.041424146936,2.75,0.383683973662,66.7677192708,电池,2026-04-25
4122,688387,信科移动,-0.04,761629007.85,-6.5594120071,-68.0315,-128157183.38,18.0050294892,-22.5938,1.717014227033,-2.16,-0.123801511857,22.0713637056,通信设备,2026-04-25
4123,688377,迪威尔,0.09,279920874.58,3.2857724167,-16.3033,17143380.76,-18.57,-42.1703,9.823465797452,0.9,0.268310388045,22.4299510082,专用设备,2026-04-25
4124,688370,丛麟科技,0.08,114465951.38,-8.2603270304,-17.566,10746514.66,111.99,38.5434,19.479938843485,0.4,0.083394887685,33.1508527318,环境治理,2026-04-25
4125,688366,昊海生科,0.32,571435147.56,-7.6158080608,-0.4316,73558861.1,-18.55,237.1375,23.668319029457,1.35,0.080764268136,66.3182390422,医疗器械,2026-04-25
4126,688365,光云科技,0.01,141821228.23,23.4436712844,-10.3304,6021407.04,146.4941704178,154.4923,2.242812154661,0.63,-0.014041352638,72.9456496331,IT服务Ⅱ,2026-04-25
4127,688355,明志科技,0.03,119893995.74,2.3037035383,-25.3766,3213165.49,-75.66,-91.008,8.932297370233,0.29,-0.073905422721,31.2005738896,通用设备,2026-04-25
4128,688345,博力威,0.28,740219115.89,19.3649024292,12.2803,27957343.29,121.26,280.7482,11.633084060129,2.44,-0.58391042714,16.2841039893,电池,2026-04-25
4129,688336,三生国健,0.29,431234000.0,38.6074138834,-86.0131,178118100.0,73.0,-92.8765,13.94636730969,2.09,-0.250233582596,80.7086871629,生物制品,2026-04-25
4130,688335,复洁科技,-0.11,13787871.13,-66.4871961386,-90.2746,-15563088.02,-1379.7983724079,-285.9268,7.644317404678,-1.37,-0.259779954066,22.6638647877,环境治理,2026-04-25
4131,688326,经纬恒润,-1.58,1171006587.72,-11.8330048546,-50.8867,-177475003.52,-47.94,-201.249,32.97970951975,-4.33,-1.199088019055,16.2720369525,软件开发,2026-04-25
4132,688322,奥比中光,0.08,202887914.06,6.1916768002,-10.5225,30996569.3,27.48,55.832,7.464677446771,1.04,-0.292738603027,48.5842593467,光学光电子,2026-04-25
4133,688312,燕麦科技,0.02,91589164.04,-3.7145400945,-45.125,2468831.16,-1.93,-93.8279,10.565109356157,0.16,1.052303019685,44.5443982786,专用设备,2026-04-25
4134,688302,海创药业,-0.3,26025486.34,,1003.0562,-29881987.83,6.9148244008,21.5808,10.440349083081,-2.85,-0.112386187174,99.8177325512,化学制药,2026-04-25
4135,688233,神工股份,0.15,112422797.83,6.2152444613,-7.8495,25385255.3,-10.96,-17.7606,11.249201129374,1.33,0.148120433242,41.3051243131,半导体,2026-04-25
4136,688221,前沿生物,0.61,297131734.61,948.8909208889,1384.7146,227393754.18,615.3806295167,310.0742,2.958732073074,22.91,0.581666326992,94.0062566749,化学制药,2026-04-25
4137,688215,瑞晟智能,0.14,117262373.01,67.3419853146,-26.6936,8898679.05,345.59,-66.1688,7.898022614452,1.82,-0.391560045822,24.9308151623,自动化设备,2026-04-25
4138,688208,道通科技,0.29,1299197910.36,18.7806024867,-2.7784,194649405.31,-2.43,-3.8602,5.751745482087,4.92,0.439122424974,56.1660973699,计算机设备,2026-04-25
4139,688207,格灵深瞳,-0.16,20788462.82,170.8690587754,-66.0529,-40725602.07,8.4899298681,31.0038,7.042495634962,-2.21,-0.152030860018,24.381684225,IT服务Ⅱ,2026-04-25
4140,688203,海正生材,0.0052,267561296.28,30.2803043024,16.1891,1045917.28,348.06,-78.9111,7.277192321569,0.07,-0.041847090776,10.5862016195,塑料,2026-04-25
4141,688199,久日新材,0.06,443414334.25,24.5396688854,13.9744,10185240.36,196.7780405054,-59.0963,16.052034075182,0.39,-0.187104355268,18.8438679325,化学制品,2026-04-25
4142,688195,腾景科技,0.11,171171017.57,51.1714357439,6.7071,14433777.9,10.74,111.8295,7.869227426208,1.45,-0.040109392192,37.2200799262,光学光电子,2026-04-25
4143,688184,ST帕瓦,0.13,205427129.0,156.7393124222,-38.6419,20165434.08,136.0,104.0777,6.755269297136,1.89,0.13487869015,6.7578842569,电池,2026-04-25
4144,688163,赛伦生物,0.01,27093556.95,5.746307077,28.6047,567176.15,-84.9,104.5654,10.286682511735,0.05,-0.108744189706,72.6546884794,生物制品,2026-04-25
4145,688115,思林杰,0.08,73136012.52,130.6332754836,-6.5062,5270098.05,142.0220290719,435.6258,19.126104789561,0.41,-0.652288508025,59.5074381148,通用设备,2026-04-25
4146,688114,华大智造,-0.26,585344045.5,24.8084958543,-35.7262,-105186266.6,37.874296896,-2.5137,17.01838982075,-1.43,0.215633968915,58.5573949876,医疗器械,2026-04-25
4147,688081,兴图新科,-0.03,40522241.43,124.1842617083,-21.2382,-3028081.92,84.9064711421,86.7839,3.827370496409,-0.77,-0.268839376747,55.6837186042,军工电子Ⅱ,2026-04-25
4148,688068,热景生物,-0.77,116025958.0,24.4376067082,21.9193,-68059381.05,-81.9745230811,36.444,26.233167819067,-2.77,-0.651913204845,52.5046486925,医疗器械,2026-04-25
4149,688035,德邦科技,0.24,406392183.3,28.4795037844,-11.1498,34413317.89,26.78,-9.1013,16.613745610307,1.47,0.157071136038,26.9878095315,电子化学品Ⅱ,2026-04-25
4150,688030,山石网科,-0.1913,180823980.39,14.4440867762,-6.1928,-34486321.57,53.6531582105,71.4298,3.775459106453,-4.83,-0.873631718022,69.6469511778,软件开发,2026-04-25
4151,688003,天准科技,0.0244,383929895.73,75.6096172653,-52.7681,4694734.46,114.5357582734,-94.8578,10.165204403653,0.23,-0.208604670377,40.9754932736,自动化设备,2026-04-25
4152,605589,圣泉集团,0.21,2670778107.22,8.6222908074,-6.7316,177346803.32,-14.21,-28.196,12.889278824238,1.64,-0.617520953894,26.2490947299,塑料,2026-04-25
4153,605555,德昌股份,0.03,1027210298.26,2.672791126,-15.0108,12660589.85,-84.38,1642.5239,6.186662710199,0.42,0.11800515538,11.8090542828,小家电,2026-04-25
4154,605365,立达信,0.04,1476613937.5,-4.0015604286,-23.1553,19880155.0,-71.1,-75.5331,7.574851847226,0.52,0.234805586022,26.2940210044,照明设备Ⅱ,2026-04-25
4155,605319,无锡振华,0.29,669324964.38,11.4660199482,-30.6831,100796102.44,6.61,-31.2972,8.164770201358,3.57,0.20342649727,25.7730963957,汽车零部件,2026-04-25
4156,605300,佳禾食品,0.04,553342558.11,-3.0120417832,13.5115,17824251.89,356.29,271.7187,6.349405288547,0.62,0.112609100749,13.8969163013,饮料乳品,2026-04-25
4157,605299,舒华体育,0.0593,349260754.3,28.8035860302,-37.4506,24326105.73,212.79,-54.6623,3.138273178251,1.9,0.049313538385,31.4679857404,文娱用品,2026-04-25
4158,605296,神农集团,-1.25,1321640711.47,-10.1956076338,-7.4747,-648352132.21,-383.62,-428.7727,8.154836679742,-14.12,-0.242593480852,-3.1680485639,养殖业,2026-04-25
4159,605255,天普股份,-0.02,71999703.26,-11.2910370143,-18.1954,-2379939.81,-127.28,-128.6884,6.062183895212,-0.29,0.173827259323,36.9247358618,汽车零部件,2026-04-25
4160,605208,永茂泰,0.06,1366847538.47,13.7894025239,-13.0435,17858099.13,22.98,3.0569,6.736060937049,0.81,-0.687559126174,5.9575808646,工业金属,2026-04-25
4161,605183,确成股份,0.19,555237765.2,2.8792229614,-2.0677,79023658.03,-42.62,-20.5755,9.104918167025,2.1,0.277917535081,26.8414029036,橡胶,2026-04-25
4162,605166,聚合顺,0.11,1186369640.24,-24.0792045931,2.5356,34060949.74,-57.84,549.311,6.316331518386,1.71,-0.016240208375,8.2701095284,化学纤维,2026-04-25
4163,605162,新中港,0.03,143724120.39,-17.4133538173,-19.5947,12141917.8,-21.43,-61.1974,3.223660299434,0.92,0.017452094731,26.2551722547,电力,2026-04-25
4164,605138,盛泰集团,0.3,904077112.4,0.0924922648,-5.4123,165386433.39,711.74,2043.9496,4.515867372053,6.57,0.162945345066,17.6809350295,服装家纺,2026-04-25
4165,605018,长华集团,0.03,448753432.4,6.1325358518,-31.3467,15426131.34,127.15,-55.0343,6.022874325531,0.55,0.103639768104,12.9860284897,汽车零部件,2026-04-25
4166,605005,合兴股份,0.11,425050154.68,5.3963714956,-17.6041,44585890.38,-14.26,-17.7508,5.305301857431,2.11,0.178457222369,29.6646944606,汽车零部件,2026-04-25
4167,603998,方盛制药,0.2,462773883.82,10.689343179,-6.1552,88391687.93,0.15,131.9762,3.94920467282,5.16,0.182622311706,75.3296737842,中药Ⅱ,2026-04-25
4168,603995,甬金股份,0.35,9849351855.18,4.9073804035,-11.14,126184328.33,20.47,27.6929,16.162229319629,2.1,-0.373433642328,4.6163527044,特钢Ⅱ,2026-04-25
4169,603993,洛阳钼业,0.36,66403195123.35,44.3361681073,8.5047,7760054120.3,96.65,28.0729,4.153726173214,9.06,0.529543543785,22.8849393275,工业金属,2026-04-25
4170,603982,泉峰汽车,-0.2901,522733962.19,-13.0285452572,-25.6715,-105928269.93,-17.0588288782,-9.8294,5.810232669169,-4.85,-0.332725264697,0.6954700695,汽车零部件,2026-04-25
4171,603976,正川股份,0.05,208628950.23,29.1241314151,0.971,6827414.78,-37.44,166.2308,7.854758704508,0.56,0.235619332488,18.2323372658,医疗器械,2026-04-25
4172,603970,中农立华,0.2043,2653994902.33,4.8119956119,15.8778,54924850.44,1.83,158.0508,6.052089288281,3.43,-0.222909153907,6.2012299231,农化制品,2026-04-25
4173,603966,法兰泰克,0.1364,644109355.77,57.9228976675,13.4284,54256883.49,57.75,-14.7725,5.322798938998,2.56,-0.243562148839,23.3680622276,专用设备,2026-04-25
4174,603958,哈森股份,0.078,385260790.36,7.7812549043,-4.4303,17212782.14,207.92,153.9877,2.968213104531,2.63,0.205630126185,36.7244684718,服装家纺,2026-04-25
4175,603931,格林达,0.15,148023065.0,-8.857058258,1.9011,29316349.21,-7.88,-2.9965,10.000017882987,1.49,0.154962999399,32.9176886656,电子化学品Ⅱ,2026-04-25
4176,603886,元祖股份,-0.29,332927342.96,-1.4271507941,-37.4897,-70235419.6,-180.76,-923.7213,6.177040842833,-4.62,-0.159361234167,60.9420388563,休闲食品,2026-04-25
4177,603882,金域医学,0.09,1350977738.08,-7.8777086317,-9.4702,42790549.78,254.0,145.6998,13.704565959345,0.65,0.093748322251,34.895865775,医疗服务,2026-04-25
4178,603881,数据港,0.06,380158235.19,-3.7622809897,-20.7828,44778488.28,1.64,137.1569,4.684208825553,1.34,0.39285121406,31.7461035612,通信服务,2026-04-25
4179,603867,新化股份,0.37,821647054.79,7.4472311202,10.1004,81269832.15,13.55,7.7355,14.430203688921,2.62,-0.238475468456,21.5930642246,化学制品,2026-04-25
4180,603861,白云电器,0.06,974027683.43,-0.1965247188,-33.0784,34043419.86,-7.09,-38.7867,7.41424913039,0.85,-0.560862773231,18.2771799599,电网设备,2026-04-25
4181,603836,海程邦达,0.06,2023321863.84,-3.7634216519,-7.4121,12052812.37,226.36,263.013,8.477915928784,0.69,0.016020818296,7.1153925346,物流,2026-04-25
4182,603817,海峡环保,0.1184,293050849.6,5.1139640641,-21.7149,67505965.58,49.2,244.8174,5.735243477339,2.09,-0.034776803495,44.2136510121,环境治理,2026-04-25
4183,603790,雅运股份,0.19,274745375.83,21.2578270724,45.0844,36614611.11,33.02,467.3942,6.819029921614,2.85,0.128068134406,33.8036591296,化学制品,2026-04-25
4184,603787,新日股份,0.11,939629246.09,-10.8106191251,74.3126,25176733.37,-15.87,138.6399,6.708564320289,1.64,0.239644722415,13.3720628889,摩托车及其他,2026-04-25
4185,603767,中马传动,0.02,205085394.45,2.2804631072,-10.9804,6070342.44,0.41,119.5275,4.428079143315,0.45,0.081766979618,12.3960371036,汽车零部件,2026-04-25
4186,603766,隆鑫通用,0.2295,4522343544.16,-2.6681837242,-1.2202,471334952.38,-7.01,564.4099,4.700550953739,4.87,0.239211187792,19.4598368726,摩托车及其他,2026-04-25
4187,603755,日辰股份,0.1872,125444915.08,23.7297729305,0.8345,18195930.41,3.02,-8.5305,7.698889773621,2.4,0.228181367451,35.5913980981,调味发酵品Ⅱ,2026-04-25
4188,603739,蔚蓝生物,0.07,345050139.43,11.2354745591,-1.5073,17867737.01,86.57,122.4978,7.112836630387,1.01,0.072175908538,44.228505794,化学制品,2026-04-25
4189,603722,阿科力,-0.13,148383565.65,40.1082325743,-0.4676,-12995268.96,-169.2762386195,30.9136,9.077307893018,-1.45,0.175764271209,0.153197653,化学制品,2026-04-25
4190,603703,盛洋科技,0.02,238880251.93,29.5950603202,-11.6014,6109803.22,-2.43,120.0287,1.991537969491,0.69,-0.468986627448,23.9468168707,光学光电子,2026-04-25
4191,603693,江苏新能,0.12,507801890.46,-11.5868344546,-9.5337,109488853.48,-33.11,-6.5822,8.057797392522,1.54,0.257358442205,52.7178694466,电力,2026-04-25
4192,603688,石英股份,0.07,256452107.04,1.0282340413,0.5794,36769731.55,-30.29,102.2556,10.806516359233,0.63,0.008962978042,36.2675151019,非金属材料Ⅱ,2026-04-25
4193,603682,锦和商管,0.02,227215381.98,-5.7932345965,4.4863,9112481.2,-83.09,104.451,1.376247075788,1.4,0.280049801143,26.023359794,一般零售,2026-04-25
4194,603677,奇精机械,0.0606,487295705.27,-4.9333809895,-7.8663,11671425.5,-36.88,362.0626,6.046941841409,1.0,0.143348010664,11.3161709458,家电零部件Ⅱ,2026-04-25
4195,603663,三祥新材,0.09,263735453.8,14.2619144341,-14.1785,36889130.14,173.08,-6.8312,3.283452564666,2.66,0.128614482503,27.9845659492,化学原料,2026-04-25
4196,603656,泰禾智能,0.031,134788277.95,28.7296663929,-31.749,5612179.62,168.56,1510.4801,7.255327686478,0.42,0.073916555237,39.7286859395,专用设备,2026-04-25
4197,603608,天创时尚,0.03,242148456.0,-5.791355674,-40.19,13004213.0,1453.4114172184,-34.138,2.60777928982,1.18,0.013632541723,67.8147850755,服装家纺,2026-04-25
4198,603600,永艺股份,0.22,1141731270.06,13.0080779695,-18.3882,72044479.17,25.18,74.5108,7.105171104765,3.1,0.009424239673,21.8565049626,家居用品,2026-04-25
4199,603586,金麒麟,0.04,396548108.76,-23.7712598156,2.5811,8512131.35,-88.66,183.4005,11.841517284886,0.37,0.110331068246,18.4738315432,汽车零部件,2026-04-25
4200,603579,荣泰健康,0.35,442196878.4,11.9567057825,4.1086,69738811.66,58.72,74.8681,14.248139373482,2.46,-0.411328333349,30.9385594478,其他家电Ⅱ,2026-04-25
4201,603538,美诺华,0.14,337651165.99,22.1236069309,-12.6001,31162062.8,46.84,394.3254,10.475888656458,1.32,-0.118732119287,27.1219372637,化学制药,2026-04-25
4202,603527,众源新材,0.12,3791185249.1,72.6037846725,14.2278,38401604.77,-46.72,203.7848,6.692530820529,1.83,-0.764319039427,4.0734119014,工业金属,2026-04-25
4203,603511,爱慕股份,0.23,849356808.25,-0.5656551213,-1.192,93769044.3,9.59,84.3028,11.078275199073,2.12,0.366718879268,68.1865476564,服装家纺,2026-04-25
4204,603486,科沃斯,0.71,4902247441.35,27.0593754754,-20.4497,404774348.55,-14.73,18.9188,16.027418894125,4.38,0.330519658485,49.5896347391,小家电,2026-04-25
4205,603416,信捷电气,0.35,464305113.28,19.5744671726,-26.491,54367736.3,18.17,-26.5389,17.536811823481,1.98,-0.148852324622,37.7730671177,自动化设备,2026-04-25
4206,603375,盛景微,0.02,94932117.59,7.8682420871,-23.3092,2466391.25,-40.85,127.0176,15.384869186838,0.16,0.246943278156,26.032480437,半导体,2026-04-25
4207,603366,日出东方,-0.0489,812446075.83,17.293633886,-37.3589,-39718463.68,15.0860782022,-128.7789,5.268746055653,-0.92,0.191305772892,28.3382564861,厨卫电器,2026-04-25
4208,603327,福蓉科技,0.0468,761515145.02,35.8360144067,2.5424,48268783.25,134.07,31.0532,2.394826645399,2.05,-0.026108227698,12.2156509832,消费电子,2026-04-25
4209,603312,西典新能,0.37,535670189.43,-24.2711378202,-22.1583,59773637.08,-16.81,19.6021,11.523830317782,3.3,0.38260087769,17.6201287756,电网设备,2026-04-25
4210,603310,巍华新材,0.12,360875000.94,88.9601869855,42.9926,41138470.1,22.85,-32.208,11.780520618405,1.02,-0.019588319627,17.3909789225,化学制品,2026-04-25
4211,603170,宝立食品,0.16,775960710.27,16.0029481103,-3.1157,65577542.24,12.58,-7.3014,3.869452267168,4.33,0.109182952451,33.4900729947,调味发酵品Ⅱ,2026-04-25
4212,603156,养元饮品,0.6409,2557068814.97,37.5006156214,78.7342,807698724.74,25.8,473.6269,7.863927937554,8.53,-0.306965607543,44.768180221,饮料乳品,2026-04-25
4213,603125,常青科技,0.2,389035537.56,57.9345496597,20.4922,81301476.13,129.78,46.268,6.248264570668,3.27,0.148028689245,31.5334889942,化学制品,2026-04-25
4214,603095,越剑智能,0.0553,237148703.36,-28.4469050414,23.5331,14217031.46,-57.38,208.0515,9.050311194676,0.61,-0.114878275691,12.2505866903,专用设备,2026-04-25
4215,603080,新疆火炬,0.32,479895002.81,2.7093835219,-6.2566,45109402.87,-0.82,-15.1657,11.481751595124,2.82,-0.131347331731,21.4262675393,燃气Ⅱ,2026-04-25
4216,603037,凯众股份,0.04,163768507.07,3.0939891656,-36.8139,9524973.15,-23.94,-37.731,3.721891135852,0.92,-0.110695934307,31.3141676733,汽车零部件,2026-04-25
4217,603019,中科曙光,0.156,3199430492.82,23.7100491767,-47.9211,227843919.03,22.19,-81.1727,15.416230380384,1.02,-0.950504861275,26.5575244168,计算机设备,2026-04-25
4218,601996,丰林集团,-0.025,326279298.76,1.9537423353,-25.1056,-27631481.32,20.7744513855,60.038,2.188323789414,-1.12,-0.068639680766,-1.2381299872,家居用品,2026-04-25
4219,601990,南京证券,0.07,723098129.01,-4.4500258479,33.0109,292929492.77,5.93,78.0123,5.367006471303,1.26,-0.118236479288,,证券Ⅱ,2026-04-25
4220,601968,宝钢包装,0.05,2441057933.57,21.9403791903,11.0399,65390560.74,14.01,446.1466,3.566095195458,1.43,-0.311031646536,6.9467796023,包装印刷,2026-04-25
4221,601949,中国出版,-0.0527,692895342.62,-15.462752584,-67.3715,-100390072.08,-250.5734855336,-124.5432,5.225364998482,-1.0,-0.193400575013,27.199230908,出版,2026-04-25
4222,601918,新集能源,0.212,3606871165.63,23.9638513224,10.2835,548208016.81,3.08,-16.8779,6.742441819638,3.19,0.293062954155,35.8144195581,煤炭开采,2026-04-25
4223,601872,招商轮船,0.34,8556013852.97,52.9177300121,-3.5102,2763413437.55,219.31,1.888,5.580657809106,6.28,0.410417752404,41.7937166648,航运港口,2026-04-25
4224,601633,长城汽车,0.11,45109342077.97,12.72,-34.853,945458305.81,-46.01,-23.1533,10.306662041373,1.07,0.382227509303,18.4520041781,乘用车,2026-04-25
4225,601616,广电电气,-0.0406,213139328.46,26.0016123853,15.3444,-23526184.99,-5664.2,12.9783,2.791801815568,-0.98,-0.067906488802,19.9062914745,电网设备,2026-04-25
4226,601611,中国核建,0.13,23006669875.83,-22.1418090172,-17.7696,402876829.83,-26.93,89.4666,7.4717337172,1.81,-3.156058743586,9.3637073414,基础建设,2026-04-25
4227,601608,中信重工,0.0208,2205493737.99,0.5761715032,0.1824,95081881.74,4.57,5.0545,2.058094545073,1.01,0.007185108383,17.8006083897,专用设备,2026-04-25
4228,601606,长城军工,-0.08,157628922.24,6.5563761763,-67.6787,-55673796.41,-2.6180271733,-313.2017,3.013099376039,-2.52,-0.080412398036,15.2829074307,地面兵装Ⅱ,2026-04-25
4229,601567,三星电气,0.12,3237183417.17,-10.8408922025,-1.332,167325140.12,-65.8,165.9091,8.32129114031,1.44,0.010208892269,25.0215086647,电网设备,2026-04-25
4230,601330,绿色动力,0.15,895120604.66,8.0797073036,-5.9489,206527020.28,11.66,2400.8562,5.78372276001,2.46,0.185428569302,48.2702454642,环境治理,2026-04-25
4231,601225,陕西煤业,0.4342,38953072382.69,-3.0105552317,-2.849,4209991046.33,-12.38,3.9053,10.531140947647,4.21,0.998172274134,31.1232800066,煤炭开采,2026-04-25
4232,601218,吉鑫科技,0.0673,473247676.22,39.9571726305,43.3704,65208979.31,55.22,209.22,3.128773480622,2.1742,0.116857919904,18.6667237916,风电设备,2026-04-25
4233,601216,君正集团,0.085,6090258261.15,-1.8599531506,-6.9852,717383149.77,-28.78,38.1477,3.538296696052,2.42,0.1283467536,19.8214784373,化学原料,2026-04-25
4234,601211,国泰海通,0.36,16232110965.0,58.9069246145,-5.7134,6388465090.0,-47.82,11.3948,18.517824458481,1.95,3.081205649617,,证券Ⅱ,2026-04-25
4235,601121,宝地矿业,0.042,294386879.25,-3.3729150412,-36.982,36959013.28,84.41,51.8598,4.446545870054,1.13,-0.07747897856,39.7918362015,冶钢原料,2026-04-25
4236,601116,三江购物,0.1098,1064895626.4,-0.8022644318,13.3938,60143861.67,-15.01,-17.5012,6.114180643129,1.8124,0.216552198224,24.5487325959,一般零售,2026-04-25
4237,601108,财通证券,0.13,1651343254.1,54.4078991902,-11.1948,617079837.34,113.03,3.789,8.212101103308,1.61,-0.098735175526,,证券Ⅱ,2026-04-25
4238,601089,福元医药,0.2,811169644.86,-2.3242375069,-17.5507,95411871.24,-26.96,1.4762,8.072316686708,2.49,0.220434525188,61.6954708773,化学制药,2026-04-25
4239,601088,中国神华,0.53,70397000000.0,1.1669181576,-13.9033,10667000000.0,-10.7,-22.6861,22.650115191411,2.4,0.817783976919,32.8891856187,煤炭开采,2026-04-25
4240,601011,宝泰隆,-0.028,160025826.3,26.0965402931,-22.4732,-54284393.22,17.1997427911,85.3709,2.82743665798,-1.0,0.047794845181,-6.4766190743,焦炭Ⅱ,2026-04-25
4241,600993,马应龙,0.49,1012364484.97,4.4592838566,-1.6479,212586063.99,4.43,164.1423,10.653510081504,4.73,0.553678120075,48.2021636352,中药Ⅱ,2026-04-25
4242,600988,赤峰黄金,0.52,3554318743.96,47.6534321956,-11.016,988242794.57,104.43,-3.5282,7.518920490937,7.13,0.261422837684,59.2700694497,贵金属,2026-04-25
4243,600980,北矿科技,0.1212,259438969.06,10.5733150236,-42.0808,22948032.14,10.55,-43.4848,7.986728250218,1.53,0.023865094746,27.8043968959,专用设备,2026-04-25
4244,600963,岳阳林纸,0.01,1954631095.66,-7.0921178367,-6.7797,12918319.09,-73.57,103.2535,4.326952937067,0.17,0.020905022566,7.7060606068,造纸,2026-04-25
4245,600955,维远股份,0.13,2680661521.95,11.426010839,32.9681,71323746.86,143.8627976701,108.7818,13.948290257309,0.93,0.658814314527,7.3746939515,化学原料,2026-04-25
4246,600917,重庆燃气,-0.0252,2626699670.42,-4.5245781753,-10.0864,-39360850.62,27.23,-155.6503,3.694782278121,-0.68,-0.061331444498,3.1675407827,燃气Ⅱ,2026-04-25
4247,600895,张江高科,0.05,838011211.7,-31.2773915885,-61.5242,83513563.59,-71.64,-77.4012,8.825075548298,0.53,-0.446179305323,25.6960885074,房地产开发,2026-04-25
4248,600864,哈投股份,0.04,999391297.17,2.76,13.2405,79471334.37,-33.03,140.439,6.200271594043,0.61,0.091081573755,14.4491263073,证券Ⅱ,2026-04-25
4249,600862,中航高科,0.181,1081236258.59,-22.8450374907,-13.2473,250932200.73,-29.87,11.7524,5.692494235194,3.22,0.311759779205,40.5387839723,航空装备Ⅱ,2026-04-25
4250,600861,北京人力,0.4639,11382221441.21,5.0331871941,0.0312,262640397.7,-55.54,61.3231,13.37228633445,3.53,-0.14777215777,4.1677951929,专业服务,2026-04-25
4251,600853,龙建股份,0.0077,1800073478.12,-0.0144395568,-73.6929,7821881.26,-4.81,-94.0763,3.519969572274,0.19,-1.592476499291,11.6746580806,基础建设,2026-04-25
4252,600839,四川长虹,0.0214,27276410361.91,1.6380405681,1.2979,98478296.0,-71.5,619.8465,3.334711485046,0.6376,-0.766195391633,8.4223206218,黑色家电,2026-04-25
4253,600830,香溢融通,0.056,121335371.13,0.67,-0.7591,25267294.34,8.38,196.0802,4.986279949681,1.122,-1.029263489684,57.5884343098,多元金融,2026-04-25
4254,600812,华北制药,0.021,2153167876.49,-16.3575997915,22.5602,35472827.49,-38.3,44.4796,3.234670242277,0.641,0.092477325799,28.9504156952,化学制药,2026-04-25
4255,600808,马钢股份,0.01,17718338230.0,-8.7854740737,-11.1981,42366546.0,129.4047833941,114.4875,3.125412863313,0.18,0.183496322191,3.1025363884,普钢,2026-04-25
4256,600794,保税科技,0.02,147824838.36,-35.2202139234,181.4688,23160842.41,-24.64,115.3976,2.083125054251,0.93,-0.262366964192,36.429920166,物流,2026-04-25
4257,600789,鲁抗医药,0.05,1616445518.8,-3.4208097605,41.5743,53253383.31,-32.25,284.3227,4.944141536974,1.04,0.157027061271,21.313538143,化学制药,2026-04-25
4258,600784,鲁银投资,0.08,800151778.34,-1.6647408811,-8.362,55634983.75,-29.88,583.9224,4.915005018491,1.69,-0.015844807787,24.4038884716,化学原料,2026-04-25
4259,600780,通宝能源,0.1501,3077416430.09,-1.2571180462,-0.0674,172080296.89,2.19,6.5377,7.474236196208,2.03,0.290982508741,7.780049717,电力,2026-04-25
4260,600761,安徽合力,0.37,5188695505.69,12.4257332152,6.2212,325589742.64,-2.66,214.5829,12.521811036949,2.97,0.34251503535,22.9280497284,工程机械,2026-04-25
4261,600750,华润江中,0.46,1036168885.37,-12.4930682809,-19.4477,288044252.2,1.1,29.0313,6.790462947967,6.91,0.050227400972,68.1266553905,中药Ⅱ,2026-04-25
4262,600721,百花医药,0.0173,67182856.85,-30.6801387238,-25.1138,6642724.56,-67.94,-17.108,2.102420297241,0.83,-0.02505955989,48.0161788773,医疗服务,2026-04-25
4263,600703,三安光电,0.01,2906931628.09,-32.5856653627,-29.6468,67492174.61,-68.15,115.2761,6.995383390747,0.19,0.071930531529,18.4814017595,光学光电子,2026-04-25
4264,600698,湖南天雁,0.0017,162054293.2,46.4050037439,3.2366,1849445.71,109.54,105.6724,0.691426688694,0.25,-0.015399250763,11.2310878352,汽车零部件,2026-04-25
4265,600693,东百集团,0.0518,505202511.58,2.7931272553,3.5614,45016275.3,13.71,206.4596,4.148502323766,1.26,0.217069533551,57.1608186204,一般零售,2026-04-25
4266,600653,申华控股,-0.0114,733727241.85,-17.0195019536,-23.8724,-22252334.92,-86.21,75.0713,0.321365374792,-3.495,0.038587075899,6.5053440403,汽车服务,2026-04-25
4267,600645,中源协和,0.05,317340866.94,-9.535383933,-12.4548,24244932.68,-13.5,309.2354,7.947776563761,0.65,0.060148246254,69.5685847741,生物制品,2026-04-25
4268,600644,乐山电力,-0.0031,771609114.82,-8.2161010701,-22.5029,-1768736.92,-46.92,96.4278,3.575610379532,-0.09,-0.040355268933,11.8958147328,电力,2026-04-25
4269,600615,鑫源智造,-0.02,150190411.53,-9.5210238149,5.0014,-4180043.58,-179.78,56.3015,3.19820245358,-0.58,-0.171105083661,9.4985473604,工业金属,2026-04-25
4270,600610,中毅达,0.0173,270527676.86,0.065511829,-4.3722,18496634.95,34.41,230.0565,0.129801452915,14.27,-0.018297716494,20.6064680764,化学原料,2026-04-25
4271,600604,市北高新,-0.0408,233321158.13,-35.8342148113,-17.7924,-76453783.52,-94.6096168371,40.3161,3.20979970125,-1.26,-0.243311901543,22.8070342812,房地产开发,2026-04-25
4272,600602,云赛智联,0.033,1449399959.47,2.763991987,-17.1284,44551088.41,5.77,-8.1757,3.597938667107,0.909,-0.212180081136,15.7450428095,软件开发,2026-04-25
4273,600588,用友网络,-0.22,1459299286.0,5.8950185603,-59.4323,-722584932.0,1.794598568,-8190.1192,2.017983745858,-10.28,-0.294135428477,44.7178254153,软件开发,2026-04-25
4274,600583,海油工程,0.1,4994362100.0,-1.9968239776,-47.4405,438411400.0,-18.94,-8.5749,6.562632182335,1.52,0.114947956676,14.7330707159,油服工程,2026-04-25
4275,600578,京能电力,0.16,10180752811.79,2.2135436391,9.8753,1101328582.04,1.5,206.306,3.766400477484,4.34,0.408246314358,18.6949163614,电力,2026-04-25
4276,600535,天士力,0.2478,2164797399.77,5.3487635794,12.41,370241647.12,17.8,207.0284,8.546483207107,2.94,0.310997067228,71.1894815327,中药Ⅱ,2026-04-25
4277,600529,山东药玻,0.3,1219063985.04,4.0881056646,8.6559,201206020.13,-10.03,36.7145,12.622311409191,2.4,0.32095376974,32.5629303139,医疗器械,2026-04-25
4278,600523,贵航股份,0.1,595683559.28,0.6570570384,-8.8524,42194052.7,9.78,-43.3792,8.040873142582,1.31,-0.114046744128,23.346570971,汽车零部件,2026-04-25
4279,600522,中天科技,0.272,13142208087.22,34.7112176697,-9.5226,918953763.69,46.42,62.9712,11.137831443448,2.43,-0.570945618128,15.5814103559,通信设备,2026-04-25
4280,600519,贵州茅台,21.76,54702912385.23,6.3360092771,32.9345,27242512886.45,1.47,53.9706,216.32234994607,10.57,21.488885503142,89.7592176242,白酒Ⅱ,2026-04-25
4281,600502,安徽建工,0.16,16000847028.41,10.0316952422,-58.0822,333210123.91,7.08,-53.5299,7.107767364277,1.7,-1.686605137946,11.4415852035,基础建设,2026-04-25
4282,600501,航天晨光,-0.14,291195751.55,7.5483609014,-70.2283,-61964667.82,14.186278584,39.5398,3.416848535193,-4.15,-0.960610006189,13.8336311624,专用设备,2026-04-25
4283,600490,鹏欣资源,0.0498,979700386.16,82.6216057905,236.319,110286191.28,2.35,1386.5216,2.876184086536,1.74,0.138096768868,24.4886491523,工业金属,2026-04-25
4284,600488,津药药业,0.013,608114103.87,-22.6087526805,-10.1087,13891311.04,-76.07,1255.8272,2.792550400487,0.46,-0.010396959518,41.971983627,化学制药,2026-04-25
4285,600487,亨通光电,0.4563,17790560069.79,34.086710357,3.2274,1105364232.68,98.53,263.0712,13.140150112513,3.44,-0.078520781044,15.9794615991,通信设备,2026-04-25
4286,600449,宁夏建材,-0.01,461377787.46,-47.4365373486,-59.0919,-4525905.31,46.1718616847,88.4901,15.411009311887,-0.06,-0.201381750178,6.99247646,水泥,2026-04-25
4287,600446,金证股份,-0.052,462282271.34,-11.312325588,-28.6342,-48954771.57,48.5747358293,56.2204,3.757284650551,-1.37,-0.364100295045,34.6344376707,IT服务Ⅱ,2026-04-25
4288,600435,北方导航,-0.0104,431546174.12,22.6876919149,-74.9619,-15723849.88,6.1734267209,-302.7974,1.920546775319,-0.54,0.5489545232,18.9902864594,地面兵装Ⅱ,2026-04-25
4289,600422,昆药集团,-0.19,836158258.4,-48.0147221337,-54.1582,-141783891.37,-256.7,-275.9696,6.897904520144,-2.68,-0.810711286385,22.5672482768,中药Ⅱ,2026-04-25
4290,600409,三友化工,-0.0443,4507885821.9,-5.3996895596,-3.4128,-91520318.11,-381.2721498137,-184.8214,6.673233706506,-0.66,-0.217987228745,9.4468843512,化学原料,2026-04-25
4291,600408,安泰集团,-0.05,1231972189.79,18.726411087,2.7066,-49930664.14,13.4283489339,65.2972,1.149082764779,-4.22,0.105348089392,0.1242850847,焦炭Ⅱ,2026-04-25
4292,600399,抚顺特钢,-0.0746,1898872577.87,8.1653260855,-6.4096,-146440817.04,-16.9281824935,42.6849,2.721714210887,-2.69,-0.33127115589,0.259369531,特钢Ⅱ,2026-04-25
4293,600391,航发科技,-0.034,720917602.24,-4.6465264292,-41.6643,-11347742.02,-418.0,-135.9587,5.374934255152,-0.63,-0.049784999527,15.8098091454,航空装备Ⅱ,2026-04-25
4294,600380,健康元,0.23,3721497528.96,-8.9938081376,-0.4397,414971222.32,-4.78,69.838,8.533113963451,2.7,0.499957063579,63.1891597853,化学制药,2026-04-25
4295,600368,五洲交通,0.1225,335880263.84,-8.3761171463,8.0067,197163907.76,0.68,309.2071,4.605413062533,2.7,0.156936079713,62.9698422682,铁路公路,2026-04-25
4296,600367,红星发展,0.08,472886737.59,-11.2260788266,-10.0545,28649828.6,-2.25,297.023,7.29726281259,1.16,0.000667834045,23.6974375812,化学原料,2026-04-25
4297,600361,创新新材,0.071,20246262236.46,5.6474256448,10.4832,266350763.79,28.7,249.5512,3.054836202325,2.3594,-0.328295848225,3.8000522437,工业金属,2026-04-25
4298,600351,亚宝药业,0.1541,572022344.93,-6.9176142051,7.6543,106662285.31,-0.57,1.6615,4.122117347229,3.75,0.269415064851,53.2442464843,中药Ⅱ,2026-04-25
4299,600339,中油工程,0.0377,16867425566.66,-1.5262454418,-59.9554,210550666.66,8.43,225.9712,4.819316076349,0.78,-0.657170426946,9.0027704544,油服工程,2026-04-25
4300,600316,洪都航空,0.0081,884274602.29,73.4729535331,-79.5126,5783308.64,167.7501799671,-79.2605,7.519093946575,0.11,-0.170285727435,2.22961083,航空装备Ⅱ,2026-04-25
4301,600310,广西能源,-0.0235,872702937.49,6.1602359015,-19.0657,-34428105.51,83.4919955258,88.0945,1.853535613073,-1.26,0.35965049177,19.0596208761,电力,2026-04-25
4302,600273,嘉化能源,0.0792,2638166106.96,11.7471281747,7.7638,103376013.54,-62.5,-37.3688,7.498815586606,1.01,0.109680516374,10.8889830956,化学制品,2026-04-25
4303,600241,时代万恒,-0.04,94419435.38,10.3824479633,-8.8688,-11774588.06,-403.4356750854,91.1798,3.476561461986,-1.14,-0.080544296326,7.3108176852,电池,2026-04-25
4304,600237,铜峰电子,0.03896,306382604.69,-15.9973415437,-5.1873,24561596.8,-9.74,-38.5791,3.17450597125,1.5,0.09714655303,23.5943975811,元件,2026-04-25
4305,600228,返利科技,-0.0337,142015419.34,164.9710940628,-40.1985,-14021957.02,-0.2897740359,24.3991,0.916520068197,-3.61,0.085780045724,53.1262570928,数字媒体,2026-04-25
4306,600206,有研新材,0.104,2956907084.78,60.7188360148,6.6685,88271055.42,31.0,354.3826,5.132426002335,2.05,-1.441702057987,6.4187191243,半导体,2026-04-25
4307,600184,光电股份,0.0019,314711373.79,2.9922626816,-69.3382,1121631.95,17.03,-95.7538,5.865515317325,0.0328,0.371069309178,28.3413484889,地面兵装Ⅱ,2026-04-25
4308,600179,安通控股,0.06,2120446331.98,3.8343509529,-16.6331,253814999.38,5.12,-39.8697,2.861478681025,2.12,0.104620357816,18.0718691344,航运港口,2026-04-25
4309,600176,中国巨石,0.3193,5281938122.05,17.9290509314,6.1341,1267151599.42,73.48,76.6512,8.065504196426,4.0,0.055249952307,39.6377991631,玻璃玻纤,2026-04-25
4310,600173,卧龙新能,0.02,472473516.05,-57.2320731599,-15.6443,11922930.43,-65.97,104.5382,5.104655625354,0.33,0.565329599075,20.804258675,房地产开发,2026-04-25
4311,600171,上海贝岭,0.032,604498290.88,28.9335767498,-37.1084,22418165.41,-41.6,-29.872,6.414545246272,0.49,-0.126349296195,28.93573392,半导体,2026-04-25
4312,600148,长春一东,0.0329,222245323.47,26.3821386607,3.7058,4655113.21,1221.2033521503,42.8,3.401264439505,0.97,-0.250908179932,16.0667981006,汽车零部件,2026-04-25
4313,600131,国网信通,0.0,1344309990.74,-3.1228704984,-72.7898,4282154.56,-24.46,-98.6016,5.409148939169,0.07,0.271619959418,13.3026232284,IT服务Ⅱ,2026-04-25
4314,600126,杭钢股份,0.003,7692848737.11,-46.7140091456,13.0759,9607622.84,127.4536183991,112.565,5.755891480673,0.05,-0.460830401186,3.3104949815,普钢,2026-04-25
4315,600121,郑州煤电,-0.1605,732726487.78,-24.2038953375,-17.1357,-195521001.49,-224.780659462,64.1435,0.603962184761,-23.36,0.095995135687,9.405614036,煤炭开采,2026-04-25
4316,600099,林海股份,0.019,326123484.3,20.3066789473,-1.1391,4161851.3,19.13,-58.4984,2.514536601862,0.76,-0.018206061838,13.6468283557,摩托车及其他,2026-04-25
4317,600095,湘财股份,0.0085,590040215.92,-5.0,-4.8676,24100253.16,-50.98,7.7062,4.302743044125,0.1962,0.733100676184,7.0099002092,证券Ⅱ,2026-04-25
4318,600062,华润双鹤,0.4694,2806583086.27,-8.8390198063,3.2754,484865833.06,-4.3,63.0272,11.66942082153,4.08,0.164268717028,59.0338318611,化学制药,2026-04-25
4319,600055,万东医疗,-0.023,406568573.28,8.9184401528,156.536,-15934047.3,-145.46,92.0588,6.317836274072,-0.36,-0.327201715544,24.8206664219,医疗器械,2026-04-25
4320,600030,中信证券,0.67,23155089056.75,40.9138156047,21.615,10216128310.91,54.6,47.692,19.669270676257,3.46,5.071425979503,,证券Ⅱ,2026-04-25
4321,301682,宏明电子,1.5293,852641222.29,4.0816853787,69.4089,139409921.55,0.85,791.2045,41.161494263507,4.81,-0.203238105462,46.5900748715,军工电子Ⅱ,2026-04-25
4322,301592,六九一二,-0.1927,38783928.87,69.7044562595,-86.6094,-13492477.77,21.57,-117.8128,13.413908968429,-1.43,-2.303631649143,38.7779575154,军工电子Ⅱ,2026-04-25
4323,301589,诺瓦星云,1.07,706671182.62,13.7955426426,-35.4989,95316921.78,-6.81,-33.13,41.41853498821,2.51,0.912030042402,58.5417794888,计算机设备,2026-04-25
4324,301577,美信科技,-0.29,135286124.65,27.5912953253,33.1378,-12898072.49,-281.9,20.6336,16.341012844469,-1.74,-0.174734920219,17.5269002504,通信设备,2026-04-25
4325,301539,宏鑫科技,-0.1,287554106.47,16.1301004061,-5.6234,-14709900.7,-244.56,8.0985,5.213452689392,-1.87,-0.316704545405,7.686330827,汽车零部件,2026-04-25
4326,301519,舜禹股份,-0.0931,139272839.29,6.1366417289,-5.6056,-15048365.02,8.96,-96.2661,8.512621318382,-1.05,-0.507127452549,25.4505113996,环境治理,2026-04-25
4327,301511,德福科技,0.2338,4337852580.59,73.4747350747,10.1977,147226867.87,708.9,220.5572,6.595561303508,3.54,-0.530763190306,9.1076939912,电池,2026-04-25
4328,301509,金凯生科,0.14,148110775.61,-16.0101963097,-2.3382,16643497.74,-64.9,1107.7892,18.452445495276,0.75,0.134379125503,42.3364735022,医疗服务,2026-04-25
4329,301500,飞南资源,0.7239,4545288540.34,49.381511686,9.9676,405413757.81,7919.37,366.2935,9.232092022493,8.14,-0.076833407497,15.2598839738,环境治理,2026-04-25
4330,301456,盘古智能,0.12,169036785.55,43.6618839216,-0.5987,17720855.69,35.54,-22.0782,14.790587171877,0.79,-0.046501459028,37.0774261626,风电设备,2026-04-25
4331,301408,华人健康,0.1984,1420983890.57,12.166960221,-10.8665,79343522.28,29.6,129.1438,5.440666606235,3.71,0.761351264968,35.1389672025,医药商业,2026-04-25
4332,301395,仁信新材,-0.4139,463949750.03,-13.778161416,-17.8231,-100505313.08,-564.99,-7072.7276,5.937531890595,-6.73,-1.110240769177,-16.8093228792,塑料,2026-04-25
4333,301387,光大同创,-0.0148,433032137.62,24.6746881793,-0.1417,-1577565.89,-108.88,84.2976,15.288085860966,-0.1,-0.293188818791,14.6002428151,消费电子,2026-04-25
4334,301337,亚华电子,-0.08,38531917.83,-2.6338667867,-54.0921,-8778326.79,-47.74,2.16,10.404041167083,-0.81,-0.087263545777,39.0999132887,软件开发,2026-04-25
4335,301335,天元宠物,0.11,682251194.01,19.8153291894,0.5776,13294254.59,-20.0,429.0718,15.271044353001,0.69,-0.773476412735,18.5407535803,文娱用品,2026-04-25
4336,301327,华宝新能,0.08,942716506.78,32.0589292239,-21.4086,14165583.59,-83.35,111.3009,34.939092113781,0.23,-0.642288423884,40.7172747183,电池,2026-04-25
4337,301322,绿通科技,-0.02,220242481.12,33.7009405351,-44.8085,-2808979.27,-109.94,89.1696,20.042886527109,-0.1,-0.392763018919,25.130179309,摩托车及其他,2026-04-25
4338,301321,翰博高新,0.0269,926731804.49,27.1886810231,8.6597,4610996.12,112.81,105.2392,5.233612911149,0.5,-0.514069280875,14.070199612,光学光电子,2026-04-25
4339,301318,维海德,0.03,156510334.43,-18.9343193564,-20.7977,3918257.33,-90.74,823.6158,13.963542387064,0.21,-0.172040624503,35.4387676328,计算机设备,2026-04-25
4340,301305,朗坤科技,0.3869,502287408.72,21.8531519871,22.2412,93319525.41,21.44,478.4449,16.1158118423,2.43,0.537153152871,35.9804259857,环境治理,2026-04-25
4341,301255,通力科技,0.04,104263451.4,18.7789225782,-9.2753,6724782.78,-36.76,-36.0166,7.012514274094,0.63,-0.737963035517,21.148461924,通用设备,2026-04-25
4342,301236,软通动力,-0.35,8117452606.11,15.7866555436,-16.3769,-349890694.42,-76.99,-426.3091,12.894715535713,-2.82,-3.325125137057,7.7839089875,IT服务Ⅱ,2026-04-25
4343,301235,华康洁净,-0.16,405475395.0,37.3231237348,-52.5624,-17459154.08,39.7,-130.7978,17.541804967491,-0.91,-2.273912078888,24.1988364892,医疗器械,2026-04-25
4344,301189,奥尼电子,0.14,353589695.53,164.5130489434,16.6621,16365702.7,160.25,124.4723,17.811073029494,0.79,-1.241771740147,26.3265950413,消费电子,2026-04-25
4345,301182,凯旺科技,-0.3733,211282318.07,59.4505422537,-14.6948,-35771943.56,6.99,45.3855,6.917616234527,-5.45,-0.19930035827,0.9868102542,计算机设备,2026-04-25
4346,301162,国能日新,0.17,151828225.72,4.6700584648,-30.2718,22609446.55,36.14,-58.7574,12.121069356975,1.42,-0.03312098844,65.3265739355,软件开发,2026-04-25
4347,301153,中科江南,-0.07,99327370.61,14.7799973706,-78.5778,-25067451.81,45.19,-115.1815,5.266523656586,-1.36,-0.347919834424,46.1164268405,软件开发,2026-04-25
4348,301151,冠龙节能,-0.0385,121032174.04,-23.9708191023,-54.1739,-6498914.93,-179.06,-119.6654,12.26595330918,-0.31,0.26714627586,29.9143411222,通用设备,2026-04-25
4349,301141,中科磁业,0.05,193533642.51,25.6471824926,2.1914,6175920.59,-54.04,1292.7307,10.343916642725,0.48,-0.543289975729,14.847309469,金属新材料,2026-04-25
4350,301103,何氏眼科,0.2069,305184437.79,4.703235574,28.5833,32688810.52,0.48,220.8063,12.153558168998,1.72,0.481411388222,44.2436212534,医疗服务,2026-04-25
4351,301077,星华新材,0.1929,221655808.42,20.8140169564,17.3515,32814926.49,-5.0,50.0468,7.053809636432,2.77,0.192420870436,32.0781911635,化学制品,2026-04-25
4352,301065,本立科技,0.1,161958785.76,-0.0128300441,2.9561,10590390.97,-30.54,-54.0558,13.072066875118,0.77,-0.03733023571,19.7016905383,化学制药,2026-04-25
4353,301040,中环海陆,-0.2586,146857177.63,-8.9482169371,-3.3451,-25862490.2,-24.03,-109.9595,7.007991566908,-3.28,-0.275611023209,1.7035511443,风电设备,2026-04-25
4354,301039,中集车辆,0.08,4644716918.84,1.1750970341,-10.0759,156900818.84,-12.13,-44.3492,7.840879771888,1.07,0.307367778789,15.0261418563,商用车,2026-04-25
4355,301031,中熔电气,1.1581,631561167.06,61.92163638,-14.4804,113871411.72,87.43,-30.1368,16.63411444992,7.31,0.443254859418,35.8881088296,其他电子Ⅱ,2026-04-25
4356,301028,鼎熔岩,0.15,335165778.53,11.3949851147,27.9845,58290530.15,3.84,44.6484,4.460170155587,3.46,0.007487877636,30.2177005016,通用设备,2026-04-25
4357,301025,读客文化,0.0102,80147621.19,-5.9961431216,-12.7441,3044609.02,361.32,36.4506,1.558884503312,0.49,-0.014085640132,38.5424742012,出版,2026-04-25
4358,301023,奕帆传动,0.17,60915702.22,10.2147795686,7.39,13125744.08,-22.29,0.8696,10.597093408378,1.6,0.188503777122,39.4564453401,电机Ⅱ,2026-04-25
4359,301022,海泰科,-0.0535,204904933.73,6.5142995181,-1.4828,-5368963.54,-138.57,9.9874,14.090835543753,-0.3815,-0.105339359266,18.4799469152,汽车零部件,2026-04-25
4360,301005,超捷股份,0.11,183212967.95,-2.8557990363,-33.8115,14228927.43,-11.0,217.0083,5.822533703697,1.84,0.100345140407,23.971929106,汽车零部件,2026-04-25
4361,301002,崧盛股份,0.12,274884206.76,36.3910757484,4.7686,15293897.95,42653.27,240.7749,8.127482784555,1.53,-0.157570694011,24.8772314372,电网设备,2026-04-25
4362,300993,玉马科技,0.09,185351988.91,22.8223357662,-3.4403,27864657.55,-7.69,-27.1943,5.181031390038,1.76,0.06421042848,35.6646733972,家居用品,2026-04-25
4363,300989,蕾奥规划,-0.14,43210877.1,-43.3603477057,-54.6347,-29580985.62,-877.69,-458.5028,4.582102278108,-3.01,-0.134957468099,5.101149428,工程咨询服务Ⅱ,2026-04-25
4364,300986,志特新材,0.0941,677107690.09,21.7671172985,-28.3239,38501176.38,56.44,-15.805,5.412376605804,1.74,0.198642493182,25.4547892208,专业工程,2026-04-25
4365,300968,格林精密,-0.11,303534660.86,46.1367506946,-7.2516,-45063259.68,-300.98,-13.6026,4.316168369926,-2.49,0.122594852823,11.0801075451,消费电子,2026-04-25
4366,300960,通业科技,-0.08,52006694.56,-24.0591147298,-75.9292,-12023228.9,-334.32,-145.9868,4.395821591394,-1.87,-0.086006104085,35.4149846973,轨交设备Ⅱ,2026-04-25
4367,300958,建工修复,-0.13,87171659.76,-61.6695590498,-33.619,-21031635.69,-178.31,-69.9501,7.713078663341,-1.72,0.018198635304,13.8594040922,环境治理,2026-04-25
4368,300946,恒而达,0.09,163347446.49,8.6783926273,-10.5793,14364062.28,-28.25,299.4277,7.659382528822,1.21,-0.044892419097,28.7791262062,通用设备,2026-04-25
4369,300939,秋田微,0.12,293905996.56,9.7779009352,-7.2684,14470422.1,-25.73,-9.362,12.059595826583,1.01,0.002501380833,25.6101591397,光学光电子,2026-04-25
4370,300903,科翔股份,-0.1233,954005183.78,9.3891957642,-3.9979,-52000687.37,-56.33,58.933,4.194081616501,-3.31,-0.13310508053,8.3112624468,元件,2026-04-25
4371,300887,谱尼测试,-0.1273,263022809.01,4.4897569177,-39.2059,-69487633.74,37.38,-47.5171,5.041850726093,-2.49,-0.082848169674,24.224375095,专业服务,2026-04-25
4372,300868,杰美特,-0.0646,140526392.17,-6.0641352097,-25.8942,-8060459.24,-120.35,74.0425,11.474710123875,-0.55,-0.209729436039,27.8784149689,消费电子,2026-04-25
4373,300863,卡倍亿,0.55,1009065315.23,14.0777072696,-15.2363,100605835.43,89.37,654.6606,7.911284920344,6.98,-0.559026308936,10.0307931481,汽车零部件,2026-04-25
4374,300849,锦盛新材,-0.04,71867357.03,-3.4477067722,3.9277,-6232537.16,-62.46,85.867,3.5930039722,-1.15,-0.5248676822,17.8746352181,化妆品,2026-04-25
4375,300837,浙矿股份,0.12,149318474.94,-12.4675838292,-29.282,11960731.51,-26.25,-51.0135,14.116896211111,0.82,-0.313340804834,29.2027912805,专用设备,2026-04-25
4376,300831,ST派瑞,0.0487,48071103.13,339.0603087776,-55.373,15588089.11,2218.85,-59.6876,3.042063574781,1.61,-0.121744274375,67.4227332216,半导体,2026-04-25
4377,300816,艾可蓝,0.2522,324298866.76,32.5086079621,5.6157,19861427.38,7.11,-5.2508,11.951705820875,2.1,0.55114448125,21.1368764698,汽车零部件,2026-04-25
4378,300809,华辰装备,0.05,104183000.72,-17.1488316843,-44.9353,12788669.04,-45.76,-91.9485,7.217174568903,0.7,0.117891152887,28.21014169,通用设备,2026-04-25
4379,300803,指南针,0.18,709895634.0,30.96,-4.6534,111214782.0,-19.8,-0.6502,4.699300781972,3.91,2.972621265403,89.9823893172,软件开发,2026-04-25
4380,300802,矩子科技,0.12,204966446.61,11.9151200854,29.5826,32527641.86,1.02,335.8333,5.347360819046,2.16,0.031974668107,34.7755431676,自动化设备,2026-04-25
4381,300772,运达股份,0.0608,6672896148.09,66.3908612361,-38.8726,47803382.25,-18.69,-45.987,8.560926799806,0.58,-1.575404472064,8.0282211641,风电设备,2026-04-25
4382,300753,爱朋医疗,-0.0348,68309666.37,5.380559229,-24.4117,-4390879.26,75.12,64.9752,5.260335464823,-0.66,-0.195917235101,66.1770495484,医疗器械,2026-04-25
4383,300739,明阳电路,0.04,518604001.67,23.3675234644,8.5405,14632272.59,21.73,73.0751,7.424267695974,0.53,0.109233253619,23.758257947,元件,2026-04-25
4384,300736,百邦科技,-0.0368,91226064.75,-17.0591975597,13.2039,-4704195.67,-0.04,60.3324,0.514379835626,-6.9,-0.044397571288,8.9338104108,其他电子Ⅱ,2026-04-25
4385,300717,华信新材,0.12,93698385.69,5.5166314838,-1.2955,12402814.12,-21.94,-12.8173,7.208811234152,1.69,0.226547844223,33.4167111412,塑料,2026-04-25
4386,300705,九典制药,0.11,595244012.8,-14.4799228604,-29.3783,56736098.14,-54.89,-14.6254,5.304630097417,2.11,0.155658944608,66.8454784632,化学制药,2026-04-25
4387,300696,爱乐达,0.01,87249270.57,2.8588987877,-41.942,1474807.11,-53.3,-82.8449,6.514314804158,0.08,0.01751919004,24.0957523686,航空装备Ⅱ,2026-04-25
4388,300676,华大基因,-0.0229,808653640.32,20.3514535609,-21.6228,-9520518.11,81.93,98.4006,20.145807021145,-0.11,-0.433531325753,39.709016449,医疗服务,2026-04-25
4389,300649,杭州园林,-0.07,32397532.13,3.4102566627,-29.2792,-9412905.29,-6.02,80.6903,3.335789098481,-2.11,0.095655619757,14.81587644,基础建设,2026-04-25
4390,300642,透景生命,-0.0348,82608916.07,10.3023943233,-22.2254,-5560762.85,-1278.9,-154.2599,8.740654590284,-0.39,0.050919332503,64.8722755599,医疗器械,2026-04-25
4391,300625,三雄极光,-0.0923,311146604.69,-6.9186268158,-34.2191,-25770639.98,-68.29,21.9026,6.904911545836,-1.33,-0.299850878671,28.5895045002,照明设备Ⅱ,2026-04-25
4392,300609,汇纳科技,-0.1684,67561127.48,29.0256436288,-42.8628,-20221999.71,-666.58,57.5632,7.639606942839,-2.18,-0.489291099159,31.6567757788,IT服务Ⅱ,2026-04-25
4393,300604,长川科技,0.5571,1378470645.57,69.0854419545,-8.8707,352540319.34,217.6,-24.3446,8.02807499395,7.17,-0.330019275033,56.8082975489,半导体,2026-04-25
4394,300599,雄塑科技,0.09,217627891.99,-0.5805610085,-1.2993,32257813.17,68902.02,153.9622,5.459146839016,-0.52,0.014517816995,13.0700094781,装修建材,2026-04-25
4395,300592,华凯易佰,0.189,1924008111.49,-16.0516180085,-19.6224,71543259.05,574.0,-26.4744,5.923498257224,3.03,0.174831811782,35.8537400732,互联网电商,2026-04-25
4396,300591,万里马,0.0069,114727295.02,36.0663602838,-24.0192,2817035.9,121.8,103.2987,0.421437718293,1.67,0.109257508059,27.9713625641,服装家纺,2026-04-25
4397,300584,海辰药业,0.1447,160335652.32,12.3984537099,-19.6401,17362971.7,15.47,85.1086,8.9216452485,1.64,0.088454342167,78.4451047413,化学制药,2026-04-25
4398,300582,英飞特,0.03,629875705.57,11.1177341319,9.7368,8400792.36,200.93,102.0087,2.945040627798,0.93,0.081060207454,26.4772266902,光学光电子,2026-04-25
4399,300572,安车检测,-0.0226,112907464.08,-1.656187304,0.1433,-5177748.77,-28.33,96.7,7.027175026481,-0.32,-0.150601083952,30.3150018193,通用设备,2026-04-25
4400,300556,丝路视觉,0.1,120842592.63,11.0682579053,-43.6328,11728951.99,143.4,-81.0083,3.308127419538,2.8,-0.257369350005,29.4832749568,软件开发,2026-04-25
4401,300484,蓝海华腾,0.0572,98882629.57,-24.7893698381,-24.5412,11840342.92,-57.7,180.1257,3.343315976336,1.72,0.158575896476,37.0255814891,自动化设备,2026-04-25
4402,300467,迅游科技,0.03,73291001.14,-0.6325119259,1.2367,6075796.55,-6.5,-23.2668,3.197164499535,0.94,0.000705823886,60.7764902337,游戏Ⅱ,2026-04-25
4403,300447,全信股份,0.0377,189734175.62,-1.8492946987,1.5389,11662164.75,-16.92,713.1037,6.432680024191,0.58,-0.140277485594,39.7863442278,军工电子Ⅱ,2026-04-25
4404,300413,芒果超媒,0.11,3084485171.43,6.3489141424,-35.0683,199367001.38,-47.37,-5.6362,12.598333594722,0.85,-0.208878078272,23.311570169,数字媒体,2026-04-25
4405,300412,迦南科技,-0.02,129542596.83,-47.3088319484,-68.0785,-9223637.18,-86.82,-147.1948,2.094396910432,-0.88,-0.094560143675,24.6846027195,专用设备,2026-04-25
4406,300404,博济医药,0.043,220156809.56,58.543884824,-22.569,16460786.19,322.01,91.8431,2.767837721638,1.59,-0.028842904801,28.4505996499,医疗服务,2026-04-25
4407,300385,ST雪浪,-0.1111,51789035.73,-57.0508764483,-68.6623,-36997397.99,20.95,50.2621,-0.017141169834,,0.027383962203,-0.4601642735,环境治理,2026-04-25
4408,300368,汇金股份,-0.0176,25088901.73,-4.4595666053,-31.171,-9288146.93,33.92,92.1245,0.091126489555,-17.58,-0.027313917257,28.5604280614,计算机设备,2026-04-25
4409,300348,长亮科技,-0.0472,345589757.88,16.1901710332,-60.2221,-38385705.02,-1383.0,-219.9907,2.605877880759,-1.8,-0.387865811926,26.2903623439,软件开发,2026-04-25
4410,300343,联创股份,0.0076,257344939.42,60.2649781798,-16.5481,8136581.9,62.2,-64.0024,1.833471800257,0.42,-0.026811404314,14.1732682376,化学制品,2026-04-25
4411,300322,硕贝德,0.02,747097520.49,44.3003843777,-4.2398,10428455.99,-28.21,-25.3872,2.213102931661,1.03,-0.068947728059,19.7674865489,消费电子,2026-04-25
4412,300313,天山生物,0.0174,118571879.97,381.0512661639,-16.3859,4161542.71,183.91,126.8719,0.153224850047,12.17,-0.062613176824,9.854911285,养殖业,2026-04-25
4413,300294,博雅生物,0.06,321128375.86,-40.0742080885,-45.1216,30220896.06,-78.33,113.1245,14.798100570814,0.41,-0.252314696403,46.2632942767,生物制品,2026-04-25
4414,300278,华昌达,0.0011,677111825.77,83.2487870105,-39.1414,1590690.52,-57.22,102.2011,1.181314742322,0.1,-0.095535388644,11.7090811019,自动化设备,2026-04-25
4415,300275,梅安森,0.036,87430856.0,-9.7418131195,-25.8997,11098237.71,-13.86,841.2884,3.101854423999,1.17,0.044267299264,43.1591561565,计算机设备,2026-04-25
4416,300268,佳沃食品,-0.045,194297758.85,-71.3219893091,-3.2895,-7838267.43,95.67,-64.0512,-5.928717257577,-2.89,-0.259224449426,4.9465872056,农产品加工,2026-04-25
4417,300264,佳创视讯,-0.0092,18376592.91,-67.244739218,-19.2712,-3976817.69,-304.98,76.6233,0.020235179742,-37.14,0.009192509785,31.4743553298,IT服务Ⅱ,2026-04-25
4418,300246,宝莱特,-0.0277,242994705.24,-1.912587937,-19.5846,-7318917.61,-150.66,88.0187,4.067708466685,-0.65,-0.031688300685,23.8094755698,医疗器械,2026-04-25
4419,300231,银信科技,0.0288,389043696.18,-16.2114496981,-35.214,12789261.41,-42.14,56.7744,3.704552866476,0.77,0.233217124734,15.1810990282,IT服务Ⅱ,2026-04-25
4420,300213,佳讯飞鸿,0.0013,151494806.09,29.4140899224,-49.5796,781595.78,103.06,100.5125,3.445915367243,0.04,0.015936548028,43.3676613844,通信设备,2026-04-25
4421,300193,佳士科技,0.05,317168458.1,13.8507834563,-10.9349,25877730.32,-45.38,-31.1618,5.018009489516,1.09,0.146635240701,26.7942325189,通用设备,2026-04-25
4422,300189,神农种业,-0.0063,28089539.46,-27.9180422124,-68.9381,-6497683.81,48.6,-106.4015,0.67215908248,-0.94,-0.036482284053,42.0085438453,种植业,2026-04-25
4423,300185,通裕重工,0.0109,1543528352.84,9.0584734836,-16.8141,41291677.68,6.23,325.2031,1.75127954381,0.6,-0.081888316441,13.9954441065,风电设备,2026-04-25
4424,300182,捷成股份,0.0426,569745652.65,-19.8277330871,-3.8121,112895068.3,-13.9,613.2346,3.195101704356,1.32,0.060713101108,34.9974492815,影视院线,2026-04-25
4425,300177,中海达,-0.0392,159238659.66,4.7703239832,-51.6049,-29169114.38,-18.13,84.3961,1.696263005912,-2.28,-0.083126953237,37.204571821,军工电子Ⅱ,2026-04-25
4426,300146,汤臣倍健,0.24,1868791728.67,4.3045525267,38.4184,401703840.34,-11.62,420.9621,6.810448915127,3.55,0.030898666283,69.1471495044,食品加工,2026-04-25
4427,300139,晓程科技,0.16,158293055.88,74.4636911065,-37.1257,44903804.2,307.96,-39.8272,4.34866266854,3.76,0.243305373358,66.4376682195,贵金属,2026-04-25
4428,300138,晨光生物,0.2002,1628953634.09,-5.0987734251,7.75,96721584.04,-11.65,48.7064,7.186755453678,2.82,0.573091751982,13.6807161018,农产品加工,2026-04-25
4429,300137,先河环保,0.002,150983077.54,-19.9097339694,-48.8442,1300399.13,-88.7,-82.5209,3.055279483548,0.08,-0.189390887521,33.5612339579,环保设备Ⅱ,2026-04-25
4430,300127,银河磁体,0.17,239698773.3,33.6074166784,-1.7863,53786298.4,36.42,65.7805,4.853612092582,3.49,0.396742059419,37.6027182238,金属新材料,2026-04-25
4431,300091,*ST金灵,-0.3036,121981600.25,1.1186324627,-39.1588,-862707313.38,-1083.78,21.2929,0.456760146594,,-0.121479462057,11.5930376557,通用设备,2026-04-25
4432,300087,ST荃银,0.012,696826214.37,-16.5798558264,-72.7882,11385060.43,418.29,135.982,1.791515813207,0.67,-0.710690574436,19.9342728912,种植业,2026-04-25
4433,300073,当升科技,0.5086,4525620637.92,137.190672285,52.1224,276837460.03,150.25,113.7168,27.493581828055,1.87,0.332311925426,15.4638130162,电池,2026-04-25
4434,300072,海新能科,-0.0203,702846632.23,191.233125795,-23.547,-47768291.96,4.28,92.4114,2.225528556343,-0.9,0.190708652382,5.1698734053,化学制品,2026-04-25
4435,300066,三川智慧,0.0144,280762927.73,31.601294428,-13.0011,14990367.69,-8.09,928.5406,2.527580358444,0.57,-0.09017725786,17.9420876813,通用设备,2026-04-25
4436,300062,中能电气,0.0,239053316.51,11.2512841758,19.6433,2803601.43,121.0,102.8443,2.446592420005,0.18,-0.028713790388,17.3947080622,电网设备,2026-04-25
4437,300059,东方财富,0.2365,5031027125.4,44.34,12.33,3737779855.92,37.67,25.1205,6.049809318139,3.99,1.925678429125,73.9716278356,证券Ⅱ,2026-04-25
4438,300017,网宿科技,0.0491,1115680371.73,-9.6611477614,-4.5575,120746089.85,-37.06,-34.1639,4.29145107066,1.15,0.058457026911,37.0827829738,IT服务Ⅱ,2026-04-25
4439,300014,亿纬锂能,0.7,20679868145.38,61.6101774827,25.5752,1446303779.36,31.35,9.6836,21.03647326965,3.35,-0.176125546671,14.0382975822,电池,2026-04-25
4440,300013,新宁物流,0.01,392071056.04,253.8092889003,17.9472,5943447.71,2.58,127.1491,0.321811091864,3.36,-0.065750789796,5.6844753283,物流,2026-04-25
4441,200550,江铃B,0.4,9035954941.0,13.411187976,-23.9486,340470349.0,11.27,-22.3259,13.947234786507,2.87,-2.30324193653,11.7626452538,商用车,2026-04-25
4442,200512,闽灿坤B,-0.06,300051815.72,-18.8030570225,1.9051,-11561139.94,-198.51,-5029.823,5.802033128078,-1.07,0.008196474621,9.6773691838,小家电,2026-04-25
4443,200026,飞亚达B,0.1604,989349187.28,7.0482844196,18.6942,65077487.81,43.64,272.6173,8.374189847647,1.93,0.455252805333,34.4463775391,饰品,2026-04-25
4444,003041,真爱美家,0.0326,200140596.7,11.051503248,-22.7253,4688556.24,-97.74,31.7606,10.219940204097,0.32,-0.313084120833,19.420532631,服装家纺,2026-04-25
4445,003040,楚天龙,-0.03,163014866.09,-36.73783585,-47.9778,-12279087.39,-166.84,-124.0204,3.121855868143,-0.85,-0.295035088458,25.3394243303,通信设备,2026-04-25
4446,002982,湘佳股份,0.08,1137663598.56,5.5596294614,-5.088,15657133.84,-54.67,47.729,7.993088317135,0.87,0.109297525945,15.2984116236,养殖业,2026-04-25
4447,002978,安宁股份,0.3247,501608125.38,-8.8231115067,24.7129,152950248.13,-33.59,76.3982,18.59265321202,1.76,0.014861158932,60.9031493576,小金属,2026-04-25
4448,002963,豪尔赛,-0.03,58830602.57,2.2272397854,-27.7864,-4695094.01,79.04,95.3586,7.886858521216,-0.4,-0.07041432488,26.0858953667,装修装饰Ⅱ,2026-04-25
4449,002955,鸿合科技,-0.16,615587544.08,20.6829728413,-21.2642,-36499143.04,-723.86,-19.5902,13.581221927981,-1.13,-0.351981988102,23.532358717,光学光电子,2026-04-25
4450,002945,华林证券,0.0347,373906784.55,15.19,-24.9342,93760619.04,-9.0,41.7013,2.723138725304,1.28,2.716109342004,,证券Ⅱ,2026-04-25
4451,002935,天奥电子,-0.0121,100089387.17,9.2918403236,-77.4795,-5117273.78,20.26,-110.3195,3.809182154447,-0.32,-0.285402059424,17.7289750909,军工电子Ⅱ,2026-04-25
4452,002911,佛燃能源,0.06,5753504553.48,-12.1715997063,-42.9986,82765531.77,2.13,-84.6719,3.255861663385,1.55,-0.207462255209,5.9350993396,燃气Ⅱ,2026-04-25
4453,002908,德生科技,-0.0224,93406427.38,-29.4008361409,-53.7311,-9646122.83,-248.14,-313.25,2.543718560104,-0.88,-0.149376555645,40.8541063291,IT服务Ⅱ,2026-04-25
4454,002906,华阳集团,0.32,3095670890.09,24.3696479954,-27.2876,165756665.32,6.61,-24.7477,13.63407100437,2.34,0.300377421897,16.5197510946,汽车零部件,2026-04-25
4455,002902,铭普光磁,-0.0973,484533164.28,34.9429375353,27.9768,-22858275.59,51.33,76.7215,2.582189044693,-3.61,-0.266652493383,15.6677704926,通信设备,2026-04-25
4456,002889,东方嘉盛,0.1,550769186.24,-38.1963931366,-33.8521,38676868.92,-10.86,199.7962,6.643626250661,1.55,0.041574532847,19.1254155596,物流,2026-04-25
4457,002885,京泉华,0.1136,841553662.39,6.1070945979,12.6562,30778887.7,69.22,149.32,5.694617048128,2.02,0.113101712367,14.5970114195,其他电子Ⅱ,2026-04-25
4458,002882,金龙羽,0.0176,872640650.06,-2.8812120383,-4.8624,7635915.9,-79.46,282.3553,4.904228418064,0.36,-0.761546987272,10.7772355475,电网设备,2026-04-25
4459,002862,实丰文化,0.04,102051089.87,26.4263068428,14.5238,6680719.48,200.9,105.7604,1.733209895833,2.32,-0.268633089405,62.5262648065,文娱用品,2026-04-25
4460,002861,瀛通通讯,-0.15,206734187.26,25.8744102244,-2.7657,-27077649.24,-55.22,21.8127,5.545401034953,-2.58,-0.039851093998,14.9886484721,消费电子,2026-04-25
4461,002855,捷荣技术,-0.0748,312730249.29,-17.2946027344,-22.7701,-18434834.0,78.76,91.0755,0.840562388438,-16.14,-0.520262228851,9.8540824241,消费电子,2026-04-25
4462,002843,泰嘉股份,0.1,412536122.55,16.1624496298,7.5079,24463870.77,63.42,125.7115,5.341140261381,1.84,-0.065592317804,21.7047832652,通用设备,2026-04-25
4463,002819,东方中科,-0.1209,623002033.8,1.2930241013,-48.7517,-35843896.07,-3.66,43.8069,13.084712324718,-1.32,-0.720846837974,15.421975555,通用设备,2026-04-25
4464,002802,洪汇新材,0.07,93606082.82,-0.2433898745,-2.9466,12783934.93,12.29,22.0368,3.604174318105,1.98,0.015424006084,24.5124686225,化学制品,2026-04-25
4465,002758,浙农股份,0.11,12949476937.5,27.0712701891,-7.77,54157158.95,-7.41,-83.4566,10.01630135945,1.05,-0.938898356656,4.0788732358,综合Ⅱ,2026-04-25
4466,002757,南兴股份,0.147,834718499.04,-1.2462240869,-15.3215,43426176.69,0.53,54.0036,6.9677551596,2.13,0.412267715657,16.113662343,专用设备,2026-04-25
4467,002742,冀衡医药,-0.0118,141899006.39,-39.6005979688,-12.7223,-8073276.27,90.2,96.663,0.234332392424,-4.91,-0.091525278171,12.7692676228,化学制药,2026-04-25
4468,002706,良信股份,0.05,1137113808.67,4.4598935437,16.2736,56499343.21,-45.22,244.9812,3.852084880844,1.09,0.031390171559,26.8668391335,电网设备,2026-04-25
4469,002700,万憬能源,0.0291,165151741.16,-11.9048842479,-21.1263,12026691.82,-25.83,-32.565,3.380559395366,0.86,-0.010453770601,16.208775107,燃气Ⅱ,2026-04-25
4470,002695,煌上煌,0.082,515790151.96,15.6647260619,68.9261,45608611.75,2.79,334.7196,5.023908376492,1.64,0.269485077553,32.8692922627,休闲食品,2026-04-25
4471,002690,美亚光电,0.1315,402138666.85,2.497452691,-43.5855,115969450.2,6.93,-42.0897,3.429927393356,3.9,-0.045331400162,54.7163313301,专用设备,2026-04-25
4472,002676,顺威股份,0.0365,753700348.07,-5.3955530536,9.2136,26268132.93,13.42,25.1917,1.868803274403,1.97,0.209302443514,19.681703271,家电零部件Ⅱ,2026-04-25
4473,002659,凯文教育,0.0003,96603360.4,6.5383377813,-0.2464,192921.24,-58.81,101.072,3.586303960486,0.01,-0.033705533291,26.278464015,教育,2026-04-25
4474,002643,万润股份,0.1,1015267242.68,17.8860460257,14.0351,87826554.87,9.96,515.1524,7.748019005217,1.23,0.144877989978,35.9427504749,电子化学品Ⅱ,2026-04-25
4475,002611,东方精工,-0.01,1047428624.25,5.9358997682,-43.0505,-9422674.0,-103.42,-104.3854,4.688692854633,-0.16,-0.03831353973,22.8568741275,专用设备,2026-04-25
4476,002608,江苏国信,0.2065,8793841662.72,13.32,-6.2839,780261685.27,-9.73,228.8921,9.486974567549,2.17,0.2690543477,8.0523298552,电力,2026-04-25
4477,002589,瑞康医药,0.0069,1707482764.51,-2.7989456896,-9.6247,10372213.68,-14.2,163.6188,3.533084549147,0.2,0.001473323289,12.7812039229,医药商业,2026-04-25
4478,002566,益盛药业,0.0488,178610348.46,12.2428147356,8.923,16144287.21,36.11,231.439,6.791491771002,0.72,0.095489509282,74.9623806204,中药Ⅱ,2026-04-25
4479,002561,徐家汇,-0.0015,92278721.3,-10.8967198183,1.498,-605569.65,-109.28,95.5245,5.215243509596,-0.03,-0.020512439395,58.8503867142,一般零售,2026-04-25
4480,002554,惠博普,-0.02,370625153.74,17.3392114561,-48.5164,-27146312.71,-188.3,92.8728,1.431721168773,-1.41,-0.167941474484,20.6726676581,油服工程,2026-04-25
4481,002544,普天科技,-0.0243,844324066.76,-3.0671108588,-51.2763,-16570573.71,-1.05,-319.2649,5.474221255579,-0.44,-0.668933407637,13.7752583207,通信服务,2026-04-25
4482,002519,银河电子,0.0014,224439665.71,155.3410259166,4.2156,1603417.84,109.8456801796,103.6844,1.968847304196,0.07,0.007334783789,15.5510305051,地面兵装Ⅱ,2026-04-25
4483,002516,旷达科技,0.04,584736859.14,16.562351568,4.122,54701505.7,24.4,12.0537,2.605481742205,1.44,0.039703961525,24.2012048596,汽车零部件,2026-04-25
4484,002492,恒基达鑫,0.0485,79181243.92,-5.8954055102,3.2045,19627357.34,-5.62,116.7512,4.00759211842,1.21,0.383698854395,34.4433134033,物流,2026-04-25
4485,002469,三维化学,-0.0015,463653832.42,-15.3405382164,-29.2754,-963109.89,-101.87,-102.9173,4.085477017686,-0.04,-0.265617694904,11.7405473747,化学原料,2026-04-25
4486,002465,海格通信,0.0024,1058696944.01,1.8364710303,-13.9585,5827515.95,-87.22,100.9535,4.60266815266,0.05,-0.02013100318,26.0792941684,军工电子Ⅱ,2026-04-25
4487,002461,珠江啤酒,0.0809,1298636383.05,5.8580575504,61.4027,179123408.58,14.07,544.7534,5.06743898677,1.61,0.102649899662,49.6418388545,非白酒,2026-04-25
4488,002436,兴森科技,0.01,1818166949.77,15.1027233553,-0.1883,18744694.13,100.0,442.603,3.140178189416,0.35,-0.145385161868,19.1748255392,元件,2026-04-25
4489,002431,ST棕榈,-0.07,262722514.57,-64.8612144448,261.0986,-126718164.35,21.66,81.2524,0.164828846533,-35.3,0.006050583299,11.6357528855,基础建设,2026-04-25
4490,002426,胜利精密,-0.0224,834338746.88,-1.2188449064,-9.4985,-75488223.25,-217.45,88.1741,0.482481168861,-4.5,0.028456075367,11.4912660989,消费电子,2026-04-25
4491,002420,毅昌科技,0.0453,585635607.67,-18.3857593808,-32.5416,18631906.42,-14.89,-87.8486,1.930465944759,2.25,-0.017496608962,15.156859808,综合Ⅱ,2026-04-25
4492,002419,天虹股份,0.128,3171621609.85,-2.9326052576,18.2968,148073699.18,-1.94,617.1539,3.542937186918,3.6,0.399392273048,35.4060975103,一般零售,2026-04-25
4493,002397,梦洁股份,0.02,360768545.79,7.8768506454,-37.4046,15833836.47,108.36,-28.4521,1.638534282737,1.3,0.039042040523,40.4514173015,服装家纺,2026-04-25
4494,002392,北京利尔,0.11,1875304339.85,12.3371572328,22.9892,130407595.61,3.11,145.5248,5.002538676688,2.21,-0.178984525987,13.5818559376,装修建材,2026-04-25
4495,002379,宏桥控股,0.5186,40932856974.81,3.205088824,-73.5396,6757771302.83,37.56,-62.5261,4.01162349598,13.81,0.708910397685,24.0302238753,工业金属,2026-04-25
4496,002370,亚太药业,-0.0035,59576342.35,-7.7058932753,-37.1764,-2587529.71,66.84,-191.6563,1.498928265805,-0.23,-0.002948890386,35.5460624716,化学制药,2026-04-25
4497,002367,康力电梯,0.0461,793580486.7,8.9096378451,-42.4283,36811931.09,-46.75,300.723,4.579707031324,1.01,-0.240507204418,25.0541596967,专用设备,2026-04-25
4498,002366,融发核电,0.0048,213831005.83,38.2578779397,-24.4685,10091709.13,224.19,228.6716,2.231005532852,0.22,-0.001086541973,23.0371676216,其他电源设备Ⅱ,2026-04-25
4499,002327,富安娜,0.08,612641945.5,14.3017278593,-36.075,64617615.08,15.1,-63.4386,4.49700157667,1.73,0.140416952783,52.3088496558,服装家纺,2026-04-25
4500,002301,齐心集团,0.06,2089248080.28,-5.555928046,-50.6746,42716817.02,-12.58,171.4953,4.326937350722,1.38,-0.034042941699,9.8796134862,文娱用品,2026-04-25
4501,002286,保龄宝,0.14,747844580.55,9.2068538572,19.7206,54133380.43,7.5,225.6137,6.050747467952,2.39,-0.038574269792,15.4586934607,农产品加工,2026-04-25
4502,002285,世联行,-0.002,392726440.16,-20.9170293639,-16.5285,-4038196.34,62.1,99.3362,1.098907820707,-0.18,-0.018122870347,8.0072144435,房地产服务,2026-04-25
4503,002282,博深股份,0.07,365565341.21,-10.2769950736,-12.8919,35992891.66,-38.41,3837.5335,6.906308086024,0.99,0.053969510245,24.8050411152,通用设备,2026-04-25
4504,002278,神开股份,-0.0057,138905590.02,-31.2056874533,-54.4158,-2174489.57,-111.78,-111.9882,3.623172357624,-0.15,-0.209241036219,37.6512713005,专用设备,2026-04-25
4505,002259,升达林业,0.1022,209814866.09,-8.6700278552,-25.8638,76922467.3,576.67,-31.4696,0.609021592432,18.35,-0.010233937003,3.014362003,燃气Ⅱ,2026-04-25
4506,002258,利尔化学,0.1437,2312456683.18,10.8518233787,0.5985,115060494.64,-24.82,18.0315,10.002705543651,1.45,-0.430257671474,18.2705267482,农化制品,2026-04-25
4507,002254,泰和新材,0.02,1051211346.74,-0.6085548834,21.8433,15792139.56,50.81,258.4324,8.255178860662,0.22,-0.122130836654,18.314073847,化学纤维,2026-04-25
4508,002245,蔚蓝锂芯,0.1697,2152909479.81,24.5968777276,-6.3519,195790114.46,38.14,-0.8541,6.790580711684,2.53,0.167417409467,19.5454147458,电池,2026-04-25
4509,002234,民和股份,-0.19,469402675.77,0.3830950613,-23.9413,-67505081.2,4.96,-76.8971,4.878097188197,-3.89,-0.057583859131,-0.01287289,养殖业,2026-04-25
4510,002232,启明信息,0.0002,190088764.99,40.4644152455,-45.1436,67470.77,100.45,-99.8888,3.460710044712,,-0.426838768562,12.8323543379,IT服务Ⅱ,2026-04-25
4511,002223,鱼跃医疗,0.4291,2370366154.18,-2.6892624694,68.0959,428328475.91,-31.44,2619.3166,13.616278656304,3.19,0.59563608817,50.2117296377,医疗器械,2026-04-25
4512,002202,金风科技,0.2091,15484910567.73,63.4791029197,-37.7535,907191653.85,59.65,377.5144,9.41458584103,2.23,-0.366170531489,16.7628742899,风电设备,2026-04-25
4513,002197,证通电子,0.0,245200779.84,22.1672997627,-21.3073,1788311.02,126.62,100.5721,2.867506010486,0.1,0.044352286894,32.1373908156,计算机设备,2026-04-25
4514,002179,中航光电,0.1901,4872243931.14,0.693855394,-12.1846,398291444.04,-37.75,-6.2299,11.652440243844,1.63,-0.973561057251,27.9961458352,军工电子Ⅱ,2026-04-25
4515,002158,汉钟精机,0.2274,688633688.85,13.5617565965,4.1234,121582775.34,3.3,57.966,8.342536634128,2.75,0.111293061056,33.0223641948,通用设备,2026-04-25
4516,002154,报喜鸟,0.16,1439633164.53,10.4560474841,-14.8073,236903612.33,39.03,123.9541,3.341424394584,4.98,0.127255691635,65.5547488146,服装家纺,2026-04-25
4517,002152,广电运通,0.09,2212077101.49,2.8932962921,-46.6808,226287509.48,-5.96,-12.5079,5.119569194899,1.79,-0.46621861887,31.5470768826,计算机设备,2026-04-25
4518,002142,宁波银行,1.24,20384000000.0,10.2135712355,19.9553,8181000000.0,10.3,18.7718,35.204875832829,3.595,9.05890369473,,银行Ⅱ,2026-04-25
4519,002121,科陆电子,-0.0243,1309190631.73,7.8809456053,-51.9497,-40380811.57,-159.87,89.5944,0.212984056838,-11.47,-0.25024602667,22.0789228692,电网设备,2026-04-25
4520,002120,韵达股份,0.17,12576000611.04,3.177704257,-10.0547,487023310.37,51.67,10.3213,7.339768261744,2.28,0.201733687311,8.9805753058,物流,2026-04-25
4521,002117,东港股份,0.0947,258724119.45,-6.4039229061,-18.7519,49618790.81,15.55,135.7925,2.828896581062,3.41,-0.189889286309,39.1083072638,包装印刷,2026-04-25
4522,002092,中泰化学,-0.0554,7277916983.07,7.5510145696,-2.3146,-142617782.02,-58.82,-30.2172,8.25737575881,-0.66,0.174082723431,15.0136709706,化学原料,2026-04-25
4523,002080,中材科技,0.3024,6854349366.81,24.4977984136,-19.3119,507472483.06,40.15,50.1453,12.185588088994,2.51,-1.200406166081,20.9424213667,玻璃玻纤,2026-04-25
4524,002063,远光软件,0.0057,418283048.66,0.3943343656,-59.0893,10821686.78,15.27,-93.8711,2.084033420203,0.27,-0.109967361715,45.4342361013,软件开发,2026-04-25
4525,002059,云南旅游,-0.0331,58999596.37,24.4133735823,-64.5252,-33468579.83,30.31,83.057,1.044863605327,-3.11,-0.01285183379,-7.4529052579,旅游及景区,2026-04-25
4526,002057,中钢天源,0.0917,789843389.81,9.0859467361,-2.5145,69121742.44,4.79,251.8061,4.328646940408,2.14,0.052289540995,22.5851894415,专业服务,2026-04-25
4527,002051,中工国际,0.06,2337360368.83,7.0783455535,-47.3821,78125375.72,-40.45,15.9337,9.396582996281,0.67,-0.210196028486,20.4212847452,专业工程,2026-04-25
4528,002029,七匹狼,0.07,885376106.15,4.8980701466,-9.5063,49823715.57,-66.67,170.9869,9.634589790284,0.75,0.327005227515,49.7817183735,服装家纺,2026-04-25
4529,002028,思源电气,0.7,4568663867.62,41.5955923075,-40.7594,549952870.75,23.17,-42.6397,20.598836955364,3.48,-0.616657173776,28.9503841689,电网设备,2026-04-25
4530,002017,东信和平,0.0851,330138693.86,2.7127598056,-7.9491,49417819.58,5.28,-2.5364,3.21979996701,2.68,-0.083004212265,36.6476182375,通信设备,2026-04-25
4531,002004,华邦健康,0.0785,2818702693.62,-0.0803488405,16.1701,154832474.27,-16.01,52.743,5.250520401416,1.51,0.108314816314,35.8703097538,化学制药,2026-04-25
4532,001965,招商公路,0.1945,3556530103.95,26.8960856572,-23.6349,1348715888.89,1.5,125.6108,10.316143612136,1.9,0.179668454663,25.8680300431,铁路公路,2026-04-25
4533,001696,宗申动力,0.1499,3068382824.33,-5.3715692828,11.3102,171656110.72,-24.16,286.2193,4.853934537146,3.14,0.329840823463,12.8839573999,通用设备,2026-04-25
4534,001356,富岭股份,0.025,590620219.62,10.6900797803,10.0284,14757296.18,-57.81,6.6913,3.455611721204,0.72,-0.00826087847,15.5407266634,家居用品,2026-04-25
4535,001269,欧晶科技,-0.0565,112546433.64,-19.9999472402,-14.5717,-10871779.94,-196.53,94.356,3.502579766222,-1.42,-0.515157611047,9.0704060714,光伏设备,2026-04-25
4536,001215,千味央厨,0.24,582559196.16,23.8331260813,11.7354,22602923.99,5.4,130.7555,19.131466789171,1.22,0.35759257229,24.7463284934,食品加工,2026-04-25
4537,001210,金房能源,0.8462,632476290.82,0.5379219609,24.4763,132700374.22,2.09,197.4675,9.40178077683,9.42,-0.827042805583,30.3265148756,电力,2026-04-25
4538,000999,华润三九,0.65,8129836961.67,18.6204342101,-15.4566,1075858089.68,-15.29,0.7193,13.967956468257,4.74,0.634565353781,57.679586218,中药Ⅱ,2026-04-25
4539,000997,新大陆,0.2814,2538951577.52,33.89,0.997,281122639.1,-9.63,203.2108,7.440286536193,3.8,-0.579671864994,29.4311649521,计算机设备,2026-04-25
4540,000985,大庆华科,0.044,440716830.76,-12.2044477123,6.4474,5656381.93,-20.64,197.533,4.719701550068,0.92,0.343599408436,6.712377798,炼化及贸易,2026-04-25
4541,000972,中基健康,-0.0255,54821851.96,-30.3348993964,-60.2576,-19629518.37,-170.5384446947,-120.0597,0.008418149545,-120.37,-0.003789001697,1.6497336877,农产品加工,2026-04-25
4542,000970,中科三环,0.0136,1676717716.39,14.7854011833,-6.3718,16395798.75,21.54,1556.9085,5.375370445215,0.25,-0.004569231091,12.8401323828,金属新材料,2026-04-25
4543,000957,中通客车,0.1975,1781787488.62,5.2253299656,6.4643,99494940.04,30.04,20.1019,5.443966440999,3.12,0.899740197592,17.8002760198,商用车,2026-04-25
4544,000952,广济药业,-0.0913,163094175.38,9.8366331568,-16.2378,-31643613.3,12.75,89.6992,1.798343827488,-4.96,0.094515916191,22.4405158276,化学制药,2026-04-25
4545,000948,南天信息,-0.0611,1633757997.67,-18.0301233161,-43.9165,-23821839.97,20.8,-150.1315,6.948242628294,-0.88,-4.086781505025,11.6006848958,软件开发,2026-04-25
4546,000931,中关村,-0.0216,472357042.85,-23.3548235222,-15.7322,-16254518.14,-203.16,-912.1743,2.149978593251,-1.0,0.097579344475,49.6134726045,化学制药,2026-04-25
4547,000909,*ST数源,-0.0155,61253101.3,-11.2272906253,123.0339,-6773246.39,35.64,98.1674,1.399612782673,-1.1,-0.007812862293,39.3607119775,房地产开发,2026-04-25
4548,000823,超声电子,0.0614,1566692226.89,6.8460336585,-5.4515,32995219.41,-21.01,-25.3993,8.9227348326,0.67,0.011869926989,15.9769925346,元件,2026-04-25
4549,000822,山东海化,-0.09,1103018914.48,7.7548231429,-6.7028,-80234214.83,-20.61,91.9068,4.180391398257,-2.12,-0.79416451607,11.5735523865,化学原料,2026-04-25
4550,000821,ST京机,0.04,935300664.24,-47.0409347148,-43.517,23804709.35,-75.05,127.3245,6.698530766227,0.57,-0.22574830227,24.2016283805,光伏设备,2026-04-25
4551,000816,智慧农业,-0.0087,210027359.43,9.5711725928,-38.3242,-12630521.32,-92.6464871166,83.9529,1.347109984547,-0.64,-0.057210485004,11.0147230879,汽车零部件,2026-04-25
4552,000813,德展健康,-0.0164,88623591.58,-0.7327606047,-25.7195,-34422944.68,-55.66,87.8961,2.194126380988,-0.75,0.007670796335,43.7015136709,化学制药,2026-04-25
4553,000802,北京文化,-0.0288,49637944.2,-49.3395723873,-39.7011,-20612304.61,90.54,79.7689,0.85269989577,-3.32,-0.078702162273,1.5905517296,影视院线,2026-04-25
4554,000757,浩物股份,0.0158,507874880.2,-25.8970133346,-16.7144,8276437.22,1.16,66.4795,3.015088791995,0.52,0.158207192726,15.8746421103,汽车服务,2026-04-25
4555,000755,山西高速,0.0767,340015943.81,0.460615998,-26.6563,112496128.81,4.73,50.582,3.838113784428,2.02,0.127817522894,56.6415491556,铁路公路,2026-04-25
4556,000753,漳州发展,0.0117,467880139.12,-11.3682595267,-47.0203,19638966.2,14.64,51.859,2.774458146776,0.42,-0.041015666632,20.4223364983,综合Ⅱ,2026-04-25
4557,000723,美锦能源,-0.08,4114843197.52,3.3212155355,-17.6128,-336356289.73,6.24,12.8658,2.804769411139,-2.6,0.075320350373,1.8560446762,焦炭Ⅱ,2026-04-25
4558,000715,中兴商业,0.04,195907947.55,-8.0989323051,6.4158,20641710.47,1.1,-54.938,3.765130330973,1.02,0.054641045832,52.8544947435,一般零售,2026-04-25
4559,000698,ST沈化,0.01,1421752848.42,24.3388956085,-11.5903,8234659.57,-74.54,108.2504,1.696298194115,0.59,-0.041773122875,6.1868679333,炼化及贸易,2026-04-25
4560,000686,东北证券,0.18,1326077383.05,34.8,9.8024,410337583.28,102.84,6.6424,8.827780291756,2.01,2.906057845889,,证券Ⅱ,2026-04-25
4561,000629,钒钛股份,0.0077,2476059032.96,16.6952709366,4.9857,71868392.89,173.33,29.8789,1.330848528777,0.58,0.017573992905,10.4623782726,冶钢原料,2026-04-25
4562,000619,海螺新材,-0.059,1025668574.95,-0.2434673552,15.9061,-26049535.96,-6.09,44.8321,5.627666939893,-1.04,-0.051836622633,8.4483302946,装修建材,2026-04-25
4563,000595,新能股份,0.002,190634192.08,34.8669777873,18.0893,1970570.69,120.15,105.7098,0.425094161727,0.41,0.099396014451,28.9854398768,电力,2026-04-25
4564,000593,德龙汇能,0.041,353952962.92,-17.662530795,60.7565,14661918.85,338.1,430.1434,2.465705040358,1.67,0.125255004427,14.3958739036,燃气Ⅱ,2026-04-25
4565,000565,渝三峡A,0.06,92846760.74,25.9742230834,-13.6071,24841158.42,373.16,396.0371,2.960067240552,1.95,-0.086225758709,26.2990912934,化学制品,2026-04-25
4566,000563,陕国投A,0.0567,429473165.18,-39.2023917903,-45.7328,290064432.69,-25.04,-33.55,3.63544599823,1.53,0.208545673344,,多元金融,2026-04-25
4567,000559,万向钱潮,0.074,2804433281.47,-19.8364676893,-6.0549,246804916.67,-15.84,-5.8967,2.6479187787,2.79,-0.01196557011,22.5193657664,汽车零部件,2026-04-25
4568,000550,江铃汽车,0.4,9035954941.0,13.411187976,-23.9486,340470349.0,11.27,-22.3259,13.947234786507,2.87,-2.30324193653,11.7626452538,商用车,2026-04-25
4569,000548,湖南投资,0.03,81663250.87,-24.6181664783,-42.0601,15446143.93,-21.96,207.9892,4.144727437168,0.75,-0.013449518309,52.1900273574,铁路公路,2026-04-25
4570,000534,万泽股份,0.1534,359781074.05,7.3857916449,2.8241,77468268.66,6.58,186.0502,3.370847638716,4.7,-0.052617469501,71.1061565774,生物制品,2026-04-25
4571,000532,华金资本,-0.0156,115699214.44,3.6784282666,-20.3905,-5389885.29,-114.58,-108.9989,4.706349569726,-0.33,0.240039420601,45.9722508467,多元金融,2026-04-25
4572,000528,柳工,0.2977,10060797784.83,9.9661202979,36.2496,606058362.53,-7.78,299.6864,9.34156128532,3.23,-0.269203516369,21.3093510045,工程机械,2026-04-25
4573,000514,渝开发,0.0383,164791222.21,113.9026329949,-68.8776,32284987.21,-82.03,120.8857,4.34956864894,0.88,-0.010630222835,30.4669843313,房地产开发,2026-04-25
4574,000423,东阿阿胶,0.708,1814224387.34,5.5198523471,-6.1982,454808577.52,7.14,-2.1751,16.759586648758,4.31,0.044823417558,75.5156380391,中药Ⅱ,2026-04-25
4575,000063,中兴通讯,0.27,34988057000.0,6.1266955583,4.8304,1310444000.0,-46.58,343.0768,16.031485501831,1.72,-0.413637195087,28.2761572042,通信设备,2026-04-25
4576,000026,飞亚达,0.1604,989349187.28,7.0482844196,18.6942,65077487.81,43.64,272.6173,8.374189847647,1.93,0.455252805333,34.4463775391,饰品,2026-04-25
4577,000001,平安银行,0.67,35277000000.0,4.6515767303,14.6325,14523000000.0,3.0,238.2161,23.914407915078,2.83,1.947954240956,,银行Ⅱ,2026-04-25
4578,920833,美心翼申,0.04,100940041.99,-15.9534630942,9.0963,3417950.48,-67.96,401.9178,7.476373096042,0.56,0.200972488465,20.3496751091,通用设备,2026-04-24
4579,920826,盖世食品,0.07,150936569.78,16.1207832732,-16.5581,9497853.75,6.8,-19.7728,2.784299173828,2.46,0.024668499447,17.3254331857,食品加工,2026-04-24
4580,920821,则成电子,-0.0196,80100499.58,-15.8569939756,-10.3982,-2715421.78,-158.46,-810.2075,3.78128760057,-0.52,0.230831437996,20.6469992281,元件,2026-04-24
4581,920819,颖泰生物,-0.02,1355490197.14,0.1529022282,12.1824,-19746738.88,-940.86,92.0156,3.878486989028,-0.41,0.084038732754,11.9177188408,农化制品,2026-04-24
4582,920808,曙光数创,-0.24,102988289.54,782.5289839813,-82.9301,-47595269.41,-51.71,-144.6001,3.559377037753,-6.57,-0.08201091479,3.524602473,计算机设备,2026-04-24
4583,920753,天纺标,0.07,43876540.66,6.7187543212,-33.7332,5794422.87,83.34,-40.17,5.035867350509,1.42,0.139112526738,42.8216968963,专业服务,2026-04-24
4584,920703,广厦环能,0.01,62912161.35,4.1177166747,-14.9027,2167569.51,-85.64,-83.2752,7.506408814787,0.19,-0.024152794379,24.2150679346,专用设备,2026-04-24
4585,920694,中裕科技,0.25,178901752.33,-2.9706721126,18.5185,33479197.92,7.69,149.4605,6.966714775103,3.71,0.273450863874,51.0334303554,橡胶,2026-04-24
4586,920670,数字人,-0.07,9595898.69,-18.3967898591,-73.1845,-7445996.34,-178.3,-208.3869,2.280483828017,-3.03,-0.179275012997,77.7767814262,医疗服务,2026-04-24
4587,920663,明阳科技,0.17,83392087.15,-2.4233176956,-30.7352,21974358.91,10.77,-29.6554,3.24082432161,5.23,0.245133618979,41.9617017224,汽车零部件,2026-04-24
4588,920640,富士达,0.0674,224700989.56,18.3954790743,-2.1436,12644345.74,2.21,-41.9984,5.004612371623,1.36,-0.616146267525,30.4511791844,通信设备,2026-04-24
4589,920608,丰安股份,0.17,43158757.97,-3.3601230125,6.3453,10633749.65,3.69,65.9127,7.879545752892,2.19,-0.285508152956,31.3694885043,专用设备,2026-04-24
4590,920556,雅达股份,0.03,83790979.89,10.4535280821,13.7896,5027397.7,-19.31,65.733,3.272588045392,0.96,0.022225245234,31.6271713313,电网设备,2026-04-24
4591,920475,三友科技,0.03,98520974.26,155.5705142293,92.864,3474726.11,160.54,180.5065,3.490277858302,0.99,-0.209152338314,15.0916288554,专用设备,2026-04-24
4592,920429,康比特,-0.06,150862002.24,-22.1367793722,-57.1736,-7951260.1,-166.06,-132.017,6.718514502715,-0.94,-0.33958723513,35.7132605693,食品加工,2026-04-24
4593,920414,欧普泰,-0.1124,11289504.83,-31.0374741649,2.5815,-8962290.49,-351.89,-35.0892,3.364954879279,-3.29,-0.00617803197,24.4908007183,光伏设备,2026-04-24
4594,920395,朗鸿科技,0.07,37588103.68,-20.7648345121,8.6399,9924503.55,-33.31,3103.0619,1.639500612652,4.64,-0.010493169137,55.3022353215,专用设备,2026-04-24
4595,920378,泰德股份,0.01,87169119.03,3.9295508128,-28.1792,1851342.82,-60.1,-79.19,2.562965115158,0.46,-0.061334540205,20.2634547722,汽车零部件,2026-04-24
4596,920371,欧福蛋业,0.08,241825286.66,6.9735699239,4.5211,17009531.02,-0.61,-16.6797,3.090120621019,2.72,-0.017363871123,20.5535119658,农产品加工,2026-04-24
4597,920368,连城数控,0.05,262373747.3,-53.0362036241,-57.2693,12183294.18,-84.69,217.0925,18.034037225077,0.29,-0.149654940931,15.7778896616,光伏设备,2026-04-24
4598,920284,灵鸽科技,0.0153,103183591.01,161.5032639746,-11.9226,1598774.19,-58.16,110.1228,3.010343899682,0.51,-0.246490114175,17.2405094995,专用设备,2026-04-24
4599,920260,中寰股份,0.03,35527154.06,-13.7179885927,-74.5702,3174086.39,-75.18,-81.6206,4.364847233414,0.7,0.037960837084,32.6974971324,通用设备,2026-04-24
4600,920190,雷神科技,0.1466,667438525.28,16.8477937597,-8.1372,14660753.45,54.42,414.4997,8.671361944486,1.7,-2.244721176153,10.1181289785,计算机设备,2026-04-24
4601,920159,农大科技,0.63,749129778.44,7.5274272931,65.4779,44856383.92,0.3,1955.5203,14.621577904605,4.63,-0.853752259605,14.1882819545,农化制品,2026-04-24
4602,920130,立方控股,-0.09,69122226.82,4.5968176045,-24.5567,-8045696.04,3.43,77.8002,5.059083664194,-1.71,-0.10078347891,41.3938165281,IT服务Ⅱ,2026-04-24
4603,920116,星图测控,0.09,44054736.95,1.1566776386,-66.8873,14119619.54,5.35,-62.7764,3.762545533344,2.38,-0.218077329682,56.2448372308,IT服务Ⅱ,2026-04-24
4604,920110,雷特科技,0.14,38863331.18,-6.6966559684,-35.293,5561444.74,-47.45,-58.502,9.632049850256,1.49,0.228017791026,44.207666786,其他电源设备Ⅱ,2026-04-24
4605,920087,秋乐种业,-0.05,19757100.24,2.9323564469,-89.1021,-7951911.83,-77.32,-127.7462,3.272991651816,-1.46,0.128356514044,16.9207554215,种植业,2026-04-24
4606,920050,爱伦医疗,0.4,294537632.66,42.7514811126,-1.5281,24572471.33,11.26,19.2393,16.04300046348,2.44,1.071338966781,22.9417439224,医疗器械,2026-04-24
4607,920006,晟楠科技,-0.05,12157375.2,-50.9666371227,-57.1976,-4956983.08,-905.05,-1.8164,3.480789579697,-1.56,-0.157693667762,33.4506593989,航空装备Ⅱ,2026-04-24
4608,920005,鼎佳精密,0.16,114423739.18,14.2845038205,-2.5905,12997541.08,-35.96,139.0148,7.894125607108,2.0,0.127372299157,30.6436661057,消费电子,2026-04-24
4609,920002,万达轴承,0.34,97550820.93,10.3853403227,14.4428,15307504.15,-17.39,2.2289,16.349073433188,2.06,-0.275673272785,30.8578536634,通用设备,2026-04-24
4610,900905,老凤祥B,1.0458,13742215546.74,-21.5685807549,184.9946,547053537.21,-10.76,72.3404,26.245086354456,4.06,-4.490743627567,12.7455557675,饰品,2026-04-24
4611,874697,图特股份,0.26,201695277.71,11.261669688,,22164884.25,17.1840360948,,8.360066627881,3.19,-0.03090565541,30.7875405786,,2026-04-24
4612,874671,吉宝股份,0.39,99862705.04,14.8916744376,9.2953,15095345.38,73.562801294,61.5847,10.244994502842,3.89,0.696277181654,29.9617905283,,2026-04-24
4613,874654,玉健健康,0.18,116432336.52,23.8687001922,-28.4022,9582288.29,20.5939390965,-45.9947,6.094474212037,2.95,1.119727032963,23.269170421,,2026-04-24
4614,872161,风行测控,0.21,42453690.86,1330.5118794188,,14173127.18,174.74,,2.601514601205,8.52,0.296873193559,58.6503759876,,2026-04-24
4615,835033,精晶药业,0.04,129373738.11,32.8863880567,,10107103.81,221.3,,1.979760806514,2.0,0.003642075443,18.9472021587,,2026-04-24
4616,831199,海博小贷,0.02,16822254.39,-40.0968825154,-30.6917,12207213.72,-30.46,-17.3689,1.312299607701,1.46,0.09042450631,,,2026-04-24
4617,830958,鑫庄农贷,-0.0008,80697.29,39.5899101647,-22.3283,-239940.24,29.76,94.0804,0.023529151017,-1.0,9.1097835e-05,,,2026-04-24
4618,688787,海天瑞声,0.14,96779297.0,38.6333564288,-32.1501,8403004.2,2161.14,-15.452,12.445955903488,1.13,-0.383033566249,56.4329796692,IT服务Ⅱ,2026-04-24
4619,688781,视涯科技,-0.05,176014674.11,247.2119251844,-20.0973,-45516936.28,38.5674473003,0.6213,4.05611675725,-2.17,-0.0805968485,30.5507388017,光学光电子,2026-04-24
4620,688676,金盘科技,0.25,1522783694.39,13.4138781643,-27.5101,112425599.41,4.83,-35.3482,11.241182675777,2.12,-0.363094424651,25.740662575,电网设备,2026-04-24
4621,688633,星球石墨,0.51,248286905.52,94.219717775,-19.5611,73270036.04,336.31,-16.9566,12.304825178887,4.16,0.728271147311,52.0031220654,专用设备,2026-04-24
4622,688626,翔宇医疗,0.16,193080689.91,3.780036213,-16.313,25322010.2,10.33,-25.9046,13.15106087125,1.21,0.149142035625,68.2010437094,医疗器械,2026-04-24
4623,688621,阳光诺和,0.18,197095166.74,-14.618151577,-46.2202,20631028.34,-30.25,-49.1604,11.194848595446,1.67,-0.667077227321,49.3437186404,医疗服务,2026-04-24
4624,688617,惠泰医疗,1.64,704078336.74,24.7753670188,-1.7323,229438737.11,25.27,16.27,21.052900581918,7.54,1.362808443185,72.4263172705,医疗器械,2026-04-24
4625,688609,九联科技,0.0302,701934456.3,28.498874822,11.6892,15090237.97,126.7159213324,116.603,1.57310222802,1.94,0.27356037818,19.5691574231,黑色家电,2026-04-24
4626,688602,康鹏科技,-0.02,149878165.25,-38.3667492076,-13.5697,-12585642.36,-141.09,79.1112,5.225534454989,-0.46,-0.029848347995,15.5069492886,化学制药,2026-04-24
4627,688582,芯动联科,0.01,51104883.31,-41.8553939353,-58.3524,2553319.97,-94.25,-96.0507,6.172666140431,0.1,-0.04712305176,77.7810983715,半导体,2026-04-24
4628,688551,科威尔,0.09,89099457.67,-16.7791951708,-37.612,7295866.55,-64.22,-40.9217,15.659756505919,0.55,-0.072315784324,51.8211277683,其他电源设备Ⅱ,2026-04-24
4629,688550,瑞联新材,0.25,378708104.97,10.0986490649,1.0116,43653004.01,-4.34,53.3464,19.222964780098,1.32,-0.005161850907,37.973244592,电子化学品Ⅱ,2026-04-24
4630,688517,金冠电气,0.1,125231253.98,-10.2166163252,-39.1281,14286672.19,-25.17,-34.1183,5.92040545911,1.74,-0.12612470038,34.8106597471,电网设备,2026-04-24
4631,688466,金科环境,0.02,82920766.15,-35.9082114245,-35.6583,2321715.14,-79.91,195.9137,9.444453460902,0.2,-0.247019022816,31.650695596,环境治理,2026-04-24
4632,688428,诺诚健华,0.06,528625471.8,38.651083003,-58.0315,105817401.83,488.93,-85.0304,4.16186690737,1.4,0.002391400563,88.1350331916,化学制药,2026-04-24
4633,688416,恒烁股份,0.59,219469138.82,192.0756032709,30.0654,48636598.47,284.7089215799,1267.8195,16.030188175295,3.74,0.58167690217,41.7647811682,半导体,2026-04-24
4634,688380,中微半导,0.13,325179531.86,57.473325435,-6.8619,51248390.83,48.89,-61.1441,8.062877607833,1.6,0.225632909045,38.4543812505,半导体,2026-04-24
4635,688338,赛科希德,0.19,60296784.7,-12.1541473855,-10.7598,19318294.77,-16.49,-22.8481,16.102471746917,1.14,0.194535745282,64.4185432329,医疗器械,2026-04-24
4636,688308,欧科亿,1.29,644051473.82,113.4933073947,48.3585,203894731.79,2560.71,288.4841,17.840303919391,6.99,-1.380478786574,44.5141070277,通用设备,2026-04-24
4637,688301,奕瑞科技,0.84,686166722.26,42.5043697375,-2.2126,178754233.56,24.91,-0.3928,29.424826321628,2.84,0.338838484457,45.8347628203,医疗器械,2026-04-24
4638,688269,凯立新材,0.37,754580307.62,20.5855549671,26.5286,48343536.4,120.75,86.1689,8.42262754208,4.48,-3.225248200973,12.4961821714,化学制品,2026-04-24
4639,688262,国芯科技,-0.15,156658781.09,79.5010739166,-42.6677,-48665004.72,-40.0406075824,61.6164,5.735813695077,-2.51,-0.314250015892,22.9079662246,半导体,2026-04-24
4640,688259,创耀科技,0.09,70559541.66,-19.5998646187,-1.2358,10386128.66,-11.94,1.1956,14.120787714503,0.67,0.275621303671,30.8576396725,半导体,2026-04-24
4641,688249,晶合集成,0.03,2911975311.11,13.4086766749,5.6698,50658636.53,-62.61,-67.112,10.919043277434,0.23,0.480081802829,21.2640820167,半导体,2026-04-24
4642,688228,开普云,-0.13,47371197.01,-21.4377115523,-74.8182,-8430452.0,-1251.33,-14.1777,18.462312386271,-0.65,-0.849245239136,40.3290718323,IT服务Ⅱ,2026-04-24
4643,688157,松井股份,-0.04,124980897.38,-18.3751321742,-25.9244,-6838395.39,-279.72,-36.8878,8.610676076775,-0.51,0.05987307062,40.1252846245,化学制品,2026-04-24
4644,688156,路德科技,0.11,110127075.05,74.5984361457,-13.0716,11044767.99,780.45,120.4628,7.681365187915,1.44,0.084725573685,32.5475264132,环境治理,2026-04-24
4645,688151,华强科技,0.019,103649595.77,59.5044164665,-71.4295,6407602.88,240.27,-83.2866,12.290270132569,0.15,-0.043881761219,21.3128430033,医疗器械,2026-04-24
4646,688125,安达智能,-0.38,143851530.88,1.362031736,-27.0623,-31264918.39,-54.9506336797,-181.2817,21.845323062794,-1.73,-0.939700756722,47.2318659137,自动化设备,2026-04-24
4647,688117,圣诺生物,0.42,244285419.6,32.5210685532,10.3675,66362232.68,40.84,114.6658,7.146074494324,6.08,-0.140571412594,59.8682776236,生物制品,2026-04-24
4648,688112,鼎阳科技,0.24,161923205.2,22.8503749838,-5.0491,38342978.05,-5.77,22.7241,10.288765575954,2.36,-0.082679788364,64.2357569266,通用设备,2026-04-24
4649,688111,金山办公,4.74,1613223593.44,23.954024903,-7.8347,2195163937.16,444.97,233.5957,32.651339300428,15.7,0.128901557416,86.5936512254,软件开发,2026-04-24
4650,688109,品茗科技,-0.18,44287277.86,-31.811496661,-70.3958,-13827403.62,-1475.95,-670.959,10.060840432357,-1.73,-0.693574265084,71.4425827436,软件开发,2026-04-24
4651,688060,云涌科技,-0.167,40533786.69,9.8366552797,-78.2482,-9995985.14,-57.0774174378,-278.7463,14.733462090872,-1.1212,0.087448787461,27.9575647266,计算机设备,2026-04-24
4652,688059,华锐精密,1.83,418119374.74,88.257878351,81.9793,175189159.68,499.47,256.0797,21.718650945693,9.58,0.003730338798,57.2693718675,通用设备,2026-04-24
4653,688058,宝兰德,-0.47,36499833.37,-5.6142394116,-60.5958,-34500619.61,-13.6119830654,-295.3603,7.927758030242,-5.45,-0.126793400934,66.8609061653,软件开发,2026-04-24
4654,688011,新光光电,-0.154,36217040.71,358.1748824399,-51.8289,-15405016.36,-28.4634490667,-7.2471,10.4860151696,-1.46,-0.1820716306,13.4282215903,军工电子Ⅱ,2026-04-24
4655,605598,上海港湾,0.02,355229082.85,-4.4850869265,-19.2155,3991624.41,-88.82,129.3698,7.050681902255,0.23,0.082306057397,23.6946603653,专业工程,2026-04-24
4656,605369,拱东医疗,0.15,288585340.3,9.1159891836,-0.6991,31992144.45,16.71,256.3841,7.790036373907,1.88,0.232843405981,32.4558559047,医疗器械,2026-04-24
4657,605333,沪光股份,0.07,1633733474.7,5.895132843,-38.3925,30260499.29,-67.5,-46.3501,7.430729976949,0.87,0.249870621137,12.497428249,汽车零部件,2026-04-24
4658,605116,奥锐特,0.16,389262537.93,-3.1673836938,-15.4558,63926923.65,-46.47,-33.1794,6.645810018835,2.38,0.217225753218,53.3890611219,化学制药,2026-04-24
4659,605090,九丰能源,0.63,4497708172.43,-17.9820208844,-3.5044,434371226.87,-14.16,81.8963,16.653929485235,3.77,0.081029005337,14.3806842706,燃气Ⅱ,2026-04-24
4660,605088,冠盛股份,0.39,1107753025.43,23.990071189,-16.5149,77767505.68,-7.4,10.5545,14.585443441746,2.67,0.611735329055,26.3249053901,汽车零部件,2026-04-24
4661,603999,读者传媒,0.017,153949291.45,-25.235329688,-36.894,9512662.17,1.5,64.1014,3.603462531545,0.46,-0.103468469045,30.0309406978,出版,2026-04-24
4662,603992,松霖科技,0.23,818723853.59,45.7098951172,6.6152,95405426.18,109.89,104.0294,8.273598132316,2.82,0.204441891874,32.3668115468,家居用品,2026-04-24
4663,603991,领先股份,0.33,895799020.35,1649.9282706391,124.1018,50963555.01,458.1030086354,398.2203,23.018797017623,1.45,0.403598148998,16.0375582085,半导体,2026-04-24
4664,603967,中创物流,0.29,2174832788.14,4.9989916854,-3.2681,98826375.71,42.94,82.1782,7.159862002786,4.06,0.059545704403,7.3052254562,物流,2026-04-24
4665,603960,克来机电,0.01,72227046.43,-10.2982746213,-58.6288,2825974.23,-69.33,-40.6301,4.293889414255,0.25,0.133899862966,20.735901522,汽车零部件,2026-04-24
4666,603956,威派格,-0.1,44324856.66,-58.4538648514,-92.2187,-58067659.92,11.7826292111,26.4584,3.234149096138,-3.1,-0.160663055224,45.1106272342,专用设备,2026-04-24
4667,603948,建业股份,0.33,502861287.08,-1.5604736851,1.8041,52935068.55,6.68,-2.3976,13.605345050541,2.42,0.158113894325,19.7599875896,化学制品,2026-04-24
4668,603811,诚意药业,0.14,200996487.21,8.3001986035,-6.6514,44289745.45,-3.28,-15.4666,4.432594653593,3.12,0.165683564519,69.9555051891,化学制药,2026-04-24
4669,603798,康普顿,0.18,313973116.2,-13.2679374114,58.3546,46448597.63,-14.45,1347.5011,4.842291029448,3.81,0.512920440679,29.44244928,炼化及贸易,2026-04-24
4670,603676,卫信康,0.16,322142579.31,8.9021954857,17.857,68339255.5,-19.16,399.6334,3.548837893633,4.52,0.200743301096,60.1905613518,化学制药,2026-04-24
4671,603617,君禾股份,0.05,305335043.97,0.4724991322,3.9067,17496528.76,-14.39,-11.381,3.996906995242,1.13,0.230799860498,26.9351662753,通用设备,2026-04-24
4672,603616,韩建河山,-0.0257,31167091.08,-73.4155563885,-90.7397,-9809384.41,-354.42,50.625,0.543880903613,-4.48,-0.26267281224,27.3725249434,水泥,2026-04-24
4673,603515,欧普照明,0.18,1492253365.75,0.0940721724,-27.6462,131035926.44,-7.18,-61.877,9.61337470446,1.85,0.062314937592,37.2746683751,照明设备Ⅱ,2026-04-24
4674,603456,九洲药业,0.19,1200661700.09,-19.4332331947,-10.9372,172084196.97,-31.22,1078.8944,9.99554049012,1.95,0.152844563021,36.3723292379,医疗服务,2026-04-24
4675,603444,吉比特,7.18,1847352228.76,62.6671899461,7.4741,517544467.11,82.68,-10.6959,83.362364714137,8.98,8.048157310783,93.7665844592,游戏Ⅱ,2026-04-24
4676,603365,水星家纺,0.4,978962043.06,5.7431467357,-36.9539,105122510.49,17.09,-39.7945,12.341946992662,3.3,-0.604225000276,46.2928121517,服装家纺,2026-04-24
4677,603353,和顺石油,0.13,698637838.5,-8.8960038559,53.2247,22069666.88,75.29,150.8255,9.348835027631,1.38,-0.402799287227,8.6798972083,炼化及贸易,2026-04-24
4678,603325,博隆技术,0.411,277689586.08,-15.4070981485,-30.49,32880770.68,-68.48,-62.7231,34.628941185941,1.19,-2.048604745638,20.1098525833,专用设备,2026-04-24
4679,603318,水发燃气,0.01,517961986.49,-17.6097259404,-30.297,5268495.82,-72.25,115.7999,3.388624607111,0.35,-0.036239139673,12.5821728486,燃气Ⅱ,2026-04-24
4680,603308,应流股份,0.18,888722795.32,34.1320827838,11.4099,120165239.96,30.55,119.5465,7.487108063854,2.35,-0.226190297413,33.7236123028,通用设备,2026-04-24
4681,603303,得邦照明,0.0948,992794865.11,-0.4869960211,-4.4075,44323507.6,-28.34,-33.9404,6.753018107502,1.38,0.173776336171,15.9442954333,照明设备Ⅱ,2026-04-24
4682,603301,振德医疗,0.2,1000414155.6,0.8924583337,-12.6536,54448031.38,6.26,-5.5232,21.535735019323,0.95,0.021642315539,34.5744317695,医疗器械,2026-04-24
4683,603298,杭叉集团,0.36,4916516338.56,10.3465172552,30.5139,471607407.15,9.17,7.5359,9.189636271646,4.0,0.162045048411,22.4953340186,工程机械,2026-04-24
4684,603297,永新光学,0.42,263962615.85,20.1314027251,-9.4148,46136407.56,-17.1,-32.9593,18.966379764496,2.22,0.17997209688,36.7566176322,光学光电子,2026-04-24
4685,603238,诺邦股份,0.17,706714060.89,16.2090554169,-17.0591,31038278.67,2.0,45.1635,8.426016637354,2.1,0.138628350337,15.7365867038,个护用品,2026-04-24
4686,603236,移远通信,0.49,6749238340.99,29.2612610773,4.6448,141326852.47,-33.3,36.4207,24.305363557508,2.08,-1.464513132547,17.0881051285,通信设备,2026-04-24
4687,603233,大参林,0.45,6973247597.45,0.2479062084,-6.1972,511142374.93,11.12,231.373,6.744945706827,6.3,0.849848321646,36.0450323895,医药商业,2026-04-24
4688,603217,元利科技,0.29,596552172.28,9.5797611752,14.0108,60713538.37,30.3,49.2749,16.640673611787,1.77,-0.465467680679,19.7560153338,化学制品,2026-04-24
4689,603205,健尔康,0.18,238065110.44,-1.174673989,-20.3807,27478419.23,-4.61,-21.5497,9.760789924103,1.82,0.180160928333,25.0273732929,医疗器械,2026-04-24
4690,603203,快克智能,0.31,333107873.98,33.0852519204,22.3106,77071438.31,16.15,228.3409,5.908830437269,5.3,0.211219341823,49.7633357475,自动化设备,2026-04-24
4691,603202,天有为,0.79,803770884.85,-22.9179798798,-21.0415,126917629.77,-47.18,-11.2681,42.9640682015,1.86,0.896122893375,32.5849903096,汽车零部件,2026-04-24
4692,603199,九华旅游,0.6285,234988042.09,0.1669465705,11.602,69556976.06,1.31,116.5568,15.55590020618,4.12,0.507100587459,54.6533569358,旅游及景区,2026-04-24
4693,603173,福斯达,0.58,609190619.87,2.5249007056,-29.2827,92468454.16,-20.12,20.8241,12.984627696,4.54,1.496440362375,27.263503262,专用设备,2026-04-24
4694,603160,汇顶科技,0.25,969130944.69,-8.9504627337,-20.2227,117189625.48,-40.01,-26.9792,20.133457492351,1.25,-0.093523116165,40.8903439996,半导体,2026-04-24
4695,603153,上海建科,0.03,935894523.76,0.3478226778,-52.7759,13313425.96,30.71,-94.9366,9.480937883601,0.34,-1.393463635971,27.2551438762,工程咨询服务Ⅱ,2026-04-24
4696,603139,康惠股份,0.21,93356277.28,-23.0706087025,-18.9239,20879805.27,221.12,110.3906,5.464564001001,3.75,0.325755823789,33.9349749508,中药Ⅱ,2026-04-24
4697,603122,合富中国,-0.02,154325995.54,-12.1829312149,19.7004,-8285101.28,-38.0575913608,61.0238,2.622263365759,-0.79,-0.142681925583,17.4012601675,医疗服务,2026-04-24
4698,603121,华培动力,-0.01,295162473.03,6.8822805354,-4.155,-3488175.54,-124.19,95.0659,3.241116729157,-0.32,0.125859508823,18.8210708393,汽车零部件,2026-04-24
4699,603111,康尼机电,0.07,905113694.71,3.8583757975,-16.6893,55794040.43,9.42,-38.5929,4.772313918547,1.37,-0.526247548846,30.1790035425,轨交设备Ⅱ,2026-04-24
4700,603097,江苏华辰,0.0,250532598.89,-13.3342616862,-69.189,130442.46,-99.37,107.1871,6.531518485423,0.01,-0.374919946276,19.428206555,电网设备,2026-04-24
4701,603066,音飞储存,0.424,304520863.19,38.6497207884,-46.3738,124737712.9,283.5,525.8469,5.186866988143,8.46,0.089999927255,23.4200144919,物流,2026-04-24
4702,603041,美思德,0.08,190658591.22,14.377563202,25.3175,14247574.7,17.73,23.8308,8.34835582367,0.94,0.059453101489,20.3952667232,化学制品,2026-04-24
4703,603016,新宏泰,0.04,129833640.03,-4.6722602346,-10.0829,6617013.64,-55.47,-58.3063,5.711856475229,0.78,-0.103350015524,24.6716341717,电网设备,2026-04-24
4704,603012,创力集团,0.04,427717591.33,21.5844226044,-45.4067,23264311.06,-38.2,29.1553,5.942853120742,0.61,-0.022823456721,35.0014551318,专用设备,2026-04-24
4705,603006,联明股份,0.09,232900404.65,36.7427635275,-14.018,22063164.84,109.03,-35.0296,5.348881187591,1.64,0.097313780714,24.5489936765,汽车零部件,2026-04-24
4706,601860,紫金银行,0.12,1165961000.0,2.2162199598,37.9865,428593000.0,1.62,956.5847,5.584441608065,2.09,-1.325286964871,,银行Ⅱ,2026-04-24
4707,601798,蓝科高新,0.035,117830458.77,-8.8959109167,-70.7924,12300161.28,89.69,-19.7533,3.650272009111,0.955,-0.12779605528,32.5213490298,专用设备,2026-04-24
4708,601728,中国电信,0.08,131393926307.26,-2.3157508458,1.3414,7350127688.98,-17.08,204.806,5.117941344329,1.58,0.253696779923,28.1236717745,通信服务,2026-04-24
4709,601609,金田股份,0.1,36475603004.99,33.6828294852,9.5389,170265976.04,12.91,3.8429,5.85429961785,1.64,-2.224915327808,2.1839306886,工业金属,2026-04-24
4710,601600,中国铝业,0.323,58494089000.0,4.8488062761,-9.4652,5527245000.0,56.35,206.7564,4.700980899356,7.11,0.634301101413,25.8276096923,工业金属,2026-04-24
4711,601566,九牧王,0.12,946493922.7,5.7448159182,11.9556,69425814.07,-63.79,540.9192,7.111332587599,1.71,0.36016248671,65.0965760512,服装家纺,2026-04-24
4712,601519,大智慧,-0.015,181490401.8,9.8792665106,-30.9425,-29585440.17,-1344.05,-104.5552,0.652147839058,-2.25,-0.029239600188,59.0225629001,软件开发,2026-04-24
4713,601311,骆驼股份,0.14,3851957731.87,-6.878743318,-7.434,159264795.06,-32.71,-27.2668,8.726422525502,1.57,-0.230377470328,16.7654528163,电池,2026-04-24
4714,601229,上海银行,0.45,14175085000.0,4.2504204374,4.0715,6333618000.0,0.66,3.5173,17.781566748666,2.54,-0.009568500793,,银行Ⅱ,2026-04-24
4715,601128,常熟银行,0.36,3171012000.0,6.7443239064,23.5245,1204118000.0,11.1,39.7038,9.660381224419,3.75,-1.730725401657,,银行Ⅱ,2026-04-24
4716,600989,宝丰能源,0.5,13236777393.86,22.8956954811,5.956,3660674643.2,50.23,52.5022,7.106800034381,7.28,0.758614691187,37.4042878597,化学原料,2026-04-24
4717,600987,航民股份,0.136,2046381674.28,-30.6069541946,-20.8568,138933935.64,2.15,-44.8622,6.697155663716,2.05,-0.160594691004,17.1094222696,纺织制造,2026-04-24
4718,600983,惠而浦,0.12,966340350.76,-20.4428884678,-19.4613,95196925.46,-17.87,-53.0915,4.009503318659,3.15,0.017191854238,17.3937709574,白色家电,2026-04-24
4719,600981,苏豪汇鸿,-0.01,12904024128.62,16.3973564491,-22.8285,-32955614.5,-141.0264577412,8.5897,2.221196469339,-0.66,-0.479380531922,3.0897208331,贸易Ⅱ,2026-04-24
4720,600971,恒源煤电,0.0254,1630984972.79,38.3488725866,-6.8624,30522741.03,12.29,133.1651,9.894614311045,0.26,0.630517907642,27.0591172588,煤炭开采,2026-04-24
4721,600966,博汇纸业,0.0414,4460463812.98,-2.2722994007,-5.2475,55374473.33,3.75,62.7595,5.595292171671,0.74,0.638120965843,9.2237097811,造纸,2026-04-24
4722,600927,永安期货,0.13,437372639.06,138.831045568,106.7245,193986465.11,506.59,9.637,9.205055724654,1.45,0.450315899691,,多元金融,2026-04-24
4723,600901,江苏金租,0.14,1798361998.69,16.4593071813,22.2478,821834701.53,6.49,3.4004,4.465594632434,3.23,-0.330095949442,,多元金融,2026-04-24
4724,600880,博瑞传播,0.01,124977619.81,-32.36,497.6506,6988029.25,24.64,130.5348,2.745807214145,0.23,-0.010580413165,41.4503468338,教育,2026-04-24
4725,600874,创业环保,0.176,1148905734.25,4.215893266,-12.4948,276377880.99,8.49,72.2136,6.708847959809,2.66,-0.078983426595,39.4202687182,环境治理,2026-04-24
4726,600791,京能置业,-0.16,345952782.44,9.6779442576,-53.7808,-74413345.24,30.586935337,91.7307,-1.33887709157,-5.17,-0.459594176493,18.0810172183,房地产开发,2026-04-24
4727,600777,新潮能源,0.021,1517320178.16,-29.8524704313,-6.0677,142747547.63,-75.82,215.6412,3.261806188592,0.6156,0.1294354214,30.4726284897,油气开采Ⅱ,2026-04-24
4728,600769,祥龙电业,0.0127,18070561.28,0.1707185854,-8.73,4750455.06,4.7,161.7224,0.337994519107,3.82,0.013020599306,38.2229575107,环境治理,2026-04-24
4729,600733,北汽蓝谷,-0.14,4099291897.12,8.6515203991,-67.3518,-870435547.67,8.704008261,23.4883,0.945828793788,-19.44,-0.307234388173,3.0375542895,乘用车,2026-04-24
4730,600719,大连热电,0.234,356063426.09,-0.5933053037,58.5195,94853331.05,58.75,431.1472,0.996485389531,26.78,-0.164488574235,26.1031460295,电力,2026-04-24
4731,600710,苏美达,0.24,31135392573.38,20.763399679,2.459,310903103.26,5.58,23.4048,6.554506339109,3.53,-0.079213202445,5.8115173566,贸易Ⅱ,2026-04-24
4732,600694,大商股份,0.8,1976419583.36,2.6603577157,44.1813,274526114.08,3.58,503.3064,26.558132918006,3.05,1.540479332475,42.2135993872,一般零售,2026-04-24
4733,600667,太极实业,0.06,6657801346.7,-0.9107242054,-17.6878,129124367.92,9.48,1922.5693,4.180092593767,1.49,-0.175623792307,6.900597396,工程咨询服务Ⅱ,2026-04-24
4734,600662,外服控股,0.1039,6641278701.82,5.8541678287,19.3667,236527751.5,12.19,80.4027,2.374565738408,4.46,-0.321368191495,7.8256992061,专业服务,2026-04-24
4735,600612,老凤祥,1.0458,13742215546.74,-21.5685807549,184.9946,547053537.21,-10.76,72.3404,26.245086354456,4.06,-4.490743627567,12.7455557675,饰品,2026-04-24
4736,600603,广汇物流,0.01,562966246.02,-22.8736241738,-14.3474,14713344.44,-92.9,-70.3527,6.186067397443,0.2,0.330436448401,31.0079307603,物流,2026-04-24
4737,600566,济川药业,0.44,1207498577.63,-20.839974115,-47.1921,400141867.56,-9.13,-47.0284,16.262812513371,2.7,0.955165180269,82.1244147009,中药Ⅱ,2026-04-24
4738,600549,厦门钨业,0.6972,15743173489.11,86.9907416614,10.3723,1106815989.81,189.14,109.7884,11.527089364408,6.24,-1.618720605446,21.0037881287,小金属,2026-04-24
4739,600546,山煤国际,0.22,4967766759.45,30.0243806551,-20.2862,428541995.49,68.1,256.7315,8.42605756777,2.62,0.575915424036,38.8429670411,煤炭开采,2026-04-24
4740,600536,中国软件,-0.08,709493729.57,10.7721141982,-62.7449,-73716309.35,8.57,-217.709,3.764673192113,-2.08,-1.032776397546,52.0332093003,IT服务Ⅱ,2026-04-24
4741,600499,科达制造,0.308,4726615100.0,25.4774604405,-1.2023,586622500.0,69.1,267.2811,6.8588258546,4.56,0.453725473963,34.3741507533,专用设备,2026-04-24
4742,600433,冠豪高新,0.1029,1723886611.33,10.736404203,-10.1056,180077797.53,27725.76,186.0216,2.520924013963,4.17,-0.136491682102,6.4336453918,造纸,2026-04-24
4743,600429,三元股份,0.067,1720530825.46,4.4609375777,17.0977,100365164.16,14.28,121.7404,3.215114260545,2.096,0.040025278994,23.0504294693,饮料乳品,2026-04-24
4744,600397,江钨装备,0.0013,64559864.24,-92.7614844504,-47.6294,1333072.42,101.1342334536,-91.352,0.195017597208,0.69,0.013201008099,27.6616271583,专用设备,2026-04-24
4745,600335,国机汽车,0.0844,6889945186.79,-16.2278805289,-32.2973,125988512.2,-5.82,108.7113,7.803364992868,1.08,1.347384676157,10.4514189891,汽车服务,2026-04-24
4746,600333,长春燃气,0.03,728623912.21,3.196160171,-30.787,19188849.49,1600.34630366,-59.7248,3.180157540732,1.0,-0.1804418436,19.2128285957,燃气Ⅱ,2026-04-24
4747,600293,三峡新材,-0.02,158735069.55,-26.4879015685,-45.5118,-24968878.51,-340.41,-184.8181,1.469773952015,-1.45,-0.056078937728,7.4478685356,玻璃玻纤,2026-04-24
4748,600268,国电南自,0.04,1633663572.36,-11.889610935,-51.0346,42054122.95,41.1,-84.3948,3.71973326073,1.12,-0.905269206809,24.9185725713,电网设备,2026-04-24
4749,600265,*ST景谷,-0.01,30038178.01,-52.0128864596,-45.0851,-1048509.59,93.5452016208,96.7932,1.631078791911,-0.49,0.039977905008,30.6100005032,林业Ⅱ,2026-04-24
4750,600256,广汇能源,0.037,6858971181.46,-22.9496587949,-13.2853,236387265.25,-65.9,-29.0916,3.818898176032,0.97,0.228477339719,17.7633569449,煤炭开采,2026-04-24
4751,600235,民丰特纸,-0.003,334213466.4,11.2481602672,5.8408,-1222603.76,-123.96,48.1376,4.297352566695,-0.08,-0.151356893794,10.6694482943,造纸,2026-04-24
4752,600216,浙江医药,0.3,2190864565.87,-2.860908303,0.2544,287012403.51,-29.84,580.2134,11.689045442257,2.59,0.104005699132,35.0551583313,化学制药,2026-04-24
4753,600202,哈空调,-0.0797,162440377.24,-12.297299366,-76.6579,-30541245.92,-211.8074513618,-198.113,2.114537263998,-3.71,-0.237247227109,6.6080620978,通用设备,2026-04-24
4754,600123,兰花科创,-0.0186,2410329902.52,9.9385230881,6.8445,-27459242.12,-182.28,95.0114,10.259260431386,-0.18,0.121019420996,23.7979883949,煤炭开采,2026-04-24
4755,600109,国金证券,0.188,2428989586.06,28.8273507248,5.3898,692334389.42,18.83,20.0793,9.74670738611,1.93,4.706563774222,,证券Ⅱ,2026-04-24
4756,430558,均信担保,0.0066,15682074.18,-29.0569506708,-35.2548,4718615.07,-35.48,21244.1684,1.619066808795,0.41,-0.008638510109,,,2026-04-24
4757,400145,网力3,-0.0509,2782702.99,-41.633818412,-90.2333,-60823388.87,-15.12,73.5206,-3.5510493594,,0.001256786027,72.9322718699,,2026-04-24
4758,400101,秋林3,-0.02,50503887.24,-3.2492207951,27.7299,-12189344.19,-0.21,30.422,-4.174968064575,,-0.000585868568,52.599561265,,2026-04-24
4759,301630,同宇新材,1.1261,332980428.47,20.467698558,9.7593,45043110.04,35.88,83.0909,43.757130008,2.61,1.3608516365,23.483367728,电子化学品Ⅱ,2026-04-24
4760,301628,强达电路,0.3,252257901.68,25.3403297714,2.0606,22627377.25,-14.51,-7.883,15.852491666423,1.91,0.06642095739,25.5783834997,元件,2026-04-24
4761,301617,博苑新材,0.3819,391129978.36,22.1378887348,-0.019,51036342.98,3.99,28.1192,13.322725212661,2.91,0.027866069365,20.3155986977,化学制品,2026-04-24
4762,301601,惠通科技,-0.0125,54060545.03,-64.2972559918,-66.1156,-1759027.64,-121.7,-103.3436,9.451613515803,-0.13,-0.6178286959,36.5044025713,专用设备,2026-04-24
4763,301587,中瑞股份,0.1026,188748762.65,34.8547752266,-0.5051,15070360.75,100.33,-42.205,13.545892537089,0.75,-0.229853654403,28.3378285182,电池,2026-04-24
4764,301575,艾芬达,0.34,302336626.65,36.9014963631,-0.7528,29083727.25,17.28,54.8793,16.393118652129,2.07,-0.2406555934,22.9464238351,家居用品,2026-04-24
4765,301567,贝隆精密,0.06,95149600.3,11.1855323468,-4.1531,4095769.86,-49.04,116.2555,10.092454990556,0.57,0.095268819167,21.2372162429,消费电子,2026-04-24
4766,301559,中集环科,0.04,557061603.25,-8.8616542073,-12.8194,22759451.48,1.7,72.9064,7.645359542033,0.5,-0.332235891033,13.6954759554,通用设备,2026-04-24
4767,301552,科力装备,0.27,141289159.83,-6.3192547316,-20.3926,25228580.73,-32.19,-22.8291,12.698268950315,2.11,0.368384011765,35.3118252313,汽车零部件,2026-04-24
4768,301550,斯菱智驱,0.17,212563584.79,8.7150933497,2.6675,39233022.1,-15.55,19.6596,8.07702181001,2.12,0.150001701567,31.3168327612,汽车零部件,2026-04-24
4769,301548,崇德科技,0.45,161637914.98,34.5703879366,-6.7004,39087992.96,40.56,20.3153,18.182272453908,2.5,-0.052027174598,40.9299179887,通用设备,2026-04-24
4770,301538,骏鼎达,0.4557,225961211.93,-1.4393323851,-24.2579,35728250.16,-24.1,-38.2849,18.761872457143,2.46,0.535991017219,38.1906947493,塑料,2026-04-24
4771,301536,星宸科技,0.52,993787883.46,49.3470027725,23.3181,220214457.13,330.29,107.3905,7.644697834201,6.81,-0.036709497939,46.0535806732,半导体,2026-04-24
4772,301515,港通医疗,-0.0069,50485892.96,107.8743711658,-86.6174,-662873.3,-141.98,-108.7646,12.2521590218,-0.05,-0.2133047518,16.5575581215,医疗器械,2026-04-24
4773,301507,民生健康,0.1762,317485567.9,16.9518445467,99.7017,62778343.85,0.12,1334.875,4.613370882777,3.86,0.31794780944,57.7757704148,化学制药,2026-04-24
4774,301505,苏州规划,0.02,39814366.47,-13.9114252836,-60.3433,2367904.97,-26.59,-82.3664,8.525269165799,0.24,0.08515808913,24.878430522,工程咨询服务Ⅱ,2026-04-24
4775,301446,福事特,0.2247,161075480.91,53.292141601,0.7023,23371288.23,-4.38,136.8257,11.666920104904,1.94,-0.112501503269,35.596619272,工程机械,2026-04-24
4776,301419,阿莱德,0.1031,97897869.94,25.0282660418,-18.739,12375005.32,19.88,8.9793,8.10373045,1.28,0.124482586917,36.1448229585,通信设备,2026-04-24
4777,301413,安培龙,0.03,261766246.62,0.1905068145,-18.548,3091832.33,-84.82,-82.4494,12.908353982087,0.24,-0.061685446996,25.6449217524,通用设备,2026-04-24
4778,301397,溯联股份,0.14,277480297.71,-18.2583541951,-36.0838,21101435.81,-37.03,-47.3505,13.002007678734,1.06,-0.06295567843,20.9757490533,汽车零部件,2026-04-24
4779,301393,昊帆生物,0.31,171932875.31,27.1568322126,2.6078,33444698.56,-3.89,116.999,22.119312873426,1.41,0.692906424815,35.5030674383,生物制品,2026-04-24
4780,301388,欣灵电气,0.05,114696288.49,17.1110569662,-6.9168,4955157.86,32.99,50.0903,9.61357427563,0.5,-0.226886885296,21.4376996795,电网设备,2026-04-24
4781,301386,未来电器,0.1077,121657877.65,-2.3566516151,-8.1691,15079727.96,-23.99,-40.1759,10.880830519571,1.0,-0.250671239143,22.6331594894,电网设备,2026-04-24
4782,301373,凌玮科技,0.35,148494817.3,35.5086791989,12.387,38280871.98,21.8,12.4636,15.669372264429,2.28,0.255236708583,46.3521739893,化学制品,2026-04-24
4783,301361,众智科技,0.1782,72521025.05,25.597572359,-16.5851,20732941.69,8.89,-19.7325,10.707224098387,1.68,-0.109600030945,58.3724315822,电网设备,2026-04-24
4784,301359,东南电子,0.04,70429486.94,0.7313707585,-30.206,5157407.96,-53.43,-52.3209,7.15332292055,0.6,-0.010486307665,19.1533566637,其他电子Ⅱ,2026-04-24
4785,301357,北方长龙,-0.1308,33914360.74,64.8809263414,-59.9842,-12453883.61,-145.62,-170.82,11.984143687185,-1.09,-0.212580788445,39.1724641129,地面兵装Ⅱ,2026-04-24
4786,301349,信德新材,0.3102,360783851.76,48.7019297478,13.2903,31311644.14,330.34,296.5218,27.102498872157,1.14,-1.573930870392,16.6483303665,电池,2026-04-24
4787,301328,维峰电子,0.17,172015502.28,18.5014257303,-13.868,18575467.16,-27.0,7.8086,18.140364689137,0.94,0.13321095832,36.8205053559,其他电子Ⅱ,2026-04-24
4788,301314,科瑞思,0.02,42516302.99,19.3330605352,-40.3045,1022102.86,-57.24,-88.0979,19.066417161086,0.09,-0.062244189864,20.0754281058,通信设备,2026-04-24
4789,301307,美利信,-0.25,1023952482.52,16.1817188073,-3.6949,-53531321.49,10.94,84.7904,11.594147082669,-2.17,0.248615593162,11.2486825723,通信设备,2026-04-24
4790,301299,卓创资讯,0.31,91488649.65,15.0620817086,-1.9151,18632085.76,0.24,15.583,10.082724631405,3.12,0.101704159584,64.4703963231,数字媒体,2026-04-24
4791,301298,东利机械,0.0298,149009312.95,-3.3865274766,-5.1769,4335549.74,-80.73,-57.0216,6.497425650068,0.46,0.176693003747,27.4790251155,汽车零部件,2026-04-24
4792,301289,国缆检测,0.3256,89401074.82,10.0986100483,14.2504,25232786.27,19.0,24.802,13.266498187564,2.47,0.324632968974,58.0553089708,专业服务,2026-04-24
4793,301288,清研环境,-0.0989,21472424.27,124.095665497,-72.2246,-10680921.92,-794.78,37.5062,7.256060914638,-1.36,-0.085568025368,-7.0144052253,环保设备Ⅱ,2026-04-24
4794,301281,科源制药,0.2777,161302912.39,45.0504159304,68.8333,30073425.23,30.27,301.5957,12.857149730446,2.19,0.287394765537,57.5984576617,化学制药,2026-04-24
4795,301277,新天地,0.0921,206946148.67,-5.8427894143,8.2691,36100435.09,-36.19,23.0121,4.047999235102,2.3,-0.075506834067,31.6134680788,化学制药,2026-04-24
4796,301270,汉仪股份,-0.0186,38211930.74,-15.9080752004,-25.5286,-1827488.21,-139.28,-135.2536,9.6787787228,-0.19,0.0224062405,79.6678372447,软件开发,2026-04-24
4797,301266,宇邦新材,0.29,876527406.0,37.2772699316,23.7822,31932120.55,-5.06,235.4706,16.464320379559,1.72,-0.548982241303,11.6358309874,光伏设备,2026-04-24
4798,301262,海看股份,0.22,230539568.85,-2.0596141555,-3.974,89933220.39,-23.2,-6.2014,9.137478887722,2.39,-0.147703468513,53.5317396123,广告营销,2026-04-24
4799,301248,杰创智能,-0.09,149997301.89,-12.9842187955,-40.7694,-14224995.87,-204.34,-56.3417,9.812973802804,-0.95,0.79081931388,37.0612001013,IT服务Ⅱ,2026-04-24
4800,301233,盛帮股份,0.3769,97982042.11,-8.1278794233,-13.1089,19126971.77,-23.05,-1.5334,19.512302627939,1.92,0.407117494851,35.3107847162,汽车零部件,2026-04-24
4801,301232,飞沃科技,0.06,589653190.41,32.1889068558,-11.9759,4509962.9,269.18,154.977,18.829340049879,0.32,-0.811584578645,15.9078948551,风电设备,2026-04-24
4802,301226,祥明智能,0.0089,123189422.98,2.5089586139,-4.3252,964434.33,-86.43,132.3422,8.355389496691,0.11,0.074442382353,20.783398307,电机Ⅱ,2026-04-24
4803,301212,联盛化学,0.06,186333437.69,5.4585488798,-0.6165,6091187.52,-45.49,323.5067,12.494840218056,0.45,0.049935918241,16.196102339,化学制品,2026-04-24
4804,301195,北路智控,0.2,208241887.17,-16.3233218688,-17.6335,26574364.59,-36.64,-43.0458,18.697303270603,1.08,-0.196180671605,41.3535337536,软件开发,2026-04-24
4805,301181,标榜股份,0.22,120381641.31,-6.8503568849,-20.9492,25715422.14,-17.75,-9.1188,12.866699498281,1.74,0.192648157377,31.8718852081,汽车零部件,2026-04-24
4806,301178,天亿马,0.0136,149751561.19,209.2574744815,-39.9367,909137.58,60.2,-72.4471,11.677493973177,0.12,0.508133494035,14.780694501,IT服务Ⅱ,2026-04-24
4807,301176,逸豪新材,0.0567,583932022.2,62.1316510134,16.2862,9390871.42,709.75,123.9179,8.796796090385,0.63,-0.780295827267,6.9162080815,元件,2026-04-24
4808,301170,锡南科技,0.2364,295485583.01,11.37040075,4.6521,23635357.46,-9.4,10.6402,18.0415739384,1.32,0.1849920983,19.3498496264,汽车零部件,2026-04-24
4809,301167,建研设计,0.0924,81710161.59,0.2945742543,-32.3872,10345266.53,-4.3,42.2454,8.575780706607,1.08,-0.338711788036,28.6070010818,工程咨询服务Ⅱ,2026-04-24
4810,301160,翔楼新材,0.42,345588174.25,4.0685707211,-14.9321,47713006.35,-8.69,-15.9035,16.407394546442,2.59,1.156320704413,21.2040348021,通用设备,2026-04-24
4811,301148,嘉戎技术,0.0165,94609145.65,-3.7624747724,-35.0917,1920350.38,-85.1,123.6864,15.119385235235,0.11,0.1181382772,30.2536350618,环境治理,2026-04-24
4812,301120,新特电气,-0.01,126198659.15,43.1364754335,29.3527,-1877062.85,-120.54,-135.4663,4.203506920445,-0.12,0.040959336792,19.6207862403,电网设备,2026-04-24
4813,301117,佳缘科技,-0.19,28479936.06,28.7674467752,-75.6831,-24173813.72,-67.77,27.5903,9.592865450293,-1.93,-0.407038010625,10.1268712258,计算机设备,2026-04-24
4814,301116,益客食品,0.0698,4531994113.17,9.4727774038,-14.2235,31344156.86,144.0,269.2246,3.488827122194,2.03,-0.236639395056,4.5494274591,养殖业,2026-04-24
4815,301107,瑜欣电子,0.11,178320766.26,-3.52335319,32.164,11308044.96,-54.0,523.6652,9.484384281467,1.18,-0.018330422607,20.9526869661,通用设备,2026-04-24
4816,301106,骏成科技,0.0792,219924769.41,12.9635267081,-1.7257,8083744.85,-67.49,-33.8768,12.70934958706,0.63,-0.520269982026,14.4009268556,光学光电子,2026-04-24
4817,301102,兆讯传媒,0.0143,118857379.57,-27.466130296,4.6643,5726342.04,-72.56,126.891,7.306551045246,0.19,0.648075942192,12.7992589396,广告营销,2026-04-24
4818,301100,风光股份,-0.0031,275171325.91,-4.3278745125,-5.5719,-622340.66,94.33,92.8301,10.0870574368,-0.03,-0.23892135735,11.5968263206,化学制品,2026-04-24
4819,301098,金埔园林,-0.09,105043181.64,-23.6500846002,-50.8159,-17129355.95,-213.94,88.1222,5.619070098015,-1.6,-0.502090932282,17.4174043897,基础建设,2026-04-24
4820,301096,百诚医药,0.1181,160457682.24,24.649128243,-4.5482,12812458.42,148.91,113.2744,22.904116778398,0.51,-0.06272258255,50.501789711,医疗服务,2026-04-24
4821,301093,华兰股份,0.004,129560127.05,-11.0044277766,-27.2986,609648.65,-96.68,-91.1125,13.421454319173,0.03,-0.030997829473,37.2206295779,医疗器械,2026-04-24
4822,301091,深城交,-0.1,166173890.3,-8.3518093252,-68.8659,-52860544.07,-91.18,-392.0558,4.432808292577,-2.13,-0.373711088966,3.5436807367,工程咨询服务Ⅱ,2026-04-24
4823,301088,戎美股份,0.0601,112485296.02,-24.6184296764,-25.5781,13701598.09,-32.16,-60.4584,11.091800767837,0.54,0.109305911891,44.7752580933,服装家纺,2026-04-24
4824,301083,百胜智能,0.0252,75778821.53,5.6867937589,-20.0702,4481029.1,2.33,475.1052,4.714397186855,0.54,-0.032276378519,21.3098618373,专用设备,2026-04-24
4825,301079,邵阳液压,0.0283,59702483.85,-2.2613340538,-33.1631,3083115.61,280.02,-8.4663,4.400153062683,0.64,0.04024867855,24.2777210349,工程机械,2026-04-24
4826,301071,力量钻石,0.1414,184024141.98,55.8543929604,-20.1487,35975552.92,147.1,-42.9222,20.660069407805,0.67,0.244789134333,41.1022506266,非金属材料Ⅱ,2026-04-24
4827,301058,中粮科工,0.07,570434282.29,20.463919764,-57.631,37154474.61,0.52,-67.6929,4.568480894038,1.6,-0.665041911076,17.8444244307,工程咨询服务Ⅱ,2026-04-24
4828,301056,森赫股份,0.0378,79447491.94,-22.3518704131,-46.7447,10071551.86,-38.85,-48.3811,2.98012173828,1.28,-0.047364359816,32.1881231938,专用设备,2026-04-24
4829,301050,雷电微力,-0.22,64265670.06,-72.7399066554,27.904,-54496561.98,-179.13,-816.3272,12.383542221188,-1.76,-0.034554463259,44.4231297571,军工电子Ⅱ,2026-04-24
4830,301045,天禄科技,0.09,132289394.49,-9.4157380328,-1.4876,9648363.76,76.45,34.3918,9.40941437,0.93,0.131270352211,29.0842541296,光学光电子,2026-04-24
4831,301037,保立佳,-0.187,354935922.74,-16.5722926214,15.178,-26001027.3,-151.28,58.4024,3.923473369301,-4.65,0.451905307039,8.4642545584,化学制品,2026-04-24
4832,301027,华蓝集团,-0.06,68353664.97,-28.2017359571,-79.8818,-8192500.44,10.09,81.8136,6.116952028776,-0.91,-0.209871028776,33.0859371768,工程咨询服务Ⅱ,2026-04-24
4833,300997,欢乐家,0.0889,432177126.34,-3.7462630489,-5.7478,37160713.32,8.49,10.4402,2.466011660296,3.5,-0.053900010692,32.5638328761,饮料乳品,2026-04-24
4834,300995,奇德新材,0.0816,91760558.27,4.782547076,-12.5088,6867352.89,69.21,0.463,7.584331228046,1.22,0.296996632079,29.5137086463,塑料,2026-04-24
4835,300990,同飞股份,0.35,698648608.86,21.7963614518,-11.1772,59774437.93,-3.44,-17.486,12.559058263158,2.83,0.840627040526,22.7873284482,通用设备,2026-04-24
4836,300987,川网传媒,0.01,63092017.59,-8.2634436602,-35.5127,2170783.67,-17.14,-81.8463,4.653089337767,0.27,-0.087680225474,28.556050588,数字媒体,2026-04-24
4837,300976,达瑞电子,0.54,801756950.5,21.7454424229,-11.8327,71977674.0,25.8,40.7745,27.34191403535,1.98,-0.167542371599,27.6247173737,消费电子,2026-04-24
4838,300975,商络电子,0.3755,3793424870.17,106.1082250572,60.8234,256626336.7,600.35,58.9062,3.86477698738,10.1,-0.698570076016,16.4870350903,元件,2026-04-24
4839,300955,嘉亨家化,-0.04,301444683.65,37.9256501598,8.3402,-4183977.6,79.0,45.3963,8.588956139484,-0.48,0.56996666379,17.06047549,化妆品,2026-04-24
4840,300943,春晖智控,0.05,119303642.8,-1.5257412211,-32.8131,9501759.63,-24.89,-51.3113,5.012439613041,0.93,-0.153049173879,22.3090146666,通用设备,2026-04-24
4841,300935,盈建科,-0.32,12126262.09,-23.3141753568,-77.8185,-25345843.29,-41.77,18.9484,9.253966010992,-3.39,-0.498530201428,90.57935379,软件开发,2026-04-24
4842,300932,三友联众,0.05,582197793.94,9.060640195,3.4409,15104280.89,44.57,54.7915,5.557840292142,0.85,0.040452520777,18.6701678367,电网设备,2026-04-24
4843,300929,华骐环保,-0.02,82148189.04,9.5785869248,-15.7686,-3018698.68,-287.13,92.0358,5.809201076528,-0.33,0.030496935829,22.4941818267,环境治理,2026-04-24
4844,300928,华安鑫创,-0.2233,119506034.7,-37.7973047797,-46.612,-17864108.69,19.32,71.767,12.65443269125,-1.75,-0.27628412825,1.3969427939,汽车零部件,2026-04-24
4845,300925,法本信息,0.05,1398234598.88,29.6360219843,-2.623,22475774.66,-18.28,15.6212,5.239001675927,1.01,-0.922954606884,16.4132693358,软件开发,2026-04-24
4846,300922,天秦装备,0.0015,16479278.81,-66.9577775828,-74.2857,243621.11,-97.36,-98.3169,6.273552932131,0.02,0.008712851585,37.4840176031,地面兵装Ⅱ,2026-04-24
4847,300920,润阳科技,0.0315,88968966.18,-7.3631329476,-9.3822,3151412.85,-36.34,308.7919,11.7876331661,0.27,0.4166504688,29.6875814164,塑料,2026-04-24
4848,300918,南山智尚,0.06,568891338.16,57.1364521023,0.3073,30788253.51,-17.46,186.5769,7.658260798885,0.81,0.031156381524,20.743599989,纺织制造,2026-04-24
4849,300916,朗特智能,0.01,352539510.97,-10.4707307909,-7.0606,1197438.03,-96.04,-92.6318,9.458686204123,0.09,-0.270552390048,13.7994449746,消费电子,2026-04-24
4850,300897,山科智能,0.05,89256420.97,-19.6702136963,-55.961,6755737.08,-28.09,180.1096,6.978841103643,0.69,-0.139895295746,42.700834882,通用设备,2026-04-24
4851,300893,松原安全,0.159,603330707.91,12.6514403545,-28.5379,75210625.04,2.32,-27.2043,4.469487887734,3.62,-0.178705850039,27.5667413045,汽车零部件,2026-04-24
4852,300889,爱克股份,-0.0829,297370947.27,90.0310212579,-16.6476,-18072779.83,-15.82,60.8379,6.428208428818,-1.3,-0.415625889241,14.9429967682,光学光电子,2026-04-24
4853,300886,华业香料,0.0586,112728266.46,15.2720698287,13.6439,4380894.69,-61.75,-18.58,7.971713352763,0.74,0.291729497313,19.7914924895,化学制品,2026-04-24
4854,300877,金春股份,0.02,299252566.9,17.7947642488,-4.9471,2943511.49,-15.74,-77.0794,14.037940826417,0.18,-1.118152843167,12.3590952964,纺织制造,2026-04-24
4855,300867,圣元环保,0.4134,399617998.52,8.4180653796,-1.4388,112344902.61,76.09,204.2725,14.817038073154,2.83,0.518929421128,51.6443793208,环境治理,2026-04-24
4856,300848,美瑞新材,0.06,572925464.41,47.7378684002,20.8369,27204266.05,49.99,15.3627,3.646289207657,1.76,-0.644861453168,12.2305695248,化学制品,2026-04-24
4857,300845,捷安高科,-0.07,30912142.5,24.1078329222,-84.74,-13932010.74,-105.02,-137.8408,3.997387760277,-1.68,-0.318419925881,34.8262123533,计算机设备,2026-04-24
4858,300836,佰奥智能,0.0764,99517507.08,25.8218741381,-80.4509,7056665.07,-24.73,-85.6217,6.912260093773,1.11,-1.081892780875,26.2122886368,专用设备,2026-04-24
4859,300828,锐新科技,0.04,155361559.12,10.6901802285,-0.9259,6424817.71,-44.55,37.9572,4.744231373496,0.81,-0.08523687361,15.6002386094,通用设备,2026-04-24
4860,300827,上能电气,0.18,1071146306.58,28.9456507175,-48.1408,97790304.26,11.57,-35.5571,7.726923500688,2.3,-1.018113365354,23.6157881277,光伏设备,2026-04-24
4861,300826,测绘股份,0.0396,82429285.73,12.6380413415,-81.5792,6979677.76,44.49,189.1196,8.514622427629,0.47,-0.309490749574,37.0608704533,工程咨询服务Ⅱ,2026-04-24
4862,300818,耐普矿机,-0.0502,241594646.07,24.6049914483,-18.1069,-8472904.99,-249.82,-155.4713,10.709044152213,-0.45,0.025893756193,33.8409562505,通用设备,2026-04-24
4863,300804,广康生化,-0.01,160416302.71,-14.3271527885,-21.7198,-575458.99,-103.36,-109.8118,18.471785041081,-0.04,-0.783592724054,19.1820000649,农化制品,2026-04-24
4864,300791,仙乐健康,0.1637,1003326975.63,5.1468300416,3.2513,49905590.59,-27.29,140.3323,9.059029581104,1.68,-0.048749119699,32.3790406648,食品加工,2026-04-24
4865,300787,海能实业,-0.0309,852488338.41,25.5177351304,0.7043,-9685660.4,-149.37,-243.226,4.914200584642,-0.59,-0.261858158914,17.0957117445,消费电子,2026-04-24
4866,300785,值得买,0.02,271862863.3,1.2822412966,-43.5708,3576066.14,141.61,-95.1058,9.879433578777,0.18,-0.141641455991,43.513595095,数字媒体,2026-04-24
4867,300784,利安科技,0.1387,111883587.01,-3.7974179106,-22.6806,7798775.03,-46.74,-25.6908,14.498025388174,0.96,0.549221338926,26.0568953133,消费电子,2026-04-24
4868,300780,德恩精工,-0.07,117092696.96,-5.4737332757,-22.7969,-10702270.69,23.68,28.7438,6.828380114406,-1.06,0.158188822936,7.206332768,通用设备,2026-04-24
4869,300758,七彩化学,0.04,400571943.61,9.7712038089,6.5302,15813268.35,-48.64,229.2616,4.477779540893,0.89,0.03216523436,29.192794709,化学制品,2026-04-24
4870,300756,金马游乐,0.17,154138387.97,29.9544243482,32.4863,27207147.86,4195.24,377.7113,9.408485796117,1.85,0.199619949726,44.4484782035,专用设备,2026-04-24
4871,300740,水羊股份,0.0887,1197589836.18,10.3363931447,-23.6354,34711017.27,-17.12,178.3448,5.653600913416,1.57,0.238923313857,65.0444605128,化妆品,2026-04-24
4872,300737,科顺股份,0.06,1455542440.54,4.3370496067,8.5463,63552432.53,56.9,111.442,3.607919287659,1.59,-0.049715590412,27.5113627687,装修建材,2026-04-24
4873,300726,宏达电子,0.2281,366514911.33,11.6784793282,-24.0216,93938747.04,70.77,27.0452,12.636545185204,1.82,0.05100687096,60.0020081017,军工电子Ⅱ,2026-04-24
4874,300723,一品红,1.3159,385468291.51,2.2567605267,225.9298,594375713.06,950.35,394.6664,4.285428593448,35.91,0.041428539061,66.0772203836,化学制药,2026-04-24
4875,300722,新余国科,0.0128,54205245.63,1.1940028945,-70.7921,3536449.93,-13.31,-89.6888,2.439305654921,0.53,-0.183148935953,39.0288101532,航天装备Ⅱ,2026-04-24
4876,300708,聚灿光电,0.03,419005310.5,-42.7126735735,-33.2675,29594202.46,-51.83,-7.5145,3.086854006276,1.03,-0.273087099839,16.7889510842,光学光电子,2026-04-24
4877,300707,威唐工业,-0.0655,191999485.03,49.0250354671,-12.2763,-11567160.68,-26.19,-259.7241,6.341492179291,-0.99,0.100823328235,14.5939785753,汽车零部件,2026-04-24
4878,300702,天宇股份,0.1212,811665516.03,6.8931879543,4.8454,42191492.53,-51.04,151.9471,10.581501713278,1.15,0.375429706264,32.4443837085,化学制药,2026-04-24
4879,300699,光威复材,0.15,639046603.03,13.0443205618,-26.8303,121412369.3,-21.58,-35.6012,6.981985160004,2.06,-0.028372942568,38.2229737474,航空装备Ⅱ,2026-04-24
4880,300695,兆丰股份,-0.16,157275260.17,-0.3040975138,-19.3152,-16547638.38,-152.59,-134.6499,28.163428878127,-0.57,-0.280998574434,30.9137716049,汽车零部件,2026-04-24
4881,300693,盛弘股份,0.273,744296473.62,23.1295201985,-40.2941,85184238.69,16.86,-57.2998,7.199836051999,3.85,-0.205402358874,40.5798768481,其他电源设备Ⅱ,2026-04-24
4882,300689,澄天伟业,-0.027,90690840.94,-2.3848167847,-12.8709,-3117773.39,-158.84,-205.7084,5.989970221799,-0.45,-0.158605007699,14.1330096812,通信设备,2026-04-24
4883,300688,创业黑马,-0.03,21680582.93,-39.0047203729,-44.2458,-4475934.39,-520.85,81.4744,2.190265837749,-1.22,-0.086784929243,71.4269525409,教育,2026-04-24
4884,300683,海特生物,-0.18,159045546.74,1.5160739486,33.0368,-23046268.41,-65.44,68.5044,16.332120591477,-1.07,-0.019190838972,38.4656835755,医疗服务,2026-04-24
4885,300682,朗新科技,-0.0461,693242033.31,3.9834184782,-66.5205,-49713502.09,-1574.78,-6007.3627,6.237953196511,-0.73,-0.149898240637,50.5738792217,IT服务Ⅱ,2026-04-24
4886,300679,电连技术,0.2051,1191843120.73,-0.3861694253,-12.8507,87138557.25,-29.32,184.4621,11.778094713808,1.75,0.573086789817,28.3032258326,消费电子,2026-04-24
4887,300678,中科信息,0.0157,118765987.92,123.3061972022,-73.2833,4641937.46,45.51,-52.6258,2.903842283455,0.54,-0.353540657698,11.1539797816,IT服务Ⅱ,2026-04-24
4888,300677,英科医疗,0.02,2887034413.31,15.7622785374,15.4304,10030762.95,-97.16,-88.3754,27.872851659664,0.06,0.443312851165,26.5687019397,医疗器械,2026-04-24
4889,300675,建科院,-0.1337,46736615.44,12.1879226235,-44.7314,-19610611.51,44.78,11.7781,3.354208388816,-3.91,-0.110322875199,22.4681506804,工程咨询服务Ⅱ,2026-04-24
4890,300659,中孚信息,-0.31,58319861.08,-31.174449656,-76.4469,-79544068.18,7.67,-273.9424,4.486651965635,-6.59,-0.210655024972,80.097477643,计算机设备,2026-04-24
4891,300654,世纪天鸿,0.015,100943388.0,-1.7162605769,-19.9609,5455919.38,4.05,757.1608,2.344410048379,0.64,-0.101302469246,34.1908496176,出版,2026-04-24
4892,300638,广和通,0.0108,1678195179.38,-9.561410845,3.4688,9666203.81,-91.79,-68.6719,6.9467428716,0.15,-1.160717952021,13.2767663367,通信设备,2026-04-24
4893,300632,光莆股份,0.0028,191181927.95,-7.8739562911,2.6052,844029.41,-95.69,101.4818,5.67589637469,0.05,-0.061632894504,28.1728123456,光学光电子,2026-04-24
4894,300627,华测导航,0.1601,807089260.69,2.2774331459,-25.33,125396045.25,-12.15,-34.9655,5.552207652364,2.93,-0.156201687897,60.4010221414,通信设备,2026-04-24
4895,300621,维业股份,-0.22,1149129709.32,-29.9908777248,-55.0678,-45625940.72,-1325.32,88.5164,2.58078739733,-8.15,-0.852923282451,2.0744617563,装修装饰Ⅱ,2026-04-24
4896,300619,金银河,-0.0832,237031692.95,60.3868954326,-57.587,-14483198.05,78.09,-295.4388,9.077261299732,-0.91,0.102797369694,18.0349192793,电池,2026-04-24
4897,300615,欣天科技,-0.1741,142620732.28,79.3985731201,15.7194,-33632114.88,-789.84,-45.4629,2.438796177596,-6.89,-0.122845996206,19.8974832876,通信设备,2026-04-24
4898,300613,富瀚微,0.37,559056357.65,75.5298906945,1.8025,85076411.2,481.14,35.2137,12.525585832439,2.87,0.24431920243,39.0767766417,半导体,2026-04-24
4899,300589,江龙船艇,0.0085,157264037.64,4.9989908077,-18.8629,3201091.01,222.26,103.3882,1.839762155012,0.46,-0.175704337018,18.3859951798,航海装备Ⅱ,2026-04-24
4900,300579,数字认证,-0.0389,195022402.38,8.6218918214,-40.864,-10514111.61,51.59,-152.291,2.931276472074,-1.32,-0.311347747333,52.7984667881,软件开发,2026-04-24
4901,300575,中旗股份,0.0014,648372117.81,22.4965178021,-19.6297,672843.92,101.97,101.2884,4.068930062009,0.03,0.373339951349,13.3582975873,农化制品,2026-04-24
4902,300570,太辰光,0.29,340764511.64,-8.0395652687,2.4941,65778843.71,-17.12,70.278,7.78848475808,3.78,-0.40826091948,37.7955130099,通信设备,2026-04-24
4903,300565,科信技术,-0.06,141279328.17,-1.4988962757,-12.8454,-15165201.85,28.85,45.5557,2.088204405372,-2.87,-0.112645764348,22.6119857688,通信设备,2026-04-24
4904,300563,神宇股份,0.07,203581897.88,16.7267680587,-8.8021,13494706.43,11.38,-34.7376,6.32780423763,1.16,0.03680042964,18.2443869012,通信设备,2026-04-24
4905,300562,乐心医疗,0.1469,283737915.92,3.8164846858,23.859,32073808.31,39.8,96.5583,4.858517636188,3.07,0.158102880548,37.7647932715,医疗器械,2026-04-24
4906,300561,汇金科技,-0.0086,18497632.82,-1.1603097854,-50.3709,-2837978.03,-309.78,83.1137,1.768501850679,-0.49,-0.026954762895,40.4892048236,软件开发,2026-04-24
4907,300543,朗科智能,-0.027,374981483.33,-4.476904204,-10.8721,-8270069.23,-182.87,60.3426,4.616125854516,-0.58,-0.022860063337,15.437624097,家电零部件Ⅱ,2026-04-24
4908,300541,先进数通,-0.02,600928133.81,13.5601092354,-54.1557,-10469362.82,-135.39,-131.4642,4.059079803073,-0.6,0.082608663105,10.9768935549,IT服务Ⅱ,2026-04-24
4909,300517,海波重科,0.017,36938421.34,-57.3765430258,-14.7893,3497338.54,439.31,-65.4489,5.218063674151,0.33,0.254180299935,12.8759684563,专业工程,2026-04-24
4910,300516,久之洋,-0.084,48109387.64,-28.3495102678,-85.2963,-15123902.0,-156.01,-726.1857,7.1518966805,-1.17,0.155952838667,4.0168727452,其他电子Ⅱ,2026-04-24
4911,300509,新美星,0.09,325733692.91,24.9988481629,-6.5545,25259931.52,19.35,-42.6178,2.311982139204,3.75,0.256986085088,30.5051698129,专用设备,2026-04-24
4912,300502,新易盛,2.8,8337902040.74,105.759481459,0.0101,2780222960.23,76.8,-13.249,20.501498206035,14.52,0.688194112089,49.1609551491,通信设备,2026-04-24
4913,300499,高澜股份,0.05,211951834.83,-2.7745542782,-47.1897,15140762.55,16.55,358.7336,4.561497439477,1.09,-0.368488695986,30.682011827,专用设备,2026-04-24
4914,300494,盛天网络,0.0091,279489329.54,-11.2099441492,7.7864,4451721.2,-82.49,154.4252,2.953107569537,0.31,-0.137063767147,13.5748142702,游戏Ⅱ,2026-04-24
4915,300491,通合科技,-0.0018,290535834.25,40.185208459,-50.0631,-309167.38,95.26,-101.5681,6.873939962902,-0.03,0.376922812945,20.2761875113,其他电源设备Ⅱ,2026-04-24
4916,300489,光智科技,0.1117,567959715.47,20.4895759269,-10.7749,15382832.93,60.81,163.5505,5.24196418175,2.34,0.256041715855,30.1355662678,光学光电子,2026-04-24
4917,300483,首华燃气,0.184,810702327.81,17.7973204449,4.325,53409442.52,155.24,-68.7551,9.607254940069,2.15,0.596247541149,19.9909090995,燃气Ⅱ,2026-04-24
4918,300481,濮阳惠成,0.06,352976396.01,-0.8532350978,3.4494,18381284.31,-49.25,-18.9757,8.367401584856,0.76,0.175848963006,19.241928743,电子化学品Ⅱ,2026-04-24
4919,300480,光力科技,0.09,206672916.54,35.1990088029,-1.6874,31529474.66,76.65,738.2534,4.609292394282,2.38,-0.064550390586,49.5639244972,专用设备,2026-04-24
4920,300479,神思电子,-0.1762,55995792.3,-31.0802801325,-91.6403,-34711035.6,-20.38,-128.3479,2.680571349197,-6.36,-1.475788928302,25.6824870036,计算机设备,2026-04-24
4921,300475,香农芯创,2.86,23764565686.39,200.596381199,168.4851,1327415593.91,7835.06,616.5293,10.453070115201,31.53,5.685126589991,9.1217457653,其他电子Ⅱ,2026-04-24
4922,300474,景嘉微,-0.11,84144537.75,-17.8743471466,-62.6762,-56087304.04,-2.26,39.0946,13.054115784275,-0.82,-0.235776866172,61.686250989,军工电子Ⅱ,2026-04-24
4923,300465,高伟达,-0.032,104058752.77,-23.7367743069,-65.4005,-14201749.25,-34.76,-293.2703,1.506091706607,-2.11,-0.366278024534,20.9532979779,软件开发,2026-04-24
4924,300455,航天智装,0.0042,147545370.88,-11.0273306568,-64.7227,3035156.79,-42.55,114.0627,2.325654054196,0.18,-0.110295079161,25.3913648843,计算机设备,2026-04-24
4925,300445,康斯特,0.16,138410461.1,24.5567448911,-29.28,33773494.08,52.25,234.5162,6.183168868092,2.6,0.20152992567,63.5244265724,通用设备,2026-04-24
4926,300444,双杰电气,0.3525,555162335.74,-7.1153832063,-63.606,281483070.96,29615.01,366.1977,2.634246810052,14.34,-0.227239686497,14.7688552017,电网设备,2026-04-24
4927,300443,金雷股份,0.2132,564225467.66,27.7100374261,52.2847,68168630.79,21.92,622.2263,19.862160554574,1.08,0.931110317386,25.317348799,风电设备,2026-04-24
4928,300434,金石亚药,0.2888,331490828.12,13.721273225,0.4679,116015622.86,84.59,232.8311,6.64084292778,4.45,-0.065840303073,64.684235789,化学制药,2026-04-24
4929,300426,华智数媒,-0.0372,1618597.11,-95.4427340388,-49.4993,-16768637.19,22.87,54.129,0.206371781729,-16.45,-0.042326188582,-25.6804091291,影视院线,2026-04-24
4930,300425,中建环能,0.0002,288310282.28,-0.2812523417,-47.0294,124680.29,105.25,-99.1493,3.466712338989,0.01,0.125637782401,22.6040000567,环境治理,2026-04-24
4931,300422,博世科,0.09,582040499.71,123.7781758632,17.0887,46265083.22,543.2735029261,109.4705,1.241872327661,7.21,0.110139812609,21.0058221362,环境治理,2026-04-24
4932,300408,三环集团,0.41,2680993393.34,46.2513484871,7.2919,790899567.77,48.48,19.8577,11.686313689496,3.59,0.081756075323,43.4889327966,元件,2026-04-24
4933,300399,天利科技,0.01,126254457.03,9.6163123789,-11.3851,1868689.35,-84.34,119.8576,2.559340705364,0.37,-1.710954947723,9.2395985808,IT服务Ⅱ,2026-04-24
4934,300397,天和防务,0.02,207939419.35,136.4066452278,-10.7709,10628695.3,134.94,160.9877,2.768452628841,0.74,-0.018011027753,32.0819524833,军工电子Ⅱ,2026-04-24
4935,300395,菲利华,0.2761,621733084.14,53.0379920172,-2.0621,143721293.79,36.77,31.3042,9.154881932909,3.06,0.039661475908,50.7405203756,航空装备Ⅱ,2026-04-24
4936,300390,天华新能,1.17,3200150765.28,89.6248181188,61.7955,968906491.73,1471.98,162.3462,14.85565229958,8.19,-0.220581852184,46.9945112617,电池,2026-04-24
4937,300371,汇中股份,0.0365,89813837.83,21.948033417,-15.0452,7293804.76,4.66,296.4193,5.857925745111,0.62,0.097306863621,43.9091626333,通用设备,2026-04-24
4938,300370,安控科技,-0.0166,45229886.79,10.5636489752,-78.1509,-25986000.14,-1.96,55.436,0.275929333039,-5.85,-0.020877891249,21.8870233215,通用设备,2026-04-24
4939,300357,我武生物,0.2277,252840950.04,10.6661621232,20.951,119232154.49,60.38,230.5169,5.230637891914,4.45,0.10513907904,95.2453899267,生物制品,2026-04-24
4940,300346,南大光电,0.18,661579878.18,5.4544419548,-5.6479,124201774.05,29.97,554.7537,5.20882446636,3.5,0.145004434774,41.8612187257,电子化学品Ⅱ,2026-04-24
4941,300339,润和软件,0.1,917440664.91,10.2084780318,-27.3971,77256685.26,147.62,319.8807,4.577411533829,2.14,-0.391733858756,22.4722877256,IT服务Ⅱ,2026-04-24
4942,300335,迪森股份,0.03,203360651.76,-7.5872001867,-20.885,16070532.43,-16.05,170.8,4.047689518936,0.84,0.022352655147,31.1190079016,电力,2026-04-24
4943,300334,津膜科技,0.008,89726198.32,81.2406378783,12.6543,2254703.03,30.75,106.5577,1.813117029117,0.41,0.001708477718,24.8150448998,环境治理,2026-04-24
4944,300333,兆日科技,-0.0132,33038068.97,-6.2100059597,18.8744,-4442381.13,-262.55,62.0219,1.678064913274,-0.78,-0.033008605387,51.759261976,计算机设备,2026-04-24
4945,300332,天壕能源,0.0308,750005496.91,-19.7961072277,19.2148,26670851.77,-56.82,107.0928,4.479505349614,0.68,0.280122770104,17.5485581002,燃气Ⅱ,2026-04-24
4946,300331,苏大维格,0.12,520658296.38,15.0001666756,-2.328,30027787.39,73.16,155.395,5.932994253043,1.97,0.115401853467,27.0837765345,光学光电子,2026-04-24
4947,300296,利亚德,0.0063,1304343284.04,-21.5983626328,-25.9679,17012916.42,-77.78,-40.144,2.976987583932,0.21,-0.031196285372,31.4151277646,光学光电子,2026-04-24
4948,300283,温州宏丰,0.11,1429463425.27,110.3041388716,51.3079,56295327.08,474.58,320.5694,2.35737983241,4.92,-0.059636898415,13.9039877514,电网设备,2026-04-24
4949,300267,尔康制药,0.0064,247387142.02,-30.0272563656,55.2597,13108583.76,-53.37,103.1256,1.950047885371,0.33,-0.004808551553,28.4256288447,化学制药,2026-04-24
4950,300248,新开普,-0.112,126507943.03,-8.3228189041,-70.0147,-53340364.62,-55.18,-164.7994,4.516513329856,-2.45,-0.192351062072,52.3736316575,计算机设备,2026-04-24
4951,300242,佳云科技,-0.0094,218131628.79,-58.0674445398,18.6577,-5990631.07,54.07,5.9165,0.382112900831,-2.44,-0.04373236973,11.8027237099,广告营销,2026-04-24
4952,300239,东宝生物,0.0332,190525037.37,1.3246144653,-10.3453,19694073.21,3.41,234.4913,2.893813093178,1.14,0.035264477185,24.2854661144,生物制品,2026-04-24
4953,300237,ST美晨,-0.01,481070774.68,18.8013827298,7.406,-10000823.02,79.33,95.3633,0.03096416756,-20.14,0.026283399805,14.5447741149,汽车零部件,2026-04-24
4954,300233,金城医药,0.15,750421565.86,3.948137201,-6.7685,57794502.76,64.87,358.3525,9.697232902526,1.57,0.227944229973,34.611975633,化学制药,2026-04-24
4955,300228,富瑞特装,0.0954,793100276.33,11.2825239054,0.879,56978182.77,13.44,-16.2985,4.250991304943,2.27,-0.019257647132,20.4133451963,通用设备,2026-04-24
4956,300215,电科院,0.0,121855734.12,13.715846757,-29.9113,2032583.61,110.25,-93.2192,2.658078799749,0.1,0.055869752798,30.9093698561,专业服务,2026-04-24
4957,300211,*ST亿通,-0.039,34457348.32,1.1307945064,-5.8049,-11854351.43,11.13,-6.4414,1.449726061936,-2.65,-0.07700480387,59.2678737213,通信服务,2026-04-24
4958,300207,欣旺达,0.06,16115885089.82,31.144022214,-18.2454,114013776.16,-70.49,132.7454,13.337489531438,0.46,0.039167053169,17.9598948831,电池,2026-04-24
4959,300206,理邦仪器,0.1812,516286885.8,22.8215685205,-6.601,105047881.81,61.39,114.3295,3.962126780999,4.68,0.014416141779,58.4325392737,医疗器械,2026-04-24
4960,300196,长海股份,0.2,734091750.52,-3.7981230465,-5.8052,81049293.6,-1.37,17.4945,11.773745127292,1.67,-0.163026779842,25.7809034179,玻璃玻纤,2026-04-24
4961,300191,潜能恒信,0.0953,211576247.16,83.7314755874,-26.2945,30497715.5,539.12,-50.5477,3.6134341895,2.68,0.304343334719,44.5164493436,油服工程,2026-04-24
4962,300183,东软载波,-0.0488,175495635.41,-26.1506271344,-49.494,-22587426.51,-673.19,-205.5524,6.686638523549,-0.73,0.05207007284,24.3143956716,通信设备,2026-04-24
4963,300166,东方国信,-0.02,548030117.67,9.4388648652,-53.3825,-27024079.15,0.88,77.6434,5.00823718086,-0.47,-0.303481448459,29.9690788379,IT服务Ⅱ,2026-04-24
4964,300164,通源石油,-0.0219,219349834.42,-14.9862483713,-23.522,-12901001.12,-1748.35,34.1884,2.339612534342,-0.93,0.045503810124,5.0830446348,油服工程,2026-04-24
4965,300150,世纪瑞尔,-0.021,114832051.4,-7.0161226534,-67.7357,-12236279.77,-1115.68,-224.01,2.688135157081,-0.77,0.018664007993,38.0866513981,IT服务Ⅱ,2026-04-24
4966,300144,宋城演艺,0.0807,534245166.9,-5.2930629499,25.7035,211395888.16,-15.06,230.0762,2.981054459859,2.73,0.071389180977,64.8627869468,旅游及景区,2026-04-24
4967,300110,华仁药业,0.0135,309965165.17,2.1395158739,-10.2028,15958601.73,-0.44,103.0839,0.722242849732,1.89,0.012069077321,33.2492923531,化学制药,2026-04-24
4968,300109,新开源,0.13,342044807.76,5.2889393932,50.9515,64750179.59,-19.49,688.4939,7.655654777067,1.74,0.14820295595,43.5217601796,化学制品,2026-04-24
4969,300107,建新股份,0.0117,152021581.66,28.881516415,25.3675,6574601.78,308.32,119.4987,2.625451904394,0.45,-0.020703640879,14.8016541035,化学制品,2026-04-24
4970,300105,龙源技术,0.0236,108937794.84,-34.77988889,-75.1868,12157210.16,-70.56,116.5787,3.619515548538,0.65,-0.120395556429,40.9867731356,其他电源设备Ⅱ,2026-04-24
4971,300097,智云股份,-0.06,14266912.62,-47.6670551642,-65.9071,-16795013.87,39.87,89.736,0.686238719061,-8.14,-0.049207106663,9.0817461669,自动化设备,2026-04-24
4972,300085,银之杰,-0.0306,186292058.66,7.468438685,-11.8443,-21593306.33,15.72,70.6174,0.5939261882,-5.05,-0.025892552484,29.848406384,软件开发,2026-04-24
4973,300083,创世纪,0.0433,1175737552.34,12.1949521249,-21.3207,72152696.85,-26.57,135.2515,3.189774608203,1.37,-0.163767396307,24.5782158454,自动化设备,2026-04-24
4974,300077,国民技术,-0.02,394821181.5,29.8563696226,-1.7737,-15745001.71,26.34,62.2216,2.568359399283,-1.73,-0.024615645292,17.0310720779,半导体,2026-04-24
4975,300075,数字政通,0.0171,191942955.03,5.2448191901,136.9309,10650602.26,54.26,103.2607,5.102789512919,0.34,-0.061855257348,42.9231824201,软件开发,2026-04-24
4976,300057,万顺新材,0.0244,1698419275.75,16.2097457754,-0.5414,21937278.66,430.23,122.5264,5.662582724122,0.43,-0.322635005661,8.107024788,工业金属,2026-04-24
4977,300055,万邦达,0.043,739025366.08,16.6510248341,-11.1215,35981156.67,83.42,112.8496,5.864909780477,0.74,-0.044695834467,9.5769397613,炼化及贸易,2026-04-24
4978,300044,*ST赛为,-0.014,39964100.54,22.3670026534,-8.6346,-10723829.15,41.87,99.1137,-1.499231004119,,-0.002652835493,23.3914169559,IT服务Ⅱ,2026-04-24
4979,300043,星辉娱乐,0.04,256498262.17,-38.1051304879,-29.8448,51831770.13,208.93,55.2162,1.437146631858,2.92,0.031839986161,63.1540788462,游戏Ⅱ,2026-04-24
4980,300025,华星创业,-0.0092,129763946.37,-3.647570059,0.5056,-4687121.02,67.84,95.5953,0.838042954693,-1.09,-0.045510778568,10.1409584157,通信服务,2026-04-24
4981,300024,机器人,-0.0591,630344972.44,-8.4192671431,-66.8819,-92501585.14,-84.02,61.1937,2.584379285158,-2.26,-0.294163511336,14.1359441363,自动化设备,2026-04-24
4982,300020,ST银江,-0.09,51329213.67,-14.8288329263,16.9578,-71139528.89,-1.08,94.2894,1.679453465247,-5.19,0.018409204494,8.7899999969,IT服务Ⅱ,2026-04-24
4983,300015,爱尔眼科,0.1274,6396494547.19,6.1457961611,31.3787,1180575734.31,12.46,840.5551,2.471207644121,5.25,0.183177468641,47.7331160317,医疗服务,2026-04-24
4984,300011,鼎汉技术,-0.0249,269573717.63,-5.3766595349,-49.8076,-15073509.82,-0.51,46.1495,2.496095582913,-0.99,-0.063523301478,27.6023412275,轨交设备Ⅱ,2026-04-24
4985,300009,安科生物,0.1,541715939.09,-13.8430216616,-20.7936,167587671.9,-19.82,-8.7757,2.838143677461,3.85,0.084263103506,75.5904389223,生物制品,2026-04-24
4986,200992,中鲁B,-0.0687,209044231.87,-22.5365711426,-49.6422,-18282280.85,-6555.01,-159.0285,4.031575956101,-1.69,0.002780272598,0.5845326939,渔业,2026-04-24
4987,200581,苏威孚B,0.39,2996225287.37,5.7112085746,-14.9962,374333628.44,5.62,545.9231,20.95437305496,1.86,0.311978733512,17.6442010662,汽车零部件,2026-04-24
4988,200530,冰山B,0.03,1041709450.58,-10.1262850377,32.6958,21186770.17,-27.84,174.9859,3.765481461923,0.67,-0.202756728038,15.5510662315,通用设备,2026-04-24
4989,003036,泰坦股份,0.09,381536786.32,27.449382638,-21.0532,20511021.7,8.07,292.2077,6.565816776232,1.38,-0.774251922551,15.5048905246,专用设备,2026-04-24
4990,003029,吉大正元,-0.07,61692422.56,1.4426883926,-64.6596,-13428863.82,56.31,67.0732,5.29039379269,-1.3,0.061876206766,54.6409570271,软件开发,2026-04-24
4991,002997,瑞鹄模具,0.51,1006317459.47,34.6937149491,46.3078,106747038.77,9.55,189.5185,12.313276038741,4.23,-0.096399461976,22.0830081868,汽车零部件,2026-04-24
4992,002975,博杰股份,0.42,467582579.94,127.2111326142,-34.9836,65902757.23,419.12,62.3395,14.681145825944,2.84,0.239319910128,49.8501026877,自动化设备,2026-04-24
4993,002971,和远气体,0.09,392017637.54,10.5427751936,-9.2505,18044142.22,-28.39,586.8614,8.535382649194,1.06,0.022465435432,20.1111934567,化学制品,2026-04-24
4994,002957,科瑞技术,0.1653,618413975.46,15.4213466627,-29.0226,69421016.44,56.87,164.8682,7.881624172591,2.12,0.373371279529,36.3012429341,自动化设备,2026-04-24
4995,002953,日丰股份,0.0917,1318502667.57,18.0994240004,31.8524,44769811.44,-3.4,131.9912,4.540059708493,2.03,-0.209337419803,10.7471081208,电网设备,2026-04-24
4996,002937,兴瑞科技,0.12,472998016.2,12.569185443,9.427,36176861.2,-9.95,38.5984,5.002320961044,2.31,0.08882729577,20.969775894,汽车零部件,2026-04-24
4997,002916,深南电路,1.28,6595587902.38,37.8994473036,-4.3142,850230796.58,73.01,-10.4938,26.558029045846,4.83,0.363214882227,29.1690112056,元件,2026-04-24
4998,002891,中宠股份,0.2362,1533080685.87,39.2298535349,12.5971,73108537.8,-19.8,129.7884,10.554826615542,2.37,-0.485421249799,26.784930819,饲料,2026-04-24
4999,002835,同为股份,0.127,272841483.0,3.7568742688,-17.5733,27753528.11,-46.69,25.8183,5.815190587661,2.22,-0.71638679782,41.4767280788,计算机设备,2026-04-24
5000,002799,环球印务,0.01,168071145.17,-29.4080588159,-11.1586,2337519.54,163.48,220.3786,3.970416896794,0.18,-0.056813344894,19.2333385765,包装印刷,2026-04-24
5001,002767,先锋电子,0.0022,138398893.09,20.1774806813,-40.6485,332979.37,-88.38,-95.1888,5.744972784467,0.04,-0.677608228,30.5465021115,通用设备,2026-04-24
5002,002734,利民股份,0.28,1327603558.4,9.6498779673,43.0967,132150741.13,22.23,47.166,8.608808427312,3.28,0.147160433302,25.0409086196,农化制品,2026-04-24
5003,002733,雄韬股份,0.06,786797110.81,18.4251574848,-28.3506,21155786.66,0.76,179.3117,7.073771593608,0.78,-0.038349336118,17.162045439,电池,2026-04-24
5004,002718,友邦吊顶,0.01,90724143.44,-19.6623229755,-22.2931,916032.95,-57.81,-12.8218,7.109913791447,0.1,-0.025735898359,27.4003727866,装修建材,2026-04-24
5005,002712,思美传媒,0.006,2170672320.04,21.230206562,-1.0389,3263369.58,161.38,107.5042,2.541696562028,0.38,0.014293381869,2.7055982185,广告营销,2026-04-24
5006,002686,亿利达,0.0029,238716957.81,-28.605657137,-46.4622,1629698.19,-87.78,129.6528,2.849428492661,0.1,-0.025450281975,26.0257875016,通用设备,2026-04-24
5007,002683,广东宏大,0.1373,4342374226.11,18.8466314192,-25.355,103486709.51,10.66,-65.9354,9.247216945519,1.48,-1.492579783056,17.5368144671,化学制品,2026-04-24
5008,002673,西部证券,0.0637,1424383501.16,17.11,-13.6745,284498746.94,-2.25,-44.2363,6.829598177557,0.94,-0.003760822618,,证券Ⅱ,2026-04-24
5009,002652,扬子新材,-0.0063,89530478.53,26.7813186377,-10.0542,-3213794.44,30.94,74.745,0.458574093824,-1.36,0.006731804716,6.0879626687,装修建材,2026-04-24
5010,002637,赞宇科技,0.22,3171561151.21,-7.5203520732,-8.2872,101188553.18,22.33,219.8547,8.023458714735,2.7,-0.078133445656,8.5494354907,化学制品,2026-04-24
5011,002580,圣阳股份,0.13,902417827.4,19.6545818966,10.9268,60946315.48,0.43,136.518,5.314910311289,2.56,-0.302675133505,16.8188001291,电池,2026-04-24
5012,002550,千红制药,0.0678,358078398.61,-20.5823876315,0.51,85055061.19,-47.16,446.3014,2.23026132416,3.03,0.108031878083,61.0800461097,化学制药,2026-04-24
5013,002523,天桥起重,0.013,293501602.48,0.0109476701,-63.3117,18130092.92,-20.5,-46.975,1.744749494572,0.73,0.009089739954,25.8786577989,专用设备,2026-04-24
5014,002484,江海股份,0.1924,1383685870.87,19.5221744507,1.2049,162007645.71,6.57,15.9269,7.554892988474,2.55,0.23353255788,25.8888457656,元件,2026-04-24
5015,002482,广田集团,-0.01,396402516.5,100.9795623274,-33.8263,-25331838.63,38.55,33.2902,0.11862974611,-5.53,-0.027532121081,6.0192832101,装修装饰Ⅱ,2026-04-24
5016,002481,双塔食品,0.0125,551094586.97,10.2562661904,-8.9199,14975432.74,67.61,940.2709,1.969691870188,0.62,0.073896556211,17.3358422218,农产品加工,2026-04-24
5017,002478,常宝股份,0.07,1330412249.81,9.8844950191,-17.3124,66911365.25,-39.84,-25.5199,6.739875329049,1.11,0.075526041092,13.9735655205,特钢Ⅱ,2026-04-24
5018,002472,双环传动,0.33,2095472955.93,1.4879662829,-20.8,284090469.65,2.93,-21.7654,12.125140371838,2.79,0.666529886139,27.5480451392,汽车零部件,2026-04-24
5019,002457,青龙管业,-0.02,251545256.32,-10.8667588521,-76.2587,-6341103.01,-18.18,-108.064,7.613251971472,-0.25,-0.914300560232,25.8417162404,装修建材,2026-04-24
5020,002449,国星光电,-0.0543,616277236.47,-19.6628015643,-21.1635,-33575240.53,-301.1,23.8852,6.074709128172,-0.89,-0.334964394846,9.8422976188,光学光电子,2026-04-24
5021,002448,中原内配,0.34,1191567511.9,25.403979127,12.9027,198272774.66,78.66,137.6739,6.68643769776,5.13,-0.154484547675,26.7636634328,汽车零部件,2026-04-24
5022,002429,兆驰股份,0.0463,4180162219.54,12.276121114,6.8649,209631618.71,-37.34,-30.8108,3.736461103261,1.25,0.107911166068,13.9719184473,黑色家电,2026-04-24
5023,002410,广联达,0.0209,1159011508.73,-5.6103314439,-35.7138,34199072.93,14.62,-63.6096,3.678799504578,0.56,-0.239763898559,89.7327641269,软件开发,2026-04-24
5024,002407,多氟多,0.32,3215501075.67,53.2602408147,18.8544,375528935.28,480.14,178.7266,7.367400374796,4.38,-0.57792808188,27.6087392596,化学制品,2026-04-24
5025,002394,联发股份,0.0346,846445959.78,-19.3976930641,-18.9937,11200025.97,-84.64,-72.0908,13.403409603213,0.26,1.357337250263,19.779623862,纺织制造,2026-04-24
5026,002393,力生制药,0.2,332282846.72,-10.1551296808,-13.6331,51882970.53,-6.14,13.9209,17.880402773017,1.12,0.003838396008,55.3151120181,化学制药,2026-04-24
5027,002376,新北洋,0.0118,635045557.17,28.0211226409,-21.2598,9391464.29,90.73,-34.3777,4.703416435389,0.25,-0.024803116408,24.8728662734,计算机设备,2026-04-24
5028,002351,漫步者,0.115,578631019.17,-12.120912567,-21.8735,102226918.51,0.05,-22.0292,3.458354948954,3.38,-0.004485413893,42.3596135395,消费电子,2026-04-24
5029,002333,罗普斯金,0.0155,261451780.33,-31.2273411262,-28.4304,10442567.29,-25.04,11.7992,2.862951293463,0.54,-0.018240442891,15.1558169005,装修建材,2026-04-24
5030,002322,理工能科,0.07,144654354.96,-8.9751466419,-69.3366,23127659.68,-28.84,-70.0148,7.768593792754,0.82,-0.087171395311,71.7421432824,软件开发,2026-04-24
5031,002287,奇正藏药,0.1681,405252640.82,0.5551479202,-54.6224,95179057.87,25.77,-57.6806,8.812213941198,1.91,-0.285740593644,83.9318390453,中药Ⅱ,2026-04-24
5032,002241,歌尔股份,0.14,18658663449.63,14.4356890627,-34.4011,502998588.66,7.28,-62.8192,10.529681087613,1.37,-0.164739298363,13.7664872692,消费电子,2026-04-24
5033,002229,鸿博股份,-0.0643,88052117.91,-86.9879869684,-17.8394,-31696070.64,-137.47,81.2091,2.157808867471,-2.92,-0.158595483948,16.0060434371,IT服务Ⅱ,2026-04-24
5034,002213,大为股份,0.0659,404893615.77,20.0128895147,18.0343,15626112.3,926.91,293.0195,2.323329117824,2.85,-1.074642356323,10.1972030434,半导体,2026-04-24
5035,002211,ST宏达,0.0044,137461224.6,40.952492461,-5.479,1917601.35,158.48,146.4814,0.111621130533,4.05,-0.037716690811,9.9164814439,化学制品,2026-04-24
5036,002186,全聚德,0.0221,332868145.37,0.2700069053,12.2906,6780890.47,60.9,136.8082,2.780335555868,0.8,0.126741019631,16.1029777182,酒店餐饮,2026-04-24
5037,002177,御银股份,0.0131,13710372.78,-10.6092248158,-4.9667,9973490.53,51.77,693.7555,2.253842244746,0.58,0.013202870302,50.8161803606,一般零售,2026-04-24
5038,002160,常铝股份,0.0123,1823661657.58,-0.2562326477,-20.6133,12707906.11,-13.29,-61.2997,3.650827962706,0.34,-0.332164498406,12.2217734207,工业金属,2026-04-24
5039,002130,沃尔核材,0.1726,2032119346.79,15.5199367094,-14.202,231285868.64,-7.63,-28.1786,6.536662582857,2.6,0.032605087366,30.4616462639,其他电子Ⅱ,2026-04-24
5040,002127,南极电商,0.0137,500948722.39,-31.2945049923,-17.7485,32634980.76,339.4957905176,110.0623,1.586342218946,0.84,-0.130841651183,14.0855013949,互联网电商,2026-04-24
5041,002122,ST汇洲,0.0068,293196929.68,13.3526614194,11.0012,13642492.82,-37.31,232.1386,1.090377576119,0.63,-0.016213627753,24.8737834771,通用设备,2026-04-24
5042,002116,中国海诚,0.09,958603762.13,-8.6475082447,-63.6465,41168978.75,-9.61,-61.0275,6.044722560485,1.47,-0.577272359892,16.0278318112,专业工程,2026-04-24
5043,002075,沙钢股份,0.0234,3202763373.82,-8.3593035998,12.6956,51364063.13,-25.19,41.4082,3.017698417109,0.78,0.183714922912,5.7589418621,特钢Ⅱ,2026-04-24
5044,002040,南京港,0.1055,277182643.95,13.6445232655,9.8484,51269426.81,27.83,16.399,7.112433710826,1.49,0.07135834105,46.4512695258,航运港口,2026-04-24
5045,002033,丽江股份,0.1213,200762511.61,23.5565870834,0.0608,66638152.93,93.34,209.2237,4.778433595286,2.57,0.116877913556,60.9564048978,旅游及景区,2026-04-24
5046,002032,苏泊尔,0.634,5882118390.31,1.6542232833,0.1297,505199193.23,1.68,-30.85,8.466374039717,7.73,0.4552619001,25.0671347516,小家电,2026-04-24
5047,002020,京新药业,0.2,923034058.55,-3.455255727,-9.6101,165203257.86,1.17,-9.4119,7.077454231805,2.76,0.211208259421,51.083346087,化学制药,2026-04-24
5048,002019,亿帆医药,0.0878,1255507032.81,-5.3601801934,3.7403,106827242.39,-30.25,650.4822,7.313159555851,1.21,0.234166836159,45.8312146346,化学制药,2026-04-24
5049,002014,永新股份,0.15,939840283.94,10.8065519859,-7.612,90747682.81,2.06,-29.6193,4.19149970501,3.6,0.079540408248,20.8620627239,包装印刷,2026-04-24
5050,001395,亚联机械,0.5391,187622086.52,-8.6912417537,-28.2216,47033432.55,-18.35,-1.3545,14.281022158872,3.85,0.883272655548,37.9888547623,专用设备,2026-04-24
5051,001388,信通电子,-0.08,115466375.04,-29.2477530827,-69.9512,-12228578.57,-260.02,-118.396,9.283090883141,-0.84,-0.561402766795,27.2636829978,电网设备,2026-04-24
5052,001379,腾达科技,0.0936,486189675.85,20.4340106678,4.7131,18740546.84,7.28,116.9961,7.54601574865,1.26,0.32270367375,7.0893168494,通用设备,2026-04-24
5053,001360,南矿集团,0.06,192663449.7,21.0407460924,-9.1004,12942520.48,-30.31,305.2165,7.014263343039,0.91,0.264019489118,31.1874612977,专用设备,2026-04-24
5054,001339,智微智能,0.43,1303057045.74,52.9589405159,16.9922,109137611.76,159.13,172.8654,9.363462033296,4.73,-2.102232209721,31.0219188179,计算机设备,2026-04-24
5055,001319,铭科精技,0.164,291911611.88,22.7438812969,-24.432,23193669.9,-5.91,-44.4278,9.967167104385,1.66,-0.108226657567,25.1286206525,汽车零部件,2026-04-24
5056,001317,三羊马,-0.0035,233449578.77,-22.693268526,-29.7999,-298187.83,82.01,-109.1553,11.867692037886,-0.03,-0.650374228848,7.9014047047,铁路公路,2026-04-24
5057,001268,联合精密,-0.02,197211914.34,-11.9933078017,17.6688,-1752616.26,-109.13,73.5233,9.434711350341,-0.17,0.205911642922,14.9276243266,家电零部件Ⅱ,2026-04-24
5058,001260,坤泰股份,0.02,125828192.41,-3.0554463977,-16.9499,2536631.68,-61.43,-33.6834,7.230717857913,0.3,0.005862137652,25.5448713077,汽车零部件,2026-04-24
5059,001230,劲旅环境,0.32,476898843.3,25.3950036962,-3.4425,42346452.91,9.23,-4.6031,15.04480328622,2.12,-0.78223191567,23.9681227342,环境治理,2026-04-24
5060,001217,华尔泰,-0.04,519029913.98,10.2669631227,-5.5894,-14591840.14,-185.67,71.6243,6.572789803809,-0.67,-0.354649276313,3.395058122,化学原料,2026-04-24
5061,001206,依依股份,0.15,403023377.7,-16.9822227396,8.5418,27685248.06,-48.82,5.1941,10.084650692413,1.46,0.219041603978,16.8174981305,个护用品,2026-04-24
5062,001203,大中矿业,0.1,813604601.56,-12.0749702532,-23.5519,157597060.19,-29.89,10.8598,4.787619208806,2.13,0.190946350985,52.226266171,冶钢原料,2026-04-24
5063,000966,长源电力,0.0301,3720440412.5,11.7336913065,23.7073,104657664.73,242.26,125.6882,3.865161787588,0.78,0.053722725853,9.14148479,电力,2026-04-24
5064,000963,华东医药,0.5715,11183450824.27,4.1698190075,2.1519,1002189357.16,9.56,50.3842,14.673281263062,3.97,-0.486011207213,33.9430736888,化学制药,2026-04-24
5065,000958,电投产融,0.0643,2728799208.83,-17.32,-69.048,1117304846.56,0.29,-58.2569,2.60916868996,2.5,0.045770080465,30.3791057535,电力,2026-04-24
5066,000955,欣龙控股,-0.0014,97628196.2,-1.8471712473,-43.5908,-760416.85,18.91,-255.8775,1.20366872588,-0.12,0.036147518959,9.2256195859,纺织制造,2026-04-24
5067,000950,重药控股,0.1,20432336918.06,-0.8721077459,0.9702,170729724.08,36.33,6212.0178,6.774237945057,1.47,-1.918877606714,6.8535221983,医药商业,2026-04-24
5068,000930,中粮科技,-0.0654,3879088906.85,-11.5461970762,-8.7276,-121442158.88,-399.62,-197.5184,5.604871218256,-1.16,-0.501965312987,5.7109733649,农产品加工,2026-04-24
5069,000915,华特达因,0.47,412268950.83,-33.1048645324,-34.1204,110576334.44,-39.36,-12.9434,12.68067423125,3.79,0.081329187326,81.8722102381,化学制药,2026-04-24
5070,000906,浙商中拓,0.23,56086433580.08,10.5607281441,-13.5536,186999995.63,-2.82,472.0551,6.97665865588,3.4,-13.14608292973,1.1161651986,物流,2026-04-24
5071,000878,云南铜业,0.2874,52958632140.56,49.6193569848,26.6974,675437986.38,7.93,370.2145,7.59865033629,4.0,-1.024021138713,4.3973964951,工业金属,2026-04-24
5072,000852,石化机械,-0.0067,1327478101.38,-13.8409215761,-44.3349,-6398143.27,-209.44,-261.0592,3.270897693876,-0.2,-0.582741012296,12.7185109942,专用设备,2026-04-24
5073,000833,粤桂股份,0.2689,977145207.35,43.1743453828,6.7971,215678713.32,84.56,497.1509,5.180972544198,5.33,-0.331358292693,35.4233597122,综合Ⅱ,2026-04-24
5074,000815,美利云,0.03,86830593.13,-0.8024082256,20.3948,22198412.34,102.61,-35.2548,2.023590503787,1.59,0.031723397534,43.8876484385,IT服务Ⅱ,2026-04-24
5075,000812,陕西金叶,0.0124,367019232.74,1.4653527243,4.1382,9529698.33,-40.73,103.9846,1.941495827121,0.61,-0.114686414783,23.6721424628,包装印刷,2026-04-24
5076,000807,云铝股份,1.038,16383159877.77,13.6840893824,2.5784,3599885593.79,269.45,117.3169,10.28049847255,10.64,0.979623954704,31.5743110437,工业金属,2026-04-24
5077,000798,中水渔业,-0.0715,839698850.04,-0.7763691594,-38.9379,-26154771.14,-62.8856134617,-186.1884,1.107057388044,-6.24,-0.917405602439,6.8703944726,渔业,2026-04-24
5078,000795,英洛华,0.0632,981375208.35,16.866104371,-15.209,69337206.02,0.75,40.9552,2.398416826402,2.58,-0.203575383486,20.2138138575,金属新材料,2026-04-24
5079,000762,西藏矿业,0.0365,196276421.54,189.7447109882,31.5889,18985580.07,241.26,182.5684,5.649537251965,0.65,0.374819179146,45.4449721725,能源金属,2026-04-24
5080,000751,锌业股份,0.0456,5153818635.31,26.3544979883,6.486,73714445.9,158.81,340.6642,2.287068473874,2.02,0.089819323823,6.3904210995,工业金属,2026-04-24
5081,000729,燕京啤酒,0.0939,4097107280.13,7.06269331,115.6202,264750304.54,60.19,389.8572,5.586408672129,1.7,0.452472676063,46.3207564916,非白酒,2026-04-24
5082,000721,西安饮食,-0.051,134321875.15,-17.538835445,2.5032,-29259233.6,-0.1,52.467,0.221048249088,-20.68,0.032558865373,-0.4395816015,酒店餐饮,2026-04-24
5083,000717,中南股份,-0.0238,5699633119.82,0.5094538737,-6.9333,-57664208.45,56.45,94.692,2.759867067881,-0.86,0.045190166342,1.5548098052,普钢,2026-04-24
5084,000701,厦门信达,-0.0244,7637400379.14,8.9316433061,39.9615,10753006.38,33.47,24.9667,-0.917659334546,-2.64,-4.238205633453,1.5937884475,贸易Ⅱ,2026-04-24
5085,000610,*ST西旅,-0.1125,84010879.21,-11.4681183729,-52.212,-26635873.83,17.58,87.369,-0.34286161743,,-0.024195902797,-1.9312201649,旅游及景区,2026-04-24
5086,000601,韶能股份,0.0101,1200676438.11,8.333179688,4.2301,10557373.56,-41.87,116.1477,3.883701382703,0.26,0.038787194648,10.925875308,电力,2026-04-24
5087,000581,威孚高科,0.39,2996225287.37,5.7112085746,-14.9962,374333628.44,5.62,545.9231,20.95437305496,1.86,0.311978733512,17.6442010662,汽车零部件,2026-04-24
5088,000554,泰山石油,0.1399,730059711.18,-8.9493206017,-5.3207,67267806.1,27.0,62.2435,2.475758488079,5.81,0.146706289708,22.2520126467,炼化及贸易,2026-04-24
5089,000530,冰山冷热,0.03,1041709450.58,-10.1262850377,32.6958,21186770.17,-27.84,174.9859,3.765481461923,0.67,-0.202756728038,15.5510662315,通用设备,2026-04-24
5090,000516,国际医学,-0.0216,969398246.51,-2.7773785989,-10.1642,-48341549.48,54.55,-148.9413,1.460460480135,-1.47,0.111417125862,9.95907738,医疗服务,2026-04-24
5091,000513,丽珠集团,0.65,2870936778.77,-9.7345130319,-1.1533,576908850.38,-9.39,114.3455,16.340821837129,4.06,0.920697285482,65.8684981677,化学制药,2026-04-24
5092,000151,中成股份,0.0478,395881568.73,40.7569897288,30.5689,16775888.06,185.68,-95.6757,2.495253031204,1.96,-0.264223638758,12.4899658473,贸易Ⅱ,2026-04-24
5093,000089,深圳机场,0.1259,1343641666.06,7.077000646,4.251,258150122.31,58.51,352.0799,5.796855315436,2.2,0.419559109936,24.2273226614,航空机场,2026-04-24
5094,920974,凯大催化,0.08,289845647.82,38.2834834456,-2.5622,13122242.57,124.75,6929.3416,3.977134518132,2.03,0.058317788278,13.2579930936,化学制品,2026-04-23
5095,920914,远航精密,0.18,279279228.37,29.1900850646,2.1011,18217166.82,11.35,45.883,9.950437966626,1.86,-0.093703602984,16.5955771829,电池,2026-04-23
5096,920873,中设咨询,-0.06,15535377.21,43.8280995739,-52.4837,-9849092.57,9.74,65.5058,1.61837840295,-3.89,-0.078813162017,-19.7384443168,工程咨询服务Ⅱ,2026-04-23
5097,920856,浩淼科技,-0.03,50714877.83,-48.4590101604,-66.3145,-3277074.94,-136.34,-370.7206,4.931204882507,-0.7,0.410431347677,21.0219457606,专用设备,2026-04-23
5098,920580,科创新材,0.06,29025605.91,70.5127299286,-42.8937,5233080.51,132.77,-17.4222,4.034850131279,1.52,-0.209902906047,38.4235449712,装修建材,2026-04-23
5099,920363,莱赛激光,0.01,51928740.48,13.6516944236,-5.8575,654752.73,125.99,79.3723,3.653975740702,0.19,-0.012051311472,25.3470316791,通用设备,2026-04-23
5100,920351,华光源海,0.08,375594680.94,-21.8712193452,-21.429,7027280.29,-34.04,681.7743,5.046048392966,1.6,-0.109198072608,9.1890251011,物流,2026-04-23
5101,920271,邦德股份,0.12,88058079.91,-22.6001011003,-0.9093,16279162.27,-43.99,-13.5598,4.975100595996,2.53,0.007469489769,36.0450736178,汽车零部件,2026-04-23
5102,920107,恒兴股份,0.59,222796821.3,10.3127064734,9.8417,37225765.45,-1.1074528268,31.0696,11.433242384518,5.3,0.541962343825,34.7008253928,化学制品,2026-04-23
5103,920086,科马材料,0.37,72675103.45,0.3209374378,2.1575,24379111.15,2.88,9.4976,10.502677280354,3.06,-0.025905904398,52.8299244409,汽车零部件,2026-04-23
5104,920078,族兴新材,0.08,212802485.61,29.5062907894,-2.5784,9495482.89,-11.88,-55.6319,8.245254803667,1.12,-0.418941064667,16.1480961237,金属新材料,2026-04-23
5105,920069,普昂医疗,0.56,99307104.37,30.1096628364,-5.285,23664220.49,46.6,18.5585,14.958999843709,3.85,0.518127252145,54.0236221067,医疗器械,2026-04-23
5106,920047,诺思兰德,-0.04,15540477.2,-5.3590118994,12.3654,-11883870.65,-53.9998539862,29.7473,0.968407945684,-4.37,-0.042264973489,60.5591491746,生物制品,2026-04-23
5107,920046,亿能电力,0.06,55510384.23,43.0054445565,-15.5213,6498281.27,10.95,162.6207,2.554015634108,2.55,0.094046373307,20.0548412237,电网设备,2026-04-23
5108,920012,创达新材,0.43,103358049.14,3.1086640396,-4.7651,16033955.81,2.76,24.8441,16.572650763145,2.65,-0.199470730738,33.0930218736,半导体,2026-04-23
5109,900940,大名城B,0.002,361990007.14,-46.2920551141,17.2131,4672016.77,20.66,104.0959,4.420320777352,0.05,-0.06260790498,23.0213175602,房地产开发,2026-04-23
5110,900937,华电B股,0.08,5005460988.45,-2.9295219637,2.4965,601744985.02,26.15,995.3397,0.62978647949,13.21,0.056792263365,27.5738096929,电力,2026-04-23
5111,874627,恒兴股份,0.59,222796821.3,10.3127064734,9.8417,37225765.45,-1.1074528268,31.0696,11.433242384518,5.3,0.541962343825,34.7008253928,,2026-04-23
5112,832743,福能租赁,-0.021,6521162.81,-56.3602320771,-10.6413,-6299159.75,-1304.37,-248.4388,0.483149478267,-4.25,-0.022270966567,-51.1782197016,,2026-04-23
5113,688778,厦钨新能,0.44,6585158122.41,117.818737931,-3.4483,220089675.07,79.17,8.6208,18.662278812404,2.37,0.710388637736,8.4098783116,电池,2026-04-23
5114,688702,盛科通信,-0.04,248423210.24,11.399610079,-22.1076,-17029645.22,-12.0538390921,89.3106,5.443519241512,-0.76,-0.298480185244,49.446850007,半导体,2026-04-23
5115,688689,银河微电,0.14,267276212.31,22.3721311978,-12.301,18309588.19,200.15,-45.5277,9.796236726788,1.32,0.193217414316,24.4913813707,半导体,2026-04-23
5116,688670,金迪克,-0.18,898797.06,-74.0518281668,-97.6487,-22387263.31,-27.3353193098,75.6645,8.739665418182,-2.06,-0.22063090349,-81.8107816241,生物制品,2026-04-23
5117,688639,华恒生物,0.17,771264504.42,12.255437936,15.4071,42097335.31,-17.61,219.5628,10.748012189983,1.58,0.0522653064,20.9624633655,化学制品,2026-04-23
5118,688636,智明达,0.1,108380494.42,34.3217366496,-45.072,17836519.71,114.44,-11.7144,8.132921516737,1.27,-0.272736157663,49.456562481,军工电子Ⅱ,2026-04-23
5119,688620,安凯微,-0.05,149798901.07,47.0796999896,-19.5165,-19630059.54,11.1858085009,66.2199,3.251022500689,-1.53,-0.162877808291,26.7696087445,半导体,2026-04-23
5120,688581,安杰思,0.7,140441869.5,9.2083244339,4.4822,56796176.0,0.97,27.0496,31.716278900101,2.23,0.71702260466,69.3975797438,医疗器械,2026-04-23
5121,688578,艾力斯,1.41,1583775442.35,44.1926544005,8.9014,636042248.45,54.94,10.9386,17.208450834511,8.59,1.231282942956,94.911703865,化学制药,2026-04-23
5122,688569,铁科轨道,0.08,261438882.53,27.8216897933,-45.9044,17882338.46,-17.7,-77.8597,14.080599360839,0.6,0.60032884248,42.2327212278,轨交设备Ⅱ,2026-04-23
5123,688516,奥特维,0.27,1032440912.8,-33.0098267394,-40.1595,85101905.37,-35.42,56.2338,11.658937117654,2.26,0.151129670284,37.995232797,光伏设备,2026-04-23
5124,688389,普门科技,0.08,259961578.38,20.93939162,-5.4576,32484091.07,-39.49,53.3693,5.017071708059,1.52,0.056398718832,61.0268269906,医疗器械,2026-04-23
5125,688381,帝奥微,-0.1061,104803769.91,-31.4030804591,-0.3944,-24652273.29,-298.88,40.8754,10.147276262667,-0.98,-0.140864020485,39.7209886779,半导体,2026-04-23
5126,688367,工大高科,0.0035,25142861.1,-37.492096565,-59.2413,302682.36,-86.59,-94.3368,6.791004695599,0.05,-0.006605661081,29.8962221925,轨交设备Ⅱ,2026-04-23
5127,688349,三一重能,0.1478,3984749000.0,82.1871053698,-69.1806,179398000.0,193.799933074,-69.6135,11.713749695487,1.26,-1.816706900343,11.6637208517,风电设备,2026-04-23
5128,688327,云从科技,-0.01,23231237.02,-37.6061807396,-84.0234,-13016094.27,89.497634182,94.7101,0.724571175548,-1.75,0.016145593333,47.9765647882,IT服务Ⅱ,2026-04-23
5129,688285,高铁电气,0.0326,279479737.53,50.3598931094,-24.6809,12272078.41,150.92,-18.8994,4.524030694333,0.72,-0.175045044245,22.7538818277,轨交设备Ⅱ,2026-04-23
5130,688255,凯尔达,0.1,211329208.22,29.1283399717,45.4882,11027768.87,121.42,-17.8249,9.731358957543,1.04,0.034157851706,17.0597583664,自动化设备,2026-04-23
5131,688169,石头科技,1.25,4227137560.0,23.3124235029,-36.226,323196897.0,20.83,-0.7263,55.164289524525,2.28,-1.519647749452,43.2551668368,小家电,2026-04-23
5132,688120,华海清科,0.7,1201416794.91,31.6623552991,-17.3962,247304870.48,5.95,-15.394,21.831766316452,3.26,0.022312939332,42.3092407234,半导体,2026-04-23
5133,688105,诺唯赞,0.01,320648373.1,12.5157828433,-24.6379,4181665.15,118.95,118.0023,9.553589505014,0.11,-0.197361536392,71.0359496504,生物制品,2026-04-23
5134,688089,ST嘉必优,-0.26,11014175.55,-92.9380761447,-91.8479,-43567119.83,-196.82,-402.9834,9.437711126111,-2.67,-0.075611187558,-100.0393347644,化学制品,2026-04-23
5135,688083,中望软件,-0.23,147234230.41,17.3025260761,-58.5866,-38304518.27,20.1486638861,-162.1886,15.569759835888,-1.44,-0.558241625164,97.0561927495,软件开发,2026-04-23
5136,688063,派能科技,0.09,972208570.26,147.8862314637,-15.5505,22288408.68,158.3875471271,-39.5606,37.655418339376,0.24,-0.847415081304,24.1924914349,电池,2026-04-23
5137,688055,龙腾光电,-0.021,451679991.68,-24.8414063795,-24.1207,-69687364.3,-21.7717849251,-145.6181,1.202567638014,-1.72,0.009818059019,2.5536653698,光学光电子,2026-04-23
5138,688050,爱博医疗,0.46,398242787.56,11.4954065532,17.7229,89276816.41,-3.55,506.0317,14.807838106846,3.15,0.096712141722,61.4808928293,医疗器械,2026-04-23
5139,688046,药康生物,0.12,208076700.0,21.7851236236,-4.4697,47103795.92,57.12,43.8867,5.558255360171,2.09,-0.009975399366,64.0663110574,医疗服务,2026-04-23
5140,688045,必易微,0.2,204691920.57,66.3762934507,-7.7958,13629985.71,203.7885675961,-8.3293,20.398219001656,0.96,0.234761716857,33.7320907526,半导体,2026-04-23
5141,688017,绿的谐波,0.178,140134456.3,42.9556261555,-14.584,32634147.52,61.17,6.3017,19.466656102209,0.92,0.029421833918,33.6180098841,自动化设备,2026-04-23
5142,688004,博汇科技,-0.1,18350013.16,-16.1851066697,-67.2662,-7869808.3,-78.5149744685,6.2192,7.166910948706,-1.36,-0.443105958321,49.2364512833,IT服务Ⅱ,2026-04-23
5143,605567,春雪食品,0.04,651789650.75,9.6059901061,-9.073,8602424.36,-22.97,52.3332,5.55513329045,0.78,0.14747613565,9.3007593739,食品加工,2026-04-23
5144,605086,龙高股份,0.11,53434714.8,-26.454119791,-35.6486,18860854.48,-25.99,-54.3464,9.091572762946,1.42,0.077423196931,58.2898967208,非金属材料Ⅱ,2026-04-23
5145,603939,益丰药房,0.41,6085003538.59,1.264094977,-14.8625,499549828.27,11.14,10.0509,9.82544129981,4.2,0.871311382545,40.036456231,医药商业,2026-04-23
5146,603938,三孚股份,0.1,647190513.26,30.9127932237,17.8681,38851042.21,43.88,140.3645,6.639147055344,1.54,0.019768078833,16.2957483676,化学原料,2026-04-23
5147,603901,永创智能,0.14,993914785.89,11.6198052212,-3.5458,71295596.07,75.26,579.4016,5.619181748073,2.43,0.085157093012,27.2049990229,专用设备,2026-04-23
5148,603883,老百姓,0.35,5481296988.0,0.8477467011,-11.1066,263855661.0,5.27,279.7374,8.95946122833,3.91,1.131384887129,33.5087177911,医药商业,2026-04-23
5149,603878,武进不锈,-0.03,307887388.24,-36.2023627776,-50.0939,-17553672.04,-157.89,-145.3758,4.615393847721,-0.67,0.004380322323,5.4582930389,普钢,2026-04-23
5150,603826,坤彩科技,0.1134,412258640.68,59.9173667802,2.108,74290283.29,211.47,148.5153,2.855137059753,4.05,0.248015034539,2.3845363759,非金属材料Ⅱ,2026-04-23
5151,603786,科博达,0.3744,1529915587.11,3.2789569475,-21.0226,151212311.04,-22.41,-17.4168,14.28352200944,2.65,0.368385846415,25.2900511263,汽车零部件,2026-04-23
5152,603773,沃格光电,-0.2274,594049092.0,8.4776060131,-8.7762,-51102987.58,-112.07,44.1237,4.699055968459,-4.74,0.330722306986,16.7378995219,光学光电子,2026-04-23
5153,603737,三棵树,0.14,2435659541.22,14.3301375821,-22.3306,106678362.57,1.45,240.812,4.066333460823,3.62,0.123617854127,30.8373490362,装修建材,2026-04-23
5154,603659,璞泰来,0.33,4350809049.14,35.3248569443,-10.8671,704046766.54,44.37,6.8036,9.82536326529,3.39,0.44351819363,29.7748995727,电池,2026-04-23
5155,603658,安图生物,0.41,992202191.51,-0.3746707183,-9.7388,236447362.38,-12.39,13.4033,16.034378591216,2.62,0.256503583163,66.6405725212,医疗器械,2026-04-23
5156,603626,科森科技,0.695,625339531.79,-9.5085874133,-8.0489,385472607.05,512.7763077869,263.1329,4.104162721382,18.5,-0.130349449734,11.4063716947,消费电子,2026-04-23
5157,603612,索通发展,0.42,4723047645.43,26.212760509,-4.2078,206366595.93,-15.57,122.1421,11.861855095198,3.55,-1.997981108898,12.420191164,非金属材料Ⅱ,2026-04-23
5158,603601,再升科技,0.0121,300843787.18,-7.283170967,3.9569,14306753.91,-57.37,156.9162,2.368762983675,0.58,0.030270450433,18.7312721855,专业工程,2026-04-23
5159,603590,康辰药业,0.3,214870397.3,1.3528140544,-3.6038,47213574.31,6.1,23.9629,20.258160670004,1.46,0.12953212171,89.8072732935,生物制品,2026-04-23
5160,603589,口子窖,0.55,1375394161.59,-24.0240298106,68.3666,328709327.21,-46.16,578.5787,17.940436244935,3.33,-0.225996846881,67.6148648693,白酒Ⅱ,2026-04-23
5161,603585,苏利股份,0.12,608091016.87,-6.0451303307,-14.6831,21527929.45,-36.93,-59.7686,13.993723977583,0.79,0.454054970995,18.8059084722,农化制品,2026-04-23
5162,603558,健盛集团,0.28,575764535.9,2.788291267,-18.0415,91337592.53,51.92,-5.1712,6.847452159757,3.9,0.364285383378,29.1949990889,纺织制造,2026-04-23
5163,603529,爱玛科技,0.23,5082235884.42,-18.4544574707,27.005,196122248.24,-67.57,54.3408,11.391547049334,1.94,-1.068557723929,15.8274185334,摩托车及其他,2026-04-23
5164,603517,ST绝味,0.12,1265006628.03,-15.7132585203,4.848,71356489.43,-40.53,115.1391,9.924730514227,1.19,-0.225358618755,26.9923789563,休闲食品,2026-04-23
5165,603477,巨星农牧,-0.7,1925689936.34,17.0377716587,-18.448,-356416151.74,-374.92,-363.7159,4.963376464,-12.15,-0.312373918294,-3.8069244486,养殖业,2026-04-23
5166,603408,建霖家居,0.21,1358661470.67,14.0184352074,-2.6633,94312234.94,-23.56,2.2918,7.831914972485,2.69,-0.0357128781,24.8363063629,家居用品,2026-04-23
5167,603390,通达电气,0.18,209444629.93,13.2769606036,-38.6412,63856513.14,240.79,110.5128,4.865676149121,3.8,-0.059938229866,36.5474114737,汽车零部件,2026-04-23
5168,603383,顶点软件,0.23,149547442.38,5.3396653292,-24.0033,46442942.69,117.79,-38.0112,7.541395836223,3.04,-0.484331107535,73.5343064849,软件开发,2026-04-23
5169,603330,天洋新材,0.01,156509368.64,-28.5341681075,-9.4704,3371226.91,232.8367102288,101.4447,3.012097657951,0.26,0.10546356062,31.5299762109,塑料,2026-04-23
5170,603309,维力医疗,0.21,356975553.03,2.5343571901,-18.8696,59945543.63,1.73,151.9842,6.246040991619,3.42,0.233898730057,46.4334889191,医疗器械,2026-04-23
5171,603299,苏盐井神,0.1144,1154514562.71,-8.9329276217,0.4909,109304111.19,-32.33,-2.5935,8.583297802263,1.51,0.06492040087,29.8953219568,化学原料,2026-04-23
5172,603293,埃泰克,0.43,812257720.17,8.9058141025,-28.9416,58038458.94,7.32,-22.9994,11.576510852496,3.81,0.543731048974,20.6750207982,汽车零部件,2026-04-23
5173,603277,银都股份,0.07,626222201.96,2.0500945649,6.3758,41392873.93,-79.27,109.7303,4.646835009044,1.45,-0.010231706324,40.3966837854,通用设备,2026-04-23
5174,603275,众辰科技,0.3,190244033.22,26.8921001128,-4.2399,45330088.07,4.15,15.1382,20.282202013068,1.51,0.033206340291,38.6481897148,自动化设备,2026-04-23
5175,603261,立航科技,-0.16,56643143.91,29.4043569206,-71.7867,-12136762.79,-146.2157238475,92.5861,6.449223179757,-2.47,-1.119722238902,7.135386564,航空装备Ⅱ,2026-04-23
5176,603248,锡华科技,0.06,287353265.88,19.1506600307,-7.9518,28834904.92,-16.26,-27.4721,5.078309429543,1.24,-0.221846178478,20.0273347212,风电设备,2026-04-23
5177,603228,景旺电子,0.24,3891971753.56,16.4099062801,-7.8923,232685696.17,-28.37,-17.7362,13.509227173875,1.76,0.243695319413,18.7611845996,元件,2026-04-23
5178,603226,菲林格尔,-0.04,28383858.21,-22.8234573747,-81.3324,-14298646.16,4.6469455457,66.4885,2.395523022826,-1.69,-0.14772859231,6.168282469,家居用品,2026-04-23
5179,603216,梦天家居,0.04,181100232.97,-17.1469786834,-41.8376,8458385.96,-9.38,-0.5714,8.121139805649,0.47,-0.555103915892,27.8631820691,家居用品,2026-04-23
5180,603198,迎驾贡酒,1.04,2229809174.86,8.9111774068,48.3765,834575285.04,0.73,75.902,14.337310620175,7.55,1.419325632425,75.5958726197,白酒Ⅱ,2026-04-23
5181,603193,润本股份,0.13,267092271.24,11.2737843644,-13.0755,52635434.58,19.09,8.6294,5.619508693142,2.34,0.004027627234,59.0965219724,个护用品,2026-04-23
5182,603171,税友股份,0.08,487647947.97,8.6695153091,-22.3066,31276196.49,26.39,21.198,6.340080904084,1.22,-0.958863293138,60.3532256119,IT服务Ⅱ,2026-04-23
5183,603112,华翔股份,0.26,1054493141.86,8.0986937433,-7.8786,146820961.69,10.41,-3.4901,8.37387392161,3.31,-0.074945113512,21.1170071402,家电零部件Ⅱ,2026-04-23
5184,603087,甘李药业,0.33,878108964.52,-10.8398793388,-12.6354,192485871.22,-38.29,-40.818,19.799191694034,1.64,0.287414986531,74.5587958811,生物制品,2026-04-23
5185,603060,国检集团,-0.0331,516100620.82,4.5917336853,-42.2018,-26578889.51,13.03,-133.9896,2.513047600858,-1.26,-0.136298990883,23.8901943567,专业服务,2026-04-23
5186,603028,赛福天,-0.02,262476800.09,-24.8411623232,128.378,-4843881.21,-552.34,89.5399,1.617885058772,-1.04,-0.174584660953,7.1075536785,通用设备,2026-04-23
5187,601997,贵阳银行,0.4,3470974000.0,14.5962211027,-2.5982,1477137000.0,2.37,10.7068,18.052652509519,2.27,3.81472912572,,银行Ⅱ,2026-04-23
5188,601965,中国汽研,0.16,809539458.02,-8.8655629239,-58.3203,164582694.94,-4.44,-57.9724,7.979116822906,2.08,-0.042266332799,45.9731519499,专业服务,2026-04-23
5189,601838,成都银行,0.74,6197552000.0,6.5427989878,6.0877,3156704000.0,4.81,-16.7306,21.703070655491,3.5,16.407095345115,,银行Ⅱ,2026-04-23
5190,601825,沪农商行,0.37,6640876000.0,1.2313689874,9.966,3590018000.0,0.73,105.6789,13.654011151287,2.765,0.754996209634,,银行Ⅱ,2026-04-23
5191,601808,中海油服,0.1793,11296308724.0,4.6192488306,-26.7841,855690458.0,-3.6,35.316,9.956926991872,1.8,-0.477482754603,18.4216818241,油服工程,2026-04-23
5192,601665,齐鲁银行,0.23,3577012000.0,13.0158641893,11.3898,1563708000.0,14.01,-10.6469,8.219803137649,2.9,1.475956406428,,银行Ⅱ,2026-04-23
5193,601636,旗滨集团,0.0044,3567988798.16,2.4111149473,-9.829,13114468.59,-97.21,104.4284,5.049946562564,0.09,-0.048089360997,12.1769382498,玻璃玻纤,2026-04-23
5194,601595,上海电影,0.03,175327254.46,-29.1702788571,-10.4241,13005780.19,-80.07,149.0277,3.775122151517,0.77,-0.262342800112,26.7861857557,影视院线,2026-04-23
5195,601568,北元化工,0.005,1992929551.91,-9.1323556052,-8.4354,20484611.32,-76.67,119.4265,2.863827675974,0.18,-0.019097292312,10.721550734,化学原料,2026-04-23
5196,601208,东材科技,0.18,1443571552.58,27.2442176715,4.747,186832252.74,103.35,7386.6249,6.026482951366,3.06,-0.015453421104,17.1297942695,塑料,2026-04-23
5197,601101,昊华能源,0.22,2604590202.69,2.6889945365,51.4064,319780895.07,15.64,867.6388,8.551092921894,2.64,0.61942779762,32.5558021417,煤炭开采,2026-04-23
5198,601009,南京银行,0.53,16111348000.0,13.5400110134,18.5259,6600003000.0,8.05,73.5827,15.217858023629,3.57,2.684963436699,,银行Ⅱ,2026-04-23
5199,600928,西安银行,0.17,2885902000.0,41.5403011193,26.8731,755866000.0,6.16,22.5521,8.074870557487,2.13,3.710806796081,,银行Ⅱ,2026-04-23
5200,600926,杭州银行,0.88,10405564000.0,4.288808919,4.9096,6628893000.0,10.09,110.818,19.316826879503,4.69,-5.084717167313,,银行Ⅱ,2026-04-23
5201,600889,*ST京化,0.03,247149576.74,35.7684166025,80.725,12150531.37,138.7926791054,125.3751,2.005366085618,0.83,0.074929159775,21.6234452492,通用设备,2026-04-23
5202,600863,华能蒙电,0.092,4707562475.44,-13.5971871831,-21.5209,694366411.62,-24.63,143.0107,2.668399661612,3.67,0.11233692951,24.4294666102,电力,2026-04-23
5203,600771,广誉远,0.1363,488218246.23,17.03871091,58.2143,66738096.92,4.96,521.3135,3.471782239793,4.01,0.229063641665,67.8851515525,中药Ⅱ,2026-04-23
5204,600744,华银电力,0.068,2304783651.48,-0.0870651253,35.3477,138432981.57,82.93,150.3186,0.634640339915,11.43,0.596567269817,14.7596558754,电力,2026-04-23
5205,600742,富维股份,0.1103,3907696985.98,-17.8777905195,-30.1568,81992746.78,-17.18,12.8945,11.478274075419,0.97,0.726778779844,10.7045108124,汽车零部件,2026-04-23
5206,600726,华电能源,0.08,5005460988.45,-2.9295219637,2.4965,601744985.02,26.15,995.3397,0.62978647949,13.21,0.056792263365,27.5738096929,电力,2026-04-23
5207,600664,哈药股份,0.06,4175172325.87,0.0179257659,5.8934,161133176.47,-24.33,388.2447,2.326780585902,2.79,-0.073877117475,24.1073156124,化学制药,2026-04-23
5208,600661,昂立教育,0.0886,334322138.5,8.1537025213,14.817,24604839.8,84.71,-39.4556,0.88912647785,10.32,-0.27873965952,45.6006996827,教育,2026-04-23
5209,600640,国脉文化,0.0099,461717822.97,0.7982117739,-12.1712,7910929.86,35.56,312.9608,4.998611801337,0.1989,0.00044503932,17.9665556132,广告营销,2026-04-23
5210,600594,益佰制药,-0.038,358837040.95,-28.4445071687,-13.7859,-29524902.89,-214.5726123163,87.8498,2.725328366363,-1.359,0.057048238727,57.9235396685,中药Ⅱ,2026-04-23
5211,600572,康恩贝,0.078,1905512798.44,13.099003553,27.2162,198449857.72,4.78,280.9491,2.860302483464,2.77,0.087062302005,56.7424219777,中药Ⅱ,2026-04-23
5212,600562,国睿科技,0.06,507419094.0,39.6647736326,-59.0921,77187522.62,2.49,-69.8464,5.412490738763,1.15,-0.170815646371,36.7505318671,军工电子Ⅱ,2026-04-23
5213,600559,老白干酒,0.18,1220173363.85,4.4857694634,54.1822,165454107.77,8.55,459.8982,5.986423390717,3.07,0.391106363911,64.1020471798,白酒Ⅱ,2026-04-23
5214,600511,国药股份,0.6286,13555320492.97,6.6256434257,3.5787,474263852.3,3.32,-5.9612,25.243291401898,2.52,-4.7620099654,6.0989110028,医药商业,2026-04-23
5215,600483,福能股份,0.23,2936371986.08,-5.2014521349,-20.9674,649780140.48,-13.57,-32.8903,10.02075447999,2.34,0.293429677921,30.5304672456,电力,2026-04-23
5216,600419,天润乳业,0.0943,666753305.61,6.7632288973,-1.7085,29747863.67,140.5817207361,-42.8995,7.788197497228,1.21,0.001203959067,18.4485371898,饮料乳品,2026-04-23
5217,600415,小商品城,0.18,4592907191.81,45.2913702029,-33.1077,990442694.24,23.29,32.7255,4.352750198701,4.23,0.011312487531,33.7785232658,一般零售,2026-04-23
5218,600366,宁波韵升,0.106,1498379677.96,33.5339561499,-3.5779,116532816.04,213.11,112.1411,5.781977323994,1.87,0.05146366591,22.3988860185,金属新材料,2026-04-23
5219,600338,西藏珠峰,0.1967,847563610.37,47.8761947272,20.0022,179818563.83,42.73,138.1707,4.940849689106,4.0,0.130577648716,71.062198503,工业金属,2026-04-23
5220,600319,亚星化学,-0.14,167979327.36,-15.5691670059,-23.3196,-53100830.2,-15.3234679053,-333.2692,0.870820917324,-14.58,-0.072244548922,-1.9901816149,化学原料,2026-04-23
5221,600307,酒钢宏兴,-0.029,6978580092.03,2.9034625724,2.3677,-181875465.53,59.0558563196,85.8737,0.849055705068,-3.37,-0.099305282711,8.9166888775,普钢,2026-04-23
5222,600287,苏豪时尚,0.0138,600641022.68,-6.6173929532,-3.8917,6006654.86,-27.34,174.7712,5.230191607148,0.26,-0.035879963129,15.6366457757,贸易Ⅱ,2026-04-23
5223,600282,南钢股份,0.0969,14413615380.62,0.4225919996,-2.022,597111187.99,3.23,-13.5923,4.578658308712,2.13,0.116004340796,11.8974706151,普钢,2026-04-23
5224,600276,恒瑞医药,0.34,8140565320.77,12.9753629793,-3.563,2282268233.13,21.78,16.4491,9.586311329774,4.15,0.118490615868,86.5986071559,化学制药,2026-04-23
5225,600236,桂冠电力,0.11,2663963310.59,36.9639593586,-12.8699,859164531.66,58.12,-0.1168,2.424854484992,4.53,0.23445311204,55.6858113328,电力,2026-04-23
5226,600233,圆通速递,0.4025,18768681556.28,10.0138365553,-11.1388,1377557296.1,60.76,-4.7173,10.576825100082,3.88,0.463961769859,11.1754507736,物流,2026-04-23
5227,600201,生物股份,0.07,346463052.95,-1.4534093558,-2.1313,80643017.03,5.44,231.7671,4.912377293356,1.49,0.010261279207,53.4823024165,动物保健Ⅱ,2026-04-23
5228,600186,莲花控股,0.0881,1016453929.34,28.012075148,5.6796,143481980.23,42.06,154.7873,1.053087387995,7.05,-0.085030541034,31.4337299485,调味发酵品Ⅱ,2026-04-23
5229,600182,S佳通,0.1395,1103156677.69,-2.0022986216,-12.2659,47433257.78,100.51,-37.0898,3.397005441647,4.19,0.563207223059,20.2089772984,汽车零部件,2026-04-23
5230,600136,ST明诚,0.0,123323875.96,-9.0038955055,48.8126,-2107975.8,-140.7,77.4761,0.110909192588,-0.93,-0.020417305973,10.4595736467,房地产服务,2026-04-23
5231,600116,三峡水利,0.02,2589061410.89,13.9866618763,1.0497,32324601.96,846.9642354943,-62.1424,5.92794810199,0.29,-0.080649177751,8.7276331739,电力,2026-04-23
5232,600110,诺德股份,0.0233,2542799029.66,80.4225500641,0.2952,40089718.43,206.42,119.5785,3.249968413669,0.71,0.159078877908,11.7149453872,电池,2026-04-23
5233,600106,重庆路桥,0.02,24492360.65,-13.027661843,-13.5299,26546661.02,-52.09,131.429,4.001613879498,0.41,0.027301235791,90.1741519962,铁路公路,2026-04-23
5234,600094,大名城,0.002,361990007.14,-46.2920551141,17.2131,4672016.77,20.66,104.0959,4.420320777352,0.05,-0.06260790498,23.0213175602,房地产开发,2026-04-23
5235,600064,南京高科,0.362,606797750.13,-42.8115192471,-40.4234,626968043.81,-9.42,203.1243,11.411443267851,3.23,0.101384519426,21.1334343036,房地产开发,2026-04-23
5236,600059,古越龙山,0.07,540579596.66,0.2171031469,-16.1342,62029934.98,5.1,-29.0383,6.478244993412,1.05,-0.262235186647,40.3097047292,非白酒,2026-04-23
5237,600022,山东钢铁,-0.0207,14726388234.0,-18.5868429607,-8.2935,-218017923.39,-141.9224851354,-629.673,1.758258134719,-1.15,-0.027053717468,7.8761135601,普钢,2026-04-23
5238,301632,广东建科,0.0083,170870057.79,-15.5371900346,-67.5764,3492642.68,124.82,-96.539,6.620168821244,0.13,-0.166899476013,20.5017031498,专业服务,2026-04-23
5239,301622,英思特,-0.11,306553830.11,16.6898438667,-26.511,-12624419.33,-130.8,-240.2522,13.40677730017,-0.81,0.139328808435,22.5637457425,金属新材料,2026-04-23
5240,301596,瑞迪智驱,0.2627,158792506.04,14.4539552935,-4.0437,20274115.39,-13.86,-20.9267,11.596804947561,2.29,0.023228877747,25.449742244,通用设备,2026-04-23
5241,301595,太力科技,0.1,290548280.06,8.3887474502,30.8165,10948436.69,-43.68,31.8965,8.450369682397,1.21,-0.277608912726,56.2374713787,家居用品,2026-04-23
5242,301528,多浦乐,-0.006,28383598.44,-26.2509964603,-70.5394,-371262.39,-106.18,-101.2275,25.28871372504,-0.02,0.143868992246,71.5950753494,通用设备,2026-04-23
5243,301520,万邦医药,-0.0039,30541322.0,-57.0156294886,-52.8351,-261782.16,-102.21,-107.8759,22.734515629227,-0.02,-0.065578132172,15.2453209786,医疗服务,2026-04-23
5244,301498,乖宝宠物,0.31,1643518203.15,11.0802957774,-19.0985,123510777.39,-39.5,-22.87,11.848685671842,2.63,0.148412374108,41.6118389105,饲料,2026-04-23
5245,301491,汉桑科技,0.23,361416895.4,43.7849713763,-35.9984,29154636.61,-22.53,-56.6245,16.874990697209,1.35,0.009642597442,25.3878997185,消费电子,2026-04-23
5246,301488,豪恩汽电,0.1699,532351896.66,37.69403839,1.4544,15628593.97,-15.15,39.6201,15.078589002935,1.14,1.251696686196,17.8155457217,汽车零部件,2026-04-23
5247,301371,敷尔佳,0.33,548292792.59,82.1166528444,-8.0044,171554557.81,87.73,59.3945,11.279512375813,2.97,0.239776200625,77.2024283742,化妆品,2026-04-23
5248,301360,荣旗科技,-0.01,87541299.59,165.7711688449,-58.9836,-550995.8,92.55,-101.4774,22.406829752718,-0.05,-1.214850076678,39.1836637457,通用设备,2026-04-23
5249,301339,通行宝,0.0926,179762356.81,8.7385093066,-60.5634,52740905.91,10.84,-0.2922,4.845180446179,1.9,-0.184651091549,57.9439839733,计算机设备,2026-04-23
5250,301315,威士顿,0.1047,39617925.49,-9.3616049901,-37.8919,9216898.47,60.61,24.3797,11.745217645227,0.9,-0.309878692386,50.6321796558,软件开发,2026-04-23
5251,301303,真兰仪表,0.13,348285045.78,5.7622345835,-34.2186,53869090.29,-23.85,-42.1504,8.558321642148,1.55,-0.223832330137,37.8411540797,通用设备,2026-04-23
5252,301302,华如科技,-0.11,122807510.75,223.7121015627,-15.4982,-16560348.41,58.37,82.8724,9.412731477368,-1.12,-0.531993528053,37.8122868271,军工电子Ⅱ,2026-04-23
5253,301301,川宁生物,0.05,1094498381.4,-15.6097952102,-7.2683,110727115.84,-61.58,-29.7487,3.674205373508,1.36,0.081916579839,23.557059222,化学制药,2026-04-23
5254,301292,海科新源,0.9,1509031218.17,33.8953050215,8.2486,201352379.15,1922.01,484.03,12.835716428477,7.31,-0.128928153387,21.6223451411,电池,2026-04-23
5255,301279,金道科技,0.12,197492686.05,11.9206417689,16.8633,15263925.81,4.12,12.6574,10.608963737519,1.12,-0.254186389775,17.6441413538,工程机械,2026-04-23
5256,301265,华新科技,0.1078,214158824.18,51.4345192522,18.4494,32337801.6,196.03,456.2552,7.019110398326,1.46,-0.601349637837,28.5867919916,环境治理,2026-04-23
5257,301258,富士莱,-0.0312,92863822.92,-17.8808719897,-15.6914,-2767749.99,-111.56,69.5921,20.309872803862,-0.15,-0.589033966292,18.5621461275,化学制药,2026-04-23
5258,301237,和顺科技,0.015,171779431.52,34.9062536231,20.1399,1174396.28,113.17,100.7397,14.379682958125,0.1,-0.791126135875,11.5030869267,塑料,2026-04-23
5259,301234,五洲医疗,0.1184,100616784.24,-3.3275175348,-10.8515,8050981.45,42.89,1998.6186,11.309843306176,1.05,-0.011996464265,17.4417533541,医疗器械,2026-04-23
5260,301229,纽泰格,-0.0534,265455997.34,10.7557547243,-6.9032,-9706190.38,-206.55,-252.374,6.824338512963,-0.78,0.087385150182,14.4873638024,汽车零部件,2026-04-23
5261,301228,实朴检测,-0.0368,65349045.91,-30.7557770116,-55.29,-4345571.06,46.26,84.5986,4.99314605225,-0.72,-0.275270653917,20.3160529968,专业服务,2026-04-23
5262,301218,华是科技,-0.0259,38852112.13,-71.5434004835,-83.5654,-2950096.03,-50.95,59.8056,7.95924423939,-0.32,-0.577861499912,15.3903661659,IT服务Ⅱ,2026-04-23
5263,301211,亨迪药业,0.02,120164148.88,4.996001372,-10.599,9218063.65,-10.73,-34.0495,5.465730193966,0.4,-0.005897543103,20.9265766989,化学制药,2026-04-23
5264,301192,泰祥股份,0.1,109054765.84,7.075569713,-12.2271,9596863.3,16.5,-16.5093,6.534281745646,1.48,0.254728833433,28.3019232422,汽车零部件,2026-04-23
5265,301188,力诺药包,0.17,320071196.64,15.9749656205,22.8883,41002475.01,1.18,465.3789,7.32746024618,2.42,-0.051920938261,26.8680369689,医疗器械,2026-04-23
5266,301173,毓恬冠佳,0.2051,369452360.54,-21.8027189417,-49.1099,18011899.32,-10.85,-68.553,17.631526812639,1.17,1.280901099851,16.327545939,汽车零部件,2026-04-23
5267,301163,宏德股份,0.0414,176446426.14,-9.4446574414,-16.7801,3378895.49,16.5,-51.3533,14.045689901471,0.3,-0.277328675,11.9856720551,风电设备,2026-04-23
5268,301138,华研精机,0.087,126061803.08,-3.1051373405,-34.8007,10440822.76,-25.85,-61.7493,9.586697512333,0.94,0.201179245667,37.0307028691,专用设备,2026-04-23
5269,301137,哈焊华通,0.04,403398840.59,8.5935364335,-22.3969,6790861.22,10.42,-40.6724,7.640310563138,0.49,-0.472122911238,11.6271168879,通用设备,2026-04-23
5270,301129,瑞纳智能,-0.16,16429405.41,36.119842281,-95.9157,-21437217.75,0.07,-113.8027,13.40124786015,-1.17,-0.446590607767,52.384108099,通用设备,2026-04-23
5271,301113,雅艺科技,-0.03,44237415.85,-17.8473956239,-61.9769,-2603361.27,-205.19,-144.8853,7.490172745495,-0.38,0.083867457912,34.6137873241,家居用品,2026-04-23
5272,301109,军信股份,0.2793,740390833.61,-3.485081433,26.6474,219684725.9,27.09,97.4217,9.781930851026,2.81,0.298759374065,56.8332966966,环境治理,2026-04-23
5273,301101,明月镜片,0.2797,233253707.03,18.3167021709,15.9713,56144136.97,19.08,28.1198,9.024833816828,3.14,-0.12725797761,55.1998004831,文娱用品,2026-04-23
5274,301097,天益医疗,0.1579,163867248.73,66.3414232016,-13.1619,9294752.55,90.62,125.5951,18.911374796412,0.82,0.695573603388,47.9251126193,医疗器械,2026-04-23
5275,301069,凯盛新材,0.0911,291315605.95,8.1367429099,15.5874,41304940.11,34.67,227.4582,5.085520385119,1.85,-0.007288508765,25.7048345096,化学原料,2026-04-23
5276,301052,果麦文化,-0.0831,83480869.25,-32.5224309341,-42.0062,-8227640.3,-317.9,41.8416,6.950598786639,-1.5,-0.706729572638,51.8499565935,出版,2026-04-23
5277,301036,双乐股份,-0.05,393414646.68,1.7593734666,7.2074,-5362413.99,-124.49,-4669.6727,16.5021604549,-0.32,-1.0068250747,9.7095710422,化学制品,2026-04-23
5278,301032,新柴股份,0.0839,734346264.56,0.025904268,38.8174,20240987.41,32.6,-57.8709,5.285007502196,1.6,-0.201261842325,10.4901374485,通用设备,2026-04-23
5279,301008,宏昌科技,0.0111,255786061.45,-5.4151185851,-19.7584,1436187.96,-87.96,-81.2214,11.523882708868,0.1,-1.115116456806,11.4583212916,家电零部件Ⅱ,2026-04-23
5280,301003,江苏博云,0.18,126384028.11,-15.1886095826,0.0202,17845793.47,-44.53,-13.8569,11.817926755064,1.57,0.026957900431,29.7629272484,塑料,2026-04-23
5281,300971,博亚精工,0.1,119007861.29,70.3232547822,-6.2656,12208338.97,641.92,-29.4277,9.208638376531,1.13,0.064028428827,39.6102167697,专用设备,2026-04-23
5282,300956,英力股份,-0.03,443969006.63,-0.5240604954,-25.5829,-5681944.24,-280.47,-269.9303,6.249345631893,0.2,0.628323258629,12.9030444974,消费电子,2026-04-23
5283,300951,博硕科技,-0.12,294160946.02,8.8777882496,-30.6752,-19752643.65,-137.8,-30365.6828,13.619797123324,-0.85,0.111680387289,25.1039447517,消费电子,2026-04-23
5284,300938,信测标准,0.1864,195243517.5,17.5440436068,-5.5421,44821812.61,20.66,8.3688,7.879440779169,2.37,0.108044337281,61.9356805431,专业服务,2026-04-23
5285,300936,中英科技,-0.0147,62781324.02,52.8319112702,-8.83,-1105396.26,-871.69,-111.8703,13.403913019149,-0.11,-0.370007723404,13.7125883284,元件,2026-04-23
5286,300910,瑞丰新材,0.47,876502119.33,3.2428158372,-8.467,139915648.0,-28.22,-13.6558,13.376541473842,3.6,0.217787732593,33.8547147926,化学制品,2026-04-23
5287,300906,日月明,0.1882,26168451.68,11.4007974346,-67.6403,15058895.19,10.86,-27.9659,11.70754406375,1.62,-0.006380247375,60.6079787752,通用设备,2026-04-23
5288,300899,上海凯鑫,-0.1767,11613235.39,-84.1744650113,-79.6062,-11267580.51,-160.63,-203.546,9.80295879719,-1.79,-0.161221091842,-9.6787118512,环境治理,2026-04-23
5289,300896,爱美客,0.99,633766192.14,-4.4776845896,7.8473,298252927.57,-32.79,50.8201,26.010534893809,3.86,0.832872280314,92.4894684001,医疗美容,2026-04-23
5290,300895,铜牛信息,-0.1066,57078257.72,12.2322017494,-45.3566,-15014773.44,29.79,23.7364,5.311429798016,-1.99,0.014792632963,-4.91665822,IT服务Ⅱ,2026-04-23
5291,300876,蒙泰高新,-0.0786,119590607.48,2.6595907834,-12.9223,-8542816.1,22.89,20.9716,9.368312091961,-0.84,0.267767405129,1.7635086939,化学纤维,2026-04-23
5292,300873,海晨股份,0.0054,454698452.13,13.4406011214,-13.0333,1230197.29,-97.87,-97.9567,13.947193283318,0.04,0.450827034513,24.766842067,物流,2026-04-23
5293,300865,大宏立,0.111,84176937.55,16.2798327726,-2.5046,10617332.5,937.58,236.6974,9.120669599603,1.22,0.341501544941,32.6360349397,专用设备,2026-04-23
5294,300856,科思股份,0.0857,494914120.95,24.8002203368,34.7701,40781629.33,-15.06,35.4902,5.74059975069,1.46,0.070529699008,28.4895366128,化妆品,2026-04-23
5295,300852,四会富仕,0.1836,573757500.95,41.2349346318,7.132,29468936.52,2.71,1148.7545,14.012691205674,1.3,-0.130343375218,18.8857051787,元件,2026-04-23
5296,300847,中船汉光,0.09,288058193.21,-2.0047128354,-8.9986,25642132.62,-1.36,-9.314,5.131270379075,1.7,0.025276884396,18.69208939,计算机设备,2026-04-23
5297,300839,博汇股份,0.16,930364342.52,73.6969763634,19.9479,46751983.59,198.17,685.1768,2.732323315955,5.97,0.127961099671,11.6520808468,炼化及贸易,2026-04-23
5298,300824,北鼎股份,0.101,246915760.88,16.1413012417,-17.5865,32760588.22,-1.83,6.9761,2.403033603688,4.27,-0.001014822097,54.8295158509,小家电,2026-04-23
5299,300821,东岳硅材,0.16,1255926659.21,4.4863195565,68.9034,194033432.81,426.99,975.3701,4.271754345875,3.86,0.1187901564,21.0554552554,化学制品,2026-04-23
5300,300811,铂科新材,0.3054,489592645.54,27.7284108033,-2.3636,88519070.37,20.0,-28.9326,10.79207947695,2.88,0.327937629162,37.1001241736,金属新材料,2026-04-23
5301,300800,力合科技,0.06,172019330.02,12.4651982568,-39.3173,14920851.83,28.07,-27.5265,8.696551617087,0.73,-0.54242863587,35.0735936671,环保设备Ⅱ,2026-04-23
5302,300777,中简科技,0.042,108547445.05,-54.5965794604,-32.9363,19081079.8,-83.16,-22.572,10.434590319679,0.42,0.003588916808,70.6245834296,航空装备Ⅱ,2026-04-23
5303,300767,震安科技,-0.0069,52428658.97,-43.647866634,-50.2333,-1901201.47,73.4,98.0002,5.499233638958,-0.13,0.361206765932,26.3692786762,橡胶,2026-04-23
5304,300752,隆利科技,0.07,367762979.17,7.9348541203,-22.6482,15586055.99,-49.08,7.0661,5.500612303191,1.25,0.383020059488,15.4365847939,光学光电子,2026-04-23
5305,300747,锐科激光,0.0745,858765995.37,20.0645042544,-10.6493,41835883.3,147.04,7.7178,6.128718764209,1.22,-0.051453795709,22.0487886759,自动化设备,2026-04-23
5306,300733,西菱动力,0.0358,444015536.82,14.3243777161,-22.7336,10955273.06,-47.84,-23.5161,5.685709225492,0.81,-0.025014580098,14.2006345682,汽车零部件,2026-04-23
5307,300732,设研院,-0.02,397542308.8,11.4764784862,-31.6483,-6816191.87,34.37,93.7065,7.553300350584,-0.24,-0.00556560036,26.7687721796,工程咨询服务Ⅱ,2026-04-23
5308,300697,电工合金,0.144,1096136055.57,53.5952529223,21.1878,62404120.04,44.93,62.1664,3.031262348812,4.71,0.023326073849,10.6537627894,工业金属,2026-04-23
5309,300691,联合光电,-0.0122,452601271.95,22.7191378379,-22.4162,-3863987.46,83.89,-111.4895,6.114645750726,-0.27,0.065930651137,24.1158578255,计算机设备,2026-04-23
5310,300673,佩蒂股份,0.03,350944875.09,6.6618483378,-2.4708,8068774.74,-63.7,287.3781,7.108797727615,0.43,-0.21563716314,27.6165324783,饲料,2026-04-23
5311,300631,久吾高科,0.1292,126443323.56,46.288818375,-51.2819,15828850.02,-10.39,-37.0372,10.84872153125,1.17,-0.243492244742,43.3351767158,环保设备Ⅱ,2026-04-23
5312,300620,光库科技,0.1795,426465402.22,60.7961025465,-10.3232,44736399.48,312.52,-27.0968,8.847752199595,2.05,-0.136090476887,36.6330601678,通信设备,2026-04-23
5313,300618,寒锐钴业,0.21,1864600601.92,24.189552371,2.2153,64746508.18,51.07,299.7506,17.915064408532,1.18,-1.098229156437,17.7459936476,能源金属,2026-04-23
5314,300607,拓斯达,0.1,537683103.36,48.5255071464,-34.6198,48083284.06,1147.36,95.9707,6.118206641939,1.66,-0.231234709294,32.4928933396,自动化设备,2026-04-23
5315,300603,立昂技术,-0.07,141131283.02,-20.2886267157,-10.5013,-30713981.84,-34.81,72.4529,2.713664728255,-2.41,-0.193413948213,7.034539967,通信服务,2026-04-23
5316,300600,国瑞科技,-0.0143,64671325.44,14.9027151229,-50.5892,-4195361.42,7.99,75.3797,4.078006142822,-0.35,-0.147140018056,23.6417146795,航海装备Ⅱ,2026-04-23
5317,300595,欧普康视,0.1637,459448474.1,-3.9238017768,7.2586,146188606.35,-8.79,290.0967,5.652158923146,2.93,0.166710491645,71.6080689232,医疗器械,2026-04-23
5318,300590,移为通信,0.11,312463864.69,99.2691105608,1.1882,51929933.23,430.64,301.5442,4.106054669196,2.79,-0.04734511231,40.8150361151,通信设备,2026-04-23
5319,300586,美联新材,0.002,438182119.01,-2.1180939727,5.2328,1423325.0,-84.86,104.2848,2.593697519818,0.08,0.031506458261,9.5397580952,塑料,2026-04-23
5320,300580,贝斯特,0.1456,385895271.61,10.3844384831,0.6771,73030459.88,5.23,74.692,6.688573112202,2.2,-0.030123832752,33.5867971326,汽车零部件,2026-04-23
5321,300569,天能重工,0.0338,812351639.57,43.9209988997,-43.7624,33889408.1,-25.85,33.8084,5.122420529526,0.63,-0.325859235584,11.7300156765,风电设备,2026-04-23
5322,300559,佳发教育,-0.0139,45034962.44,-17.9215877262,-50.5066,-5550907.35,44.71,67.2737,2.935398985765,-0.47,0.046939078745,44.0353044291,软件开发,2026-04-23
5323,300558,贝达药业,0.56,1039835367.29,13.3268224882,16.574,235916857.98,135.71,2133.2062,16.150013376723,3.52,0.626542630658,79.0833576553,化学制药,2026-04-23
5324,300552,万集科技,-0.1223,237777553.33,25.3388093319,-40.9776,-26065681.01,49.14,59.8516,8.145068317587,-1.49,-0.290790404355,29.1380025026,计算机设备,2026-04-23
5325,300549,优德精密,0.0052,75046493.0,-9.9391782581,5.9943,688619.75,-78.77,211.9305,4.136611758512,0.13,0.114741168442,27.8937490523,专用设备,2026-04-23
5326,300545,联得装备,0.15,295472754.58,-19.4177649163,24.722,27179831.89,-36.49,86.9446,11.746307349677,1.26,0.337667607136,30.9085233391,光学光电子,2026-04-23
5327,300532,今天国际,0.11,621597599.11,-11.876862137,-4.5115,51753822.43,-25.97,248.9698,4.061653445537,2.85,-1.144287050689,20.6527700708,IT服务Ⅱ,2026-04-23
5328,300528,幸福蓝海,-0.0112,172106558.46,-48.2182636437,-23.6526,-4185398.85,-105.93,97.0213,1.029984764688,-1.08,-0.051208258477,20.3610783479,影视院线,2026-04-23
5329,300514,友讯达,-0.1612,95357023.98,-28.8494337868,-55.0495,-32232004.29,-466.31,-523.375,5.09439876065,-3.11,-0.3450608242,25.5990395161,电网设备,2026-04-23
5330,300507,苏奥传感,0.02,437957851.45,-22.2849955234,-28.4808,13027461.16,-53.97,-61.4194,2.70525858628,0.6,-0.179586244264,13.8251730982,汽车零部件,2026-04-23
5331,300501,海顺新材,-0.06,315338105.07,10.3611569193,11.8887,-10830868.82,-162.73,84.943,7.190125922992,-0.7,0.037874196178,20.7115565103,包装印刷,2026-04-23
5332,300490,华自科技,0.21,888603474.97,186.3109441755,9.9085,83016871.62,215.81,226.1204,5.583032194864,3.83,-0.517607124621,25.4500482375,电网设备,2026-04-23
5333,300487,蓝晓科技,0.36,607035376.03,5.2433121627,-28.7873,181920744.1,-5.81,-25.8618,8.746378783333,4.04,0.393074646366,55.4817647256,塑料,2026-04-23
5334,300482,万孚生物,0.18,581742751.09,-27.307215362,46.6623,84399549.76,-55.38,142.8936,11.557106025637,1.54,0.466089081358,63.2429256593,医疗器械,2026-04-23
5335,300478,杭州高新,-0.0726,86987255.75,3.669832676,7.1735,-9201478.62,-409.97,14.6442,0.24772187088,-25.57,0.019861797226,-1.1250846478,塑料,2026-04-23
5336,300471,厚普股份,-0.0049,168309857.2,19.4351976425,-58.4214,-2288861.46,-136.14,-122.0391,3.330570164483,-0.15,-0.135534927522,26.4734194308,专用设备,2026-04-23
5337,300470,中密控股,0.3272,397968323.15,-3.050239281,-18.0159,66538700.95,-29.48,-37.891,14.291149915477,2.27,0.0308505669,36.5411079553,通用设备,2026-04-23
5338,300466,赛摩智能,0.0097,101433457.87,15.1622794852,-23.0506,5200497.41,146.93,115.5075,1.294276371713,0.75,0.008699414002,42.9106791033,通用设备,2026-04-23
5339,300456,赛微电子,-0.0671,98542482.24,-62.675041573,-30.6968,-49099019.94,-1958.32,52.0356,9.046392702524,-0.74,-0.205307770114,16.5122280666,半导体,2026-04-23
5340,300452,山河药辅,0.2,261391437.57,5.4543048679,6.1304,47059919.32,-0.25,6.9822,4.370305895894,4.56,0.061737270253,32.2856833623,化学制药,2026-04-23
5341,300416,苏试试验,0.0856,467503880.32,8.8842980581,-34.6844,43550955.16,6.45,-56.7113,5.52768574589,1.56,-0.318876464507,40.3095159747,专业服务,2026-04-23
5342,300414,中光防雷,0.0251,120337654.98,40.8330079421,-9.0531,8183705.36,191.18,3181.1531,3.069761549024,0.82,0.058306373614,24.2415956043,通信设备,2026-04-23
5343,300407,凯发电气,0.03,551788120.93,10.4656295958,-37.3846,8499479.5,262.51,495.1843,5.880924423929,0.44,0.082773786941,23.2512254964,电网设备,2026-04-23
5344,300402,宝色股份,0.0652,381145495.75,-9.5901905324,1.4984,16092067.33,-14.69,310.2957,6.151740327222,1.07,-0.513524019039,19.5410840192,通用设备,2026-04-23
5345,300388,节能国祯,0.1322,805908558.89,14.9529718663,-30.2477,90048942.63,32.69,-11.3868,7.049649386941,1.89,-0.126441924994,30.8875979358,环境治理,2026-04-23
5346,300387,富邦科技,0.092,340841064.24,11.795891439,-6.7139,26597730.9,15.03,224.2059,5.031677628806,1.82,-0.077742644948,26.5860707048,农化制品,2026-04-23
5347,300386,飞天诚信,-0.07,106759663.57,-41.4445028815,-38.8889,-27897189.46,-245.11,-517.7898,3.445044362627,-1.92,-0.214089051703,41.1885322692,计算机设备,2026-04-23
5348,300364,中文在线,-0.0629,310259717.51,33.1206770258,-51.9363,-45828726.59,47.88,69.5585,0.346529411777,-12.77,0.074992763035,46.9453093714,数字媒体,2026-04-23
5349,300363,博腾股份,0.05,886037955.06,10.5946805893,1.2147,27865092.35,750.41,69.6553,9.859432408371,0.52,0.004428953542,30.5994136348,医疗服务,2026-04-23
5350,300358,楚天科技,0.0939,1109165390.73,2.3997777842,-40.5911,67807856.46,892.43,-60.1568,7.789737990052,1.21,-0.182336693747,37.5531598021,医疗器械,2026-04-23
5351,300355,蒙草生态,-0.01,284555279.74,36.1191971221,-70.8394,-12498428.64,26.19,76.8726,2.630209961086,-0.3,-0.241411269139,30.3770896112,基础建设,2026-04-23
5352,300349,金卡智能,0.07,609162792.23,-13.2254724226,-30.1528,29717936.51,-32.0,-49.5484,10.853284076867,0.66,-0.003026263354,35.6032578658,通用设备,2026-04-23
5353,300342,天银机电,0.0242,193312951.04,5.3136600991,-19.6577,10287165.81,17.42,189.6184,3.686223220457,0.66,0.035713650416,24.5764824004,家电零部件Ⅱ,2026-04-23
5354,300328,宜安科技,-0.0278,355088578.78,9.2933594254,-36.8734,-19178060.55,-214.34,-6.6616,1.48981166901,-1.85,-0.024511936889,9.5909932719,工业金属,2026-04-23
5355,300327,中颖电子,0.0603,326699314.72,2.4206316314,2.844,20484926.12,31.66,557.156,5.30242453125,1.14,0.189061611188,31.7313891028,半导体,2026-04-23
5356,300326,ST凯利,0.0922,170964149.16,-35.4400833834,-2.3645,66087156.59,203.76,3.8564,4.067078309976,2.29,0.023158288601,63.2840525581,医疗器械,2026-04-23
5357,300324,旋极信息,-0.0176,263237762.94,-44.4765982419,-57.7382,-30472290.36,48.47,89.7705,1.43229541513,-1.22,0.005193948489,23.0993878199,计算机设备,2026-04-23
5358,300321,同大股份,0.0053,80986117.55,-13.0535154232,-22.5058,473297.02,-83.64,145.4213,7.144393741441,0.07,-0.129201668919,14.4907007831,化学制品,2026-04-23
5359,300319,麦捷科技,0.0531,864282929.14,10.7058089382,-3.0334,47146597.02,-24.38,-33.8402,5.554185898259,0.96,0.163598820764,15.3956817049,元件,2026-04-23
5360,300314,戴维医疗,0.0343,112797919.57,-6.9046565527,-41.059,9885818.51,-56.19,-31.5172,4.314081848368,0.8,-0.130066351076,49.9165530044,医疗器械,2026-04-23
5361,300310,宜通世纪,-0.0057,500574478.44,-17.6841641148,-38.3603,-5052102.28,53.1,-166.8593,2.139766519063,-0.27,-0.278385058512,8.6092944819,通信服务,2026-04-23
5362,300306,远方信息,0.04,72839475.36,-9.419125398,-41.3252,10336583.04,-8.37,-53.4545,5.570212018252,0.69,-0.100240232799,69.8538524454,通用设备,2026-04-23
5363,300305,裕兴股份,-0.1295,192127456.88,-16.7619505162,8.1638,-48610219.62,14.02,26.7665,5.155439141334,-2.48,0.046064681177,-7.5010986061,塑料,2026-04-23
5364,300295,*ST三六五,0.0035,32141718.84,43.8165515969,-9.0445,669135.99,132.95,101.5181,5.706602160432,0.06,0.775426329659,60.0912710865,数字媒体,2026-04-23
5365,300292,吴通控股,0.03,1076572521.8,-5.9413616805,3.9645,41318362.26,17.73,61.555,1.094914418723,2.85,-0.00410244512,11.636088914,通信服务,2026-04-23
5366,300286,安科瑞,0.2,259415160.35,6.6431951989,0.8158,50273152.75,-3.65,288.5108,9.18730981132,2.21,-0.082045144548,48.6976104209,电网设备,2026-04-23
5367,300265,通光线缆,0.01,499292765.76,26.0044180488,-21.2403,4012825.43,-28.15,11187.0447,5.03418550054,0.17,-0.221844835537,13.9101320754,电网设备,2026-04-23
5368,300263,隆华科技,0.06,828730470.26,29.7420564566,10.787,64496979.5,43.36,571.5546,4.051696871426,1.55,-0.221859623402,18.4502449297,通用设备,2026-04-23
5369,300259,新天科技,0.0171,178028453.01,25.9739853014,-48.7964,19431457.12,-28.58,-78.6758,2.626542874595,0.64,0.028432525129,43.7788944308,通用设备,2026-04-23
5370,300253,卫宁健康,0.0063,397456279.95,15.2128196498,-50.9534,14030859.04,165.26,110.5896,2.486397295271,0.25,-0.021979565497,30.7732321088,软件开发,2026-04-23
5371,300240,飞力达,-0.0187,1485684317.1,3.8240471453,-16.9993,-6948630.94,-1258.96,70.3869,3.847035126026,-0.49,0.069211201413,6.7211788407,物流,2026-04-23
5372,300234,开尔新材,0.0077,48695473.88,-6.2747252464,-54.9167,3886628.45,-70.16,113.1226,2.244054907387,0.34,0.030695232769,19.3913892968,装修建材,2026-04-23
5373,300229,拓尔思,-0.0886,65414603.48,-47.6546318126,-62.4836,-77406889.3,-237.58,42.0919,4.313893834849,-2.03,-0.069462087305,61.0070509748,软件开发,2026-04-23
5374,300221,银禧科技,0.0831,583546723.78,13.2187002627,7.2252,38421752.58,114.45,47.7146,3.178567302675,2.59,-0.112665506706,21.2329403047,塑料,2026-04-23
5375,300210,森远股份,-0.02,21540898.85,-79.4582676248,-79.4018,-11713369.45,-241.32,56.0801,0.774293477824,-3.08,-0.018454684683,35.7558398729,环保设备Ⅱ,2026-04-23
5376,300205,*ST天喻,-0.0991,13570611.15,-70.0918679645,-66.6979,-42604274.04,-6.01,91.135,0.967038406603,-9.75,-0.250379836579,36.080466575,通信设备,2026-04-23
5377,300179,四方达,0.0884,184034297.52,40.1983326828,15.4021,42928894.98,25.66,27.6871,2.616969288192,3.44,0.068437610784,46.8024088176,通用设备,2026-04-23
5378,300175,朗源股份,-0.0119,88687078.74,64.977115926,-17.3948,-5615171.35,-44.79,23.2887,1.058368600255,-1.12,0.075578525234,3.6872624586,农产品加工,2026-04-23
5379,300160,秀强股份,0.0484,349511268.64,-22.1713387066,-18.9367,37439196.89,-55.5,69.583,3.464293930904,1.41,0.033275982143,22.2976964987,家电零部件Ⅱ,2026-04-23
5380,300148,天舟文化,0.01,62019165.43,-16.8606452128,-78.3414,10067305.24,-58.5,-14.3714,1.22442939563,0.98,-0.028791229413,61.9760004404,出版,2026-04-23
5381,300143,盈康生命,0.0346,496394394.5,21.3568847142,-5.951,25757953.71,-14.12,240.7676,3.391163722494,1.02,0.116376795199,24.479231711,医疗服务,2026-04-23
5382,300140,节能环境,0.1035,1433209127.2,0.7599122149,-8.5379,320782902.28,13.8,2880.5417,4.635446889984,2.26,0.115497473134,42.7903959988,环境治理,2026-04-23
5383,300133,华策影视,0.04,392984368.88,-32.9360539702,-78.0163,81259376.8,-11.78,407.5021,3.900746674341,1.11,-0.174848428812,40.1868233258,影视院线,2026-04-23
5384,300129,泰胜风能,0.013,567731426.45,-28.5821643994,-61.9206,13612758.75,-69.82,776.6713,5.201659892514,0.25,-0.544073019852,12.2544825949,风电设备,2026-04-23
5385,300126,锐奇股份,-0.06,113909028.19,-14.0804019009,-17.7958,-18426540.28,-3506.54,35.1724,3.273373355165,-1.83,-0.137606981829,7.8195024148,通用设备,2026-04-23
5386,300121,阳谷华泰,0.13,858860999.94,-0.3994953973,-0.4832,60042238.71,-4.06,59.9372,8.068150603501,1.66,0.214017693655,17.7943959244,橡胶,2026-04-23
5387,300115,长盈精密,0.09,5130825705.85,16.7386454749,-3.3468,125232197.99,-28.39,-3.4602,6.241087044092,1.49,-0.129837326362,18.5424742007,消费电子,2026-04-23
5388,300112,万讯自控,-0.0197,194789060.7,-13.9616198216,-27.2282,-5730598.16,24.15,89.6308,3.197642030349,-0.58,-0.127813387389,41.9380634911,通用设备,2026-04-23
5389,300106,西部牧业,0.0235,241307908.91,28.9424774689,-6.3465,4957842.03,150.52,135.3861,1.782856019555,1.32,0.157248957814,10.3329053501,饮料乳品,2026-04-23
5390,300102,乾照光电,0.03,409121639.98,-47.2720230641,-37.1302,29640569.6,6.59,11.0116,4.72632979317,0.69,-0.067422010538,18.299209153,光学光电子,2026-04-23
5391,300099,尤洛卡,0.0192,65298557.65,-26.3195418813,-67.4949,14164534.85,6.83,-88.7261,3.255448691109,0.59,-0.017710912852,59.3649727729,专用设备,2026-04-23
5392,300093,金刚光伏,-0.1179,68157001.57,-6.7267906396,-31.2922,-63673992.26,49.57,-110.545,3.603043626722,-3.2226,0.023148439296,-24.8853415926,光伏设备,2026-04-23
5393,300092,科新机电,0.0933,280702193.27,-14.3351367285,-4.07,25559459.29,-47.06,189.557,6.057666333979,1.55,0.033355379288,21.3575985786,专用设备,2026-04-23
5394,300080,易成新能,-0.0647,858102473.17,-17.2562872823,63.6111,-121196819.21,-188.65,70.0268,2.294101529973,-2.78,-0.044507101867,0.4016237347,光伏设备,2026-04-23
5395,300079,数码视讯,0.0072,121688763.88,-7.3174245537,-54.5637,10289716.53,32.62,20.287,2.886412984508,0.25,-0.005335136441,56.4223515802,IT服务Ⅱ,2026-04-23
5396,300061,旗天科技,0.0157,132946871.64,6.1816162395,112.4075,10316934.26,264.52,118.6483,0.703636395513,2.25,-0.383870126299,29.5569022387,广告营销,2026-04-23
5397,300058,蓝色光标,0.035,18806911410.03,31.9073365009,6.8923,126106054.04,32.04,335.0851,2.218511196235,1.59,-0.263386948832,2.592013999,广告营销,2026-04-23
5398,300048,合康新能,-0.0103,1678945019.05,-25.0540058133,32.5148,-11574249.24,-141.1,3.4186,1.608484976616,-0.64,-0.274985927898,9.8230428631,自动化设备,2026-04-23
5399,300046,台基股份,0.0577,91450170.08,22.8174833807,4.8396,13648325.7,-20.12,279.7904,4.859514396,1.19,-0.026457957959,24.4267718042,半导体,2026-04-23
5400,300034,钢研高纳,0.0846,1010223659.74,7.7637585521,13.1245,67394771.4,22.42,281.5813,4.836888375167,1.76,-0.164196786753,26.5957642072,航空装备Ⅱ,2026-04-23
5401,300033,同花顺,0.34,1053494727.58,40.8063039587,-61.9419,255938418.37,112.58,-87.1959,13.001502067597,2.67,1.560311571652,84.9881132378,软件开发,2026-04-23
5402,300022,吉峰科技,0.0085,740723140.91,5.1976169547,36.8002,4222490.61,-3.14,117.6643,1.034065602208,0.83,0.310189593999,10.1676287388,专业连锁Ⅱ,2026-04-23
5403,300006,莱美药业,-0.0142,182210103.8,-8.1584843536,-6.3781,-15012683.6,-8.9824472582,83.0916,1.64869606245,-0.86,-0.031493844769,55.009625756,化学制药,2026-04-23
5404,300003,乐普医疗,0.1339,1672061164.0,-3.6959413653,8.2925,246814412.34,-34.8,1331.1979,8.918113826629,1.52,0.149125317809,62.0343543443,医疗器械,2026-04-23
5405,003022,联泓新科,0.11,2245731268.38,45.9316816477,26.9246,144721128.36,102.67,97.4254,5.682417946312,1.93,0.166021159656,23.3034289542,光伏设备,2026-04-23
5406,003000,劲仔食品,0.1621,739256936.67,24.1612686768,16.5349,71246657.82,5.48,1.9045,3.266545398673,4.96,0.146452563627,27.0338550667,休闲食品,2026-04-23
5407,002979,雷赛智能,0.23,525392709.49,34.5483250016,-8.3784,72120345.94,29.2,10.5925,5.944809483112,3.96,-0.151558752722,38.944248206,自动化设备,2026-04-23
5408,002977,*ST天箭,0.0325,13756637.18,-73.8588254352,105.4923,3898197.59,-76.55,101.9474,7.080617179154,0.46,0.223471648019,51.6510910845,军工电子Ⅱ,2026-04-23
5409,002926,华西证券,0.15,1165670157.68,7.41,3.8687,393609223.3,30.76,-4.2265,9.611285001893,1.57,1.083784852629,,证券Ⅱ,2026-04-23
5410,002841,视源股份,0.36,6203165528.12,23.9492955525,-1.0221,246899860.73,52.45,68.7479,19.516532242966,1.83,-1.432004500813,20.7547861716,消费电子,2026-04-23
5411,002812,恩捷股份,0.27,3907690531.54,43.2109167268,-4.4444,260308751.63,901.7,13.7359,26.046230992995,1.02,0.210419915687,28.0919158544,电池,2026-04-23
5412,002793,罗欣药业,0.0226,582726187.11,20.7155862699,5.942,24150076.94,327.35,107.7527,1.011230947732,2.11,0.130295586018,61.0093219361,化学制药,2026-04-23
5413,002773,康弘药业,0.33,1046478561.32,-12.7020393515,8.8644,307482134.44,-23.13,136.4151,10.427063764263,3.25,0.373714187097,88.6616135451,生物制品,2026-04-23
5414,002632,道明光学,0.0656,292225301.47,-12.4975304222,-24.8923,40995787.02,-20.32,-2.6296,3.565179804104,1.86,0.09787663333,33.6320194267,塑料,2026-04-23
5415,002606,大连电瓷,0.14,420414914.59,88.0119671389,-38.0071,59504934.36,194.21,-38.3222,4.485713719457,3.07,0.080101175357,37.5530279519,电网设备,2026-04-23
5416,002536,飞龙股份,0.1006,1072242052.87,-3.3674233177,-17.9935,57834958.9,-52.84,91.6101,6.110118198466,1.64,-0.236404213146,23.4440680719,汽车零部件,2026-04-23
5417,002463,沪电股份,0.6455,6214156406.0,53.9061409765,14.3816,1242081367.0,62.9,12.4373,8.724895094497,7.81,0.265550960187,35.6324179234,元件,2026-04-23
5418,002383,合众思壮,0.0006,313017676.33,-6.3848857601,-21.4758,423247.29,-84.25,100.2549,2.027702613432,0.03,-0.104252699029,38.1323644369,军工电子Ⅱ,2026-04-23
5419,002331,皖通科技,-0.0673,191583931.82,45.0642711429,-74.1665,-28844689.84,-85.09,89.2033,3.369090835913,-1.99,-0.245735007258,16.4973711468,IT服务Ⅱ,2026-04-23
5420,002299,圣农发展,0.2062,5162445704.12,25.4647908284,-4.1968,252918131.12,71.41,14.3705,9.229432089435,2.23,0.041001392046,13.665879681,养殖业,2026-04-23
5421,002293,罗莱生活,0.177,1158222029.76,5.8708927573,-20.3013,147554403.16,30.54,-17.9221,5.205825786405,3.45,-0.072851602556,49.5820624919,服装家纺,2026-04-23
5422,002281,光迅科技,0.3,2773352847.92,24.7949049751,-18.3601,239931671.46,59.76,5.5343,12.818519951211,2.35,0.242442587452,26.8325776559,通信设备,2026-04-23
5423,002273,水晶光电,0.18,1720743708.12,16.0764049034,-4.683,246676113.11,11.69,30.4404,7.332244588557,2.49,0.30162979633,29.4736510578,光学光电子,2026-04-23
5424,002265,建设工业,0.03,1049134734.29,50.9549361688,-51.5679,34486814.35,0.22,-82.9923,3.77481942248,0.89,-0.135901276038,14.9185446687,汽车零部件,2026-04-23
5425,002251,步步高,0.04,1313062859.95,13.672147287,29.1767,116449139.41,-2.18,203.3109,3.15981599363,1.38,0.133689050845,34.4429903229,一般零售,2026-04-23
5426,002233,塔牌集团,0.13,830401312.53,-9.703020386,-30.2787,147054985.26,-10.91,217.6612,10.388060977256,1.22,-0.014454252453,26.6813712956,水泥,2026-04-23
5427,002217,ST合力泰,0.0001,396118022.86,8.3477103178,-6.9346,827626.72,-79.74,-83.1544,0.250215282955,0.04,-0.000625532583,17.8341125657,光学光电子,2026-04-23
5428,002165,红宝丽,-0.03,738667796.43,12.9813610615,-9.5905,-24011985.47,-209.14,-19.3125,2.719307336893,-1.19,-0.310613969304,8.4217195349,化学制品,2026-04-23
5429,002056,横店东磁,0.241,5479166181.84,4.9184889541,9.0453,385891361.56,-15.76,-3.2145,6.774046727448,3.57,0.262864868341,17.1327711237,光伏设备,2026-04-23
5430,001328,登康口腔,0.3,495307259.88,15.0944812921,1.593,51789334.29,20.01,14.5845,9.138355981514,3.38,0.313775111777,52.5887940999,个护用品,2026-04-23
5431,001314,亿道信息,0.3,1133626568.75,106.8937824251,-34.5843,42911333.55,2822.25,-26.4926,14.802532178723,2.01,-3.548797040888,14.099659144,消费电子,2026-04-23
5432,001258,立新能源,0.01,264906842.31,22.1974076286,20.458,6340275.73,167.71,113.3063,3.26948780231,0.21,0.079578504056,23.5164924835,电力,2026-04-23
5433,000989,九芝堂,0.1949,973236039.12,20.79808372,61.7204,164952291.23,41.53,132.0955,4.516629844359,4.34,0.13421959364,60.593037565,中药Ⅱ,2026-04-23
5434,000920,沃顿科技,0.0933,349718862.33,-3.7549068658,-45.2686,44101105.47,-0.78,74.9841,4.255553729848,2.17,-0.025141956268,40.3881389408,塑料,2026-04-23
5435,000885,城发环境,0.4892,1626075506.24,5.8524407672,-2.9321,314110336.68,15.1,-2.7614,15.251919444149,3.26,0.493581506868,41.7076090235,环境治理,2026-04-23
5436,000862,银星能源,0.0604,309723285.85,0.1994619849,-7.3477,55478130.88,-23.55,128.7471,4.734378705842,1.29,0.014698225565,35.9177546708,电力,2026-04-23
5437,000767,晋控电力,-0.0052,3984693103.04,-0.542334932,-6.8494,62886676.47,3.56,152.7532,1.963123450418,-0.27,0.050600697871,11.2126086054,电力,2026-04-23
5438,000708,中信特钢,0.299,26494299315.69,-1.2874585373,1.2491,1511486059.47,9.23,-5.4352,8.837755140189,3.41,0.028677085902,14.4328551581,特钢Ⅱ,2026-04-23
5439,000688,国城矿业,0.3006,1696217709.13,56.1331313358,-45.0654,353210658.35,-52.47,-43.5809,2.531992824569,12.6,0.313030005401,49.9036555451,小金属,2026-04-23
5440,000558,天府文旅,0.0032,115089138.08,-35.6616251259,-62.7776,4113784.45,-85.2,276.5091,0.814851287967,0.39,-0.04371767723,34.9505067386,旅游及景区,2026-04-23
5441,000409,云鼎科技,0.0296,233952696.25,-24.178454342,-64.745,19757414.9,-37.21,-37.749,2.422341103737,1.22,-0.273811959638,33.81531963,IT服务Ⅱ,2026-04-23
5442,000088,盐田港,0.07,193603494.42,13.2476583812,-20.062,340519919.56,8.85,-9.5504,3.540534212262,1.87,0.021275636374,18.607490778,航运港口,2026-04-23
5443,000049,德赛电池,0.2078,5007704072.35,14.6298174602,-20.4613,79916489.29,64.23,19.892,17.679360692291,1.18,1.293318064045,9.8695136048,电池,2026-04-23
5444,920950,迅安科技,0.14,54589440.46,0.5279463459,12.5688,9939145.87,-19.46,-12.2066,4.488797187398,3.06,0.044471199127,36.6570808775,通用设备,2026-04-22
5445,920896,旺成科技,0.14,104685864.47,13.8957158844,-16.2873,13978590.98,1.6,-10.1181,4.534389946025,3.1,0.182340583145,26.6384514673,汽车零部件,2026-04-22
5446,920261,一诺威,0.22,2294929279.02,31.0821759777,19.3197,60688237.25,15.86,168.1504,5.699591527505,3.62,-0.379930324808,6.8849147111,化学制品,2026-04-22
5447,920161,龙辰科技,0.26,184780735.88,14.8595137766,12.0238,26809246.7,5.8768371319,56.3822,7.261214487616,3.69,-0.528881406082,33.3214604903,塑料,2026-04-22
5448,920090,*ST同辉,-0.03,2006858.48,-90.0349468669,109.1472,-6174721.08,-3.35,68.4629,0.192593836012,-14.89,-0.025485926639,-4.1414170869,计算机设备,2026-04-22
5449,900932,陆家B股,0.0396,2226820162.72,-47.1978685384,-63.6664,199247605.38,-68.41,21.2938,5.008699182464,0.79,0.646683110385,42.22106196,房地产开发,2026-04-22
5450,900926,宝信B,0.133,2643942724.49,4.1723208898,-32.5375,381265909.26,-14.25,83.9856,3.978787609426,3.39,0.187836712987,30.7679566129,IT服务Ⅱ,2026-04-22
5451,900925,机电B股,0.17,4259455651.23,1.1296418251,-7.1129,178460115.8,-12.32,103.7424,13.827357014726,1.27,-0.133319533652,16.1469995494,专用设备,2026-04-22
5452,874586,方意股份,0.29,65467047.72,8.8087982956,-5.3664,12161926.16,15.0886856776,-1.0626,10.207188782857,2.9,0.352908404624,35.8448468157,,2026-04-22
5453,688758,赛分科技,0.0852,113672797.32,35.9932477869,13.0947,35488485.96,49.66,6.4917,3.328853259192,2.59,-0.022070204306,76.4810489842,化学制药,2026-04-22
5454,688719,爱科赛博,-0.15,159285507.93,25.0596043845,-45.9538,-17567131.11,13.9139573529,-1084.8917,14.579368857944,-1.04,-0.268340751515,36.1889625925,其他电源设备Ⅱ,2026-04-22
5455,688619,罗普特,-0.06,24241336.22,18.2947572296,180.1335,-10001277.14,59.3788631086,92.4255,3.546255850674,-1.51,0.138765990637,4.9757507963,计算机设备,2026-04-22
5456,688552,航天南湖,-0.01,54958469.97,-84.6503906548,-75.5614,-3883624.64,-106.86,29.8297,7.657482495019,-0.15,0.307604469648,20.2805039989,军工电子Ⅱ,2026-04-22
5457,688513,苑东生物,0.29,326262896.49,6.7473272366,4.4855,50831021.88,-16.11,-20.4484,16.92251150498,1.72,0.541292412136,77.4353433069,化学制药,2026-04-22
5458,688378,奥来德,0.3193,235108839.58,53.5496202174,25.1321,80087529.5,214.86,95.6217,7.866744639013,4.36,0.831565552733,54.3342634238,光学光电子,2026-04-22
5459,688359,三孚新科,0.06,157530649.62,25.7370657221,35.6385,5569404.95,3.01,128.9042,6.362932531433,0.94,-0.277506415314,28.1511327522,电子化学品Ⅱ,2026-04-22
5460,688309,恒誉环保,0.5355,172351786.97,180.5467169009,60.6687,42516191.18,414.07,124.0916,10.240514339387,5.35,-0.410674228771,57.8074890789,环保设备Ⅱ,2026-04-22
5461,688276,百克生物,-0.01,147351373.49,-9.2051856057,12.8004,-3474143.66,-426.43,96.67,9.296016643263,-0.09,0.045171631031,80.9510526402,生物制品,2026-04-22
5462,688267,中触媒,0.18,232790044.82,16.9648173129,32.8742,31629959.66,-22.31,-0.4621,16.220709026901,1.11,0.064050354824,35.0549065116,化学制品,2026-04-22
5463,688230,芯导科技,0.25,100041198.47,34.7123057907,-2.8743,29960701.61,24.47,-7.8845,19.131687979082,1.31,-0.032761184014,34.3271907226,半导体,2026-04-22
5464,688198,佰仁医疗,0.3,143555037.4,43.355039387,-39.7909,41375330.43,27.29,-58.9828,9.935838345555,3.07,0.08308118216,88.1658653171,医疗器械,2026-04-22
5465,688186,广大特材,0.02,1017634504.49,-9.2904939878,-10.241,5266418.31,-92.91,112.2828,16.855616417651,0.11,-0.444083548967,14.2901897192,特钢Ⅱ,2026-04-22
5466,688097,博众精工,0.0638,1480672970.92,100.8970389662,-49.1631,28478981.64,191.9331783377,-89.0837,10.74658335241,0.59,-0.807244342911,23.2774239983,自动化设备,2026-04-22
5467,688080,映翰通,0.1262,134437414.98,-10.1013124916,-40.8855,9292663.16,-58.28,-80.0103,15.961827581714,0.79,0.115084623368,50.0323476764,通信设备,2026-04-22
5468,605368,蓝天燃气,0.12,1224355928.35,-12.3038851832,21.2209,85803383.2,-35.01,331.442,4.646472035036,2.58,0.157075552871,14.5802043945,燃气Ⅱ,2026-04-22
5469,605003,众望布艺,0.12,124119342.33,0.6292491199,-25.9895,13691879.57,-40.43,-31.8795,13.369121299545,0.93,0.147244688727,31.4482095113,服装家纺,2026-04-22
5470,605001,威奥股份,0.03,454911471.63,13.2544630402,-14.4691,12206571.97,-26.07,-47.2821,6.964962616128,0.45,0.17328899126,26.0533892002,轨交设备Ⅱ,2026-04-22
5471,603897,长城科技,0.22,3583739400.43,15.934634849,13.986,44607559.9,-18.79,-55.6339,12.283417171908,1.77,0.757729325872,4.6271608217,电网设备,2026-04-22
5472,603893,瑞芯微,0.78,1205453647.35,36.2152026238,-4.3829,329194658.46,57.15,26.4309,11.211266469356,7.23,0.908580913247,43.0420245449,半导体,2026-04-22
5473,603889,新澳股份,0.17,1285259704.7,16.5329972804,11.0153,120058390.99,18.62,16.8875,5.219797533215,3.2,-0.33462651223,20.3786859755,纺织制造,2026-04-22
5474,603856,东宏股份,0.16,523718600.51,0.4293543926,3.9483,44609752.55,4.15,-40.8187,9.909133463149,1.6,0.417340451965,19.6414303425,装修建材,2026-04-22
5475,603848,好太太,0.1,314991566.06,21.6829845251,-34.9719,40631958.86,21.37,-32.2855,6.473432631014,1.57,0.092422537865,43.6278278079,家居用品,2026-04-22
5476,603686,福龙马,0.16,1315358143.59,12.9810032843,-0.9148,65290777.47,2.84,55.8277,8.426568710339,1.88,-0.078546180361,26.2826329228,环境治理,2026-04-22
5477,603638,艾迪精密,0.18,1167668274.69,51.5824484111,42.1054,151439414.32,48.39,95.0278,4.382830551142,4.02,0.011415809882,27.5084530763,工程机械,2026-04-22
5478,603618,杭电股份,0.12,2202460295.29,11.1190030021,-14.1131,80841906.45,279.96,201.9024,3.91309682627,2.94,-0.401734592503,12.2889273309,电网设备,2026-04-22
5479,603606,东方电缆,0.54,2882960300.55,34.2783145222,-13.8189,371542032.26,32.26,3.9462,12.368002965712,4.39,-1.41433457558,23.5643461879,电网设备,2026-04-22
5480,603605,珀莱雅,0.93,2305344625.43,-2.2883682006,-34.1241,366686734.14,-6.05,-22.3206,16.049674238344,5.78,0.270145578163,74.5251343525,化妆品,2026-04-22
5481,603406,天富龙,0.28,736176853.89,-9.959996061,-21.2591,110269071.24,-9.02,-6.2556,11.695885138722,2.38,0.418375934602,19.5471166812,化学纤维,2026-04-22
5482,603380,易德龙,0.19,530172581.16,-3.4540204381,-6.3937,30526636.44,-26.92,-33.9171,10.055898125544,1.91,0.703261081256,24.8276716653,消费电子,2026-04-22
5483,603209,兴通股份,0.34,467508864.38,22.2758321075,4.9798,111471508.62,51.11,46.1241,10.673115260492,3.26,0.534450969354,29.1692445962,航运港口,2026-04-22
5484,603186,华正新材,0.21,1234291571.69,19.83693281,5.1773,30920963.67,68.04,-85.558,14.935708773537,1.59,0.360114668031,12.0206290712,元件,2026-04-22
5485,603181,皇马科技,0.19,657008720.03,8.883335242,12.3703,112420033.13,10.47,13.3253,6.138618848106,3.18,0.106887942348,28.4136297995,化学制品,2026-04-22
5486,603086,先达股份,0.05,634579466.67,16.9148848805,80.3071,21967545.76,1.27,137.1338,4.883011210726,1.04,-0.025879157153,18.0354127373,农化制品,2026-04-22
5487,601899,紫金矿业,0.755,98497579591.0,24.7937696755,3.8133,20079391507.0,97.5,44.3137,7.418933205038,10.35,1.046678580765,36.3257532424,工业金属,2026-04-22
5488,601061,中信金属,0.2809,43195627145.16,52.912754747,12.62,1376518975.45,141.13,278.5258,4.94471921532,5.8,0.644950237796,2.316662109,贸易Ⅱ,2026-04-22
5489,600925,苏能股份,0.0284,3521721036.08,11.7826101653,-9.8708,195531469.09,-3.04,423.9041,2.262057861492,1.27,0.065192083403,25.3798225147,煤炭开采,2026-04-22
5490,600873,梅花生物,0.04,5985631650.28,-4.5134973003,-0.1267,117920964.07,-88.42,-53.8989,5.854420727807,0.72,-0.412074861148,9.5287235611,化学制品,2026-04-22
5491,600869,远东股份,0.0422,5324924992.01,9.2553401895,-32.5816,96628350.39,110.36,188.8199,1.938269172263,2.28,0.04994927039,11.4708882705,电网设备,2026-04-22
5492,600845,宝信软件,0.133,2643942724.49,4.1723208898,-32.5375,381265909.26,-14.25,83.9856,3.978787609426,3.39,0.187836712987,30.7679566129,IT服务Ⅱ,2026-04-22
5493,600835,上海机电,0.17,4259455651.23,1.1296418251,-7.1129,178460115.8,-12.32,103.7424,13.827357014726,1.27,-0.133319533652,16.1469995494,专用设备,2026-04-22
5494,600792,云煤能源,-0.09,1486829538.86,16.1078597843,-2.6503,-97318054.8,-6.2570320855,67.9799,2.19857936076,-3.91,0.136851646906,-2.6011441298,焦炭Ⅱ,2026-04-22
5495,600663,陆家嘴,0.0396,2226820162.72,-47.1978685384,-63.6664,199247605.38,-68.41,21.2938,5.008699182464,0.79,0.646683110385,42.22106196,房地产开发,2026-04-22
5496,600660,福耀玻璃,0.66,10413026492.0,5.0758134692,-16.5992,1711539612.0,-15.68,-23.8791,14.998234786697,4.46,0.136796169671,37.3790704844,汽车零部件,2026-04-22
5497,600638,新黄浦,0.2054,236657174.46,-14.9513003394,-87.1857,138307275.21,78.26,299.7179,6.944462604548,3.0,0.483711353784,22.8892565475,房地产开发,2026-04-22
5498,600595,中孚实业,0.2,6639564535.88,32.2262089537,3.1657,821413561.58,256.61,91.0141,4.474999134044,4.69,-0.021082038995,20.4767825502,工业金属,2026-04-22
5499,600573,惠泉啤酒,0.033,150646830.36,6.6071972313,133.3058,8224455.29,30.2,144.2968,5.46323857836,0.6,-0.00094449404,32.8668908278,非白酒,2026-04-22
5500,600509,天富能源,0.1274,2128483729.58,-3.6878946069,-13.3334,175135664.66,-3.0,221.5062,5.654910428305,2.28,0.130813391814,21.674970817,电力,2026-04-22
5501,600493,凤竹纺织,-0.0248,200601690.96,3.7620450599,-14.0175,-6754148.82,-339.16,-26769.4902,4.099278418382,-0.6039,0.029950462463,10.6389764901,纺织制造,2026-04-22
5502,600388,龙净环保,0.19,2374279334.97,20.7748168609,-40.8552,244154692.22,31.89,-26.4387,8.834642568608,2.2,-0.189412915668,25.671474028,环保设备Ⅱ,2026-04-22
5503,600346,恒力石化,0.56,49210215542.69,-13.7358984565,12.8156,3910193101.74,90.65,90.5494,10.044641327419,5.69,0.645861773374,13.9763532324,炼化及贸易,2026-04-22
5504,600312,平高电气,0.3057,2449947830.13,-2.4052068334,-39.9724,414846479.1,15.75,201.6907,8.598835715064,3.62,-0.762587342668,29.4218696547,电网设备,2026-04-22
5505,600301,华锡有色,0.288,1157351404.23,-7.0126096963,-30.4726,181893250.82,18.54,-40.6647,7.876339162134,3.72,0.315596246389,41.5089259696,小金属,2026-04-22
5506,600118,中国卫星,-0.04,609139977.76,37.8932190157,-79.6986,-42690237.93,-77.067997419,-305.7829,5.348829615758,-0.67,-0.125836582,14.0231344369,航天装备Ⅱ,2026-04-22
5507,600050,中国联通,0.068,102824251223.0,-0.5123380109,3.6141,2136922138.0,-18.0,502.3318,5.460009316998,1.24,0.241293569228,23.7279216486,通信服务,2026-04-22
5508,301678,新恒汇,0.04,273207166.52,13.5447753555,22.4628,9892858.22,-80.72,57.3558,8.017280678549,0.51,-0.223179079023,16.4992435682,半导体,2026-04-22
5509,301629,矽电股份,-0.25,31380326.81,-66.0264583696,-75.861,-10398831.64,-190.39,-137.4522,28.341440109411,-0.88,-0.941472365293,31.0758913349,半导体,2026-04-22
5510,301469,恒达新材,0.28,257016659.32,5.9907947133,-27.5463,25027432.56,89.14,-1.6537,15.764265625168,1.78,-0.098163531292,17.3699526514,造纸,2026-04-22
5511,301319,唯特偶,0.2391,394362185.16,27.4396119659,-11.038,29753225.64,36.72,221.3521,9.769500334542,2.48,-1.041204356421,17.714157315,电子化学品Ⅱ,2026-04-22
5512,301287,康力源,0.13,135656682.78,-2.3567890323,-31.423,8664795.04,-53.77,-31.938,17.685235982151,0.74,0.396069832608,32.8626535209,文娱用品,2026-04-22
5513,301099,雅创电子,0.49,2216762707.36,63.5834917926,13.2941,68423260.15,642.29,57.9428,9.785700794194,4.95,-1.630772657755,11.8477486105,其他电子Ⅱ,2026-04-22
5514,300970,华绿生物,0.91,414243699.16,53.0855621976,-2.352,109891608.16,7014.32,16.9871,14.231028376197,6.49,1.192733111409,32.1329377296,种植业,2026-04-22
5515,300890,翔丰华,0.1967,536579537.2,75.3393126617,-1.4037,23436799.06,387.54,-31.5132,17.940498497413,1.04,-0.544010743799,15.5131941733,电池,2026-04-22
5516,300888,稳健医疗,0.43,2679328547.73,2.840912877,-12.2224,251490441.26,1.18,597.1883,20.176030947603,2.16,-0.226947937517,48.922319243,个护用品,2026-04-22
5517,300883,龙利得,-0.0098,207872788.07,1.1780013489,-14.0891,-3385011.03,-293.16,58.8243,4.07837639737,-0.24,0.012259936705,15.4965852429,包装印刷,2026-04-22
5518,300858,科拓生物,0.06,84995927.91,9.5126825451,-13.7391,14951299.74,-26.46,-18.2426,7.050526765016,0.81,0.027134845512,45.4101030121,化学制品,2026-04-22
5519,300796,贝斯美,0.01,353132335.44,-16.4239874876,-14.5204,2964135.86,-88.59,141.7605,4.751861421565,0.17,-0.181539067785,17.0203226632,农化制品,2026-04-22
5520,300725,药石科技,0.21,508031084.22,11.6507399523,-8.5326,48886603.99,36.59,-30.5044,23.518190503437,0.83,0.240294177889,32.1415350206,医疗服务,2026-04-22
5521,300710,万隆光电,-0.0915,46526366.85,-19.2628068155,-32.816,-9107891.15,-143.1,52.0385,4.355901483964,-2.08,0.130448347628,29.3321739993,通信设备,2026-04-22
5522,300698,万马科技,0.0452,167371013.7,11.8789932144,-0.2733,6061885.96,21.0,-57.785,3.994386619627,1.14,-0.261409296119,27.8056283111,通信设备,2026-04-22
5523,300694,蠡湖股份,0.07,291283740.6,-7.7047099703,-21.4943,14866325.33,113.69,-85.7835,6.977127538813,0.99,-0.010106668309,19.8590585595,汽车零部件,2026-04-22
5524,300667,必创科技,-0.01,118565124.23,4.092085333,-58.883,-1186087.23,91.93,98.7888,5.050195152966,-0.11,-0.205405304732,34.8813490464,通用设备,2026-04-22
5525,300628,亿联网络,0.5177,1432034328.38,18.8259054501,-17.4543,655796054.24,16.68,2.0705,7.881250927317,6.79,0.19992704052,65.237071977,通信设备,2026-04-22
5526,300623,捷捷微电,0.12,919760591.62,31.4097967072,-7.3373,100234061.01,-10.32,-22.76,7.37075174827,1.65,0.156643202779,27.7871607034,半导体,2026-04-22
5527,300601,康泰生物,0.03,631111744.14,-2.1839698926,3.522,33339022.65,48.61,57.4616,8.195694392769,0.35,-0.088882848617,71.0980601465,生物制品,2026-04-22
5528,300578,会畅科技,-0.06,87836275.46,-21.5922305363,-26.9773,-11964105.59,-281.48,50.2129,5.815216828549,-1.03,-0.162441923311,30.4307227282,通信服务,2026-04-22
5529,300553,集智股份,0.06,73316798.07,-6.7682203216,-0.9122,6603836.64,-21.63,151.4702,7.648926957566,0.78,0.048872836923,40.8682061393,通用设备,2026-04-22
5530,300546,雄帝科技,-0.12,63720244.55,9.4430418618,-74.8402,-21945386.89,-109.48,-215.8871,6.013113451651,-1.94,-0.313756209088,45.4113766266,计算机设备,2026-04-22
5531,300508,维宏股份,-0.1647,117321883.89,-0.7620627481,-20.4567,-17928308.77,-236.69,-236.8589,7.808551898626,-2.09,0.043765085052,52.9813224856,计算机设备,2026-04-22
5532,300498,温氏股份,-0.161,24530791868.66,0.3060310072,-12.5308,-1070082952.75,-153.15,-10214.3207,5.94583923737,-2.59,0.193728258029,2.7078569373,养殖业,2026-04-22
5533,300458,全志科技,0.25,911959280.39,47.1240656517,34.6565,203030428.89,121.77,1344.6865,4.022005056079,6.31,0.212740548956,40.2106220415,半导体,2026-04-22
5534,300437,清水源,-0.0041,261607639.95,27.9185885479,8.7877,-1033903.38,80.02,75.2325,5.642216207286,-0.07,-0.084361116491,12.7744856291,环境治理,2026-04-22
5535,300398,飞凯材料,0.23,872726142.15,24.5630334843,-1.2495,131201714.07,9.57,31.8458,8.895330031152,2.64,0.40676462165,39.6403161509,电子化学品Ⅱ,2026-04-22
5536,300270,中威电子,0.0067,18319123.22,32.7001597111,-81.2789,2028021.28,114.68,113.5358,1.817811273361,0.37,0.168137366737,39.9673145492,计算机设备,2026-04-22
5537,300251,光线传媒,0.01,190613452.81,-93.5918186359,-55.0197,23275590.8,-98.85,103.5081,3.420132266952,0.23,-0.007338108289,44.129931807,影视院线,2026-04-22
5538,300232,洲明科技,-0.08,1400279284.81,-11.1667304192,-43.3106,-82956754.22,-252.0,-31.7043,4.157441445419,-1.82,-0.225575207434,23.2707547898,光学光电子,2026-04-22
5539,300224,正海磁材,0.05,1364673786.8,-6.453837506,-33.6874,47049055.96,-32.29,-40.7475,5.579297241402,0.91,0.297553878522,12.7342463811,金属新材料,2026-04-22
5540,300200,高盟新材,0.06,331448993.65,15.8236446911,-9.859,24639218.94,-36.2,334.8797,3.841214774777,1.51,-0.144468306807,22.8622008097,化学制品,2026-04-22
5541,300125,*ST聆达,-0.0122,9117369.83,219.1010214724,-74.5261,-8103394.47,69.9,-105.4664,1.568597812753,,-0.041044819965,9.3385259771,电力,2026-04-22
5542,300065,海兰信,0.0023,91365333.25,-73.6279483341,-33.0696,1679965.68,-95.17,250.9592,2.434642741982,0.1,-0.066398711028,37.3601874648,航海装备Ⅱ,2026-04-22
5543,300030,阳普医疗,0.07,95314773.95,-17.501693978,-30.4418,21679634.29,177.64,327.8778,2.076565690931,3.43,0.092734437892,50.6076357012,医疗器械,2026-04-22
5544,200521,虹美菱B,0.0691,7322896084.98,-0.5051370121,46.02,70245592.67,-61.33,190.0625,5.928132174915,1.29,-0.829806537293,9.514020359,白色家电,2026-04-22
5545,200030,富奥B,0.07,3751777940.11,3.4396732665,-28.7746,124688149.68,-23.64,-52.5506,4.962605210069,1.47,-0.222001359998,10.7751868891,汽车零部件,2026-04-22
5546,002991,甘源食品,0.73,617513875.41,22.513423218,9.6734,66330103.03,25.73,26.9369,19.088313185558,3.8,1.353882007446,33.9143953407,休闲食品,2026-04-22
5547,002983,芯瑞达,0.14,226100256.47,-12.5521336282,-11.7506,30461321.46,-33.78,-2.1975,6.207652652708,2.2,0.234463608855,21.8887686298,光学光电子,2026-04-22
5548,002967,广电计量,0.0288,713137088.56,15.3879322891,-39.9435,16930968.57,251.01,-90.8835,7.721624213215,0.38,-0.158791864788,40.2357241873,专业服务,2026-04-22
5549,002942,新农股份,0.3,342811361.6,13.105556262,26.2357,46109195.31,10.52,681.5954,8.184833665313,3.69,-0.079870852256,32.5644113599,农化制品,2026-04-22
5550,002846,英联股份,0.0298,586042670.99,19.378707237,-4.4974,12524228.07,13.41,14752.7186,3.393690488991,0.88,0.336837991374,11.7584596414,包装印刷,2026-04-22
5551,002800,天顺股份,0.0116,232984161.67,-5.2234404002,-34.3479,1767278.76,-8.65,115.8364,3.244999928442,0.36,-0.593327905638,8.1744970746,物流,2026-04-22
5552,002772,众兴菌业,0.4342,601974986.58,27.3644488376,-3.3711,162699178.39,237.55,24.5639,9.70151377183,4.53,0.41200378066,39.3488573031,种植业,2026-04-22
5553,002735,王子新材,0.03,527230145.1,1.9408682085,-10.8414,10082978.75,19.8,105.728,4.164536762216,0.64,-0.044667229723,12.0716250221,包装印刷,2026-04-22
5554,002714,牧原股份,-0.22,29893668691.43,-17.1030416491,-7.6072,-1214841304.35,-127.05,-271.5911,14.942398518137,-1.57,-0.159357723418,5.1719220171,养殖业,2026-04-22
5555,002588,史丹利,0.3,4060009509.02,19.2214965758,35.6213,341612818.43,18.54,56.668,6.859485193099,4.42,-0.313783120723,17.3219376572,农化制品,2026-04-22
5556,002549,凯美特气,0.0154,153650604.17,-5.5555470373,8.64,10732041.78,-66.2,256.8455,2.984002807999,0.52,-0.010188907164,30.9116869644,化学制品,2026-04-22
5557,002490,山东墨龙,0.007,665909838.52,128.5270172146,17.4736,5583952.25,2.96,2127.6719,0.631362889642,1.11,0.114530271428,10.2464085576,专用设备,2026-04-22
5558,002408,齐翔腾达,-0.032,5893806089.59,4.9069582644,6.0393,-91630048.69,-1796.62,78.6285,3.855101751545,-0.83,0.086347689601,4.8169590191,炼化及贸易,2026-04-22
5559,002391,长青股份,0.0492,996835572.11,8.3459806547,39.0012,30726185.48,84.1,361.3985,6.590999526657,0.72,-0.153892806575,16.0698704502,农化制品,2026-04-22
5560,002302,西部建设,-0.1785,3180426902.97,-14.9209147192,-24.7633,-225372572.23,11.17,57.6269,6.140750599849,-2.87,-0.575596373782,1.1886122754,水泥,2026-04-22
5561,002298,中电鑫龙,0.058,413217985.07,-13.3173791176,63.5461,42948002.96,1.73,109.5342,2.52111338483,2.33,-0.042939217929,27.6243918039,电网设备,2026-04-22
5562,002219,新里程,0.006,719980736.52,-9.5674453136,-9.4608,20465147.12,-20.22,-69.2504,0.582316547691,1.04,-0.003799325824,30.539072065,医疗服务,2026-04-22
5563,002204,大连重工,0.109,4047754405.17,15.4055591413,-10.808,208454695.53,16.17,123.3998,4.164307092904,2.63,0.274514014645,17.0036713166,专用设备,2026-04-22
5564,002169,智光电气,0.0294,1040393070.46,58.2806389942,-20.8855,22795567.75,161.55,-87.7957,3.572201039656,0.81,-0.476421904623,20.5256667065,电网设备,2026-04-22
5565,002167,东方锆业,0.0261,301681053.49,6.071106696,-5.085,20245579.41,7.41,43.5705,2.296941465092,1.14,0.048081950753,19.4992693341,小金属,2026-04-22
5566,002162,悦心健康,-0.0037,210618689.84,7.5903155568,-27.5136,-3366972.78,59.57,-192.4292,0.888144414799,-0.41,-0.009648097858,26.4909867602,家居用品,2026-04-22
5567,002108,沧州明珠,0.0268,698235789.78,20.5997528939,-9.6072,44219493.36,-8.45,220.148,3.056873626065,0.88,-0.082627966392,11.4285931369,塑料,2026-04-22
5568,002069,獐子岛,0.0036,317359362.08,-22.6074216262,62.9797,2558479.76,263.86,-88.1645,0.038606854842,6.65,-0.056548389859,16.5196772222,渔业,2026-04-22
5569,002066,瑞泰科技,-0.0136,826145520.0,-15.7410010626,-19.6771,-3196074.01,-119.39,94.6614,2.64863481399,-0.51,-0.864018157611,11.846945848,装修建材,2026-04-22
5570,002064,华峰化学,0.13,6766720935.98,7.172966527,11.1352,668622687.7,32.58,68.8272,5.633021194984,2.42,0.093400497715,18.4582848115,化学纤维,2026-04-22
5571,001333,光华股份,0.19,393867160.09,-0.0114729304,-11.2329,24582388.98,-3.75,-33.4612,13.868409236875,1.39,-0.108988979766,13.6066607451,塑料,2026-04-22
5572,000975,山金国际,0.5023,5938046889.89,37.4083960136,182.3889,1393833455.85,100.89,172.1853,5.848105843283,8.93,0.896722235254,40.667789277,贵金属,2026-04-22
5573,000913,钱江摩托,-0.0744,1023028969.83,-23.3245764929,3.5039,-38919732.0,-144.89,-105.9254,10.119706700064,-0.73,-0.416827969259,19.5803734417,摩托车及其他,2026-04-22
5574,000661,长春高新,0.69,2587258530.61,-13.6855042095,13.6493,275742653.43,-41.67,127.3037,54.619752051472,1.25,2.69152666503,77.9549918896,生物制品,2026-04-22
5575,000521,长虹美菱,0.0691,7322896084.98,-0.5051370121,46.02,70245592.67,-61.33,190.0625,5.928132174915,1.29,-0.829806537293,9.514020359,白色家电,2026-04-22
5576,000030,富奥股份,0.07,3751777940.11,3.4396732665,-28.7746,124688149.68,-23.64,-52.5506,4.962605210069,1.47,-0.222001359998,10.7751868891,汽车零部件,2026-04-22
5577,920855,浙江大农,0.09,61501345.26,-10.0541311663,-3.0371,6386438.24,-53.0,223.2363,7.791951015887,1.1,0.189347683985,29.5311764047,专用设备,2026-04-21
5578,920541,铁大科技,0.1382,68839050.51,11.7316923228,-53.8794,18887560.53,20.34,-49.1126,3.558332943014,3.96,-0.04645033899,47.4271388959,轨交设备Ⅱ,2026-04-21
5579,920509,同惠电子,0.07,44128588.23,12.8851276076,-45.3866,11453903.69,15.4,-53.9679,2.378488988626,3.05,-0.000779499688,58.8770464729,通用设备,2026-04-21
5580,920249,利尔达,0.04,647981235.89,23.2651286578,1.9053,14758594.49,396.67,-40.7771,1.837859559614,1.92,0.061559471029,15.1306678187,通信设备,2026-04-21
5581,920245,威博液压,0.17,85010855.14,10.581253961,-11.5582,8629186.92,51.11,360.7874,7.148527276185,2.46,0.157001947077,21.1677687871,工程机械,2026-04-21
5582,920237,力佳科技,0.08,71920347.58,-13.5724518648,-12.8857,6994827.17,-23.93,-36.6458,6.12567567633,1.3,0.225786760702,26.3035818048,电池,2026-04-21
5583,920165,珈凯生物,0.47,74949661.97,20.2112868802,10.4664,19303319.95,34.3158743035,1.7692,11.261442229847,4.27,0.375905650878,65.3729776655,化妆品,2026-04-21
5584,920003,中诚咨询,0.65,112285324.74,-3.686382593,,42011322.96,17.92,,10.119509496558,6.5,0.097035710168,51.1451991638,工程咨询服务Ⅱ,2026-04-21
5585,874687,珈凯生物,0.47,74949661.97,20.2112868802,10.4664,19303319.95,34.3158743035,1.7692,11.261442229847,4.27,0.375905650878,65.3729776655,,2026-04-21
5586,688799,华纳药厂,0.2,324546325.12,-3.4757761677,-22.4328,26876979.68,-34.79,-13.7336,15.807422806046,1.28,0.55629772784,57.2820270731,化学制药,2026-04-21
5587,688783,西安奕材,-0.04,723278008.43,10.5668242663,0.9439,-158324184.82,-9.3114498687,12.2127,3.038236077624,-1.28,0.038201221571,2.5810555751,半导体,2026-04-21
5588,688660,电气风电,-0.2,1285260966.6,66.8934627734,-86.3545,-269970582.55,-44.1082725294,-4.9454,2.908478806606,-6.73,-0.731679968634,3.5302029836,风电设备,2026-04-21
5589,688612,威迈斯,0.31,1363641341.66,0.7530848995,-21.8221,131109844.46,30.01,-1.3767,8.950915694629,3.55,-0.358252324616,24.0297063179,汽车零部件,2026-04-21
5590,688591,泰凌微,0.04,233678170.95,1.5787353119,-6.0278,8288109.52,-76.79,166.7826,10.199151388804,0.34,-0.138700261925,48.378868728,半导体,2026-04-21
5591,688528,秦川物联,-0.15,62002294.16,10.3080985473,21.7674,-23539832.66,21.1279383409,48.7615,2.649220193036,-5.29,-0.17724785494,13.6870796556,通用设备,2026-04-21
5592,688469,芯联集成,-0.01,1962333905.66,13.1886522576,-28.8437,-88363117.63,51.53,32.9797,1.547155213455,-0.68,0.022458689385,5.6853103439,半导体,2026-04-21
5593,688448,磁谷科技,-0.07,42437344.47,11.8433051828,-67.213,-4823991.15,-10.3546722403,-572.1435,14.086976615126,-0.48,-0.382225475526,28.8328458409,通用设备,2026-04-21
5594,688369,致远互联,-0.56,128544330.26,22.2132424861,-63.1547,-64990884.95,2.9717893601,-407.7024,6.629324831172,-8.19,-1.208260945455,57.6149962742,软件开发,2026-04-21
5595,688362,甬矽电子,0.07,1172152211.44,23.9737759121,-4.5798,26607565.62,8.15,43.0213,6.353550572186,1.01,0.953549861816,17.5109621529,半导体,2026-04-21
5596,688337,普源精电,0.12,231563878.78,37.9976217598,-23.537,23150327.73,512.01,-49.0332,16.400225520523,0.73,-0.045526949695,58.1024046535,通用设备,2026-04-21
5597,688329,艾隆科技,-0.34,41510621.72,-25.963763695,-74.3398,-23112247.26,-63.1503176952,-218.3976,9.781926757124,-3.0,-0.454016533549,38.3112491961,自动化设备,2026-04-21
5598,688168,安博通,0.16,208077667.74,-32.467893921,272.706,12098702.51,124.852238828,151.5376,12.961867132377,1.21,-0.733601978436,30.3520999471,软件开发,2026-04-21
5599,688158,优刻得,0.01,438749438.92,16.7693786267,-7.0843,2740741.28,106.1269546259,-72.2369,5.307077172608,0.11,0.003931972763,29.3435175682,IT服务Ⅱ,2026-04-21
5600,688146,中船特气,0.19,701420185.02,36.00309787,7.4594,101286840.0,16.86,1.263,11.083555879269,1.74,-0.242193718438,30.2047108274,半导体,2026-04-21
5601,688088,虹软科技,0.13,227128363.89,8.5392269127,-23.1179,54083641.61,8.9,-53.6513,6.909283271348,1.96,-0.01984261117,90.3962730694,IT服务Ⅱ,2026-04-21
5602,688027,国盾量子,-0.18,22999494.95,17.8018722464,-80.9489,-19013597.45,6.3649559444,-159.6758,31.36386675782,-0.59,-0.495004364677,54.3594054877,通信设备,2026-04-21
5603,688018,乐鑫科技,0.816,647971431.84,16.1551642483,-0.7744,135642156.35,44.76,12.0293,26.897422848733,3.01,0.020445380336,48.5086698803,半导体,2026-04-21
5604,605338,巴比食品,0.2,380004628.07,2.8229852023,-24.4042,47211624.9,26.93,-34.2656,9.954119776106,2.0,0.029519013752,27.9111436402,食品加工,2026-04-21
5605,605188,国光连锁,0.0529,805923588.66,1.1976258827,18.0226,26561689.88,22.13,537.3612,2.436947348696,2.19,0.203271283934,21.9229775435,一般零售,2026-04-21
5606,605179,一鸣食品,0.0394,641158940.43,-1.9839340081,-15.4596,15815764.3,18.86,230.4854,2.870427945786,1.38,0.109788917531,26.8338374826,饮料乳品,2026-04-21
5607,605020,永和股份,0.35,1323831692.88,16.3702033174,-6.8097,180278992.46,85.11,95.1351,11.614767729197,3.09,0.405627155233,27.2127812574,化学制品,2026-04-21
5608,603466,风语筑,0.07,299933562.87,-21.5458299318,-9.2927,42607853.37,5.79,159.9474,3.497022824989,2.03,-0.086296824697,34.4118025513,数字媒体,2026-04-21
5609,603319,美湖股份,0.06,543057915.49,3.6881986359,-12.5417,22164101.05,-59.25,189.605,7.261126063342,0.89,-0.100422044393,21.5184889598,汽车零部件,2026-04-21
5610,603281,江瀚新材,0.28,515749850.27,4.9075631148,18.9964,103367906.3,7.01,7.7496,13.120348249615,2.13,0.080997196918,27.8459839872,化学制品,2026-04-21
5611,603151,邦基科技,0.0236,1444804022.63,34.2929995383,-6.8366,4042246.33,-85.56,-13.7726,8.085683374281,0.29,0.394902219708,6.511611192,饲料,2026-04-21
5612,603123,翠微股份,-0.04,543139061.31,-3.9976925077,-10.9418,-30375282.77,62.92,82.0854,2.039403048212,-1.847,-0.018933265571,22.219880043,多元金融,2026-04-21
5613,603093,南华期货,0.29,433131272.91,60.6553235036,-3.091,204762958.01,138.82,51.8847,8.021336116678,3.61,7.40928956424,,多元金融,2026-04-21
5614,603081,大丰实业,0.01,366150645.76,26.1536829952,-46.8595,3794016.2,-88.41,188.4468,7.567376141461,0.12,-0.157635689676,29.0247052492,专用设备,2026-04-21
5615,603077,和邦生物,0.0218,1387806236.79,-19.580812612,10.0568,173589052.64,1286.79,127.575,2.008485955822,0.966,0.002560546987,24.3650896815,农化制品,2026-04-21
5616,603071,物产环能,0.31,7790134850.81,-21.696316875,-24.5475,172712352.28,11.73,-7.0389,10.668372464288,2.94,-0.969949623091,8.9608337052,贸易Ⅱ,2026-04-21
5617,603049,中策橡胶,1.39,11190703420.39,5.1677045828,-0.7353,1219621064.1,5.91,92.2907,29.225635682933,4.89,0.711155991159,23.0330805931,汽车零部件,2026-04-21
5618,601677,明泰铝业,0.55,9766789470.5,20.2169079241,5.4531,702045972.45,59.68,26.3593,15.933210618297,3.61,0.141724841646,9.8446225595,工业金属,2026-04-21
5619,600941,中国移动,1.36,266478000000.0,1.0304822566,4.2881,29342000000.0,-4.2,34.9554,65.69419230145,2.1,3.298958760221,25.3506856101,通信服务,2026-04-21
5620,600930,华电新能,0.05,10587503120.0,9.9643875593,11.4332,2061318117.0,-29.44,566.1991,2.647693448864,1.74,0.142411721028,40.8081369614,电力,2026-04-21
5621,600929,雪天盐业,0.0091,1300536707.91,-2.1246164167,-40.2769,14867503.36,-55.47,-66.5055,4.611559656158,0.2,0.075069067291,20.1517637531,化学原料,2026-04-21
5622,600888,新疆众和,0.1885,1788007607.33,-4.8468360769,-7.6999,264651895.74,19.52,101.5605,8.242723107638,2.26,0.033566693855,20.6985769704,工业金属,2026-04-21
5623,600782,新钢股份,-0.229,7358790153.29,-15.8872866685,-14.2724,-730576280.99,-5959.0943886016,-131.4783,7.977738130891,-5.216,-0.805736323639,-3.5098440851,普钢,2026-04-21
5624,600740,山西焦化,-0.0071,1462861653.57,-13.0136896253,-7.9684,-18204773.19,74.0890998891,-113.6686,5.943101375966,-0.12,-0.011475907193,-5.4729642625,焦炭Ⅱ,2026-04-21
5625,600711,盛屯矿业,0.33,9354385578.16,65.0765357537,12.8965,1020269753.72,250.4,292.7745,5.65520735076,6.009,0.265561744226,24.4520081834,工业金属,2026-04-21
5626,600510,黑牡丹,0.05,451671161.41,-26.5619132103,-78.3351,56000671.07,46.12,1761.7207,10.229734044128,0.37,-0.354084922975,10.661929544,房地产开发,2026-04-21
5627,600389,江山股份,0.42,1944547455.75,11.3741103476,49.5696,182664566.45,17.46,70.0798,9.705253664577,4.47,-0.075038711274,16.5259374519,农化制品,2026-04-21
5628,600365,ST通葡,-0.025,190115574.53,-3.0292185358,-0.0906,-11516888.97,-984.9307841023,66.9534,0.485068105301,-5.12,-0.158103142017,19.2443302399,非白酒,2026-04-21
5629,600360,华微电子,0.06,666163083.61,3.6126523297,30.4645,57901878.21,5.44,146.8815,3.659573954732,1.66,0.011180075114,21.1469572911,半导体,2026-04-21
5630,600309,万华化学,1.19,54052165361.36,25.5046732178,-8.3998,3717707873.93,20.62,10.3206,35.585375711787,3.38,2.19037832317,14.7280439014,化学制品,2026-04-21
5631,600226,亨通股份,0.02,696647253.48,82.2067437227,18.4769,71816771.77,2.45,485.4737,1.245935286135,1.96,-0.100436966717,7.0489908895,电力,2026-04-21
5632,600203,福日电子,0.08,3955184425.72,97.2605995682,-13.0354,46419539.22,215.2265490216,134.1652,2.782544242719,2.86,-0.537374903177,6.1532175369,消费电子,2026-04-21
5633,600169,ST太重,0.0077,2824302461.98,0.1955681696,-15.7166,25723558.35,28.12,-83.0515,1.559280484372,0.49,0.134451273075,15.1453767388,专用设备,2026-04-21
5634,600143,金发科技,0.1186,15589692270.51,-0.4870901113,-1.209,305137598.84,23.72,257.772,7.48752697903,1.67,0.53517752114,13.2567211014,塑料,2026-04-21
5635,600114,东睦股份,0.2,1536918804.55,5.3179543778,-5.186,125872221.42,12.69,4.4633,5.644932406126,3.62,0.426663784504,26.5096844234,通用设备,2026-04-21
5636,600105,永鼎股份,0.1086,1245669271.4,41.9165829318,-24.7977,158826196.83,-45.19,266.3875,2.269643669055,4.89,0.17700614216,26.1967086836,通信设备,2026-04-21
5637,301608,博实结,0.6192,418161767.32,20.3286297894,-4.8777,55103121.14,36.72,1.5743,24.994669910552,2.51,-0.05856846331,24.538936127,计算机设备,2026-04-21
5638,301598,博科测试,0.3001,87516510.74,-0.8472662233,-56.4106,17676487.7,25.42,-58.5452,17.088768902398,1.77,0.239579606665,51.1705687091,专用设备,2026-04-21
5639,301584,建发致新,0.15,4522645064.03,0.1516930338,-1.02,65178520.96,32.44,63.7714,5.147588271913,3.05,-0.872735228128,8.0373090027,医药商业,2026-04-21
5640,301581,黄山谷捷,0.1,214332115.73,12.3062088227,-19.9037,8177160.6,-63.31,64.1336,12.72042582075,0.8,-1.276494646,7.4099011881,汽车零部件,2026-04-21
5641,301421,波长光电,0.0559,97888657.5,-1.355353565,-17.9156,6473154.36,-0.6,-33.4522,10.423798515788,0.54,0.127918059766,31.6430723549,光学光电子,2026-04-21
5642,301399,英特科技,-0.02,96172301.9,7.096784189,-35.7891,-2799424.93,-138.51,-126.9691,7.132733810075,-0.21,-0.013580507188,16.339992357,通用设备,2026-04-21
5643,301363,美好医疗,0.1,403077520.81,36.2867119044,-6.4812,56683601.11,9.27,-24.2994,6.652707720156,1.51,0.124449021481,41.3139602391,医疗器械,2026-04-21
5644,301290,东星医疗,0.18,90470397.6,15.7110729063,-12.8033,17916413.08,48.51,17.3971,21.617189918826,0.83,-0.009034449727,50.227413171,医疗器械,2026-04-21
5645,301219,腾远钴业,1.8,2558578635.27,75.1256309993,-1.1401,531034314.13,330.11,47.6532,33.485663082344,5.52,-3.256875770107,34.6025061065,能源金属,2026-04-21
5646,301200,大族数控,0.73,1955152850.95,103.6938649546,4.547,322917809.55,176.53,-2.8997,23.163393445462,3.74,-1.335246229214,33.1220107459,专用设备,2026-04-21
5647,301165,锐捷网络,0.1545,2999089577.27,18.2616437069,-17.5161,122924259.41,14.59,672.8437,6.452911951116,2.43,-1.845625919744,35.6968285004,通信设备,2026-04-21
5648,301082,久盛电气,-0.0301,380696671.05,-19.1326585235,-22.0281,-6809296.89,-2.87,-255.6146,4.563619503114,-0.66,0.109026052916,10.2323510848,电网设备,2026-04-21
5649,301080,百普赛斯,0.2767,235586066.07,26.3261226374,4.6434,46257059.62,13.99,39.5757,16.161981676084,1.73,0.238803710985,90.3501034296,生物制品,2026-04-21
5650,301049,超越科技,-0.1883,31418266.39,-35.7030864853,-29.0222,-17750843.6,38.74,66.7335,5.594049410602,-3.31,-0.061016421127,-30.4620595904,环境治理,2026-04-21
5651,301020,密封科技,0.2,163138454.42,7.3817423776,19.5822,29995185.98,11.89,99.4507,6.896392491189,3.02,0.135166755464,31.0227418422,汽车零部件,2026-04-21
5652,300927,江天化学,0.0893,387367868.14,10.543954161,-12.5639,12887093.25,1473.96,14.0639,6.817940832918,1.32,0.385764408423,8.8555015352,化学原料,2026-04-21
5653,300908,仲景食品,0.3679,295695831.21,6.7847386866,15.2603,53711356.22,10.93,41.5486,12.684709829178,2.94,0.326558499247,44.463748316,调味发酵品Ⅱ,2026-04-21
5654,300880,迦南智能,0.064,164449274.61,7.7591570942,28.6036,12484546.13,-27.41,0.8194,5.498078040393,1.17,-0.33736820832,21.4973711522,电网设备,2026-04-21
5655,300841,康华生物,0.2106,172451817.58,25.0169414058,-46.9278,27363417.47,32.14,-11.1208,27.43292204141,0.77,0.160624662694,90.9792909589,生物制品,2026-04-21
5656,300801,泰和科技,0.3996,730077315.71,11.664156646,5.6473,86032561.54,202.43,718.7727,11.839385103008,3.38,-0.016687215263,19.2035658393,化学制品,2026-04-21
5657,300743,天地数码,0.26,220233533.74,10.3197543575,-1.1366,39430368.55,23.08,130.0496,4.479886099329,5.99,0.211079548006,30.5570286038,计算机设备,2026-04-21
5658,300690,双一科技,0.13,228632592.08,18.4202556604,-17.714,21251540.16,-29.81,40.1643,9.797893687167,1.32,-0.40718648079,28.0685902286,风电设备,2026-04-21
5659,300668,杰恩股份,-0.054,51285974.44,-42.2398963572,-68.0972,-6502067.82,-301.41,-131.2255,6.477590940162,-0.84,-0.262945432219,11.2333402902,工程咨询服务Ⅱ,2026-04-21
5660,300593,新雷能,-0.08,323650265.53,38.7690376443,24.7008,-43070970.36,1.53,59.2093,4.228491309973,-1.87,-0.029310026366,37.1766327282,其他电源设备Ⅱ,2026-04-21
5661,300523,辰安科技,-0.13,222925694.86,11.1889025136,-68.1728,-29719223.17,12.33,63.392,4.16053889917,-3.04,-0.554529815378,36.0550748134,IT服务Ⅱ,2026-04-21
5662,300519,新光药业,0.16,88469330.56,-5.1268206361,48.0875,26367975.34,7.44,197.0946,5.402702914938,3.1,0.323773089,45.3653985805,中药Ⅱ,2026-04-21
5663,300515,三德科技,0.161,127740303.71,18.1734080236,-44.4516,33131654.79,18.03,-51.6228,4.687324325543,3.5,-0.051762008607,58.6829497605,通用设备,2026-04-21
5664,300503,昊志机电,0.3,495900577.61,72.8762662654,9.8256,90933703.71,483.54,4013.1967,4.781422601868,6.37,0.060903372074,42.148180056,通用设备,2026-04-21
5665,300435,中泰股份,0.11,564969073.82,-21.3292639615,-11.1364,42547571.28,-57.55,-62.9516,8.977951634739,1.24,0.057192646631,19.1026748279,专用设备,2026-04-21
5666,300394,天孚通信,0.6331,1330270175.36,40.8242783073,6.8465,492218878.05,45.79,-10.8154,7.691983663774,8.57,0.234465319722,56.6039337232,通信设备,2026-04-21
5667,300377,赢时胜,-0.1168,282296696.48,7.5197994355,-35.332,-87690386.92,-25.77,-320.5518,3.203826276052,-3.58,-0.303953683452,24.3411675081,软件开发,2026-04-21
5668,300354,东华测试,0.197,105332252.07,-3.1553962605,-27.8359,27247600.41,-5.65,-23.6191,6.404385892701,3.12,-0.15219352255,68.8318112213,通用设备,2026-04-21
5669,300258,精锻科技,0.005,447477680.5,-12.6817735013,-18.1705,2938805.27,-92.69,-91.9842,8.041428152171,0.06,0.010191367298,23.693940107,汽车零部件,2026-04-21
5670,300249,依米康,0.0213,417323468.79,31.1049539879,7.5795,9384594.94,33.32,218.3281,0.722912347209,3.01,-0.267389156831,16.6466923036,计算机设备,2026-04-21
5671,300201,海伦哲,0.0444,520053589.94,50.4814693832,20.982,42999086.73,50.14,-67.5785,1.866078211583,2.31,-0.17593031961,30.5344939102,工程机械,2026-04-21
5672,300180,华峰超纤,-0.0011,880226916.24,-16.4877989056,-13.0422,-1931374.34,-103.11,93.2355,2.658093873687,-0.04,-0.011146998684,15.1058550218,塑料,2026-04-21
5673,300172,中电环保,0.0397,181838282.71,4.3479224501,-5.735,26898388.93,-8.15,474.4402,2.893669249265,1.38,-0.052531525868,29.1684759004,环境治理,2026-04-21
5674,300158,振东制药,-0.0011,649133317.06,-13.9688167032,14.173,-1045910.55,-190.38,99.6746,3.37392803817,-0.03,-0.306420376912,53.7253128155,中药Ⅱ,2026-04-21
5675,300019,硅宝科技,0.117,842806377.49,8.2714758014,-23.4139,46003966.96,-35.12,-6.9991,7.007366843612,1.68,-0.503144242995,17.8211592593,化学制品,2026-04-21
5676,300018,中元股份,0.06,123526483.95,24.1621072616,-48.351,29270606.19,11.6,10.2534,2.972988612336,2.05,-0.009275338577,48.3690629891,电网设备,2026-04-21
5677,200020,深华发B,0.0184,152710107.91,-28.0520347201,-12.7067,5203101.09,-12.16,-63.2911,1.569081250379,1.22,0.005932410584,12.4323693499,光学光电子,2026-04-21
5678,003023,彩虹集团,0.1812,281683693.06,7.4573961684,-41.4893,19090046.38,-38.73,-4.501,15.065648592959,1.21,1.671413649024,43.3235468885,小家电,2026-04-21
5679,003008,开普检测,0.07,38723065.11,-19.6613428034,-44.6216,6974283.14,-57.06,-77.0184,10.276767613173,0.65,0.07913086125,53.8034834557,专业服务,2026-04-21
5680,003004,声迅股份,-0.0412,43790889.24,126.5059949113,-81.5523,-3370119.76,76.07,56.9326,7.710005614174,-0.48,0.175601789822,21.6313127328,计算机设备,2026-04-21
5681,002993,奥海科技,0.17,1477090879.13,2.4344485456,-24.851,46650166.09,-62.6,-26.886,17.567965859042,0.96,0.689166999928,18.1022845038,消费电子,2026-04-21
5682,002848,高斯贝尔,0.0347,154368513.9,232.4455266781,-26.1708,5806620.53,139.23,115.4514,0.499834180676,7.2,-0.049131125636,6.0149343253,黑色家电,2026-04-21
5683,002837,英维克,0.01,1175329313.61,26.0290835683,-42.4346,8657602.27,-81.97,-92.9524,3.541678473906,0.25,-0.395281284838,24.2934619169,专用设备,2026-04-21
5684,002825,纳尔股份,0.05,570973342.25,13.5673533418,11.2868,17329967.58,-74.8,656.3598,4.865758291152,1.08,0.11343031105,17.1440239879,塑料,2026-04-21
5685,002788,鹭燕医药,0.17,5351016756.02,3.4261460905,-0.7477,67936460.02,-4.75,10.976,8.685596128605,2.03,-0.643389433062,6.7119983296,医药商业,2026-04-21
5686,002787,华源控股,0.08,585307675.41,4.2301858007,9.0512,25601094.47,15.71,-8.1405,5.5137195452,1.39,-0.506632106438,16.1880898681,包装印刷,2026-04-21
5687,002752,昇兴股份,0.16,1892738042.52,16.6675114795,-10.0377,151545471.48,63.11,67.2679,3.770599465615,4.19,0.33590682455,13.8144860576,包装印刷,2026-04-21
5688,002722,物产金轮,0.19,617551604.28,17.5573183792,2.9841,41233303.4,29.19,-24.283,13.438341454754,1.39,-0.237883865465,20.0948809605,专用设备,2026-04-21
5689,002668,TCL智家,0.28,4886105243.77,6.2243384488,16.7392,306668023.85,1.58,110.124,3.549694773608,8.3,0.766816498175,25.1954806023,白色家电,2026-04-21
5690,002633,申科股份,0.0347,75649602.81,6.6944875891,-13.3229,5202611.67,504.76,628.0362,2.8670833032,1.22,-0.148434049267,20.8019095745,通用设备,2026-04-21
5691,002557,洽洽食品,0.3326,2222326409.96,41.4618058895,7.244,168260837.8,117.82,11.8424,10.782091383822,3.11,0.082667289136,25.0983504345,休闲食品,2026-04-21
5692,002540,亚太科技,0.0321,2079484142.03,16.515697394,-17.4709,39650210.43,-57.73,-69.7766,4.465808433596,0.71,-0.042608173469,8.3789201619,工业金属,2026-04-21
5693,002414,高德红外,0.0857,1245942950.66,83.0223888938,-19.662,365901530.75,337.96,250.9614,1.73442995646,5.06,-0.025831353116,62.5699755071,军工电子Ⅱ,2026-04-21
5694,002396,星网锐捷,0.0641,3904112603.72,12.023838324,-21.7376,37227536.97,-11.62,-42.2481,11.984849361792,0.53,-3.424247019274,31.9207540941,通信设备,2026-04-21
5695,002294,信立泰,0.2,1228439396.83,15.6498549327,10.5343,225272107.49,12.45,218.1895,8.206079447324,2.49,0.166195652489,76.582803101,化学制药,2026-04-21
5696,002256,兆新股份,0.01,85272183.04,22.1751022191,-51.1147,10721843.28,351.88,-71.545,0.605711838876,0.89,-0.015921204022,24.617023221,电力,2026-04-21
5697,002137,实益达,0.0232,177440019.56,26.1791289573,-8.4977,13378530.61,0.84,4.5155,2.661945999713,0.87,-0.013132565739,17.5802093504,光学光电子,2026-04-21
5698,002136,安纳达,0.0345,502162636.56,6.056862747,31.9227,7412678.66,172.25,116.0398,5.065084552228,0.68,-0.448234699981,5.6929973118,化学原料,2026-04-21
5699,002045,国光电器,-0.05,1532894011.77,-11.6604942798,-5.7677,-25741000.75,-179.34,80.4908,7.530231413037,-0.6,0.381652912056,13.3806129984,消费电子,2026-04-21
5700,002026,山东威达,0.15,459493864.22,4.3790720865,-4.8639,64114913.35,8.22,186.5211,8.770057208724,1.67,-0.07360241231,25.7625538789,通用设备,2026-04-21
5701,002008,大族激光,0.34,5134891511.85,74.4437235614,-15.0702,354067494.53,116.59,8.5074,20.074041559039,1.87,-0.695368223373,34.0154110485,自动化设备,2026-04-21
5702,001382,新亚电缆,0.06,744354050.36,22.9891857334,7.8888,25736818.63,-14.98,10.9078,3.980965311141,1.58,-0.594797300752,9.6351024724,电网设备,2026-04-21
5703,001286,陕西能源,0.24,5779164058.95,11.1014659798,-12.4181,887923018.56,26.3,49.8045,7.330972833453,3.3,0.369569171629,39.1549412617,电力,2026-04-21
5704,001207,联科科技,0.3,563073891.59,-7.0732159907,-1.0826,65220200.66,-21.5,4.4474,11.179217488852,2.73,0.515480689241,19.0480942984,橡胶,2026-04-21
5705,000875,电投绿能,0.08,3515108236.24,-6.5245420621,3.439,274209131.03,-56.0,202.4027,4.845385934179,1.57,0.258334785233,24.3167548355,电力,2026-04-21
5706,000810,创维数字,0.0726,2494181020.54,38.6738834229,6.0222,82883359.11,1455.79,-11.8299,5.727813461001,1.27,-1.277579559919,14.946313958,黑色家电,2026-04-21
5707,000739,普洛药业,0.2152,2447410940.29,-10.3574576356,21.1758,249020393.37,0.19,30.7798,5.663656290593,3.86,0.107879783581,29.3038845808,化学制药,2026-04-21
5708,000728,国元证券,0.12,1327493378.03,-12.59,3.9216,542008754.01,-15.38,31.7577,8.909048633486,1.41,1.102335632643,,证券Ⅱ,2026-04-21
5709,000683,博源化工,0.11,2717939780.87,-5.2488516008,-20.4912,420091404.03,23.85,450.5735,3.504002527548,3.28,0.154514066567,32.5054319039,化学原料,2026-04-21
5710,000670,盈方微,-0.0142,933292145.7,24.282432818,-28.5024,-11700143.61,10.3,70.0043,0.036417205367,-30.8,-0.026257730722,3.1045409954,其他电子Ⅱ,2026-04-21
5711,000635,英力特,-0.33,382797773.48,-4.328670143,-10.8948,-129074094.88,-56.96,57.837,2.797754326431,-11.11,-0.279552836552,-17.4422981678,化学原料,2026-04-21
5712,000633,合金投资,0.004,76299557.26,-12.1289470174,23.516,1522015.9,-10.52,385.356,0.517518740699,0.77,-0.090035473991,12.291982348,金属新材料,2026-04-21
5713,000020,深华发A,0.0184,152710107.91,-28.0520347201,-12.7067,5203101.09,-12.16,-63.2911,1.569081250379,1.22,0.005932410584,12.4323693499,光学光电子,2026-04-21
5714,920454,同心传动,0.07,36038236.39,-2.9467221603,2.6245,7482372.73,15.61,34.608,3.198877890295,2.25,0.048723288107,30.9057945274,汽车零部件,2026-04-20
5715,920304,迪尔化工,0.06,237979294.03,35.7522008111,-1.7427,9088085.18,-36.09,-31.301,3.191199812608,1.7,-0.122066193066,9.6574550125,化学原料,2026-04-20
5716,920262,太湖雪,0.1399,135082438.82,16.3287044652,-31.6905,9667073.22,19.59,-37.6523,5.35105603213,2.65,0.098712023878,45.418512914,服装家纺,2026-04-20
5717,920111,聚星科技,0.59,528227735.71,117.0044289091,32.4466,91644831.17,290.04,150.9086,6.60950166157,9.35,-0.358398737516,28.4399252527,电网设备,2026-04-20
5718,874530,豪德数控,0.4,136996181.49,19.5204432512,,20459064.22,35.4505865246,,8.105482301961,5.08,-0.433211430196,27.688896871,,2026-04-20
5719,873255,奔月生物,0.07,28584324.58,72.8460312644,27.8288,2611079.45,1275.17,233.3687,1.512241916896,4.45,-0.421681508636,27.0860400019,,2026-04-20
5720,833748,奥图股份,0.21,110804577.6,49.4396935485,-11.4481,15863716.43,9.63,27.0078,4.077967387565,5.27,0.100002560849,31.1115728129,,2026-04-20
5721,833233,鸿丰小贷,0.02,10732884.36,-23.389246022,-46.9517,5859347.63,-33.32,-28.2725,1.554069664862,1.15,0.103690850892,,,2026-04-20
5722,688606,奥泰生物,0.24,195372450.28,-6.2852879535,-28.2425,19394345.33,-68.32,-36.1654,48.976371917028,0.49,-0.405921796,52.9159027907,医疗器械,2026-04-20
5723,688352,颀中科技,-0.25,420374407.83,-11.3714353683,-28.2217,-293090698.69,-1095.27,-460.7242,4.899458049578,-4.91,0.071250318485,14.3156182772,半导体,2026-04-20
5724,688290,景业智能,-0.08,57982435.04,169.2373144724,-13.5931,-7746821.04,28.75,56.0873,13.114617775229,-0.58,-0.539038523975,23.0214321816,自动化设备,2026-04-20
5725,603400,华之杰,0.31,395561917.19,17.5447228132,6.6829,31142826.87,-29.72,126.326,12.2632010988,2.52,0.4901860746,21.0233059342,通用设备,2026-04-20
5726,603136,天目湖,0.04,100206078.33,-4.4955796713,-18.0338,10457058.36,-24.46,-13.3419,5.114460279178,0.76,0.020635517865,37.5689242982,旅游及景区,2026-04-20
5727,603025,大豪科技,0.21,838153113.68,15.582997897,8.3051,237894289.96,41.32,117.5664,2.655214262716,8.37,0.106027405571,47.5991540684,自动化设备,2026-04-20
5728,301479,弘景光电,0.2868,313151767.59,12.3858425213,-36.641,25511247.08,-26.33,-50.2031,14.702312568762,1.97,-0.417789759411,21.2922951108,光学光电子,2026-04-20
5729,301223,中荣股份,0.22,805919908.45,15.368238845,-11.3592,42745619.34,8.61,103.26,15.668764951465,1.42,0.534257689115,19.2576376092,包装印刷,2026-04-20
5730,300184,力源信息,0.1193,2835270604.16,52.0051605124,18.8081,137321738.46,240.58,756.1841,3.661787774208,3.24,-0.066176084337,10.8606393202,其他电子Ⅱ,2026-04-20
5731,300012,华测检测,0.1066,1494850955.35,16.1694880617,-22.1025,178315246.92,30.93,-12.6668,4.688547368924,2.3,0.000983794642,45.9505648688,专业服务,2026-04-20
5732,002458,益生股份,0.1,783765379.67,25.8253824478,-14.4192,103252415.91,884.11,-22.7344,4.007595291745,2.36,0.139919648624,23.2778882638,养殖业,2026-04-20
5733,688646,ST逸飞,-0.25,142804367.89,-39.4988977339,-37.3451,-23982274.63,-364.2,41.5135,15.019689368204,-1.69,2.655456905994,19.0421365829,自动化设备,2026-04-18
5734,688596,正帆科技,-0.09,970099362.4,43.3546798936,-40.2805,-25596554.25,-174.36,-139.3806,12.323520772277,-0.68,-0.442523924575,18.2315509612,专用设备,2026-04-18
5735,688522,纳睿雷达,0.09,98916574.19,69.9878149521,-52.1849,26415456.47,21.92,-27.2729,7.718751518991,1.14,-0.284465803804,71.2315581559,军工电子Ⅱ,2026-04-18
5736,688508,芯朋微,0.1,293664507.88,-2.5704592219,10.6631,13724244.38,-66.59,62.2074,20.905713943515,0.5,-0.129586041986,35.6060700474,半导体,2026-04-18
5737,688368,晶丰明源,0.41,608573266.7,86.3507788476,34.43,36759335.18,650.3747972678,199.516,25.169206916832,3.01,-0.276969956982,37.4076936676,半导体,2026-04-18
5738,688313,仕佳光子,0.257,576592985.36,32.1832621359,1.3902,116175902.84,24.66,60.219,3.66930227332,7.24,-0.213878155536,34.131885619,通信设备,2026-04-18
5739,688297,中无人机,0.025,574284022.39,143.5946410494,-60.8854,16864497.49,0.11,-69.1889,8.480331553556,0.29,1.609330757748,13.8198336042,航空装备Ⅱ,2026-04-18
5740,688197,首药控股,-0.1,28000000.0,1300.0,319.9428,-15090754.46,70.2651169917,-158.1916,4.472102294521,-2.24,-0.137036360899,,化学制药,2026-04-18
5741,688181,八亿时空,0.19,244792044.17,14.2741015303,9.7261,24748289.0,2.93,-30.2865,15.533032460677,1.17,-0.173267458942,39.6062581685,光学光电子,2026-04-18
5742,688093,世华科技,0.3,239174261.47,-6.4494282262,-0.9727,85363260.21,-2.07,3.4849,10.236762270157,3.02,0.399972877258,56.4315017094,其他电子Ⅱ,2026-04-18
5743,688048,长光华芯,0.0254,129928713.96,37.8098743993,-5.8401,4479634.09,159.7341670312,445.2839,17.096044252749,0.15,-0.74323620192,30.0891961665,半导体,2026-04-18
5744,605066,天正电气,0.04,660800511.56,-2.0820050808,2.5522,19324342.25,-43.44,249.8911,3.548288622197,1.08,0.170173072983,21.6428266335,电网设备,2026-04-18
5745,605007,五洲特纸,0.21,2279479060.08,14.6176420259,-6.1014,99458749.62,53.78,55.8873,7.554223630962,2.69,0.277915921019,9.3937642898,造纸,2026-04-18
5746,603758,秦安股份,0.06,366324770.69,23.1892864822,1.5391,23441460.13,-28.52,28.8475,5.912584969116,0.91,0.206685508772,21.6676922176,汽车零部件,2026-04-18
5747,603727,博迈科,-0.21,257610122.31,-52.5553807196,-55.4052,-58896204.2,-608.11,-254.8343,11.153601842873,-1.85,0.192049443603,2.0353301815,油服工程,2026-04-18
5748,603708,家家悦,0.24,5049085197.54,2.1774203743,15.5732,151768477.39,6.96,3141.7875,3.767447523527,6.27,1.502419015454,24.0311927793,一般零售,2026-04-18
5749,603650,彤程新材,0.3,1048768710.01,22.5131803874,15.8372,182301581.09,13.83,166.2233,7.013115336137,4.26,0.036809141632,22.2110284123,橡胶,2026-04-18
5750,603595,ST东尼,0.1,608132128.03,41.9676359646,-6.5005,23796771.77,118.59,148.3787,6.541256010362,1.58,-0.19614806509,26.7598363857,消费电子,2026-04-18
5751,603223,恒通股份,0.13,337819197.54,7.7730094461,8.8217,93163109.33,118.95,3.2048,5.791523082896,2.31,-0.184242869337,37.7326008611,炼化及贸易,2026-04-18
5752,603183,建研院,-0.01,146107372.67,-3.0965363051,-48.7934,-4311942.89,48.8949192972,-273.4305,3.213317116194,-0.27,-0.010727542864,42.6980835395,专业服务,2026-04-18
5753,603115,海星股份,0.16,632803843.53,24.9830549628,8.2649,39654320.07,74.74,-32.9087,8.950216167281,1.85,-0.018232959762,21.1516095309,元件,2026-04-18
5754,600976,健民集团,0.58,873071912.95,-2.131233556,6.7359,87732846.24,-20.37,18.3918,17.888858521395,3.25,0.298680250863,65.2026744597,中药Ⅱ,2026-04-18
5755,600936,北投科技,0.01,948690794.27,2.4306198385,106.0806,24962396.82,116.6090296634,175.7692,0.594899127158,2.54,-0.140569314256,18.5173923444,IT服务Ⅱ,2026-04-18
5756,600872,中炬高新,0.3396,1320471861.15,19.8761879981,26.5472,262763951.5,45.11,67.1798,7.630838291618,4.42,0.442208687756,42.4238628457,调味发酵品Ⅱ,2026-04-18
5757,600763,通策医疗,0.42,755289213.29,1.4339700485,21.2549,186874603.48,1.66,1717.3155,9.883754767434,4.32,0.359864753696,43.8740181336,医疗服务,2026-04-18
5758,600746,江苏索普,0.0296,1514229014.81,-6.2317678459,26.6502,34097756.03,-40.27,190.8394,4.666278474537,0.63,-0.183131456628,7.4058172881,化学原料,2026-04-18
5759,600674,川投能源,0.298,329176009.33,-9.5617347614,-37.5803,1452651218.68,-1.76,172.6232,9.514765497009,3.18,0.047952154249,54.0481794047,电力,2026-04-18
5760,600250,南京商旅,0.01,167672247.93,-12.0326580629,-12.5787,4614330.69,31.32,145.5296,2.010922374649,0.75,0.055450018286,27.4870312523,旅游及景区,2026-04-18
5761,300855,图南股份,0.24,342526045.3,19.8680088478,28.3286,95560114.96,129.22,199.3143,5.318231015709,4.65,0.110184296194,43.4350112207,金属新材料,2026-04-18
5762,300653,正海生物,0.08,81028747.68,-16.8217988508,-8.3596,14749268.52,-44.61,-1.7235,5.023495305333,1.64,0.070990163389,82.6481261249,医疗器械,2026-04-18
5763,300401,花园生物,0.09,276882853.78,-15.1683897753,-8.2248,50271348.24,-47.91,-29.0005,6.040510404084,1.43,0.367157374843,48.8711064671,化学制药,2026-04-18
5764,300373,扬杰科技,0.71,2129692752.55,34.8678303331,19.4804,384909639.0,41.01,35.0665,18.237832419146,3.96,0.317716347338,36.8127358837,半导体,2026-04-18
5765,300303,聚飞光电,0.04,744766770.69,-4.4381538402,-13.8063,51101924.27,-27.68,-45.6355,2.712717175333,1.33,-0.053974117882,20.6554458462,光学光电子,2026-04-18
5766,300222,科大智能,0.04,585489724.58,-9.6810320174,-48.042,27224666.19,29.43,196.4791,2.272845261036,1.56,-0.25850713683,26.813392104,电网设备,2026-04-18
5767,300188,国投智能,-0.18,164514033.76,-23.5845571444,-73.2988,-151920010.06,-20.19,63.5161,2.904489562488,-5.91,-0.454447760337,36.8867204962,软件开发,2026-04-18
5768,300136,信维通信,0.1101,1992215856.05,14.3051644233,-18.5989,104889140.24,35.35,-52.7948,8.29205690528,1.31,0.083711045944,21.7663952123,消费电子,2026-04-18
5769,003006,百亚股份,0.33,1055274086.0,6.0111734161,21.3276,143699967.0,10.03,492.736,3.667455266091,9.56,0.376242929121,58.515217818,个护用品,2026-04-18
5770,002968,新大正,0.15,783606353.23,5.5397803498,5.7432,34090663.72,0.79,479.846,5.506308115278,2.77,-0.82933118467,13.3387165481,房地产服务,2026-04-18
5771,002917,金奥博,0.1121,362661878.5,0.1449111754,-30.7174,38367291.44,7.41,-7.9933,5.029832835567,2.22,-0.045394733461,38.220923744,化学制品,2026-04-18
5772,002817,黄山胶囊,0.06,95787626.93,-19.5325910403,-17.668,17362236.43,-7.83,9.0591,3.267765076296,1.79,-0.019289951624,33.0855707524,化学制药,2026-04-18
5773,002749,国光股份,0.13,380423745.48,-1.2444365575,-28.7888,60130735.13,-23.5,77.1749,4.003538931858,3.27,-0.004201184625,42.5696967038,农化制品,2026-04-18
5774,002664,信质集团,0.0682,1390096047.08,10.6489881652,-11.055,27845672.3,387.85,128.8026,8.732986101911,0.78,-0.384780574694,13.1098791514,汽车零部件,2026-04-18
5775,002415,海康威视,0.303,20715444490.55,11.7828451381,-22.5591,2781171173.25,36.42,-42.9649,9.390747766109,3.28,-0.242277744865,49.0854710888,计算机设备,2026-04-18
5776,002413,雷科防务,-0.01,270467036.83,26.51784219,-48.3185,-15940972.47,56.7,-514.8734,2.492658806261,-0.48,-0.108156458992,33.650297536,军工电子Ⅱ,2026-04-18
5777,002268,电科网安,-0.1843,95513390.11,-35.6652206277,-93.6775,-155818758.18,-15.69,-157.5127,6.500865133885,-2.79,-0.481602476618,29.5723238464,计算机设备,2026-04-18
5778,002262,恩华药业,0.31,1610251670.32,6.5764523484,11.8075,317413953.67,5.56,751.5995,8.244397660468,3.86,0.15537676075,70.9673674161,化学制药,2026-04-18
5779,002248,华东数控,0.03,76210042.71,-4.8963514709,-15.5311,8128121.84,2.07,-23.5304,0.373074705687,7.35,-0.02656922008,28.1055843408,通用设备,2026-04-18
5780,002236,大华股份,0.21,6902346653.63,10.3293393481,-29.7917,697780082.97,6.81,116.3961,11.691178828256,1.83,-0.245072583943,43.7654013922,计算机设备,2026-04-18
5781,002200,交投生态,0.0318,137033352.58,79.7616854151,-53.4578,14353821.43,1402.55,-67.4979,2.882886875817,1.11,-0.066082189274,14.6786883494,基础建设,2026-04-18
5782,002119,康强电子,0.07,656080602.65,49.3054336642,3.2069,25467724.63,-1.74,26.9849,3.748448013584,1.84,-0.432340014869,14.5003479368,半导体,2026-04-18
5783,002016,世荣兆业,0.0255,163160738.51,-14.121832203,-58.1342,20602298.63,238.52,54.7454,6.097862134843,0.42,0.00299610452,28.0049383493,房地产开发,2026-04-18
5784,000959,首钢股份,0.0226,25078025092.34,-5.6519566521,-2.3625,174069562.38,-47.17,312.4297,6.48260432351,0.35,-0.340063616671,4.6411077458,普钢,2026-04-18
5785,000408,藏格矿业,1.0,715631351.5,29.6084681859,-39.1111,1573735244.12,110.6,42.8653,11.236347760876,9.24,-0.050654436722,64.2311245639,农化制品,2026-04-18
5786,000404,长虹华意,0.1665,3031092880.22,-13.0463895363,24.6444,115374748.67,14.96,0.4102,6.34525085933,2.63,0.188415602844,13.3457106438,家电零部件Ⅱ,2026-04-18
5787,920726,朱老六,0.19,76098423.77,26.2429617237,25.6434,19045952.99,136.7,384.4823,4.521348674142,4.23,0.199358504377,37.491665946,调味发酵品Ⅱ,2026-04-17
5788,920339,恒太照明,-0.01,115114946.59,-23.8103554654,-5.87,-2082436.04,-112.48,-150.27,2.728469450754,-0.35,0.027848039225,16.2537063642,照明设备Ⅱ,2026-04-17
5789,920299,灿能电力,0.03,24844032.3,10.3231840204,-45.422,3084853.61,-31.4,-65.9211,3.246893068367,1.06,-0.043689536025,51.6172304284,电网设备,2026-04-17
5790,920208,青矩技术,0.13,139316094.27,1.3144586318,-66.8771,17645345.31,20.98,-79.8915,8.191083599591,1.62,-0.548378677306,36.5313815368,工程咨询服务Ⅱ,2026-04-17
5791,920061,西磁科技,0.02,25158712.34,0.4450486372,10.8991,1266192.46,18.55,2.2592,3.961288142958,0.45,0.044155995903,24.3046106946,专用设备,2026-04-17
5792,920016,中草香料,0.08,70167515.19,48.4924386493,3.7051,6286414.59,64.4,144.409,5.070380583604,1.7,-0.111624275224,27.4432702766,化学制品,2026-04-17
5793,832944,银信农贷,0.0386,8693247.67,20.0621997286,-15.2362,6061349.91,193.87,818.5747,1.265615365633,3.1,-0.068686969714,,,2026-04-17
5794,688510,航亚科技,0.08,171453321.62,-1.4706468899,3.0542,20035413.6,-34.68,-16.7317,4.732922201984,1.64,0.073589762669,38.6193279572,航空装备Ⅱ,2026-04-17
5795,688148,芳源股份,0.12,665434795.42,63.3501393355,-15.5133,61447307.56,223.7501124182,250.7863,0.753691993881,11.89,-0.056461140608,17.8899950257,电池,2026-04-17
5796,603919,金徽酒,0.4,1092120067.97,-1.4601125894,78.2021,204555044.2,-12.51,568.2853,6.969976276406,5.79,0.600524249836,62.8956521875,白酒Ⅱ,2026-04-17
5797,603877,太平鸟,0.29,1655514561.06,-0.7470164014,-21.813,136641687.45,10.3,-6.4171,9.682962333137,3.0,0.457388044706,62.6019554649,服装家纺,2026-04-17
5798,603799,华友钴业,1.33,25803754637.51,44.6237854319,16.8759,2497278226.82,99.45,31.8404,26.62993380317,5.05,0.619338862216,20.6858057119,能源金属,2026-04-17
5799,603725,天安新材,0.06,524901553.01,-9.5269020098,-35.3745,19367930.77,27.65,38.0304,2.823535003514,2.28,-0.208551645706,21.0586261569,家居用品,2026-04-17
5800,603256,宏和科技,0.16,442100400.0,79.7191717974,38.7747,140230750.9,354.22,122.2184,3.063922215007,8.15,0.049647789726,55.6545708577,玻璃玻纤,2026-04-17
5801,603227,雪峰科技,0.043,1047350254.1,-7.4535301868,-24.1677,45681843.54,-28.39,-58.4923,4.874882956816,0.88,-0.075987882026,16.1578662198,化学制品,2026-04-17
5802,603162,海通发展,0.23,1343344275.83,66.6894950141,-6.3137,210396376.93,211.06,-0.9465,5.002135322338,4.59,0.407275576369,19.8681715456,航运港口,2026-04-17
5803,603138,海量数据,-0.14,99259449.87,22.0421158113,-49.8619,-41769068.71,-136.1491287397,-248.15,2.752645324876,-5.06,-0.159806828303,34.3011484696,IT服务Ⅱ,2026-04-17
5804,601933,永辉超市,0.03,13366759504.35,-23.5269702998,20.7109,286865433.81,94.4,115.5692,0.235830550463,14.32,0.052715475505,22.7720914762,一般零售,2026-04-17
5805,600961,株冶集团,1.06,7007513170.84,45.9023858305,13.0585,1143680542.34,313.0,328.1442,4.710156367675,25.3,1.413948998356,24.0894342506,工业金属,2026-04-17
5806,600829,人民同泰,0.0836,2823822433.6,5.8876450464,11.4909,48463981.06,5.72,120.6575,5.282894769441,1.59,-0.584742300994,8.1039726757,医药商业,2026-04-17
5807,600655,豫园股份,0.041,9648601468.56,9.8659514216,21.0089,156967957.15,202.87,103.5602,7.700321694858,0.523,-0.124741344889,17.9800178688,一般零售,2026-04-17
5808,301551,无线传媒,0.1732,145971262.16,-2.9887592209,-7.0762,69274174.42,-9.62,55.7255,6.30459758721,2.79,0.148813257694,57.2216764684,电视广播Ⅱ,2026-04-17
5809,301256,华融化学,0.04,486480817.34,26.1782374527,15.0712,17374164.93,10.64,-7.0084,3.635318593188,1.0,-0.170249452313,8.1276600003,化学原料,2026-04-17
5810,301158,德石股份,0.0397,97459482.89,-16.2224530953,-65.0259,5973743.8,-67.34,-71.4049,9.314636366599,0.43,-0.458724511941,32.8277385856,专用设备,2026-04-17
5811,300773,拉卡拉,0.77,1613754768.39,24.1336708806,9.1251,594769589.64,490.97,-28.4818,6.272209665606,13.0,-0.108653369074,24.1516048556,多元金融,2026-04-17
5812,300703,创源股份,-0.1062,496939748.6,9.3373299564,-8.3992,-19152965.42,-193.41,-1.2181,4.28374468252,-2.43,-0.585280560196,34.0604224107,文娱用品,2026-04-17
5813,300557,理工光科,0.07,122370702.73,12.9205246634,-51.9039,8734084.02,8.27,27.081,8.386729895845,0.91,-0.112304865731,30.5137543113,通用设备,2026-04-17
5814,300505,川金诺,0.1497,990277781.01,37.3744669776,-21.9,41156972.28,-42.85,-72.451,10.745061662669,1.4,-1.164468880159,10.0686408614,农化制品,2026-04-17
5815,300415,伊之密,0.29,1296357099.36,9.2199654704,-25.6047,135158803.67,2.02,-6.405,7.24214126869,4.06,-0.296802981438,32.5798979863,专用设备,2026-04-17
5816,300337,银邦股份,0.0665,1896580563.75,38.2786489835,1.5507,54661503.78,274.13,409.0803,2.151469821741,3.1,-0.356462587091,8.7692600472,工业金属,2026-04-17
5817,300308,中际旭创,5.18,19496398083.95,192.1169094233,47.3079,5734501526.83,262.28,56.4529,32.028176069571,17.54,3.030796606962,46.0581330258,通信设备,2026-04-17
5818,002655,共达电声,0.0144,286916440.87,-1.3364171221,-28.1761,5229172.15,-74.72,-52.8338,2.291467489184,0.64,0.094421920836,23.5819718957,消费电子,2026-04-17
5819,002353,杰瑞股份,0.58,3290570298.17,22.4807284292,-43.2971,588253737.78,26.32,-32.5797,22.944674306104,2.52,-1.234237851326,33.6166052026,专用设备,2026-04-17
5820,002334,英威腾,-0.0378,892608507.68,6.2318600277,-34.6622,-30390577.54,-187.49,-150.2523,3.716025998863,-0.99,-0.210634847229,31.9737420363,自动化设备,2026-04-17
5821,002271,东方雨虹,0.17,7190087726.73,20.7408935594,3.0393,401835069.94,108.89,157.701,8.588073549714,1.98,-0.395465345272,27.0258005448,装修建材,2026-04-17
5822,001205,盛航股份,0.2092,404434986.02,8.5925791074,11.3243,39329657.05,3.7,11.2232,11.522043891845,1.8,0.605627727721,24.8128189199,航运港口,2026-04-17
5823,920992,中科美菱,0.0625,76305130.31,1.057449265,-9.3283,6050407.2,19.55,-4.7332,6.528838877127,0.96,0.046527350909,38.8416529001,医疗器械,2026-04-16
5824,920656,海昇药业,0.2,65642203.39,56.3551154877,15.6614,20092479.96,51.52,-1.5539,7.2377987952,2.82,0.0448510262,43.7030497888,化学制药,2026-04-16
5825,920138,杰理科技,0.4,730150259.15,24.4956095121,2.8371,160220143.01,17.6583048492,16.8487,11.246102484705,3.64,0.776453228238,32.2822039719,半导体,2026-04-16
5826,874500,杰理科技,0.4,730150259.15,24.4956095121,2.8371,160220143.01,17.6583048492,16.8487,11.246102484705,3.64,0.776453228238,32.2822039719,,2026-04-16
5827,688668,鼎通科技,0.58,457401910.07,20.7846460378,6.0082,80327438.38,51.86,25.604,14.7716426869,3.88,0.645728998982,32.39243901,通信设备,2026-04-16
5828,688525,佰维存储,6.21,6814251870.63,341.5280090886,44.1439,2898974486.65,1567.8538876601,252.4069,18.078648740027,41.98,-5.748048374202,53.304851341,半导体,2026-04-16
5829,688273,麦澜德,0.2344,99200500.1,-16.1302173159,13.0542,22925274.37,-42.49,245.7251,13.7027204499,1.69,-0.1313889597,66.9228609564,医疗器械,2026-04-16
5830,605507,国邦医药,0.29,1520880277.95,5.6125834237,-1.3385,160629674.68,-25.28,6.6755,15.593033241587,1.86,0.345684320863,23.0635725675,化学制药,2026-04-16
5831,603129,春风动力,2.77,5358756217.34,26.0738710527,10.5071,422686460.53,1.81,62.5707,52.149999305199,5.54,-2.364502424875,28.7028026224,摩托车及其他,2026-04-16
5832,603102,百合股份,0.46,251971921.48,21.7127246225,-5.1229,28900261.89,-17.91,-1.8508,26.292100866094,1.73,0.184076016719,37.7513158535,食品加工,2026-04-16
5833,603061,金海通,1.42,283919855.45,120.7678149266,31.0922,82502378.84,221.54,60.062,28.464676667667,4.94,1.697202185833,52.9587426253,半导体,2026-04-16
5834,601877,正泰电器,0.59,21303388034.98,46.3260626852,67.1005,1267039825.02,8.92,293.137,21.170201892957,2.82,1.916950690534,20.676328799,电网设备,2026-04-16
5835,600702,舍得酒业,0.7067,1481336671.63,-6.0140438308,106.4473,231547529.34,-33.1,192.984,21.49088920347,3.26,-0.306497373072,66.3484091512,白酒Ⅱ,2026-04-16
5836,600318,新力金融,0.0396,90445998.18,0.6345556171,0.2127,20281733.19,16.37,583.6719,2.164842526646,1.84,-0.222088939845,81.0064399911,多元金融,2026-04-16
5837,301377,鼎泰高科,0.64,814116509.93,92.3327181215,18.6385,260575088.03,259.0,72.2065,7.077285331,9.38,-0.116490416415,53.2543645684,通用设备,2026-04-16
5838,300996,普联软件,0.0208,63587200.22,8.2082988876,-87.883,5884713.34,142.18,-91.8828,4.678082269825,0.45,-0.373311260259,32.2797225526,软件开发,2026-04-16
5839,300967,晓鸣股份,-0.1211,257976478.58,-34.5075055258,30.8334,-22718684.78,-122.94,76.8997,3.722610594898,-2.85,0.081531503447,1.7607717242,养殖业,2026-04-16
5840,300750,宁德时代,4.58,129131041000.0,52.4486955482,-8.1766,20737710000.0,48.52,-10.4867,78.277312999404,5.98,7.379576487003,24.8156219851,电池,2026-04-16
5841,300433,蓝思科技,-0.0284,14139553601.48,-17.13422023,-31.8484,-149600746.51,-134.88,-112.7333,10.346140303231,-0.27,0.381523208225,14.5545980516,消费电子,2026-04-16
5842,002546,新联电子,0.11,196956464.9,11.0957525295,42.8634,91152716.65,-15.04,110.2476,4.658299247902,2.37,0.017751698528,40.9387883312,电网设备,2026-04-16
5843,000506,招金黄金,0.2,178879540.33,82.7880548824,-4.306,187405996.36,6136.21,144.3454,0.957025742407,23.6,0.013262576462,56.0535438849,贵金属,2026-04-16
5844,920357,雅葆轩,0.26,151822513.07,56.4732303412,-15.5591,20744799.73,71.89,21.227,5.295183055445,5.01,-0.0174696501,21.3410219043,消费电子,2026-04-15
5845,688682,霍莱沃,0.06,79989881.9,9.4281331982,-9.4683,6487353.72,56.63,121.3207,6.067925218454,1.06,-0.009437098075,25.9312310849,军工电子Ⅱ,2026-04-15
5846,688315,诺禾致源,0.07,556429696.77,10.8413154823,-11.5233,29450539.43,-13.06,-45.5311,6.432199049495,1.11,-0.281921152259,41.841484159,医疗服务,2026-04-15
5847,301563,云汉芯城,0.79,1148806195.8,79.4576091025,13.8891,51625345.41,152.0,196.3285,19.431689843705,4.16,-2.926557252762,15.4180616389,其他电子Ⅱ,2026-04-15
5848,300977,深圳瑞捷,-0.02,98586504.48,29.9724183239,-29.9665,-3461969.26,-181.18,-228.9868,9.081534280836,-0.25,-0.310924266538,23.4805396967,工程咨询服务Ⅱ,2026-04-15
5849,300681,英搏尔,0.1857,1087279449.12,99.200963101,-28.3096,56743805.0,430.8,53.9373,10.098197517841,1.85,2.021558860597,17.2674798371,汽车零部件,2026-04-15
5850,300550,和仁科技,-0.035,76015473.76,-3.0367108846,-55.7013,-9185516.37,-138.95,-126.4551,4.351779936963,-0.8,-0.236192416312,34.2937467604,软件开发,2026-04-15
5851,300522,世名科技,0.0066,151896227.94,-4.4056336128,-15.4525,2137627.83,-60.73,10.7296,2.455052260773,0.27,-0.121678372649,25.2601010969,化学制品,2026-04-15
5852,300409,道氏技术,0.1397,2234708386.55,27.108002089,3.6823,107663755.17,146.18,17.7914,10.397730744869,1.33,-1.190653264959,23.4114159234,电池,2026-04-15
5853,300243,瑞丰高材,0.08,521868752.97,10.134118005,4.5911,20235412.61,282.99,239.5613,4.420144980735,1.75,0.066380633597,17.7449441805,塑料,2026-04-15
5854,002868,绿康生化,0.04,128289679.55,-9.606056038,20.0015,6109178.32,120.77,110.7792,0.44729151708,9.21,0.135030441524,27.0145122519,动物保健Ⅱ,2026-04-15
5855,002741,光华科技,0.0885,969659043.29,64.8949781245,5.4,41145073.06,63.19,204.5001,4.261572236007,2.1,-0.340312498942,15.1356182408,电子化学品Ⅱ,2026-04-15
5856,002615,哈尔斯,0.0026,792187555.6,12.5135278026,-1.1307,1208040.76,-97.08,104.0375,5.112568566486,0.07,-0.153601747161,25.7095015417,家居用品,2026-04-15
5857,002479,富春环保,0.12,1394166526.84,24.1354524347,-7.1002,103354012.94,7.95,358.307,4.945263468786,2.45,0.052964772936,15.1601855654,电力,2026-04-15
5858,002380,科远智慧,0.3177,444713948.56,5.7187405528,-13.4953,76248557.92,25.19,197.5351,10.13989841459,3.18,0.078778909928,42.2789950729,IT服务Ⅱ,2026-04-15
5859,002272,川润股份,-0.0637,328477987.71,5.2724261677,-32.6732,-30877799.12,-10.34,-847.7975,3.009263906972,-2.09,-0.072082253634,13.1379791964,通用设备,2026-04-15
5860,002196,方正电机,0.0234,815078373.12,53.5363994924,-9.6452,11628184.5,177.33,60.3348,2.875648324236,0.82,0.077648308163,12.350284315,电机Ⅱ,2026-04-15
5861,002128,电投能源,0.89,8413266224.26,11.6195776353,9.0923,2001108276.43,28.35,53.7955,17.712455444476,5.13,1.203196722959,46.5209181363,煤炭开采,2026-04-15
5862,002083,孚日股份,0.19,1408828582.78,3.3141589352,2.9064,180395108.35,41.52,36.1884,5.159965855622,3.76,0.294309240247,23.646576786,纺织制造,2026-04-15
5863,000990,诚志股份,0.1916,2835627879.92,-5.4106530502,22.0289,232823467.64,177.38,228.1202,14.767413919378,1.31,0.257022881539,18.8199207925,化学原料,2026-04-15
5864,000703,恒逸石化,0.6,29948073038.54,10.233636145,1.0325,1994792155.15,3773.77,7222.4868,6.919242217043,7.81,-0.673465881579,12.8838052684,炼化及贸易,2026-04-15
5865,000655,金岭矿业,0.059,388757445.22,9.0909914635,-6.6115,35126685.21,-28.46,-26.232,5.933304111096,1.0,-0.093038817955,15.4903582016,冶钢原料,2026-04-15
5866,688486,龙迅股份,0.29,128168261.82,17.5739116697,-28.398,38079560.6,33.57,-19.6762,11.982289670123,2.41,0.258146093922,54.8997311431,半导体,2026-04-14
5867,605228,神通科技,0.1,411645592.93,20.4007194633,-29.3252,46430580.02,420.14,135.4404,4.786815415275,2.34,0.05252787677,24.2468717616,汽车零部件,2026-04-14
5868,603132,金徽股份,0.21,528197145.69,53.9931699543,-2.9192,204927578.45,118.41,4.4226,3.487439946309,6.19,0.200597427802,70.3806814053,工业金属,2026-04-14
5869,600063,皖维高新,0.066,1944681941.08,-2.8443728602,-5.3546,136134522.04,15.68,151.9426,4.090468446889,1.62,0.156264070191,15.6256863887,化学纤维,2026-04-14
5870,300768,迪普科技,0.07,260296047.61,-6.7148219854,-25.0967,46002779.56,50.35,-47.5054,5.499754640781,1.31,-0.066190882235,62.2347925861,软件开发,2026-04-14
5871,002648,卫星化学,0.63,12676889925.99,2.8220058813,12.212,2117004162.34,34.97,36.0846,10.524387266371,6.14,0.656334173328,24.3379426425,化学原料,2026-04-14
5872,002150,正泰电源,0.04,819014606.87,1.4132856942,-44.4529,15048625.45,-17.83,-89.5951,5.994766949805,0.69,-0.234557925391,28.403303654,光伏设备,2026-04-14
5873,002134,天津普林,0.05,423789162.32,42.385658955,19.9074,11591417.51,2187.33,211.9658,2.077949354204,2.29,0.036357791078,16.3717157325,元件,2026-04-14
5874,000933,神火股份,1.035,12408562541.64,28.827177073,21.2263,2289691883.17,223.28,344.0384,11.958538230267,8.9,1.795930191798,33.4845050227,工业金属,2026-04-14
5875,000430,张家界,0.38,66855851.33,13.3355267226,-45.2118,306015247.88,1079.33,158.0656,2.244562915502,69.14,-0.025986972874,10.097917543,旅游及景区,2026-04-14
5876,920394,民士达,0.21,111587041.15,-3.0398780135,9.4554,30579753.11,0.1,-15.513,5.765097783179,3.69,0.295018089504,41.633905641,造纸,2026-04-13
5877,002998,优彩资源,0.09,611443971.79,1.1163732332,-22.7636,32016112.46,106.51,2093.1793,4.952775591178,1.79,0.080332713908,11.253404427,化学纤维,2026-04-13
5878,688475,萤石网络,0.23,1412825067.86,2.359460096,-12.1536,182648440.93,32.3,26.6071,7.583995751848,3.11,-0.213474845892,50.4721307147,计算机设备,2026-04-11
5879,603063,禾望电气,0.11,573774174.87,-25.8221185985,-58.7109,51121323.06,-51.48,-74.0078,11.377354736452,0.99,-0.455514790517,40.6621935752,风电设备,2026-04-11
5880,600550,保变电气,0.032,1635180382.71,10.5641664905,35.6116,59563649.0,110.39,16.6023,0.484581929344,6.87,-0.162315601261,12.2414463258,电网设备,2026-04-11
5881,600379,宝光股份,0.0279,302371401.92,-5.1636669915,-1.9771,9222470.55,-50.8,406.1594,2.384487817568,1.1785,-0.206179373639,20.373383901,电网设备,2026-04-11
5882,000400,许继电气,0.1101,2377751582.79,1.2605551956,-57.0678,111046230.14,-46.5,-58.2181,12.048473365822,0.91,-0.189976356633,19.0117780735,电网设备,2026-04-11
5883,603588,高能环境,0.395,4992298217.66,50.9081934711,9.1793,602734316.63,168.4,213.9485,6.727760175274,6.059,-0.497364619786,24.2660428523,环境治理,2026-04-10
5884,300610,晨化股份,0.12,264428447.88,22.3018734207,19.0817,25859852.52,-4.3,96.3107,5.506637285556,2.21,0.186304883521,22.4092992547,化学制品,2026-04-10
5885,300442,润泽科技,0.36,1839577854.19,53.5531800545,8.4335,582229780.78,35.35,68.1914,8.741428743826,4.17,0.805126529469,46.7988138457,通信服务,2026-04-10
5886,002865,钧达股份,0.05,1694283358.38,-9.6345370889,-12.9139,14163605.99,113.38,101.4207,12.943129038852,0.37,-2.260567014195,13.5396253499,光伏设备,2026-04-10
5887,688252,天德钰,0.11,536093351.06,-3.2794061684,9.0682,46038706.15,-34.76,20.1472,6.013484642773,1.89,0.226902102695,23.7641356544,半导体,2026-04-09
5888,002072,凯瑞德,-0.0122,138625489.49,3.9668618449,68.4683,-4494797.98,-76.03,-326.0793,0.628496955369,-1.93,-0.081659320523,1.6259347385,贸易Ⅱ,2026-04-09
5889,688041,海光信息,0.3,4033592186.34,68.0559205815,-17.4614,687094336.71,35.82,17.7652,10.109276855481,2.99,0.029091168966,55.6039833349,半导体,2026-04-08
5890,002306,ST云网,-0.0089,26380310.63,-4.3117457206,-88.7115,-7311065.82,-13.75,79.2361,0.079737603944,-10.01,-0.029524039275,12.0122018442,酒店餐饮,2026-04-08
5891,002107,沃华医药,0.06,219045381.55,0.5547937761,13.885,36648737.04,60.32,15.5372,1.171488799719,4.94,0.117190308702,77.9641783276,中药Ⅱ,2026-04-08
