rank,code,name,industry,uplift_pct,snapshot_time,price,daily_change_pct,turnover,volume_ratio,pe_dynamic,pb,market_cap,float_market_cap,spot_ret_60d_pct,spot_ytd_pct,performance_source,performance_raw,perf_revenue,perf_revenue_yoy,perf_net_profit,perf_net_profit_yoy,hist_last_date,ret_5d,ret_20d,ret_60d,ret_120d,ret_250d,ma_20,price_to_ma20,ma_60,price_to_ma60,ma_120,price_to_ma120,ma_250,price_to_ma250,vol_20d_ann,vol_60d_ann,max_drawdown_120d,avg_amount_20d,avg_turnover_20d,news_count_7d,news_count_30d,news_pos_30d,news_neg_30d,news_neutral_30d,news_risk_30d,news_sentiment_30d,latest_headlines,latest_news_urls,forecast_growth_mid,forecast_reason,hist_error,growth_score,momentum_score,valuation_score,sentiment_score,quality_score,liquidity_score,risk_control_score,quant_score,quant_rank
27,300209,行云科技,互联网,659.09,2026-08-06T09:50:59.414831+08:00,,,,,,,,,,,h1_report,"{""序号"": 151, ""股票代码"": ""300209"", ""股票简称"": ""行云科技"", ""每股收益"": 0.0129, ""营业总收入-营业总收入"": 254209383.77, ""营业总收入-同比增长"": 497.1086363739, ""营业总收入-季度环比增长"": 27.0221, ""净利润-净利润"": 12015392.13, ""净利润-同比增长"": 540.15, ""净利润-季度环比增长"": 254.5252, ""每股净资产"": 1.011850507354, ""净资产收益率"": 1.3, ""每股经营现金流量"": 0.208714387986, ""销售毛利率"": 34.763493365, ""所处行业"": ""软件开发"", ""最新公告日期"": ""2026-07-31""}",254209383.77,497.1086363739,12015392.13,540.15,2026-08-06,0.40306513409961675,0.3902809415337889,0.43214704732107934,4.314949201741655,5.909433962264151,28.367,0.2909366517432226,27.654666666666667,0.3241888047827972,19.713416666666667,0.8576181196393318,12.493559999999997,1.931110107927605,1.585639094016702,1.1672670405859842,-0.3000625782227785,3103270823.001,14.436499999999999,5,9,4,0,5,0,0.4444444444444444,直线涨停！300209，封单超34万手 || 300209 首次回应超百亿算力、存储订单 || 行云科技300209龙虎榜数据08-04) || 300209：子公司算力订单金额上调至30.53亿元 || 行云科技300209.SZ)：2026年中报净利润为1201.54万元,http://finance.eastmoney.com/a/202608043830931841.html || http://finance.eastmoney.com/a/202608043830141457.html || http://finance.eastmoney.com/a/202608043831201432.html || http://finance.eastmoney.com/a/202607293825398646.html || http://finance.eastmoney.com/a/202607313827710027.html,,,,100.0,98.93939393939394,50.0,70.89999999999999,100.0,87.82828282828284,47.8030303030303,82.08671717171717,1
42,300972,万辰集团,食品,583.87,2026-08-06T09:50:59.414831+08:00,,,,,,,,,,,q1_report,"{""序号"": 2080, ""股票代码"": ""300972"", ""股票简称"": ""万辰集团"", ""每股收益"": 3.32, ""营业总收入-营业总收入"": 16634411669.22, ""营业总收入-同比增长"": 53.7251920719, ""营业总收入-季度环比增长"": 11.664, ""净利润-净利润"": 629777679.81, ""净利润-同比增长"": 193.12, ""净利润-季度环比增长"": 28.6257, ""每股净资产"": 10.540691518528, ""净资产收益率"": 34.51, ""每股经营现金流量"": 4.392868821418, ""销售毛利率"": 12.8688790353, ""所处行业"": ""休闲食品"", ""最新公告日期"": ""2026-04-29""}",16634411669.22,53.7251920719,629777679.81,193.12,2026-08-06,-0.08210045662100451,0.026659856996935627,-0.11441032644609894,-0.03569030029741915,0.34219136008546425,200.23100000000002,0.003940448781657224,194.25383333333332,0.034831573465302856,198.39475000000002,0.01323245700806086,189.12228,0.06291019757164529,0.5591005330307478,0.5012351094799081,-0.28678775387522004,542473765.618,1.4855,4,10,5,0,5,0,0.5,【数据揭秘】融资客看好个股一览 || 杠杆资金逆市增仓204股 || 创业板股融资余额增幅榜（附股） || 10只个股大宗交易超5000万元 || 今日33只个股突破半年线,http://finance.eastmoney.com/a/202608043830894311.html || http://finance.eastmoney.com/a/202608043830659653.html || http://finance.eastmoney.com/a/202608043830741948.html || http://finance.eastmoney.com/a/202607303827011428.html || http://finance.eastmoney.com/a/202607283823307750.html,,,,86.76923076923077,59.84848484848484,50.0,85.44999999999999,86.76923076923077,26.060606060606062,91.23737373737374,71.02201243201245,2
16,688256,寒武纪,半导体,860.42,2026-08-06T09:50:59.414831+08:00,,,,,,,,,,,q1_report,"{""序号"": 393, ""股票代码"": ""688256"", ""股票简称"": ""寒武纪"", ""每股收益"": 2.4, ""营业总收入-营业总收入"": 2884696746.86, ""营业总收入-同比增长"": 159.5554734937, ""营业总收入-季度环比增长"": 52.6479, ""净利润-净利润"": 1013213581.94, ""净利润-同比增长"": 185.04, ""净利润-季度环比增长"": 122.8887, ""每股净资产"": 30.523510402132, ""净资产收益率"": 8.2, ""每股经营现金流量"": 1.977702540737, ""销售毛利率"": 54.3303762465, ""所处行业"": ""半导体"", ""最新公告日期"": ""2026-04-30""}",2884696746.86,159.5554734937,1013213581.94,185.04,2026-08-06,0.09359861093790456,-0.25733382844411434,-0.13431747767450342,0.5926903893708872,1.5284450063211126,1220.4370000000001,-0.06590835905499437,1312.4579999999999,-0.1314007762534114,1067.5510833333333,0.06786459008636059,955.57632,0.1929973317044944,0.9088112899946396,0.8451947399898202,-0.35570806305035885,16802670532.45,2.1845,8,9,0,0,9,0,0.0,深夜，688256提示：股价可能存在下跌风险 || 8只个股大宗交易超5000万元 || 8月5日科创板主力资金净流入94.75亿元 || 31股受融资客青睐，净买入超亿元 || 8月4日科创板主力资金净流入75.51亿元,http://finance.eastmoney.com/a/202606303788724640.html || http://finance.eastmoney.com/a/202608033829918487.html || http://finance.eastmoney.com/a/202608053832636980.html || http://finance.eastmoney.com/a/202608053832055192.html || http://finance.eastmoney.com/a/202608043831314742.html,,,,93.53846153846155,57.22222222222223,50.0,40.449999999999996,93.53846153846155,70.0,71.64141414141415,69.05180264180265,3
68,605376,博迁新材,小金属,479.78,2026-08-06T09:50:59.414831+08:00,,,,,,,,,,,q1_report,"{""序号"": 1609, ""股票代码"": ""605376"", ""股票简称"": ""博迁新材"", ""每股收益"": 0.27, ""营业总收入-营业总收入"": 409747290.74, ""营业总收入-同比增长"": 64.022885055, ""营业总收入-季度环比增长"": 18.278, ""净利润-净利润"": 71626312.6, ""净利润-同比增长"": 49.64, ""净利润-季度环比增长"": 5.9506, ""每股净资产"": 6.728991295375, ""净资产收益率"": 4.09, ""每股经营现金流量"": -0.570174270528, ""销售毛利率"": 29.9271771483, ""所处行业"": ""金属新材料"", ""最新公告日期"": ""2026-04-29""}",409747290.74,64.022885055,71626312.6,49.64,2026-08-06,0.2111628605769229,-0.2209229282435371,0.2459814528593507,0.6122999999999998,3.084874588294907,154.35399999999998,0.04454695051634561,181.7423333333333,-0.11286491681446431,144.16066666666669,0.11840492783514667,98.23288,0.6413038078492659,1.19990358408194,1.0628996027754423,-0.5309481216457961,2356719469.85,5.844499999999999,8,9,3,0,6,0,0.4444444444444444,博迁新材605376龙虎榜数据07-21) || 机构“扫货”605376！年内已涨超300% || MLCC概念上涨7.01%，8股主力资金净流入超亿元 || MLCC产业链“涨”声四起 “卖铲人”销量快速增长 || 31股受融资客青睐，净买入超亿元,http://finance.eastmoney.com/a/202607213815675125.html || http://finance.eastmoney.com/a/202606293787068116.html || http://finance.eastmoney.com/a/202608053832893352.html || http://finance.eastmoney.com/a/202608053832927044.html || http://finance.eastmoney.com/a/202608053832055192.html,,,,81.92307692307693,72.07070707070706,50.0,70.89999999999999,81.92307692307693,74.34343434343434,37.65151515151515,67.72381895881895,4
43,688629,华丰科技,元器件,582.68,2026-08-06T09:50:59.414831+08:00,,,,,,,,,,,q1_report,"{""序号"": 2810, ""股票代码"": ""688629"", ""股票简称"": ""华丰科技"", ""每股收益"": 0.23, ""营业总收入-营业总收入"": 633223075.0, ""营业总收入-同比增长"": 56.1486203819, ""营业总收入-季度环比增长"": -27.0947, ""净利润-净利润"": 105112635.87, ""净利润-同比增长"": 230.43, ""净利润-季度环比增长"": -22.4226, ""每股净资产"": 4.180519717518, ""净资产收益率"": 5.61, ""每股经营现金流量"": 0.928003699303, ""销售毛利率"": 30.3410928242, ""所处行业"": ""军工电子Ⅱ"", ""最新公告日期"": ""2026-04-28""}",633223075.0,56.1486203819,105112635.87,230.43,2026-08-06,0.20436375749500346,-0.31028233498664637,0.05716374269005842,0.5651515151515152,1.6318471337579616,154.35449999999997,-0.0630658646168396,153.43750000000003,-0.057466395112016455,136.09058333333334,0.06267455438687586,109.22912000000001,0.32400590611734303,1.3065311171514773,1.104102215834567,-0.42731781762686005,3706608957.85,5.011,6,9,0,0,9,0,0.0,002485，实控人无期徒刑！688629，下周解禁市值超400亿元 || 8月4日科创板主力资金净流入75.51亿元 || 8月3日科创板主力资金净流出51.64亿元 || 华丰科技：初步确定的本次询价转让价格为126.66元/股 || 科创板平均股价51.52元 19股股价超300元,http://finance.eastmoney.com/a/202606273785464369.html || http://finance.eastmoney.com/a/202608043831314742.html || http://finance.eastmoney.com/a/202608033829906112.html || http://finance.eastmoney.com/a/202607273822209217.html || http://finance.eastmoney.com/a/202608053832894422.html,,,,89.84615384615387,62.121212121212125,50.0,40.449999999999996,89.84615384615387,76.36363636363637,46.84343434343434,66.28238539238541,5
7,603929,亚翔集成,装修装饰,1130.12,2026-08-06T09:50:59.414831+08:00,,,,,,,,,,,h1_report,"{""序号"": 131, ""股票代码"": ""603929"", ""股票简称"": ""亚翔集成"", ""每股收益"": 2.3, ""营业总收入-营业总收入"": 2547729187.94, ""营业总收入-同比增长"": 51.3555104102, ""营业总收入-季度环比增长"": 25.3754, ""净利润-净利润"": 490416194.97, ""净利润-同比增长"": 204.8, ""净利润-季度环比增长"": -2.2134, ""每股净资产"": 11.190829495079, ""净资产收益率"": 20.91, ""每股经营现金流量"": -0.613837782387, ""销售毛利率"": 24.2492882778, ""所处行业"": ""专业工程"", ""最新公告日期"": ""2026-07-31""}",2547729187.94,51.3555104102,490416194.97,204.8,2026-08-06,0.1251378169790518,-0.22091802652924897,-0.1652351738241309,0.1395072929025054,3.916591388136103,171.2735,-0.046670967779604,192.76766666666666,-0.15296998286365449,181.22275000000002,-0.09900936830502804,121.16964000000002,0.34753226963453865,1.060516589285223,0.92559996569747,-0.5046343229543808,1379744988.95,3.69,10,10,4,1,5,0,0.275,亚翔集成603929.SH)：2026年中报净利润为4.90亿元 || 机构风向标 | 亚翔集成6039292026年二季度已披露前十大机构持股比例合计下跌2.25个百分点 || 99家公司公布半年报 28家业绩增幅翻倍 || 亚翔集成：半年度净利润同比增长204.8% || 亚翔集成：2026年半年度净利润同比增长204.8%,http://finance.eastmoney.com/a/202607313827705065.html || http://finance.eastmoney.com/a/202607313827645291.html || http://finance.eastmoney.com/a/202608043830894653.html || http://finance.eastmoney.com/a/202607303827062582.html || http://finance.eastmoney.com/a/202607303826795985.html,,,,86.92307692307692,53.535353535353536,50.0,71.8,86.92307692307692,52.72727272727272,52.0959595959596,65.2991724941725,6
14,300139,晓程科技,黄金,887.3,2026-08-06T09:50:59.414831+08:00,,,,,,,,,,,q1_report,"{""序号"": 4427, ""股票代码"": ""300139"", ""股票简称"": ""晓程科技"", ""每股收益"": 0.16, ""营业总收入-营业总收入"": 158293055.88, ""营业总收入-同比增长"": 74.4636911065, ""营业总收入-季度环比增长"": -37.1257, ""净利润-净利润"": 44903804.2, ""净利润-同比增长"": 307.96, ""净利润-季度环比增长"": -39.8272, ""每股净资产"": 4.34866266854, ""净资产收益率"": 3.76, ""每股经营现金流量"": 0.243305373358, ""销售毛利率"": 66.4376682195, ""所处行业"": ""贵金属"", ""最新公告日期"": ""2026-04-25""}",158293055.88,74.4636911065,44903804.2,307.96,2026-08-06,0.29515905947441223,0.26063543349488416,-0.15319225899801048,-0.28387886203732027,1.3718338399189465,38.3785,0.21995388042784358,41.36500000000001,0.13187477335911968,50.911833333333334,-0.08037096811153921,39.418800000000005,0.18775812556445137,0.9389168550333035,0.814760457200768,-0.592597117029074,1427675312.6745,15.706999999999997,10,10,1,2,7,2,-0.55,贵金属概念盘中走强，黄金中长期逻辑仍获看好丨异动情报 || 贵金属板块盘中走强，黄金中长期逻辑仍获看好丨异动情报 || 贵金属概念盘中走弱，金价两大压制因素或边际缓和，机构建议逢回调积极增配| 异动情报 || 66只A股筹码大换手（8月5日） || 刚刚，黄金直线拉升站上4100美元，贵金属板块全线爆发,http://finance.eastmoney.com/a/202608053832350417.html || http://finance.eastmoney.com/a/202608053832379445.html || http://finance.eastmoney.com/a/202608033829599389.html || http://finance.eastmoney.com/a/202608053832892480.html || http://finance.eastmoney.com/a/202608053832387433.html,,,,94.84615384615384,66.2121212121212,50.0,28.4,94.84615384615384,77.02020202020202,37.25959595959596,62.42492074592073,7
67,300718,长盛轴承,机械基件,484.16,2026-08-06T09:50:59.414831+08:00,,,,,,,,,,,q1_report,"{""序号"": 3301, ""股票代码"": ""300718"", ""股票简称"": ""长盛轴承"", ""每股收益"": 0.2, ""营业总收入-营业总收入"": 348083438.13, ""营业总收入-同比增长"": 23.4093160439, ""营业总收入-季度环比增长"": 4.7319, ""净利润-净利润"": 61042118.65, ""净利润-同比增长"": 15.09, ""净利润-季度环比增长"": -6.8788, ""每股净资产"": 6.034837747582, ""净资产收益率"": 3.44, ""每股经营现金流量"": -0.054285886864, ""销售毛利率"": 33.9036128504, ""所处行业"": ""通用设备"", ""最新公告日期"": ""2026-04-28""}",348083438.13,23.4093160439,61042118.65,15.09,2026-08-06,0.19616390584132515,0.07709216517506667,-0.12800305071818996,-0.13230457880091084,-0.24731182795698936,59.742000000000004,0.14827089819557404,67.21266666666666,0.02064095061446758,70.24433333333333,-0.02340876844158246,79.0054,-0.13170492143574997,0.7307999308176122,0.7856592851976695,-0.3838571262901542,587352796.3640001,4.9115,2,2,1,0,1,0,1.0,300718股价大涨35%！“超级赛道”又火了 多只A股紧急公告！ || 宇树科技今起询价 这些影子股公司坐等IPO红利 || 26.42亿主力资金净流入，核电概念涨2.68% || 长盛轴承：具身智能零部件领域的收入在主营业务收入中占比不足1% || 长盛轴承：在具身智能零部件领域的收入在主营业务收入中占比低,http://finance.eastmoney.com/a/202607043794180921.html || http://finance.eastmoney.com/a/202608053832595091.html || http://finance.eastmoney.com/a/202608033829906019.html || http://finance.eastmoney.com/a/202607033793685929.html || http://finance.eastmoney.com/a/202607033793678931.html,,,,58.15384615384615,64.74747474747474,50.0,70.89999999999999,58.15384615384615,45.4040404040404,73.86363636363636,60.82574592074593,8
53,300857,协创数据,IT设备,526.33,2026-08-06T09:50:59.414831+08:00,,,,,,,,,,,h1_forecast,"{""序号"": 245, ""股票代码"": ""300857"", ""股票简称"": ""协创数据"", ""预测指标"": ""扣除非经常性损益后的净利润"", ""业绩变动"": ""预计2026年1-6月扣除非经常性损益后的净利润盈利:149,000万元至189,000万元,同比上年增长:255.07%至350.39%。"", ""预测数值"": 1690000000.0, ""业绩变动幅度"": 302.73, ""业绩变动原因"": ""报告期内,公司积极把握人工智能产业快速发展的市场机遇,持续推进由物联网智能终端及应用向AI算力基础设施及应用领域转型,并将既有智能制造能力逐步升级为覆盖算力基础设施、核心部件、平台能力及行业应用的全栈AI能力。公司以统一算力底座为基础,强化算力集群建设、资源管理与调度、核心部件协同及行业应用拓展,逐步构建可复制、可运营、可持续扩展的业务能力闭环。报告期内,公司主要业务板块具体经营情况如下:(一)智能算力产品及服务:市场需求持续增长,交付能力加快释放报告期内,公司智能算力产品及服务业务规模持续扩大,已成为公司业绩增长的核心驱动力。报告期内,随着大模型持续迭代以及推理应用加快落地,智能算力市场需求保持旺盛。公司围绕客户项目需求,集中资源提升AI算力集群的建设、交付及运维能力,持续优化项目实施流程,强化供应链协同和质量管理,有效提升项目交付效率,缩短交付及验收周期。(二)服务器及周边再制造:产业需求与部件价值提升带动业务收益增长报告期内,公司服务器及周边再制造业务收入和利润实现较快增长,为公司整体业绩增长贡献了重要增量。受人工智能产业快速发展及上游供应链供需变化影响,公司服务器及相关核心部件市场需求增加,部分产品和部件市场价格有所上涨。同时,公司充分发挥服务器回收、检测、维修、再制造及部件复用等方面的体系化能力,通过对服务器整机及核心部件进行专业化回收和再利用,进一步提升资产使用效率,释放存量设备及部件价值。(三)数据存储设备:市场需求与战略客户合作共同支撑业务稳健发展报告期内,受存储产品市场供需变化及客户需求增长影响,公司数据存储设备业务保持稳健发展。公司持续深化与战略客户的长期合作,通过长协及相对稳定的定价机制,在保障业务规模和客户订单稳定性的同时,有效降低短期市场价格波动对经营业绩的影响。此外,随着服务器存储产品及相关部件的应用加快落地,公司数据存储业务与智能算力业务之间的协同效应逐步显现,持续为公司经营业绩提供稳定支撑。(四)物联网智能终端:主动优化业务结构,加快高附加值产品转型报告期内,公司主动推进物联网智能终端业务板块的战略调整和客户结构优化,该业务整体规模未实现明显增长。报告期内,公司逐步降低低附加值、低盈利能力业务的比重,将资源进一步聚焦于高附加值、场景化智能硬件产品的研发及市场拓展。同时,公司积极推动物联网智能硬件与人工智能技术融合,依托摄像头、音视频设备及各类传感器形成的数据资源,探索AI在家庭、商业及行业场景中的应用落地,推动传统智能终端由单一硬件产品向“智能硬件+AI应用+数据服务”方向升级,培育新的业务增长点,拓宽利润空间。"", ""预告类型"": ""预增"", ""上年同期值"": 419638300.0, ""公告日期"": ""2026-07-20""}",,,,,2026-08-06,0.3514320763774068,-0.1333287727459297,-0.1581780125585568,0.7261393827917433,3.3981947578545393,235.652,0.07522957581518508,259.4455,-0.0233787057397411,226.13724999999997,0.12046998006741494,162.65124,0.5578116711560268,1.3000028290530103,1.0001471041739904,-0.4517515644189719,6012040168.7765,5.2585,9,9,4,0,5,0,0.4444444444444444,300857，拟使用不超70亿元自有闲置资金委托理财！ || 协创数据：拟使用不超70亿元自有资金进行委托理财 || 300857，定增80亿元，加码算力租赁与存储 || 今日613只个股突破五日均线 || 749只股短线走稳 站上五日均线,http://finance.eastmoney.com/a/202608043831544285.html || http://finance.eastmoney.com/a/202608043831404860.html || http://finance.eastmoney.com/a/202606273785445867.html || http://finance.eastmoney.com/a/202608043830921532.html || http://finance.eastmoney.com/a/202608043831213642.html,302.73,"报告期内,公司积极把握人工智能产业快速发展的市场机遇,持续推进由物联网智能终端及应用向AI算力基础设施及应用领域转型,并将既有智能制造能力逐步升级为覆盖算力基础设施、核心部件、平台能力及行业应用的全栈AI能力。公司以统一算力底座为基础,强化算力集群建设、资源管理与调度、核心部件协同及行业应用拓展,逐步构建可复制、可运营、可持续扩展的业务能力闭环。报告期内,公司主要业务板块具体经营情况如下:(一)智能算力产品及服务:市场需求持续增长,交付能力加快释放报告期内,公司智能算力产品及服务业务规模持续扩大,已成为公司业绩增长的核心驱动力。报告期内,随着大模型持续迭代以及推理应用加快落地,智能算力市场需求保持旺盛。公司围绕客户项目需求,集中资源提升AI算力集群的建设、交付及运维能力,持续优化项目实施流程,强化供应链协同和质量管理,有效提升项目交付效率,缩短交付及验收周期。(二)服务器及周边再制造:产业需求与部件价值提升带动业务收益增长报告期内,公司服务器及周边再制造业务收入和利润实现较快增长,为公司整体业绩增长贡献了重要增量。受人工智能产业快速发展及上游供应链供需变化影响,公司服务器及相关核心部件市场需求增加,部分产品和部件市场价格有所上涨。同时,公司充分发挥服务器回收、检测、维修、再制造及部件复用等方面的体系化能力,通过对服务器整机及核心部件进行专业化回收和再利用,进一步提升资产使用效率,释放存量设备及部件价值。(三)数据存储设备:市场需求与战略客户合作共同支撑业务稳健发展报告期内,受存储产品市场供需变化及客户需求增长影响,公司数据存储设备业务保持稳健发展。公司持续深化与战略客户的长期合作,通过长协及相对稳定的定价机制,在保障业务规模和客户订单稳定性的同时,有效降低短期市场价格波动对经营业绩的影响。此外,随着服务器存储产品及相关部件的应用加快落地,公司数据存储业务与智能算力业务之间的协同效应逐步显现,持续为公司经营业绩提供稳定支撑。(四)物联网智能终端:主动优化业务结构,加快高附加值产品转型报告期内,公司主动推进物联网智能终端业务板块的战略调整和客户结构优化,该业务整体规模未实现明显增长。报告期内,公司逐步降低低附加值、低盈利能力业务的比重,将资源进一步聚焦于高附加值、场景化智能硬件产品的研发及市场拓展。同时,公司积极推动物联网智能硬件与人工智能技术融合,依托摄像头、音视频设备及各类传感器形成的数据资源,探索AI在家庭、商业及行业场景中的应用落地,推动传统智能终端由单一硬件产品向“智能硬件+AI应用+数据服务”方向升级,培育新的业务增长点,拓宽利润空间。",,50.0,73.93939393939394,50.0,70.89999999999999,50.0,83.08080808080808,53.05555555555556,60.63974747474749,9
17,002384,东山精密,元器件,798.76,2026-08-06T09:50:59.414831+08:00,,,,,,,,,,,h1_forecast,"{""序号"": 2098, ""股票代码"": ""002384"", ""股票简称"": ""东山精密"", ""预测指标"": ""归属于上市公司股东的净利润"", ""业绩变动"": ""预计2026年1-6月归属于上市公司股东的净利润盈利:290,000万元至300,000万元,同比上年增长:282.58%至295.78%。"", ""预测数值"": 2950000000.0, ""业绩变动幅度"": 289.18, ""业绩变动原因"": ""1.消费电子、汽车零部件等传统核心业务经营根基稳固,业绩稳步提升,为公司筑牢稳定盈利基本盘;2.光模块业务整合效应初步显现,新增产能的爬坡及新客户的导入符合预期,收入与盈利实现较大增长;3.公司前期布局的数据中心相关产业投资逐步形成收益,有效增厚当期整体利润。"", ""预告类型"": ""预增"", ""上年同期值"": 758006000.0, ""公告日期"": ""2026-07-15""}",,,,,2026-08-06,0.15723114956736706,-0.2834838512168988,-0.15180067950169873,1.5670414038936116,2.530831604752027,210.91400000000004,-0.11224480119859293,224.95499999999998,-0.16765575337289673,176.12766666666667,0.06309249162066166,121.20756,0.5447881303773461,1.0916664541173628,0.9636147980626917,-0.41334300217548947,22506672909.235996,7.5715,6,10,4,0,6,0,0.5,东山精密002384龙虎榜数据08-05) || 豪掷12亿元抱团封板！三大游资齐聚002384 || 东山精密002384龙虎榜数据08-04 || 上证早知道｜002384 机构净买入9.35亿元；688235 上半年净利润32.71亿元 同比增长627.1% || 东山精密002384龙虎榜数据07-30,http://finance.eastmoney.com/a/202608053832590425.html || http://finance.eastmoney.com/a/202608043831478090.html || http://finance.eastmoney.com/a/202608043831205132.html || http://finance.eastmoney.com/a/202608063832985296.html || http://finance.eastmoney.com/a/202607303826713237.html,289.18,"1.消费电子、汽车零部件等传统核心业务经营根基稳固,业绩稳步提升,为公司筑牢稳定盈利基本盘;2.光模块业务整合效应初步显现,新增产能的爬坡及新客户的导入符合预期,收入与盈利实现较大增长;3.公司前期布局的数据中心相关产业投资逐步形成收益,有效增厚当期整体利润。",,50.0,60.55555555555555,50.0,85.44999999999999,50.0,93.98989898989899,58.81313131313131,60.63767676767677,10
35,300486,东杰智能,专用机械,617.1,2026-08-06T09:50:59.414831+08:00,,,,,,,,,,,q1_report,"{""序号"": 3965, ""股票代码"": ""300486"", ""股票简称"": ""东杰智能"", ""每股收益"": 0.02, ""营业总收入-营业总收入"": 320174581.91, ""营业总收入-同比增长"": 23.3768598161, ""营业总收入-季度环比增长"": 1.4047, ""净利润-净利润"": 8881392.97, ""净利润-同比增长"": 114.76, ""净利润-季度环比增长"": -18.6903, ""每股净资产"": 3.561936511894, ""净资产收益率"": 0.4, ""每股经营现金流量"": -0.153581644369, ""销售毛利率"": 12.3075596367, ""所处行业"": ""自动化设备"", ""最新公告日期"": ""2026-04-27""}",320174581.91,23.3768598161,8881392.97,114.76,2026-08-06,0.2656546489563567,-0.05702167766258237,-0.12886373530692197,-0.09251700680272101,1.4372716199756392,18.436,0.08537643740507717,21.664833333333338,-0.07638338628653207,22.747833333333332,-0.12035578480001752,21.0862,-0.051038119718109454,0.726109714131722,0.8044839709699311,-0.4724724724724725,229362528.375,2.6045,6,10,0,1,9,0,-0.125,解密主力资金出逃股 连续5日净流出347股 || 90股股东户数连续下降 （附股） || 解密主力资金出逃股 连续5日净流出375股 || 90股筹码连续3期集中 || 解密主力资金出逃股 连续5日净流出367股,http://finance.eastmoney.com/a/202607293825302921.html || http://finance.eastmoney.com/a/202607313828403819.html || http://finance.eastmoney.com/a/202607283823623547.html || http://finance.eastmoney.com/a/202607303826813177.html || http://finance.eastmoney.com/a/202607273822273283.html,,,,75.23076923076924,65.45454545454545,50.0,37.849999999999994,75.23076923076924,19.545454545454543,66.94444444444446,60.17980574980576,11
48,002842,翔鹭钨业,小金属,551.42,2026-08-06T09:50:59.414831+08:00,,,,,,,,,,,h1_forecast,"{""序号"": 4036, ""股票代码"": ""002842"", ""股票简称"": ""翔鹭钨业"", ""预测指标"": ""扣除非经常性损益后的净利润"", ""业绩变动"": ""预计2026年1-6月扣除非经常性损益后的净利润盈利:43,500万元至63,500万元,同比上年增长:4493.4%至6605.31%。"", ""预测数值"": 535000000.0, ""业绩变动幅度"": 5549.355, ""业绩变动原因"": ""报告期内,公司作为国内主要钨制品及钨材制造商,产品销量平稳,主营产品受益于钨价上涨带来营收增长,原材料的价格上涨到下游产品的传导较为顺畅,为业绩增长提供重要支撑。"", ""预告类型"": ""预增"", ""上年同期值"": 9470100.0, ""公告日期"": ""2026-07-11""}",,,,,2026-08-06,0.25330090340514233,-0.006336088154269892,-0.09303495096806647,0.3529632408102026,2.676860346585117,32.440000000000005,0.11189889025893951,37.0115,-0.02543803952825463,35.98083333333333,0.0024781712485815177,23.97792,0.5043006232400475,0.8442567050533073,0.8947079264254141,-0.45170508668317777,1142466172.5735002,12.789000000000001,2,8,1,0,7,0,0.25,有色金属行业资金流入榜：紫金矿业、洛阳钼业等净流入资金居前 || 翔鹭钨业向特定对象发行股票申请获证监会同意注册批复 || 90只股上午收盘涨停(附股) || 【数据揭秘】融资客看好个股一览 || 杠杆资金逆市增仓159股,http://finance.eastmoney.com/a/202608053832634728.html || http://finance.eastmoney.com/a/202607283823813913.html || http://finance.eastmoney.com/a/202608053832409087.html || http://finance.eastmoney.com/a/202607293824889437.html || http://finance.eastmoney.com/a/202607293824511840.html,5549.355,"报告期内,公司作为国内主要钨制品及钨材制造商,产品销量平稳,主营产品受益于钨价上涨带来营收增长,原材料的价格上涨到下游产品的传导较为顺畅,为业绩增长提供重要支撑。",,50.0,77.32323232323233,50.0,54.699999999999996,50.0,73.03030303030302,61.59090909090909,60.10358585858587,12
2,300476,胜宏科技,元器件,1680.08,2026-08-06T09:50:59.414831+08:00,,,,,,,,,,,q1_report,"{""序号"": 2195, ""股票代码"": ""300476"", ""股票简称"": ""胜宏科技"", ""每股收益"": 1.48, ""营业总收入-营业总收入"": 5519485066.85, ""营业总收入-同比增长"": 27.9927826495, ""营业总收入-季度环比增长"": 6.6563, ""净利润-净利润"": 1288427592.46, ""净利润-同比增长"": 39.95, ""净利润-季度环比增长"": 20.734, ""每股净资产"": 19.946167475293, ""净资产收益率"": 7.62, ""每股经营现金流量"": 2.425810238049, ""销售毛利率"": 34.4584933385, ""所处行业"": ""元件"", ""最新公告日期"": ""2026-04-29""}",5519485066.85,27.9927826495,1288427592.46,39.95,2026-08-06,0.3835662009314702,-0.15894843276036397,-0.3558595766649457,-0.019527719932419196,0.625244236029699,234.82049999999998,0.06268405015746081,305.17316666666665,-0.1823003223852686,298.9939166666666,-0.16540107978785512,285.00552000000005,-0.12443801088484197,1.1789460020724989,0.9331423769640209,-0.5410103066547907,9010679008.882,4.4350000000000005,9,10,1,0,9,0,0.1,千亿PCB龙头，300476，紧急澄清市场传闻 || 海外再传利好，算力硬件板块午后狂飙！2300亿龙头股逼近涨停 || 电子行业今日净流入资金313.18亿元，工业富联等80股净流入资金超亿元 || 胜宏科技：高端PCB技术领跑AI算力赛道 部分客户逐步释放2027-2028年长期需求 || 主力动向：8月5日特大单净流入520.08亿元,http://finance.eastmoney.com/a/202607133804086282.html || http://finance.eastmoney.com/a/202608053832526669.html || http://finance.eastmoney.com/a/202608053832635452.html || http://finance.eastmoney.com/a/202607303826443983.html || http://finance.eastmoney.com/a/202608053832637776.html,,,,71.76923076923077,48.28282828282828,50.0,63.05,71.76923076923077,77.27272727272727,47.04545454545455,59.67393162393162,13
76,002428,云南锗业,小金属,452.41,2026-08-06T09:50:59.414831+08:00,,,,,,,,,,,h1_forecast,"{""序号"": 3533, ""股票代码"": ""002428"", ""股票简称"": ""云南锗业"", ""预测指标"": ""扣除非经常性损益后的净利润"", ""业绩变动"": ""预计2026年1-6月扣除非经常性损益后的净利润盈利:5,200万元至6,700万元,同比上年增长:576.26%至771.34%。"", ""预测数值"": 59500000.0, ""业绩变动幅度"": 673.8, ""业绩变动原因"": ""报告期内,受下游高速光模块需求增加影响,公司化合物半导体材料产品销量同比增加;按约定交付期初待履约合同,材料级锗产品销量同比增加。受光通信市场供需关系变化的影响,化合物半导体材料产品销售均价较上年同期增加;同时本期化合物半导体材料产线产能利用率提高,产品成本较上年同期下降。上述主要产品的销量、价格、成本等变动使得公司本期销售收入增加、综合毛利率同比上升。"", ""预告类型"": ""预增"", ""上年同期值"": 7689300.0, ""公告日期"": ""2026-07-14""}",,,,,2026-08-06,0.47216828478964423,-0.11652748106428434,-0.10364532019704431,1.575148598924427,3.1392174704276616,78.303,0.1618967344801605,91.24449999999999,-0.002898804859470805,72.62124999999999,0.2528013494672705,49.81512,0.8263531233087464,1.1962564699671798,1.0190626742808597,-0.5249442693519871,4638168611.9904995,9.023500000000002,9,9,1,0,8,0,0.1111111111111111,小金属爆发！002428，“一字”涨停 || 云南锗业002428龙虎榜数据08-05) || 云南锗业002428.SZ)：副总经理普世坤因工作调整辞职，继续担任技术中心主任 || 8月5日龙虎榜净买入额前10个股 || 汇绿生态4天3板，MLCC概念涨幅居前丨强势个股,http://finance.eastmoney.com/a/202608053832290173.html || http://finance.eastmoney.com/a/202608053832590615.html || http://finance.eastmoney.com/a/202607033793667682.html || http://finance.eastmoney.com/a/202608053832649942.html || http://finance.eastmoney.com/a/202608053832725297.html,673.8,"报告期内,受下游高速光模块需求增加影响,公司化合物半导体材料产品销量同比增加;按约定交付期初待履约合同,材料级锗产品销量同比增加。受光通信市场供需关系变化的影响,化合物半导体材料产品销售均价较上年同期增加;同时本期化合物半导体材料产线产能利用率提高,产品成本较上年同期下降。上述主要产品的销量、价格、成本等变动使得公司本期销售收入增加、综合毛利率同比上升。",,50.0,81.66666666666667,50.0,53.75,50.0,88.93939393939394,41.33838383838384,59.647474747474746,14
77,301128,强瑞技术,专用机械,451.57,2026-08-06T09:50:59.414831+08:00,,,,,,,,,,,q1_report,"{""序号"": 3911, ""股票代码"": ""301128"", ""股票简称"": ""强瑞技术"", ""每股收益"": 0.142, ""营业总收入-营业总收入"": 515938891.9, ""营业总收入-同比增长"": 62.9248498019, ""营业总收入-季度环比增长"": 15.3213, ""净利润-净利润"": 14692894.14, ""净利润-同比增长"": 22.84, ""净利润-季度环比增长"": -42.8889, ""每股净资产"": 9.075612670165, ""净资产收益率"": 1.59, ""每股经营现金流量"": -0.315973041321, ""销售毛利率"": 32.1258726086, ""所处行业"": ""专用设备"", ""最新公告日期"": ""2026-04-27""}",515938891.9,62.9248498019,14692894.14,22.84,2026-08-06,0.29338252796953124,-0.23751052483861923,-0.23959135120005592,0.49087666346549597,1.929900242653006,108.481,0.0017422405766909232,135.8335,-0.19997644174669715,118.80099999999999,-0.08527705995740764,89.91124,0.20863642854886666,1.0596864071361314,0.863866852424518,-0.5535600425079703,556218338.2060001,4.022,6,10,0,0,10,0,0.0,光刻机概念涨6.09% 主力资金净流入33股 || 光刻机概念上涨6.64%，8股主力资金净流入超亿元 || 光刻机概念下跌2.67%，主力资金净流出35股 || 光刻机概念下跌6.91%，主力资金净流出41股 || 共封装光学(CPO)概念上涨6.76%，58股主力资金净流入超亿元,http://finance.eastmoney.com/a/202608053832892954.html || http://finance.eastmoney.com/a/202608043831235028.html || http://finance.eastmoney.com/a/202608033829905783.html || http://finance.eastmoney.com/a/202607303826815414.html || http://finance.eastmoney.com/a/202608043831237778.html,,,,74.46153846153847,58.484848484848484,50.0,51.849999999999994,74.46153846153847,38.38383838383838,49.46969696969696,58.965975135975135,15
80,002716,湖南白银,小金属,446.83,2026-08-06T09:50:59.414831+08:00,,,,,,,,,,,q1_report,"{""序号"": 3516, ""股票代码"": ""002716"", ""股票简称"": ""湖南白银"", ""每股收益"": 0.055, ""营业总收入-营业总收入"": 3197943211.4, ""营业总收入-同比增长"": 69.1683655353, ""营业总收入-季度环比增长"": -16.9539, ""净利润-净利润"": 155526279.39, ""净利润-同比增长"": 455.78, ""净利润-季度环比增长"": -14.3706, ""每股净资产"": 1.438133202602, ""净资产收益率"": 4.16, ""每股经营现金流量"": -0.377255180785, ""销售毛利率"": 9.0202538144, ""所处行业"": ""贵金属"", ""最新公告日期"": ""2026-04-28""}",3197943211.4,69.1683655353,155526279.39,455.78,2026-08-06,0.1499348109517602,0.1293213828425097,-0.2782324058919804,-0.4287564766839378,0.8413361169102296,7.691000000000001,0.14679495514237417,8.685333333333334,0.015505066011667124,10.83375,-0.18587746625129797,9.03764,-0.024081508004301977,0.6827932843769206,0.6145861291921585,-0.6050662061024755,969674579.0619999,5.41,0,9,0,1,8,1,-0.3611111111111111,贵金属拉升！002716，盘中涨停 || 金属铅概念下跌4.61%，5股主力资金净流出超亿元 || 金属锌概念下跌4.49%，14股主力资金净流出超5000万元 || 11.07亿主力资金净流入，金属铅概念涨3.94% || 金属锌概念涨4.53%，主力资金净流入这些股,http://finance.eastmoney.com/a/202607063794730372.html || http://finance.eastmoney.com/a/202607243820498073.html || http://finance.eastmoney.com/a/202607243820497742.html || http://finance.eastmoney.com/a/202607233819056593.html || http://finance.eastmoney.com/a/202607233819056837.html,,,,93.61538461538463,45.05050505050506,50.0,20.849999999999998,93.61538461538463,61.111111111111114,51.12727272727273,58.9389735819736,16
41,605196,华通线缆,电气设备,586.33,2026-08-06T09:50:59.414831+08:00,,,,,,,,,,,q1_report,"{""序号"": 2904, ""股票代码"": ""605196"", ""股票简称"": ""华通线缆"", ""每股收益"": 0.13, ""营业总收入-营业总收入"": 2132576833.0, ""营业总收入-同比增长"": 38.85396926, ""营业总收入-季度环比增长"": -2.443, ""净利润-净利润"": 64544904.5, ""净利润-同比增长"": 54.76, ""净利润-季度环比增长"": 127.5225, ""每股净资产"": 6.625722753748, ""净资产收益率"": 1.92, ""每股经营现金流量"": -0.205342538987, ""销售毛利率"": 15.666741949, ""所处行业"": ""电网设备"", ""最新公告日期"": ""2026-04-28""}",2132576833.0,38.85396926,64544904.5,54.76,2026-08-06,0.03948199620972814,0.4040102389078497,-0.20813282001924938,-0.21884642772371243,0.7847071583514096,28.817999999999994,0.14199458671663545,32.705333333333336,0.006257898813649021,39.89241666666667,-0.17503117760476627,34.712480000000006,-0.051925993187464825,0.7112281048687322,0.7682527288462,-0.5964141325364739,752037509.75,5.215,0,10,1,1,8,0,-0.05,华通线缆605196龙虎榜数据07-22) || 华通线缆605196.SH)：股票交易异常波动公告 || 华通线缆：拟大幅增加外汇套期保值额度至3.5亿美元 || 华通线缆：拟对全资孙公司釜山电缆增资不超过4500万美元 || 强势股追踪 主力资金连续5日净流入114股,http://finance.eastmoney.com/a/202607223817314133.html || http://finance.eastmoney.com/a/202607223817328676.html || http://finance.eastmoney.com/a/202607293824651175.html || http://finance.eastmoney.com/a/202607283823553440.html || http://finance.eastmoney.com/a/202607273822271049.html,,,,77.38461538461539,52.92929292929293,50.0,38.9,77.38461538461539,52.52525252525253,51.287878787878796,58.696258741258745,17
84,688309,恒誉环保,环境保护,435.56,2026-08-06T09:50:59.414831+08:00,,,,,,,,,,,h1_forecast,"{""序号"": 3034, ""股票代码"": ""688309"", ""股票简称"": ""恒誉环保"", ""预测指标"": ""扣除非经常性损益后的净利润"", ""业绩变动"": ""预计2026年1-6月扣除非经常性损益后的净利润盈利约:8,080万元,同比上年增长:980.2%左右。"", ""预测数值"": 80800000.0, ""业绩变动幅度"": 980.2, ""业绩变动原因"": ""报告期内,全球循环经济政策提振市场需求,全球固体废弃物化学循环项目建设需求显著提高,市场活力显著增强。公司凭借核心技术在全球拥有的持续领先优势以及多个国际市场实践项目,公司高端装备销售订单显著增加,销售收入相应增长;报告期内,公司现有运营项目持续稳健发力,保持高效平稳运行,持续为营收和利润贡献常态化收益。受上述因素综合影响,公司预计2026年上半年营业收入、归属于母公司所有者的净利润及属于母公司所有者的扣除非经常性损益的净利润同比均实现显著增长。"", ""预告类型"": ""预增"", ""上年同期值"": 7480100.0, ""公告日期"": ""2026-07-14""}",,,,,2026-08-06,0.06178343949044596,0.01957186544342515,-0.16847487217857582,1.100157480314961,2.287968441814596,63.459,0.05075718180242372,65.64283333333333,0.015800150816159375,61.76525,0.07957144187063125,42.59704,0.5653669832457844,0.7942614570064369,0.7128313724790679,-0.36675492114654085,130011941.7,2.6229999999999998,2,10,4,0,6,0,0.4,强势股追踪 主力资金连续5日净流入103股 || 融资客看好5股 买入占成交比例超三成 || 恒誉环保：从“环保”到“科技” 公司更名凸显集团化战略升级 || 236只科创板股融资余额环比增加 || 80家科创板公司提前预告上半年业绩,http://finance.eastmoney.com/a/202607303826824553.html || http://finance.eastmoney.com/a/202607293824888333.html || http://finance.eastmoney.com/a/202607293825416936.html || http://finance.eastmoney.com/a/202607293824520630.html || http://finance.eastmoney.com/a/202607313827633428.html,980.2,"报告期内,全球循环经济政策提振市场需求,全球固体废弃物化学循环项目建设需求显著提高,市场活力显著增强。公司凭借核心技术在全球拥有的持续领先优势以及多个国际市场实践项目,公司高端装备销售订单显著增加,销售收入相应增长;报告期内,公司现有运营项目持续稳健发力,保持高效平稳运行,持续为营收和利润贡献常态化收益。受上述因素综合影响,公司预计2026年上半年营业收入、归属于母公司所有者的净利润及属于母公司所有者的扣除非经常性损益的净利润同比均实现显著增长。",,50.0,67.92929292929293,50.0,80.54999999999998,50.0,16.616161616161616,79.92424242424244,58.398181818181826,18
10,688519,南亚新材,元器件,1056.88,2026-08-06T09:50:59.414831+08:00,,,,,,,,,,,h1_forecast,"{""序号"": 3032, ""股票代码"": ""688519"", ""股票简称"": ""南亚新材"", ""预测指标"": ""归属于上市公司股东的净利润"", ""业绩变动"": ""预计2026年1-6月归属于上市公司股东的净利润盈利:42,000万元至50,000万元,同比上年增长:381.71%至473.46%,同比上年增长33,280.98万元至41,280.98万元。"", ""预测数值"": 460000000.0, ""业绩变动幅度"": 427.585, ""业绩变动原因"": ""2026年上半年,受AI算力爆发等持续影响,覆铜板行业整体处于高景气周期,市场订单供给紧张,行业需求端支撑力度强劲;上游铜箔、电子玻纤布、树脂等核心原材料价格阶段性上行,行业整体迎来量价齐升的增长机遇。公司依托自身优良的产品技术及客户资源,顺势抢抓市场红利,同步传导原物料成本,持续优化产品结构,主要产品量价齐升,综合毛利水平持续改善,驱动营业收入、净利润同比大幅增长。"", ""预告类型"": ""预增"", ""上年同期值"": 87190200.0, ""公告日期"": ""2026-07-14""}",,,,,2026-08-06,0.3227295534370296,-0.24943769040230046,0.308287841191067,2.400670794633643,5.300669216061185,259.971,0.014036180958645339,278.8763333333333,-0.05470644694362725,207.84908333333334,0.2683240925206549,135.4834,0.945773430545735,1.5833972463429504,1.285843952497583,-0.5140209704950012,2114699692.75,3.4395,10,10,3,0,7,0,0.3,749只股短线走稳 站上五日均线 || 今日715只个股突破五日均线 || 8月5日科创板主力资金净流入94.75亿元 || 8月3日科创板主力资金净流出51.64亿元 || 100只股中线走稳 站上半年线,http://finance.eastmoney.com/a/202608043831213642.html || http://finance.eastmoney.com/a/202608043831002510.html || http://finance.eastmoney.com/a/202608053832636980.html || http://finance.eastmoney.com/a/202608033829906112.html || http://finance.eastmoney.com/a/202607313828405757.html,427.585,"2026年上半年,受AI算力爆发等持续影响,覆铜板行业整体处于高景气周期,市场订单供给紧张,行业需求端支撑力度强劲;上游铜箔、电子玻纤布、树脂等核心原材料价格阶段性上行,行业整体迎来量价齐升的增长机遇。公司依托自身优良的产品技术及客户资源,顺势抢抓市场红利,同步传导原物料成本,持续优化产品结构,主要产品量价齐升,综合毛利水平持续改善,驱动营业收入、净利润同比大幅增长。",,50.0,80.95959595959596,50.0,74.94999999999999,50.0,59.54545454545455,32.651515151515156,58.124040404040414,19
23,300757,罗博特科,专用机械,728.92,2026-08-06T09:50:59.414831+08:00,,,,,,,,,,,q1_report,"{""序号"": 2132, ""股票代码"": ""300757"", ""股票简称"": ""罗博特科"", ""每股收益"": -0.23, ""营业总收入-营业总收入"": 163706186.81, ""营业总收入-同比增长"": 69.3255953076, ""营业总收入-季度环比增长"": -69.3142, ""净利润-净利润"": -38817952.08, ""净利润-同比增长"": -48.33, ""净利润-季度环比增长"": -567.2056, ""每股净资产"": 9.699109380154, ""净资产收益率"": -2.35, ""每股经营现金流量"": -0.047693270465, ""销售毛利率"": 36.3113939359, ""所处行业"": ""自动化设备"", ""最新公告日期"": ""2026-04-29""}",163706186.81,69.3255953076,-38817952.08,-48.33,2026-08-06,0.3204759377705779,-0.09304199359257204,-0.12396464506087046,0.12676962676962678,1.644571236784695,437.60900000000004,0.08034798187423009,543.8618333333333,-0.13071671696028186,490.09541666666667,-0.035351109350305165,360.87591999999995,0.31006247244205176,1.2871426323519042,1.0346207955697668,-0.47934268886788345,3232727370.5,4.5695,9,10,1,0,9,0,0.1,光伏ETF鹏华(159863涨超1.6%，科创新能源ETF鹏华588830涨近1%，首个反内卷可量化工具落地，推动光伏行业高质量发展 || 机械设备行业今日涨3.20%，主力资金净流入47.01亿元 || 罗博特科：子公司签订1.29亿元自动化制造设备合同 || 英伟达概念涨5.76%，主力资金净流入53股 || 主力动向：8月3日特大单净流出248.39亿元,http://finance.eastmoney.com/a/202608033829700745.html || http://finance.eastmoney.com/a/202608053832637680.html || http://finance.eastmoney.com/a/202607273822275124.html || http://finance.eastmoney.com/a/202608043831236148.html || http://finance.eastmoney.com/a/202608033829903122.html,,,,51.15384615384616,71.86868686868686,50.0,63.05,51.15384615384616,71.46464646464646,45.984848484848484,57.89923076923077,20
86,300620,光库科技,通信设备,428.12,2026-08-06T09:50:59.414831+08:00,,,,,,,,,,,h1_forecast,"{""序号"": 4557, ""股票代码"": ""300620"", ""股票简称"": ""光库科技"", ""预测指标"": ""扣除非经常性损益后的净利润"", ""业绩变动"": ""预计2026年1-6月扣除非经常性损益后的净利润盈利:12,428万元至13,259万元,同比上年增长:199%至219%。"", ""预测数值"": 128435000.0, ""业绩变动幅度"": 209.0, ""业绩变动原因"": ""1、报告期内,受益于全球AI算力基础设施投资加速与数据中心建设,高速光模块及光器件市场需求持续增长,同时公司坚持技术创新,持续推出新产品,并积极拓展国内外新客户,营业收入实现稳步增长。报告期内,归属于上市公司股东的净利润较上年同期实现大幅增长,主要系营业收入增长有效拉动利润提升,同时随着产销规模扩大,规模效应显现,公司持续推进降本增效工作,综合提升了整体盈利能力。2、报告期内,预计非经常性损益对净利润的影响金额约为1,671万元。"", ""预告类型"": ""预增"", ""上年同期值"": 41560000.0, ""公告日期"": ""2026-07-07""}",,,,,2026-08-06,0.3668601914326062,-0.17156443176414649,-0.05616151401329095,0.47410875451263523,4.73217810923448,242.58900000000003,0.07725412116790098,292.574,-0.1067900770403386,246.85841666666664,0.05862300961313527,180.59740000000002,0.4470307988930071,1.3258254500711715,1.134679076812774,-0.5290886699507389,2994698120.0815,4.960499999999999,9,10,2,0,8,0,0.3,光库科技300620龙虎榜数据08-04) || 午后爆发！300620，3分钟“20cm”涨停，股民直呼“吃上肉”了 || 603162、603268、600999、001339、300620、000810等业绩大幅预增，最高预增5倍 || 午后，多股异动拉升 || 深股通现身15只个股龙虎榜,http://finance.eastmoney.com/a/202608043831201339.html || http://finance.eastmoney.com/a/202608043831116751.html || http://finance.eastmoney.com/a/202607073797042944.html || http://finance.eastmoney.com/a/202608043831068532.html || http://finance.eastmoney.com/a/202608043831523720.html,209.0,"1、报告期内,受益于全球AI算力基础设施投资加速与数据中心建设,高速光模块及光器件市场需求持续增长,同时公司坚持技术创新,持续推出新产品,并积极拓展国内外新客户,营业收入实现稳步增长。报告期内,归属于上市公司股东的净利润较上年同期实现大幅增长,主要系营业收入增长有效拉动利润提升,同时随着产销规模扩大,规模效应显现,公司持续推进降本增效工作,综合提升了整体盈利能力。2、报告期内,预计非经常性损益对净利润的影响金额约为1,671万元。",,50.0,74.24242424242424,50.0,74.94999999999999,50.0,73.38383838383838,32.44949494949495,57.659898989898984,21
11,688313,仕佳光子,通信设备,1025.0,2026-08-06T09:50:59.414831+08:00,,,,,,,,,,,h1_report,"{""序号"": 80, ""股票代码"": ""688313"", ""股票简称"": ""仕佳光子"", ""每股收益"": 0.6964, ""营业总收入-营业总收入"": 1495490807.64, ""营业总收入-同比增长"": 50.6601605112, ""营业总收入-季度环比增长"": 59.3668, ""净利润-净利润"": 314784732.28, ""净利润-同比增长"": 45.3, ""净利润-季度环比增长"": 70.9553, ""每股净资产"": 3.798686944995, ""净资产收益率"": 18.51, ""每股经营现金流量"": -0.840148964373, ""销售毛利率"": 36.1813534002, ""所处行业"": ""通信设备"", ""最新公告日期"": ""2026-08-01""}",1495490807.64,50.6601605112,314784732.28,45.3,2026-08-06,0.3689412885554366,-0.25627587991718426,-0.3591101694915254,0.36342070928715464,1.0771593783881461,117.32299999999998,-0.02022621310399475,150.86666666666673,-0.23806893504198,127.74183333333333,-0.10013816930240804,100.98264000000002,0.13831446672418135,1.3223843372839952,1.0699063336407642,-0.5870260168199479,2882410731.15,5.525,10,10,1,1,8,0,-0.025,仕佳光子688313龙虎榜数据(08-04) || 仕佳光子688313.SH)2026年中报净利润为3.15亿元、较去年同期上涨45.30% || 仕佳光子688313.SH)：2026年中报净利润为3.15亿元 || 机构风向标 | 仕佳光子6883132026年二季度已披露持股减少机构超20家 || 8月4日龙虎榜机构席位买卖详情,http://finance.eastmoney.com/a/202608043831229776.html || http://finance.eastmoney.com/a/202608033829611247.html || http://finance.eastmoney.com/a/202608013828988553.html || http://finance.eastmoney.com/a/202608013828985862.html || http://finance.eastmoney.com/a/202608043831260544.html,,,,76.92307692307693,50.7070707070707,50.0,40.65,76.92307692307693,76.26262626262627,29.419191919191924,57.26851592851594,22
6,688498,源杰科技,半导体,1144.57,2026-08-06T09:50:59.414831+08:00,,,,,,,,,,,h1_forecast,"{""序号"": 166, ""股票代码"": ""688498"", ""股票简称"": ""源杰科技"", ""预测指标"": ""归属于上市公司股东的净利润"", ""业绩变动"": ""预计2026年1-6月归属于上市公司股东的净利润盈利:60,000万元至65,000万元,同比上年增长:1196.91%至1304.98%,同比上年增长55,373.61万元至60,373.61万元。"", ""预测数值"": 625000000.0, ""业绩变动幅度"": 1250.945, ""业绩变动原因"": ""1、公司收入大幅增长,主要系数据中心业务收入增长。随着数据中心业务占公司整体的收入比例提升,公司整体毛利率水平提升。2、随着公司收入规模大幅增长,期间费用占比有所下降。3、公司通过私募基金间接参与股权投资,私募基金投资的公司由于估值上升,导致私募基金投资公允价值变动,从而间接对公司产生了一定的投资收益,此部分投资收益主要为非经常性损益。"", ""预告类型"": ""预增"", ""上年同期值"": 46263900.0, ""公告日期"": ""2026-07-22""}",,,,,2026-08-06,0.26486034618410703,-0.2634005532614361,0.09122765338243144,1.32099545224861,8.492987894892234,1426.7265,-0.09855883380591868,1434.7323333333334,-0.10358889242290736,1099.2959166666667,0.16993975916857673,706.9753599999999,0.8191723117478946,1.4369784414099886,1.1229524170547585,-0.4608695652173913,8738925141.75,5.077500000000001,7,10,0,0,10,0,0.0,源杰科技688498龙虎榜数据(07-30) || 源杰科技688498龙虎榜数据(07-28 || 688498，火了！353家机构“扎堆”调研 || 688498，353家机构“扎堆”调研 || 8月3日午前CPO板块持续反弹 铭普光磁直线涨停,http://finance.eastmoney.com/a/202607303826748819.html || http://finance.eastmoney.com/a/202607283823550316.html || http://finance.eastmoney.com/a/202607263821189362.html || http://finance.eastmoney.com/a/202607253821111448.html || http://finance.eastmoney.com/a/202608033829616248.html,1250.945,"1、公司收入大幅增长,主要系数据中心业务收入增长。随着数据中心业务占公司整体的收入比例提升,公司整体毛利率水平提升。2、随着公司收入规模大幅增长,期间费用占比有所下降。3、公司通过私募基金间接参与股权投资,私募基金投资的公司由于估值上升,导致私募基金投资公允价值变动,从而间接对公司产生了一定的投资收益,此部分投资收益主要为非经常性损益。",,50.0,73.38383838383838,50.0,51.849999999999994,50.0,82.979797979798,42.550505050505045,57.23323232323232,23
5,301377,鼎泰高科,机械基件,1314.14,2026-08-06T09:50:59.414831+08:00,,,,,,,,,,,h1_forecast,"{""序号"": 3848, ""股票代码"": ""301377"", ""股票简称"": ""鼎泰高科"", ""预测指标"": ""归属于上市公司股东的净利润"", ""业绩变动"": ""预计2026年1-6月归属于上市公司股东的净利润盈利:64,000万元至70,000万元,同比上年增长:300.62%至338.18%。"", ""预测数值"": 670000000.0, ""业绩变动幅度"": 319.4, ""业绩变动原因"": ""2026年上半年,下游PCB客户对精密刀具及研磨抛光材料的采购需求持续保持旺盛,公司紧抓行业景气窗口,通过深化技术迭代与客户协同,推动高附加值产品渗透率进一步提升,产品结构持续向高端化发展。同时,公司产能爬坡效率显著改善,规模效应逐步释放,共同驱动上半年业绩实现高速增长。"", ""预告类型"": ""预增"", ""上年同期值"": 159752300.0, ""公告日期"": ""2026-07-13""}",,,,,2026-08-06,0.2636936936936938,-0.13070153693604358,0.7772944207458714,1.4345386172982355,7.777847309136421,406.21500000000003,0.03592924928916941,429.2968333333334,-0.019769149628792282,315.2125,0.33500416385771503,204.76832,1.055054219324552,1.229734516621582,1.0985830478233267,-0.4951485748938751,1989424408.5685,4.8919999999999995,5,9,0,0,9,0,0.0,机械设备行业今日涨3.20%，主力资金净流入47.01亿元 || 【数据揭秘】融资客看好个股一览 || 创业板融资余额增加7.72亿元，23股获融资客大手笔加仓 || 通用设备概念走弱，通用设备制造等八行业试点征收挥发性有机物环保税|异动情报 || 通用设备概念走弱，8行业试点征收挥发性有机物环保税|异动情报,http://finance.eastmoney.com/a/202608053832637680.html || http://finance.eastmoney.com/a/202608033829554913.html || http://finance.eastmoney.com/a/202608033829367530.html || http://finance.eastmoney.com/a/202607283823304059.html || http://finance.eastmoney.com/a/202607283823304516.html,319.4,"2026年上半年,下游PCB客户对精密刀具及研磨抛光材料的采购需求持续保持旺盛,公司紧抓行业景气窗口,通过深化技术迭代与客户协同,推动高附加值产品渗透率进一步提升,产品结构持续向高端化发展。同时,公司产能爬坡效率显著改善,规模效应逐步释放,共同驱动上半年业绩实现高速增长。",,50.0,84.09090909090908,50.0,40.449999999999996,50.0,66.71717171717172,41.489898989899,57.11696969696969,24
69,688702,盛科通信,半导体,473.04,2026-08-06T09:50:59.414831+08:00,,,,,,,,,,,q1_report,"{""序号"": 5114, ""股票代码"": ""688702"", ""股票简称"": ""盛科通信"", ""每股收益"": -0.04, ""营业总收入-营业总收入"": 248423210.24, ""营业总收入-同比增长"": 11.399610079, ""营业总收入-季度环比增长"": -22.1076, ""净利润-净利润"": -17029645.22, ""净利润-同比增长"": -12.0538390921, ""净利润-季度环比增长"": 89.3106, ""每股净资产"": 5.443519241512, ""净资产收益率"": -0.76, ""每股经营现金流量"": -0.298480185244, ""销售毛利率"": 49.446850007, ""所处行业"": ""半导体"", ""最新公告日期"": ""2026-04-23""}",248423210.24,11.399610079,-17029645.22,-12.0538390921,2026-08-06,0.20082897463732352,-0.13497630331753552,0.20586680761099352,1.5300803992237317,4.26905311778291,362.2795,0.007619807358683062,327.242,0.11550473349997858,268.80766666666665,0.35799698173291206,191.91883999999996,0.9020540140822031,1.4045864057644637,1.1223438030094313,-0.2932930373125653,4706177562.8,6.283499999999999,10,10,0,0,10,0,0.0,国家大基金持股概念涨6.44%，主力资金净流入这些股 || 8月4日科创板主力资金净流入75.51亿元 || 国家大基金持股概念上涨5.73%，17股主力资金净流入超亿元 || 8月3日科创板主力资金净流出51.64亿元 || 国家大基金持股概念下跌4.49%，主力资金净流出35股,http://finance.eastmoney.com/a/202608053832893792.html || http://finance.eastmoney.com/a/202608043831314742.html || http://finance.eastmoney.com/a/202608043831236575.html || http://finance.eastmoney.com/a/202608033829906112.html || http://finance.eastmoney.com/a/202608033829905625.html,,,,42.769230769230774,77.47474747474747,50.0,51.849999999999994,42.769230769230774,83.93939393939394,50.42929292929293,56.96130536130536,25
70,300604,长川科技,半导体,471.32,2026-08-06T09:50:59.414831+08:00,,,,,,,,,,,h1_forecast,"{""序号"": 4752, ""股票代码"": ""300604"", ""股票简称"": ""长川科技"", ""预测指标"": ""扣除非经常性损益后的净利润"", ""业绩变动"": ""预计2026年1-6月扣除非经常性损益后的净利润盈利:85,500万元至95,500万元,同比上年增长:139.38%至167.38%。"", ""预测数值"": 905000000.0, ""业绩变动幅度"": 153.38, ""业绩变动原因"": ""报告期内,前期研发投入的成果持续显现,叠加高端下游市场需求显著释放,公司数字测试机等多产品线销售业绩大幅度增长,规模效应显现,销售收入规模大幅度增长,利润随之迅速增长。预计本报告期非经损益约为4,500万元,主要是报告期内获得的政府补助和并购业务的影响。"", ""预告类型"": ""预增"", ""上年同期值"": 357172600.0, ""公告日期"": ""2026-06-23""}",,,,,2026-08-06,0.14517311608961303,-0.24828877005347594,0.23361123299692843,1.1702948896093872,5.218535722185357,287.99550000000005,-0.02380419138493506,266.72816666666665,0.05403191388985906,204.20575000000002,0.37674869586189397,141.45296,0.987515849792044,1.2831858640798173,1.0333415709198015,-0.3919251336898396,9350827912.24,6.532500000000001,7,8,0,0,8,0,0.0,长川科技300604龙虎榜数据07-21) || 长川科技：2025年定增股份1116.36万股将于8月7日上市 || 国家大基金持股概念涨6.44%，主力资金净流入这些股 || 26只创业板股获杠杆资金加仓超10% || 国家大基金持股概念下跌4.49%，主力资金净流出35股,http://finance.eastmoney.com/a/202607213815557287.html || http://finance.eastmoney.com/a/202608063833386286.html || http://finance.eastmoney.com/a/202608053832893792.html || http://finance.eastmoney.com/a/202608053832233839.html || http://finance.eastmoney.com/a/202608033829905625.html,153.38,"报告期内,前期研发投入的成果持续显现,叠加高端下游市场需求显著释放,公司数字测试机等多产品线销售业绩大幅度增长,规模效应显现,销售收入规模大幅度增长,利润随之迅速增长。预计本报告期非经损益约为4,500万元,主要是报告期内获得的政府补助和并购业务的影响。",,50.0,69.84848484848484,50.0,36.85,50.0,89.54545454545455,53.51010101010101,56.87010101010102,26
12,301396,宏景科技,软件服务,950.72,2026-08-06T09:50:59.414831+08:00,,,,,,,,,,,q1_report,"{""序号"": 1988, ""股票代码"": ""301396"", ""股票简称"": ""宏景科技"", ""每股收益"": 0.1971, ""营业总收入-营业总收入"": 376876895.56, ""营业总收入-同比增长"": 7.0111353846, ""营业总收入-季度环比增长"": 135.4839, ""净利润-净利润"": 30257426.78, ""净利润-同比增长"": 39.75, ""净利润-季度环比增长"": 137.3224, ""每股净资产"": 8.065424512222, ""净资产收益率"": 2.47, ""每股经营现金流量"": 1.668591706523, ""销售毛利率"": 34.2293276106, ""所处行业"": ""IT服务Ⅱ"", ""最新公告日期"": ""2026-04-29""}",376876895.56,7.0111353846,30257426.78,39.75,2026-08-06,0.5223238300161377,-0.30491228070175436,-0.18086338074760178,2.1098901098901095,3.9624248496993983,192.48950000000002,0.029147044384238985,214.90166666666664,-0.07818304495854689,175.7876666666667,0.12692775185213967,110.06867999999999,0.7997853703705724,1.5345779570597846,1.2667933781490945,-0.6075693606755127,3108346381.5285,11.276500000000002,10,10,3,0,7,0,0.3,宏景科技301396龙虎榜数据08-04) || 算力租赁概念行情活跃 利通电子8月5日盘中触及涨停 || 宏景科技拟斥资3000万元至5000万元回购，用于股权激励或员工持股计划 || IT服务概念拉升，行业正迎来AI等主导的结构性扩张丨异动情报 || IT服务概念拉升，紫光股份涨停！行业正迎来AI等主导的结构性扩张丨异动情报,http://finance.eastmoney.com/a/202608043831202470.html || http://finance.eastmoney.com/a/202608053832341910.html || http://finance.eastmoney.com/a/202608053832694369.html || http://finance.eastmoney.com/a/202608053832380970.html || http://finance.eastmoney.com/a/202608053832380482.html,,,,56.38461538461539,64.5959595959596,50.0,74.94999999999999,56.38461538461539,87.07070707070707,18.257575757575754,56.734289044289056,27
79,000962,东方钽业,小金属,446.85,2026-08-06T09:50:59.414831+08:00,,,,,,,,,,,q1_report,"{""序号"": 3712, ""股票代码"": ""000962"", ""股票简称"": ""东方钽业"", ""每股收益"": 0.1067, ""营业总收入-营业总收入"": 477029588.55, ""营业总收入-同比增长"": 41.0774004547, ""营业总收入-季度环比增长"": 38.487, ""净利润-净利润"": 54346417.02, ""净利润-同比增长"": -3.82, ""净利润-季度环比增长"": 8.7313, ""每股净资产"": 7.591026108557, ""净资产收益率"": 1.7, ""每股经营现金流量"": -0.414731247061, ""销售毛利率"": 14.8853675798, ""所处行业"": ""小金属"", ""最新公告日期"": ""2026-04-28""}",477029588.55,41.0774004547,54346417.02,-3.82,2026-08-06,0.3093788063337395,-0.17687595712098003,0.06710343458407797,0.20004465282429118,1.9960981047937567,51.28499999999999,0.04806473627766428,60.3185,-0.10889693875013473,53.897166666666664,-0.0027305084064406238,40.19328,0.3372882233049903,1.1142646891894108,1.0035575182525545,-0.5627396676608436,1320977940.8435001,5.030999999999999,8,10,0,0,10,0,0.0,有色金属行业资金流入榜：紫金矿业、洛阳钼业等净流入资金居前 || 90只股上午收盘涨停(附股) || 85只股上午收盘涨停(附股) || 航空发动机概念涨2.67%，主力资金净流入47股 || 12.37亿主力资金净流入，可控核聚变概念涨2.88%,http://finance.eastmoney.com/a/202608053832634728.html || http://finance.eastmoney.com/a/202608053832409087.html || http://finance.eastmoney.com/a/202608043831004457.html || http://finance.eastmoney.com/a/202608033829906398.html || http://finance.eastmoney.com/a/202608033829905351.html,,,,56.923076923076934,71.51515151515152,50.0,51.849999999999994,56.923076923076934,61.61616161616161,35.53030303030303,56.39710178710179,28
15,601869,长飞光纤,通信设备,882.41,2026-08-06T09:50:59.414831+08:00,,,,,,,,,,,h1_forecast,"{""序号"": 843, ""股票代码"": ""601869"", ""股票简称"": ""长飞光纤"", ""预测指标"": ""扣除非经常性损益后的净利润"", ""业绩变动"": ""预计2026年1-6月扣除非经常性损益后的净利润盈利:200,000万元至260,000万元,同比上年增长:1349%至1784%,同比上年增长186,200万元至246,200万元。"", ""预测数值"": 2300000000.0, ""业绩变动幅度"": 1566.5, ""业绩变动原因"": ""报告期内,得益于算力数据中心的加速建设,国内外新型光纤光缆产品需求持续增长,行业供需结构不断改善。公司充分利用全球领先的行业地位,紧抓国际市场机遇,大力拓展算力数据中心相关业务,实现了核心客户的拓展、产品结构的优化及盈利能力的提升,公司经营业绩同比增长。"", ""预告类型"": ""预增"", ""上年同期值"": 138000000.0, ""公告日期"": ""2026-07-15""}",,,,,2026-08-06,0.22382547780400497,-0.27151792593935553,-0.2101189306074307,0.8526309722782548,7.028221778221779,343.11199999999997,-0.06313390379817663,412.4476666666667,-0.22062839487514785,353.8134166666667,-0.09147029236925963,217.77844000000002,0.4760414299964677,1.0777053489284087,0.9498427091805549,-0.5477586206896552,5415755972.75,3.7745000000000006,7,10,3,0,7,0,0.5,长飞光纤601869龙虎榜数据08-05) || 长飞光纤601869龙虎榜数据07-30 || 业绩暴涨超7倍！601869，涨停！ || 601869 上半年净利预增超7倍！光纤热门股 密集报喜！ || 利好来了！002466、601869、603629、603256等多只热门股业绩大幅预增 最高预增49倍！,http://finance.eastmoney.com/a/202608053832623398.html || http://finance.eastmoney.com/a/202607303826749388.html || http://finance.eastmoney.com/a/202607153807244379.html || http://finance.eastmoney.com/a/202607143806136511.html || http://finance.eastmoney.com/a/202607143806141527.html,1566.5,"报告期内,得益于算力数据中心的加速建设,国内外新型光纤光缆产品需求持续增长,行业供需结构不断改善。公司充分利用全球领先的行业地位,紧抓国际市场机遇,大力拓展算力数据中心相关业务,实现了核心客户的拓展、产品结构的优化及盈利能力的提升,公司经营业绩同比增长。",,50.0,57.97979797979798,50.0,85.44999999999999,50.0,71.46464646464646,43.71212121212121,56.28010101010101,29
55,002364,中恒电气,电气设备,523.09,2026-08-06T09:50:59.414831+08:00,,,,,,,,,,,q1_report,"{""序号"": 3596, ""股票代码"": ""002364"", ""股票简称"": ""中恒电气"", ""每股收益"": 0.04, ""营业总收入-营业总收入"": 418396025.6, ""营业总收入-同比增长"": 7.7898839114, ""营业总收入-季度环比增长"": -41.8148, ""净利润-净利润"": 24935658.45, ""净利润-同比增长"": 22.89, ""净利润-季度环比增长"": -53.6524, ""每股净资产"": 4.43754263418, ""净资产收益率"": 1.0, ""每股经营现金流量"": -0.250565989465, ""销售毛利率"": 25.6677925193, ""所处行业"": ""其他电源设备Ⅱ"", ""最新公告日期"": ""2026-04-28""}",418396025.6,7.7898839114,24935658.45,22.89,2026-08-06,0.13216374269005837,-0.28849687614847486,-0.19834368530020696,0.17440097057931458,1.4275862068965517,41.096500000000006,-0.05782730889491827,48.705333333333336,-0.20501519340797725,41.9965,-0.07801840629576273,33.592800000000004,0.15262794408325586,1.0246486857225872,0.8858212681309112,-0.42167654530059273,1732786593.1490002,7.1795,5,10,1,0,9,0,0.1,电力设备行业今日涨1.12%，主力资金净流入23.25亿元 || 解密主力资金出逃股 连续5日净流出281股 || 【中证快报】8月5日中证投资资讯 | 携手英伟达 SpaceX将推轨道AI计算网络星际大脑 || 中恒电气：变更回购股份用途为实施股权激励或员工持股计划 || 涨停股复盘：32股封单超亿元,http://finance.eastmoney.com/a/202608033829905915.html || http://finance.eastmoney.com/a/202608033829906439.html || http://finance.eastmoney.com/a/202608053832901382.html || http://finance.eastmoney.com/a/202607283823029432.html || http://finance.eastmoney.com/a/202608043831214395.html,,,,55.23076923076924,46.56565656565657,50.0,63.05,55.23076923076924,73.88888888888889,63.56060606060605,55.86293706293707,30
39,000657,中钨高新,小金属,587.91,2026-08-06T09:50:59.414831+08:00,,,,,,,,,,,h1_forecast,"{""序号"": 3758, ""股票代码"": ""000657"", ""股票简称"": ""中钨高新"", ""预测指标"": ""归属于上市公司股东的净利润"", ""业绩变动"": ""预计2026年1-6月归属于上市公司股东的净利润盈利:197,000万元至217,000万元,同比上年增长:261%至298%。"", ""预测数值"": 2070000000.0, ""业绩变动幅度"": 279.5, ""业绩变动原因"": ""2026年半年度业绩与上年同期相比实现正向增长,主要原因是:1.报告期内,钨精矿均价同比上涨,公司钨精矿及粉末产品盈利显著增长;同时,公司充分发挥全产业链成本优势,有效保障加工端原料稳定供给,下游合金产品效益稳步提升,上下游业务实现协同增效。2.抢抓行业快速发展机遇,聚焦高附加值产品市场拓展,持续优化产品结构,PCB微钻、高端刀具等产品订单显著增长,带动盈利能力提升。3.公司坚持精益管理导向,加大市场开拓力度,持续优化运营管理,加速推进研发成果转化,新增产能稳步释放,公司整体盈利能力持续增强。"", ""预告类型"": ""预增"", ""上年同期值"": 545610000.0, ""公告日期"": ""2026-07-14""}",,,,,2026-08-06,0.2621900826446282,-0.19607843137254888,-0.018319138679093627,0.30953912111468385,2.240848806366048,59.33299999999999,0.029612525913067067,71.5305,-0.14595871691096807,63.15408333333333,-0.03268329179031704,42.90816,0.4237385150050712,1.0405416925240691,0.9394093974782577,-0.556059204440333,4009465271.621,4.595000000000001,10,10,0,0,10,0,0.0,中钨高新000657龙虎榜数据08-05 || 8月5日龙虎榜净卖出额前10个股 || 8月5日龙虎榜机构席位买卖详情 || 深股通现身14只个股龙虎榜 || 10.8亿资金抢筹亨通光电，机构狂买东山精密丨龙虎榜,http://finance.eastmoney.com/a/202608053832591148.html || http://finance.eastmoney.com/a/202608053832656154.html || http://finance.eastmoney.com/a/202608053832656211.html || http://finance.eastmoney.com/a/202608053832886640.html || http://finance.eastmoney.com/a/202608053832724888.html,279.5,"2026年半年度业绩与上年同期相比实现正向增长,主要原因是:1.报告期内,钨精矿均价同比上涨,公司钨精矿及粉末产品盈利显著增长;同时,公司充分发挥全产业链成本优势,有效保障加工端原料稳定供给,下游合金产品效益稳步提升,上下游业务实现协同增效。2.抢抓行业快速发展机遇,聚焦高附加值产品市场拓展,持续优化产品结构,PCB微钻、高端刀具等产品订单显著增长,带动盈利能力提升。3.公司坚持精益管理导向,加大市场开拓力度,持续优化运营管理,加速推进研发成果转化,新增产能稳步释放,公司整体盈利能力持续增强。",,50.0,68.7878787878788,50.0,51.849999999999994,50.0,73.48484848484848,43.66161616161616,55.5610101010101,31
36,603308,应流股份,机械基件,591.93,2026-08-06T09:50:59.414831+08:00,,,,,,,,,,,q1_report,"{""序号"": 4680, ""股票代码"": ""603308"", ""股票简称"": ""应流股份"", ""每股收益"": 0.18, ""营业总收入-营业总收入"": 888722795.32, ""营业总收入-同比增长"": 34.1320827838, ""营业总收入-季度环比增长"": 11.4099, ""净利润-净利润"": 120165239.96, ""净利润-同比增长"": 30.55, ""净利润-季度环比增长"": 119.5465, ""每股净资产"": 7.487108063854, ""净资产收益率"": 2.35, ""每股经营现金流量"": -0.226190297413, ""销售毛利率"": 33.7236123028, ""所处行业"": ""通用设备"", ""最新公告日期"": ""2026-04-24""}",888722795.32,34.1320827838,120165239.96,30.55,2026-08-06,0.16172571704025063,-0.11656891495601174,-0.40004978839930294,-0.11656891495601174,0.7740154582259846,46.3085,0.040845633091117106,58.47349999999999,-0.1756949729364582,62.931083333333326,-0.2340827863284306,49.48328,-0.025933608281423548,0.8373773965060899,0.6852074151840212,-0.49915499758570736,933682923.75,2.9495,3,6,1,0,5,0,0.16666666666666666,航空发动机概念涨2.67%，主力资金净流入47股 || 12.37亿主力资金净流入，可控核聚变概念涨2.88% || 应流股份603308.SH)：因独立董事人数不足被安徽证监局责令改正，已提名增选独立董事 || 26.42亿主力资金净流入，核电概念涨2.68% || 6只个股大宗交易超5000万元,http://finance.eastmoney.com/a/202608033829906398.html || http://finance.eastmoney.com/a/202608033829905351.html || http://finance.eastmoney.com/a/202606183776188330.html || http://finance.eastmoney.com/a/202608033829906019.html || http://finance.eastmoney.com/a/202607203813626890.html,,,,69.92307692307693,36.515151515151516,50.0,48.9,69.92307692307693,45.25252525252525,69.97474747474747,55.38078865578866,32
58,300806,斯迪克,塑料,511.59,2026-08-06T09:50:59.414831+08:00,,,,,,,,,,,q1_report,"{""序号"": 3943, ""股票代码"": ""300806"", ""股票简称"": ""斯迪克"", ""每股收益"": 0.03, ""营业总收入-营业总收入"": 757186573.83, ""营业总收入-同比增长"": 12.8821698796, ""营业总收入-季度环比增长"": -2.5296, ""净利润-净利润"": 15228053.71, ""净利润-同比增长"": 57.96, ""净利润-季度环比增长"": 0.9768, ""每股净资产"": 5.150421934674, ""净资产收益率"": 0.66, ""每股经营现金流量"": -0.221318840385, ""销售毛利率"": 23.0251485229, ""所处行业"": ""塑料"", ""最新公告日期"": ""2026-04-27""}",757186573.83,12.8821698796,15228053.71,57.96,2026-08-06,0.2094117647058824,-0.28134224017399423,-0.2581783194355356,0.24087982832618016,2.7886977886977884,45.8275,0.00943756478097213,58.01050000000001,-0.2025581575749219,49.436083333333336,-0.0642462573727356,34.28228,0.3493851634138685,1.3319471328943133,1.114802649824831,-0.5463171628513819,1606795979.0645,7.744500000000002,7,10,0,0,10,0,0.0,MLCC概念上涨7.01%，8股主力资金净流入超亿元 || 62家公司获海外机构调研 || 光刻胶概念上涨5.67% 12股主力资金净流入超亿元 || 61家公司获海外机构调研 || 创业板公司融资余额六连降 其间累计减少450.67亿元,http://finance.eastmoney.com/a/202608053832893352.html || http://finance.eastmoney.com/a/202608053832894114.html || http://finance.eastmoney.com/a/202608053832893035.html || http://finance.eastmoney.com/a/202608043831236892.html || http://finance.eastmoney.com/a/202607313828001488.html,,,,67.15384615384616,47.27272727272728,50.0,51.849999999999994,67.15384615384616,73.33333333333334,32.24747474747475,54.60579642579644,33
78,603009,北特科技,汽车配件,448.74,2026-08-06T09:50:59.414831+08:00,,,,,,,,,,,q1_report,"{""序号"": 1743, ""股票代码"": ""603009"", ""股票简称"": ""北特科技"", ""每股收益"": 0.0791, ""营业总收入-营业总收入"": 585714962.76, ""营业总收入-同比增长"": 8.036429646, ""营业总收入-季度环比增长"": -4.1159, ""净利润-净利润"": 27178079.78, ""净利润-同比增长"": 17.86, ""净利润-季度环比增长"": 1.1126, ""每股净资产"": 5.935349064233, ""净资产收益率"": 1.3947, ""每股经营现金流量"": -0.048328100525, ""销售毛利率"": 18.8379687263, ""所处行业"": ""汽车零部件"", ""最新公告日期"": ""2026-04-29""}",585714962.76,8.036429646,27178079.78,17.86,2026-08-06,0.14124929656724827,-0.12548512289780078,-0.2195497402347507,-0.24271844660194175,0.003463631865413097,41.3985,-0.02025435704192169,46.32633333333333,-0.12447204253880073,47.90958333333333,-0.15340528599879977,47.21088,-0.1408760014640693,0.5868098048128627,0.6209591307331706,-0.4021867115222877,326459967.6,2.2795,2,8,4,0,4,0,0.625,宇树科技今起询价 这些影子股公司坐等IPO红利 || 涨停股复盘：17股封单超亿元 || 北特科技：798万股限售股将于7月27日上市流通 || 今日69只个股跨越牛熊分界线 || 今日盘中突破年线个股,http://finance.eastmoney.com/a/202608053832595091.html || http://finance.eastmoney.com/a/202607313828416540.html || http://finance.eastmoney.com/a/202607203813326212.html || http://finance.eastmoney.com/a/202607103801774889.html || http://finance.eastmoney.com/a/202607103801698171.html,,,,52.53846153846155,45.45454545454545,50.0,75.0,52.53846153846155,22.424242424242426,84.520202020202,54.548418803418805,34
98,002851,麦格米特,电气设备,412.86,2026-08-06T09:50:59.414831+08:00,,,,,,,,,,,q1_report,"{""序号"": 2353, ""股票代码"": ""002851"", ""股票简称"": ""麦格米特"", ""每股收益"": 0.2019, ""营业总收入-营业总收入"": 2787757360.95, ""营业总收入-同比增长"": 20.3520607461, ""营业总收入-季度环比增长"": 6.7455, ""净利润-净利润"": 114687768.37, ""净利润-同比增长"": 6.93, ""净利润-季度环比增长"": 271.5132, ""每股净资产"": 15.42345883853, ""净资产收益率"": 1.43, ""每股经营现金流量"": 0.042257576246, ""销售毛利率"": 21.5651593069, ""所处行业"": ""其他电源设备Ⅱ"", ""最新公告日期"": ""2026-04-29""}",2787757360.95,20.3520607461,114687768.37,6.93,2026-08-06,0.22227963211739188,-0.25871145650538985,-0.1418413988246391,-0.03413359464314869,1.2001488095238098,129.43350000000004,-0.0861716634410723,142.01116666666667,-0.16710775091630115,127.49375,-0.07226824844355118,103.80272000000001,0.13946917768628797,1.21163098307676,1.022020577827383,-0.4873384191566009,4447746152.12,7.222499999999999,10,10,0,0,10,0,0.0,麦格米特002851龙虎榜数据08-05 || 麦格米特002851龙虎榜数据07-31 || 麦格米特002851龙虎榜数据07-30 || 深股通现身14只个股龙虎榜 || 7月31日龙虎榜净买入额前10个股,http://finance.eastmoney.com/a/202608053832590013.html || http://finance.eastmoney.com/a/202607313828329121.html || http://finance.eastmoney.com/a/202607303826712377.html || http://finance.eastmoney.com/a/202608053832886640.html || http://finance.eastmoney.com/a/202607313828384849.html,,,,53.38461538461539,53.98989898989899,50.0,51.849999999999994,53.38461538461539,85.1010101010101,45.83333333333333,54.45216783216783,35
57,688011,新光光电,元器件,513.64,2026-08-06T09:50:59.414831+08:00,,,,,,,,,,,q1_report,"{""序号"": 4654, ""股票代码"": ""688011"", ""股票简称"": ""新光光电"", ""每股收益"": -0.154, ""营业总收入-营业总收入"": 36217040.71, ""营业总收入-同比增长"": 358.1748824399, ""营业总收入-季度环比增长"": -51.8289, ""净利润-净利润"": -15405016.36, ""净利润-同比增长"": -28.4634490667, ""净利润-季度环比增长"": -7.2471, ""每股净资产"": 10.4860151696, ""净资产收益率"": -1.46, ""每股经营现金流量"": -0.1820716306, ""销售毛利率"": 13.4282215903, ""所处行业"": ""军工电子Ⅱ"", ""最新公告日期"": ""2026-04-24""}",36217040.71,358.1748824399,-15405016.36,-28.4634490667,2026-08-06,0.234470258691712,0.19776179056754595,0.15528141865844258,0.0876887340301975,1.2384224678816853,62.378,0.20106447786078419,61.914833333333334,0.21004928813504575,65.49608333333335,0.14388519415283074,56.250519999999995,0.3318987984466635,0.6243535305779364,0.6473520207638737,-0.2696245733788396,127865525.05,2.0895,5,10,2,2,6,2,-0.45,561只股短线走稳 站上五日均线 || 493只股短线走稳 站上五日均线 || 今日86只个股突破半年线 || 72只股中线走稳 站上半年线 || 今日盘中突破半年线个股,http://finance.eastmoney.com/a/202608033829771613.html || http://finance.eastmoney.com/a/202608033829736211.html || http://finance.eastmoney.com/a/202608033829772194.html || http://finance.eastmoney.com/a/202608033829736514.html || http://finance.eastmoney.com/a/202608033829582415.html,,,,59.53846153846154,79.2929292929293,50.0,29.799999999999997,59.53846153846154,13.484848484848486,74.93636363636364,54.09019658119659,36
52,300720,海川智能,电器仪表,531.81,2026-08-06T09:50:59.414831+08:00,,,,,,,,,,,q1_report,"{""序号"": 2139, ""股票代码"": ""300720"", ""股票简称"": ""海川智能"", ""每股收益"": 0.04, ""营业总收入-营业总收入"": 55946093.01, ""营业总收入-同比增长"": 23.8537349851, ""营业总收入-季度环比增长"": -15.2272, ""净利润-净利润"": 7077065.74, ""净利润-同比增长"": -2.89, ""净利润-季度环比增长"": 257.1122, ""每股净资产"": 3.020766353412, ""净资产收益率"": 1.21, ""每股经营现金流量"": 0.034943263107, ""销售毛利率"": 52.4647609704, ""所处行业"": ""通用设备"", ""最新公告日期"": ""2026-04-29""}",55946093.01,23.8537349851,7077065.74,-2.89,2026-08-06,0.6111504842901017,-0.32146055118893646,-0.061898211829436,1.0486632622409133,2.1241410902427855,66.735,0.02195249868884397,75.46483333333335,-0.09626779802512886,64.67908333333334,0.054436712538443066,45.5882,0.496001158194445,1.6109037279785172,1.1715881976117393,-0.6342664593053395,837035726.591,6.958,10,10,3,0,7,0,0.3,海川智能300720龙虎榜数据08-04) || 上证早知道｜301382，签下46亿元算力大单；300720股价异动，收购半导体资产未定 || 53股每笔成交量增长超50% || 254股融资余额增幅超5% || 【数据揭秘】融资客看好个股一览,http://finance.eastmoney.com/a/202608043831201267.html || http://finance.eastmoney.com/a/202608053831650184.html || http://finance.eastmoney.com/a/202608033829919045.html || http://finance.eastmoney.com/a/202608053832233087.html || http://finance.eastmoney.com/a/202608043830894311.html,,,,52.92307692307693,67.72727272727272,50.0,74.94999999999999,52.92307692307693,60.70707070707071,16.23737373737374,53.9750815850816,37
50,688227,品高股份,软件服务,533.01,2026-08-06T09:50:59.414831+08:00,,,,,,,,,,,h1_forecast,"{""序号"": 3880, ""股票代码"": ""688227"", ""股票简称"": ""品高股份"", ""预测指标"": ""归属于上市公司股东的净利润"", ""业绩变动"": ""预计2026年1-6月归属于上市公司股东的净利润盈利:260万元至600万元,同比上年增长1,840.77万元至2,180.77万元。"", ""预测数值"": 4300000.0, ""业绩变动幅度"": 127.205, ""业绩变动原因"": ""报告期内,公司持续改善经营质量并优化产品结构,积极拓展AI智算硬件市场与业务,品原AI一体机系列产品规模稳步放量,形成新的收入和利润增长点;同时公司降本增效成果显著,也进一步提升了盈利水平。"", ""预告类型"": ""扭亏"", ""上年同期值"": -15807700.0, ""公告日期"": ""2026-07-11""}",,,,,2026-08-06,0.3052105178254556,-0.14253921153030946,-0.25811479919310476,0.2163259170174383,1.6007714561234327,77.45849999999999,0.0445593446813457,87.59883333333332,-0.07635756183967435,84.953,-0.04759102091744849,66.46444,0.21734268730767914,0.8873806053713699,0.890266378413087,-0.5681644026471613,322675119.3,3.6700000000000004,7,10,6,0,4,0,0.6,8月3日科创板主力资金净流出51.64亿元 || 今日138只股长线走稳 站上年线 || 【盘中播报】182只股长线走稳 站上年线 || 今日172只个股突破年线 || 今日盘中突破年线个股,http://finance.eastmoney.com/a/202608033829906112.html || http://finance.eastmoney.com/a/202607313828420098.html || http://finance.eastmoney.com/a/202607313828414495.html || http://finance.eastmoney.com/a/202607313828137730.html || http://finance.eastmoney.com/a/202607313828069910.html,127.205,"报告期内,公司持续改善经营质量并优化产品结构,积极拓展AI智算硬件市场与业务,品原AI一体机系列产品规模稳步放量,形成新的收入和利润增长点;同时公司降本增效成果显著,也进一步提升了盈利水平。",,50.0,59.24242424242424,50.0,88.94999999999999,50.0,27.424242424242422,44.72222222222222,53.52858585858586,38
9,603516,淳中科技,IT设备,1075.55,2026-08-06T09:50:59.414831+08:00,,,,,,,,,,,h1_forecast,"{""序号"": 3096, ""股票代码"": ""603516"", ""股票简称"": ""淳中科技"", ""预测指标"": ""归属于上市公司股东的净利润"", ""业绩变动"": ""预计2026年1-6月归属于上市公司股东的净利润盈利:12,500万元至13,500万元。"", ""预测数值"": 130000000.0, ""业绩变动幅度"": 424.845, ""业绩变动原因"": ""(一)报告期内,公司传统专业视听业务新签合同下滑,专业芯片和人工智能等新业务尚未放量,营业收入同比下降9%左右。受存储芯片等电子元器件价格上涨影响,专业视听业务毛利率有所下降;本期产品收入结构有所变化,专业芯片产品收入占比提高,导致公司综合毛利率下降。面对当下市场需求和行业压力,公司将继续拓展人工智能等业务,加大研发投入力度,丰富产品线布局,持续推进产品迭代升级与市场开拓,多措并举提升公司收入规模,优化整体经营效益。(二)报告期末,公司持有沐曦股份(SH.688802)股票数量为854,256股,公司对该笔投资指定为以公允价值计量且其变动计入当期损益的金融资产。按资产负债表日收盘价828.30元计算的总持仓市值为70,758万元,对应投资成本为5,000万元,浮盈65,758万元。因存在限售期,公允价值计量需考虑流动性折价的影响,经专业评估机构初步评估,该笔投资预计增加本报告期公允价值变动收益18,643万元,考虑递延所得税费用后对归属于上市公司股东的净利润影响额为15,847万元。"", ""预告类型"": ""扭亏"", ""上年同期值"": -40018600.0, ""公告日期"": ""2026-07-14""}",,,,,2026-08-06,0.11829777627271687,-0.0811537748098683,-0.19264933583245047,-0.427208603145236,0.9719347133757961,94.481,0.048570612080735875,113.22683333333335,-0.12503072740413435,130.76516666666666,-0.24238233678438825,148.37528000000003,-0.3323011757753719,0.8978670566666201,0.7772067084653808,-0.5145955451348183,642575811.15,3.3520000000000003,3,10,6,0,4,0,0.6,淳中科技：拟0元受让广州淳信49%股权 实现全资控股 || 融资客控盘比例超一成个股（附名单） || 融资客控盘比例超一成个股（附名单） || 淳中科技：拟5000万元—1亿元回购股份 || 淳中科技：拟回购5000万元至1亿元股份,http://finance.eastmoney.com/a/202607303826812614.html || http://finance.eastmoney.com/a/202608053832233382.html || http://finance.eastmoney.com/a/202608043830752873.html || http://finance.eastmoney.com/a/202607243820654414.html || http://finance.eastmoney.com/a/202607243820669617.html,424.845,"(一)报告期内,公司传统专业视听业务新签合同下滑,专业芯片和人工智能等新业务尚未放量,营业收入同比下降9%左右。受存储芯片等电子元器件价格上涨影响,专业视听业务毛利率有所下降;本期产品收入结构有所变化,专业芯片产品收入占比提高,导致公司综合毛利率下降。面对当下市场需求和行业压力,公司将继续拓展人工智能等业务,加大研发投入力度,丰富产品线布局,持续推进产品迭代升级与市场开拓,多措并举提升公司收入规模,优化整体经营效益。(二)报告期末,公司持有沐曦股份(SH.688802)股票数量为854,256股,公司对该笔投资指定为以公允价值计量且其变动计入当期损益的金融资产。按资产负债表日收盘价828.30元计算的总持仓市值为70,758万元,对应投资成本为5,000万元,浮盈65,758万元。因存在限售期,公允价值计量需考虑流动性折价的影响,经专业评估机构初步评估,该笔投资预计增加本报告期公允价值变动收益18,643万元,考虑递延所得税费用后对归属于上市公司股东的净利润影响额为15,847万元。",,50.0,43.282828282828284,50.0,88.94999999999999,50.0,38.18181818181819,63.2070707070707,53.121515151515155,39
87,000973,佛塑科技,塑料,422.77,2026-08-06T09:50:59.414831+08:00,,,,,,,,,,,h1_forecast,"{""序号"": 2571, ""股票代码"": ""000973"", ""股票简称"": ""佛塑科技"", ""预测指标"": ""归属于上市公司股东的净利润"", ""业绩变动"": ""预计2026年1-6月归属于上市公司股东的净利润盈利:80,000万元至105,000万元,同比上年增长:607.65%至828.8%。"", ""预测数值"": 925000000.0, ""业绩变动幅度"": 718.225, ""业绩变动原因"": ""1.报告期内,公司完成重大资产重组,金力新能源成为公司全资子公司,自2026年2月起纳入公司合并报表范围,实现公司业务结构优化,锂电池隔膜领域形成新的业务增长点,带动公司主营业务利润提升,对公司经营业绩产生积极影响。2.报告期内,公司归属于上市公司股东的净利润显著增长,主要系公司本次交易支付的合并对价低于金力新能源可辨认净资产公允价值份额的差额计入当期损益,依据企业会计准则确认为营业外收入,预计金额在45,000万元至60,000万元之间,对本期净利润形成较大贡献。该收益属于非经常性损益,无对应现金流入,与公司日常经营业务无直接关联,不具备可持续性。3.本次交易为非同一控制下企业合并,购买日存货、固定资产及无形资产等资产公允价值高于账面价值部分,需在合并报表层面进行成本结转、计提折旧与摊销,对合并净利润产生影响。"", ""预告类型"": ""预增"", ""上年同期值"": 113049600.0, ""公告日期"": ""2026-07-15""}",,,,,2026-08-06,0.022131147540983775,-0.0023999999999999577,-0.3631256384065372,0.03143093465674118,0.8338235294117649,11.998000000000001,0.03933988998166349,13.938333333333334,-0.10534497190003589,15.36191666666667,-0.18825233396440344,12.569960000000002,-0.00795229260872754,0.5403496861786803,0.642942237819568,-0.4783834586466166,473495671.97300005,4.062499999999999,7,10,2,0,8,0,0.3,佛塑科技：深化三大核心举措 打造高分子功能薄膜与复合材料产业领军企业 || 佛塑科技：加速推进金力新能源整合 || 【盘中播报】35只个股跨越牛熊分界线 || 126家公司获机构调研（附名单） || 135家公司获机构调研（附名单）,http://finance.eastmoney.com/a/202608033829682657.html || http://finance.eastmoney.com/a/202608033829619330.html || http://finance.eastmoney.com/a/202607303826343616.html || http://finance.eastmoney.com/a/202608053832281684.html || http://finance.eastmoney.com/a/202608043830656569.html,718.225,"1.报告期内,公司完成重大资产重组,金力新能源成为公司全资子公司,自2026年2月起纳入公司合并报表范围,实现公司业务结构优化,锂电池隔膜领域形成新的业务增长点,带动公司主营业务利润提升,对公司经营业绩产生积极影响。2.报告期内,公司归属于上市公司股东的净利润显著增长,主要系公司本次交易支付的合并对价低于金力新能源可辨认净资产公允价值份额的差额计入当期损益,依据企业会计准则确认为营业外收入,预计金额在45,000万元至60,000万元之间,对本期净利润形成较大贡献。该收益属于非经常性损益,无对应现金流入,与公司日常经营业务无直接关联,不具备可持续性。3.本次交易为非同一控制下企业合并,购买日存货、固定资产及无形资产等资产公允价值高于账面价值部分,需在合并报表层面进行成本结转、计提折旧与摊销,对合并净利润产生影响。",,50.0,43.08080808080808,50.0,74.94999999999999,50.0,33.18181818181818,76.69191919191918,53.028080808080816,40
37,002379,宏桥控股,铝,591.14,2026-08-06T09:50:59.414831+08:00,,,,,,,,,,,h1_forecast,"{""序号"": 4086, ""股票代码"": ""002379"", ""股票简称"": ""宏桥控股"", ""预测指标"": ""每股收益"", ""业绩变动"": ""预计2026年1-6月每股收益盈利:1.1511元至1.2278元。"", ""预测数值"": 1.18945, ""业绩变动幅度"": NaN, ""业绩变动原因"": ""公司业绩增长的主要原因为:2026年上半年,电解铝市场销售价格同比大幅上涨,相关业务毛利实现显著提升;同时,公司本期借款规模较上年同期明显缩减,财务利息支出大幅减少,进一步增厚利润。扣除非经常性损益后的净利润大幅变动的主要原因为:2025年度公司实施重大资产重组,以发行股份的方式收购宏拓实业100%股权,根据会计准则相关规定,宏拓实业期初至合并日产生的净损益计入非经常性损益;本期重组完成后,该部分收益调整至经常性损益列示,使得非经常性损益金额发生大幅变化,进而导致本期扣除非经常性损益后的净利润同比大幅波动。"", ""预告类型"": ""预增"", ""上年同期值"": 0.6782, ""公告日期"": ""2026-07-11""}",,,,,2026-08-06,-0.10666666666666658,0.3257950530035336,-0.17791411042944782,-0.3683501683501683,0.2197659297789336,18.7375,0.0012008005336892058,18.285833333333333,0.025930820762885887,23.162,-0.1900526724807874,21.841720000000002,-0.14109328386225994,0.861214254069488,0.6698406897672265,-0.5616480793060719,1491414173.7645001,7.0035,9,10,0,0,10,0,0.0,宏桥控股002379龙虎榜数据08-03 || 002379拟定增120亿元，加码绿电和铝深加工 || 宏桥控股002379龙虎榜数据07-23 || 深股通现身12只个股龙虎榜 || 宏桥控股：拟定增募资不超120亿元 用于风电、光伏、铝深加工项目等,http://finance.eastmoney.com/a/202608033829797764.html || http://finance.eastmoney.com/a/202608013828775529.html || http://finance.eastmoney.com/a/202607233818931246.html || http://finance.eastmoney.com/a/202608033829918936.html || http://finance.eastmoney.com/a/202607313828483564.html,,"公司业绩增长的主要原因为:2026年上半年,电解铝市场销售价格同比大幅上涨,相关业务毛利实现显著提升;同时,公司本期借款规模较上年同期明显缩减,财务利息支出大幅减少,进一步增厚利润。扣除非经常性损益后的净利润大幅变动的主要原因为:2025年度公司实施重大资产重组,以发行股份的方式收购宏拓实业100%股权,根据会计准则相关规定,宏拓实业期初至合并日产生的净损益计入非经常性损益;本期重组完成后,该部分收益调整至经常性损益列示,使得非经常性损益金额发生大幅变化,进而导致本期扣除非经常性损益后的净利润同比大幅波动。",,50.0,48.68686868686869,50.0,51.849999999999994,50.0,70.25252525252526,61.69191919191918,53.02313131313131,41
91,688081,兴图新科,软件服务,420.41,2026-08-06T09:50:59.414831+08:00,,,,,,,,,,,q1_report,"{""序号"": 4147, ""股票代码"": ""688081"", ""股票简称"": ""兴图新科"", ""每股收益"": -0.03, ""营业总收入-营业总收入"": 40522241.43, ""营业总收入-同比增长"": 124.1842617083, ""营业总收入-季度环比增长"": -21.2382, ""净利润-净利润"": -3028081.92, ""净利润-同比增长"": 84.9064711421, ""净利润-季度环比增长"": 86.7839, ""每股净资产"": 3.827370496409, ""净资产收益率"": -0.77, ""每股经营现金流量"": -0.268839376747, ""销售毛利率"": 55.6837186042, ""所处行业"": ""军工电子Ⅱ"", ""最新公告日期"": ""2026-04-25""}",40522241.43,124.1842617083,-3028081.92,84.9064711421,2026-08-06,0.17170923379174852,-0.20985691573926868,-0.48973305954825463,-0.20775770456960685,0.4132701421800946,29.680000000000007,0.004716981132075304,42.466,-0.29779117411576317,43.55458333333333,-0.31534186030938194,36.598800000000004,-0.18521918751434485,0.8293865604650096,0.6671163901228924,-0.5885206143896524,65403485.25,2.133,0,1,0,0,1,0,0.0,科创板股融资融券余额每日变动（7月29日） || 兴图新科688081.SH)：控股股东程家明拟提供不超过6000万元财务资助 || 兴图新科财务总监空缺近四年，实控人程家明长期代行遭问询，公司回复 || 融资客看好4股 买入占成交比例超三成 || 兴图新科688081.SH)：2026年一季报净利润为-302.81万元,http://finance.eastmoney.com/a/202607303825997572.html || http://finance.eastmoney.com/a/202606113768333160.html || http://finance.eastmoney.com/a/202606263784039367.html || http://finance.eastmoney.com/a/202606083763100950.html || http://finance.eastmoney.com/a/202604253718981080.html,,,,89.46153846153845,25.757575757575758,50.0,31.6,89.46153846153845,8.585858585858585,58.611111111111114,53.01824786324787,42
59,600410,华胜天成,软件服务,506.35,2026-08-06T09:50:59.414831+08:00,,,,,,,,,,,h1_forecast,"{""序号"": 1175, ""股票代码"": ""600410"", ""股票简称"": ""华胜天成"", ""预测指标"": ""归属于上市公司股东的净利润"", ""业绩变动"": ""预计2026年1-6月归属于上市公司股东的净利润亏损:22,000万元至33,000万元。"", ""预测数值"": -275000000.0, ""业绩变动幅度"": -296.74, ""业绩变动原因"": ""报告期内,公司实现营业务收入约25亿元人民币左右,较上年同期增长约10.5%,主营业务保持良好的增长势头,公司整体经营基本面持续夯实。报告期内公司归属于上市公司股东的净利润出现亏损,主要原因系多项非经营性因素及其他阶段性因素叠加影响所致。其一,2026年上半年AI技术迭代冲击传统软件商业模式,美国软件及SaaS行业整体估值下行,公司子公司投资的GDYN受行业估值回调影响股价大幅下跌,基于会计谨慎性原则,公司对相关长期股权投资计提约5.3亿元人民币减值准备;其二,公司持有的泰凌微等二级市场标的股票价格波动,造成本期金融资产产生公允价值变动净损失;其三,公司本期计提股权激励计划对应的股份支付费用,进一步对本期归母净利润形成阶段性影响。报告期内,归属于母公司的非经营性损益金额预计约2,800万元人民币到4,200万元人民币,较上年同期22,309万元人民币有所下降,主要系受去年同期确认了较大金额的公允价值变动收益,而本期受市场波动影响确认了公允价值变动损失,综合影响所致。"", ""预告类型"": ""首亏"", ""上年同期值"": 139780000.0, ""公告日期"": ""2026-07-15""}",,,,,2026-08-06,0.25058184639255243,0.07180851063829796,-0.33853098071399257,-0.262580054894785,0.4843462246777166,14.226999999999999,0.1330568637098477,16.969,-0.05003241204549469,21.53483333333333,-0.2514453327554581,20.177599999999998,-0.2010942827690111,0.7936407302393581,0.6264282950811291,-0.6063666972757882,1157797648.05,7.218500000000001,6,10,0,0,10,0,0.0,华胜天成600410龙虎榜数据08-04 || 华胜天成：主营业务无重大变化，未涉及热点概念 || 31股受融资客青睐，净买入超亿元 || 49.40亿元主力资金今日抢筹计算机板块 || 85只股上午收盘涨停(附股),http://finance.eastmoney.com/a/202608043831232174.html || http://finance.eastmoney.com/a/202608043831370477.html || http://finance.eastmoney.com/a/202608053832055192.html || http://finance.eastmoney.com/a/202608043831237578.html || http://finance.eastmoney.com/a/202608043831004457.html,-296.74,"报告期内,公司实现营业务收入约25亿元人民币左右,较上年同期增长约10.5%,主营业务保持良好的增长势头,公司整体经营基本面持续夯实。报告期内公司归属于上市公司股东的净利润出现亏损,主要原因系多项非经营性因素及其他阶段性因素叠加影响所致。其一,2026年上半年AI技术迭代冲击传统软件商业模式,美国软件及SaaS行业整体估值下行,公司子公司投资的GDYN受行业估值回调影响股价大幅下跌,基于会计谨慎性原则,公司对相关长期股权投资计提约5.3亿元人民币减值准备;其二,公司持有的泰凌微等二级市场标的股票价格波动,造成本期金融资产产生公允价值变动净损失;其三,公司本期计提股权激励计划对应的股份支付费用,进一步对本期归母净利润形成阶段性影响。报告期内,归属于母公司的非经营性损益金额预计约2,800万元人民币到4,200万元人民币,较上年同期22,309万元人民币有所下降,主要系受去年同期确认了较大金额的公允价值变动收益,而本期受市场波动影响确认了公允价值变动损失,综合影响所致。",,50.0,49.44444444444444,50.0,51.849999999999994,50.0,67.67676767676768,58.964646464646464,52.63676767676768,43
93,300468,四方精创,软件服务,417.46,2026-08-06T09:50:59.414831+08:00,,,,,,,,,,,q1_report,"{""序号"": 2198, ""股票代码"": ""300468"", ""股票简称"": ""四方精创"", ""每股收益"": 0.02, ""营业总收入-营业总收入"": 156332083.14, ""营业总收入-同比增长"": 18.8172379889, ""营业总收入-季度环比增长"": -12.0129, ""净利润-净利润"": 10605985.9, ""净利润-同比增长"": -17.76, ""净利润-季度环比增长"": 43.1355, ""每股净资产"": 3.114041286611, ""净资产收益率"": 0.64, ""每股经营现金流量"": 0.13662109087, ""销售毛利率"": 33.6973012013, ""所处行业"": ""软件开发"", ""最新公告日期"": ""2026-04-29""}",156332083.14,18.8172379889,10605985.9,-17.76,2026-08-06,0.08888888888888902,0.21262626262626272,-0.1694915254237288,-0.2798440311937612,-0.4058401385795595,20.462500000000006,0.17336591325595574,22.5885,0.06293025211944148,27.61641666666667,-0.13058959495710587,32.65088000000001,-0.26464462826116797,0.5902637893972074,0.5237770679717605,-0.5173674588665448,540128368.338,4.914,1,8,2,0,6,0,0.25,49.40亿元主力资金今日抢筹计算机板块 || Web3.0概念涨1.68%，主力资金净流入这些股 || 跨境支付(CIPS)概念上涨2.09%，7股主力资金净流入超亿元 || 数字货币概念涨1.62%，主力资金净流入这些股 || 今日177只个股突破五日均线,http://finance.eastmoney.com/a/202608043831237578.html || http://finance.eastmoney.com/a/202607283823621593.html || http://finance.eastmoney.com/a/202607283823621243.html || http://finance.eastmoney.com/a/202607283823621110.html || http://finance.eastmoney.com/a/202607213815031670.html,,,,44.23076923076923,54.242424242424235,50.0,54.699999999999996,44.23076923076923,43.78787878787879,75.22727272727273,52.38217948717949,44
8,603256,宏和科技,玻璃,1115.48,2026-08-06T09:50:59.414831+08:00,,,,,,,,,,,h1_forecast,"{""序号"": 720, ""股票代码"": ""603256"", ""股票简称"": ""宏和科技"", ""预测指标"": ""归属于上市公司股东的净利润"", ""业绩变动"": ""预计2026年1-6月归属于上市公司股东的净利润盈利:33,168万元至40,539万元,同比上年增长:280%至364%,同比上年增长24,430万元至31,801万元。"", ""预测数值"": 368535000.0, ""业绩变动幅度"": 322.0, ""业绩变动原因"": ""(一)主营业务影响。2026年上半年度终端市场需求增加,电子级玻璃纤维布市场需求量同步增加,公司电子布产品销售价格受市场供需关系影响而上涨,同时公司不断优化、调整产品结构,重点生产并销售市场急缺的特种电子布及E玻璃纤维超薄布、极薄布产品,实现净利润大幅增加。(二)其他影响。公司不存在其他对业绩构成重大影响的因素。"", ""预告类型"": ""预增"", ""上年同期值"": 87375100.0, ""公告日期"": ""2026-07-15""}",,,,,2026-08-06,0.16490891658676898,-0.3175754739059209,-0.0023947998631542733,1.5800743231286503,5.896877956480606,155.61400000000003,-0.0630663050882313,191.52733333333333,-0.23875095286660553,138.703,0.051166881754540317,85.11520000000002,0.7129725360452654,1.2355541167268416,1.0710982757323617,-0.6117171717171717,2812907255.7,2.0820000000000003,5,8,2,0,6,0,0.5,宏和科技603256龙虎榜数据08-03 || 宏和科技603256龙虎榜数据07-30 || 宏和科技603256龙虎榜数据07-29) || 603256，盘中巨震 || 利好来了！002466、601869、603629、603256等多只热门股业绩大幅预增 最高预增49倍！,http://finance.eastmoney.com/a/202608033829821738.html || http://finance.eastmoney.com/a/202607303826748668.html || http://finance.eastmoney.com/a/202607293825141069.html || http://finance.eastmoney.com/a/202607273821852970.html || http://finance.eastmoney.com/a/202607143806141527.html,322.0,"(一)主营业务影响。2026年上半年度终端市场需求增加,电子级玻璃纤维布市场需求量同步增加,公司电子布产品销售价格受市场供需关系影响而上涨,同时公司不断优化、调整产品结构,重点生产并销售市场急缺的特种电子布及E玻璃纤维超薄布、极薄布产品,实现净利润大幅增加。(二)其他影响。公司不存在其他对业绩构成重大影响的因素。",,50.0,63.73737373737374,50.0,70.44999999999999,50.0,55.80808080808081,24.368686868686872,52.33717171717173,45
33,600105,永鼎股份,通信设备,628.4,2026-08-06T09:50:59.414831+08:00,,,,,,,,,,,h1_forecast,"{""序号"": 4604, ""股票代码"": ""600105"", ""股票简称"": ""永鼎股份"", ""预测指标"": ""归属于上市公司股东的净利润"", ""业绩变动"": ""预计2026年1-6月归属于上市公司股东的净利润盈利:50,000万元至70,000万元,同比上年增长:57%至120%,同比上年增长18,147万元至38,147万元。"", ""预测数值"": 600000000.0, ""业绩变动幅度"": 88.5, ""业绩变动原因"": ""公司本期净利润增长幅度较大,主要系光通信板块受益于数字经济加速推进、AI算力需求爆发式增长,带动光纤市场量价齐升,板块利润实现大幅增长。"", ""预告类型"": ""预增"", ""上年同期值"": 318530000.0, ""公告日期"": ""2026-07-06""}",,,,,2026-08-06,0.10891990291262132,-0.2785234899328859,-0.2946738710922424,0.3452337136547661,2.8352570828961174,37.712999999999994,-0.030838172513456774,48.976833333333346,-0.2537288037541561,41.39008333333334,-0.1169382360106388,28.386200000000006,0.28759749455721395,1.0325806282016858,0.9415775668326459,-0.5790844298245614,5368399934.0,9.9085,5,10,4,1,5,0,0.275,31股受融资客青睐，净买入超亿元 || 2.33亿元资金今日流入通信股 || 永鼎股份：控股子公司近一个月收到约11.33亿元大功率激光器芯片产品采购订单 || 永鼎股份：控股子公司签订约11.33亿元大功率激光器芯片订单 || 永鼎股份：控股子公司签订约11.33亿元大功率激光器芯片采购订单,http://finance.eastmoney.com/a/202608053832055192.html || http://finance.eastmoney.com/a/202608053832637080.html || http://finance.eastmoney.com/a/202607293825273657.html || http://finance.eastmoney.com/a/202607293825277788.html || http://finance.eastmoney.com/a/202607293825261438.html,88.5,"公司本期净利润增长幅度较大,主要系光通信板块受益于数字经济加速推进、AI算力需求爆发式增长,带动光纤市场量价齐升,板块利润实现大幅增长。",,50.0,42.22222222222222,50.0,71.8,50.0,90.95959595959596,39.67171717171718,52.32520202020202,46
3,688183,生益电子,元器件,1356.99,2026-08-06T09:50:59.414831+08:00,,,,,,,,,,,h1_forecast,"{""序号"": 3043, ""股票代码"": ""688183"", ""股票简称"": ""生益电子"", ""预测指标"": ""扣除非经常性损益后的净利润"", ""业绩变动"": ""预计2026年1-6月扣除非经常性损益后的净利润盈利:108,170万元至113,670万元,同比上年增长:105%至115%,同比上年增长55,357万元至60,857万元。"", ""预测数值"": 1109200000.0, ""业绩变动幅度"": 110.0, ""业绩变动原因"": ""受益于AI算力及高速通信等下游领域的高景气需求,公司紧扣战略定位,深入实施“市场引领,双轮驱动”方针,持续聚焦高端市场的结构性增长机会,优化产品结构,有序推进增资扩产项目建设,尤其是智能算力中心高多层高密互连电路板项目按计划高效落地并快速释放效益。同时公司在技术演进与供应链重构中持续构建经营韧性,不断夯实质量管理根基,市场竞争优势进一步巩固。2026年半年度营业收入和净利润较上年同期实现增长。"", ""预告类型"": ""预增"", ""上年同期值"": 528130000.0, ""公告日期"": ""2026-07-14""}",,,,,2026-08-06,0.3270631067961163,-0.13351822503961974,0.02291861552853125,0.2962304409672829,1.2958219609489814,105.923,0.032353690888664355,117.1805,-0.0668242583023626,104.42266666666667,0.04718643461828198,94.1874,0.16098331623975182,1.330907183400673,1.1239608196202973,-0.415892819167789,2085195981.85,2.315,10,10,0,1,9,1,-0.325,强势股追踪 主力资金连续5日净流入80股 || 强势股追踪 主力资金连续5日净流入107股 || 8月5日科创板主力资金净流入94.75亿元 || 8月4日科创板主力资金净流入75.51亿元 || 8月3日科创板主力资金净流出51.64亿元,http://finance.eastmoney.com/a/202608053832894756.html || http://finance.eastmoney.com/a/202608043831237289.html || http://finance.eastmoney.com/a/202608053832636980.html || http://finance.eastmoney.com/a/202608043831314742.html || http://finance.eastmoney.com/a/202608033829906112.html,110.0,"受益于AI算力及高速通信等下游领域的高景气需求,公司紧扣战略定位,深入实施“市场引领,双轮驱动”方针,持续聚焦高端市场的结构性增长机会,优化产品结构,有序推进增资扩产项目建设,尤其是智能算力中心高多层高密互连电路板项目按计划高效落地并快速释放效益。同时公司在技术演进与供应链重构中持续构建经营韧性,不断夯实质量管理根基,市场竞争优势进一步巩固。2026年半年度营业收入和净利润较上年同期实现增长。",,50.0,75.20202020202021,50.0,34.699999999999996,50.0,54.292929292929294,36.17777777777778,50.81301010101011,47
20,301338,凯格精机,专用机械,771.89,2026-08-06T09:50:59.414831+08:00,,,,,,,,,,,q1_report,"{""序号"": 3187, ""股票代码"": ""301338"", ""股票简称"": ""凯格精机"", ""每股收益"": 0.61, ""营业总收入-营业总收入"": 339654129.97, ""营业总收入-同比增长"": 72.8006823723, ""营业总收入-季度环比增长"": -10.8309, ""净利润-净利润"": 64978454.48, ""净利润-同比增长"": 95.66, ""净利润-季度环比增长"": -0.7483, ""每股净资产"": 15.960322903383, ""净资产收益率"": 3.9, ""每股经营现金流量"": 0.012405059023, ""销售毛利率"": 40.0984497088, ""所处行业"": ""专用设备"", ""最新公告日期"": ""2026-04-28""}",339654129.97,72.8006823723,64978454.48,95.66,2026-08-06,0.23529411764705865,-0.2953777641277642,-0.3722123409495144,-0.03481278923012199,1.8315334773218144,94.9625,-0.03361853363169687,135.409,-0.322275476519286,128.85691666666668,-0.2878147143828136,89.01452,0.03095539918655965,1.1290867452312465,1.002796195088291,-0.5967321680599282,475464220.5115,4.6259999999999994,6,10,0,1,9,1,-0.325,玻璃基板概念涨5.20%，主力资金净流入37股 || 玻璃基板概念涨5.86%，主力资金净流入这些股 || 先进封装概念上涨5.54% 45股主力资金净流入超亿元 || 共封装光学(CPO)概念上涨6.76%，58股主力资金净流入超亿元 || 玻璃基板概念下跌1.54%，主力资金净流出34股,http://finance.eastmoney.com/a/202608053832892865.html || http://finance.eastmoney.com/a/202608043831235555.html || http://finance.eastmoney.com/a/202608053832893285.html || http://finance.eastmoney.com/a/202608043831237778.html || http://finance.eastmoney.com/a/202607293825302492.html,,,,88.23076923076924,34.040404040404034,50.0,34.699999999999996,88.23076923076924,37.727272727272734,22.288888888888888,50.44887645687647,48
99,603663,三祥新材,小金属,410.97,2026-08-06T09:50:59.414831+08:00,,,,,,,,,,,h1_forecast,"{""序号"": 605, ""股票代码"": ""603663"", ""股票简称"": ""三祥新材"", ""预测指标"": ""归属于上市公司股东的净利润"", ""业绩变动"": ""预计2026年1-6月归属于上市公司股东的净利润盈利:6,900万元至8,000万元,同比上年增长:53.65%至78.14%,同比上年增长2,409.21万元至3,509.21万元。"", ""预测数值"": 74500000.0, ""业绩变动幅度"": 65.895, ""业绩变动原因"": ""2026年上半年,公司持续深耕锆系制品产业链,不断夯实产业链布局、拓宽产品应用领域。依托核级海绵锆、纳米锆业务的放量增长,公司营收增量突出;与此同时,公司加大新兴市场开拓力度,持续优化客户结构,提升高端客户合作占比,有效推动盈利水平稳步改善,实现利润同比增长。"", ""预告类型"": ""预增"", ""上年同期值"": 44907900.0, ""公告日期"": ""2026-07-15""}",,,,,2026-08-06,0.14523314523314523,-0.3212462594613624,0.2291998724896398,0.3582247270165553,0.9328320802005015,40.900999999999996,-0.057235764406738054,47.98633333333334,-0.19643787467264995,40.280166666666666,-0.042705053355456046,30.954240000000002,0.24570979613778277,0.9671548064000396,0.9477369883482494,-0.5685745140388769,765637027.95,3.1109999999999998,2,8,1,0,7,0,0.125,90只股上午收盘涨停(附股) || 603663 直线涨停！近期股价翻倍！新材料概念，集体爆发！ || 603663，一分钟涨停！又创新高 || 26.42亿主力资金净流入，核电概念涨2.68% || 7月21日A股早盘三大指数悉数收涨 科创50探底回升涨近7%,http://finance.eastmoney.com/a/202608053832409087.html || http://finance.eastmoney.com/a/202606223777785128.html || http://finance.eastmoney.com/a/202606183775871586.html || http://finance.eastmoney.com/a/202608033829906019.html || http://finance.eastmoney.com/a/202607213815239869.html,65.895,"2026年上半年,公司持续深耕锆系制品产业链,不断夯实产业链布局、拓宽产品应用领域。依托核级海绵锆、纳米锆业务的放量增长,公司营收增量突出;与此同时,公司加大新兴市场开拓力度,持续优化客户结构,提升高端客户合作占比,有效推动盈利水平稳步改善,实现利润同比增长。",,50.0,59.292929292929294,50.0,51.2,50.0,39.74747474747475,40.27777777777778,50.17328282828283,49
26,300548,长芯博创,通信设备,691.05,2026-08-06T09:50:59.414831+08:00,,,,,,,,,,,h1_forecast,"{""序号"": 3339, ""股票代码"": ""300548"", ""股票简称"": ""长芯博创"", ""预测指标"": ""扣除非经常性损益后的净利润"", ""业绩变动"": ""预计2026年1-6月扣除非经常性损益后的净利润盈利:27,400万元至33,900万元,同比上年增长:69.42%至109.61%。"", ""预测数值"": 306500000.0, ""业绩变动幅度"": 89.515, ""业绩变动原因"": ""公司报告期内业绩较上年同期增长,主要得益于云计算、人工智能、大数据等新一代信息技术蓬勃发展,全球算力需求持续扩张,带动数据通信行业快速增长。公司数据通信相关产品市场需求旺盛,营业收入稳步提升,进而推动公司净利润实现稳步增长。"", ""预告类型"": ""预增"", ""上年同期值"": 161726200.0, ""公告日期"": ""2026-07-14""}",,,,,2026-08-06,0.2924721043532923,-0.29228518566326755,-0.3970895495033173,0.04239812408897903,0.9968435109870095,169.89399999999998,-0.031866928790893034,220.1995,-0.2530409923728256,206.48691666666667,-0.20343621448170857,160.64904,0.02384676559536225,1.2691934450150548,1.0959785580522519,-0.5726662189388851,2775785820.9395,5.76,5,10,5,0,5,0,0.5,45亿元！300548子公司签下光纤大单 || 长芯博创：2026年关联交易上限增至20亿元 || F5G概念上涨5.74%，9股主力资金净流入超亿元 || 2.33亿元资金今日流入通信股 || 通信行业今日净流入资金219.78亿元，中际旭创等21股净流入资金超亿元,http://finance.eastmoney.com/a/202607273822445515.html || http://finance.eastmoney.com/a/202608053832647730.html || http://finance.eastmoney.com/a/202608043831234826.html || http://finance.eastmoney.com/a/202608053832637080.html || http://finance.eastmoney.com/a/202608043831236746.html,89.515,"公司报告期内业绩较上年同期增长,主要得益于云计算、人工智能、大数据等新一代信息技术蓬勃发展,全球算力需求持续扩张,带动数据通信行业快速增长。公司数据通信相关产品市场需求旺盛,营业收入稳步提升,进而推动公司净利润实现稳步增长。",,50.0,37.37373737373737,50.0,85.44999999999999,50.0,74.64646464646465,29.924242424242426,50.00282828282828,50
1,688585,上纬新材,化工原料,2455.83,2026-08-06T09:50:59.414831+08:00,,,,,,,,,,,q1_report,"{""序号"": 319, ""股票代码"": ""688585"", ""股票简称"": ""上纬新材"", ""每股收益"": -0.1, ""营业总收入-营业总收入"": 417936529.17, ""营业总收入-同比增长"": 13.2326078537, ""营业总收入-季度环比增长"": -19.2317, ""净利润-净利润"": -41068588.81, ""净利润-同比增长"": -282.12, ""净利润-季度环比增长"": -111.0187, ""每股净资产"": 3.224316463336, ""净资产收益率"": -3.12, ""每股经营现金流量"": 0.005218075052, ""销售毛利率"": 12.5392564522, ""所处行业"": ""塑料"", ""最新公告日期"": ""2026-04-30""}",417936529.17,13.2326078537,-41068588.81,-282.12,2026-08-06,0.15703022339027606,0.08621753135494492,0.18799190465482352,0.11143057503506326,8.819702602230484,136.06750000000002,0.16478953460598578,156.03483333333332,0.01573473444497986,140.18616666666668,0.13056804225809238,121.21412,0.30752093897971644,0.9305455062252055,0.9079906111109425,-0.4868778280542986,629745715.75,1.142,10,10,4,0,6,0,0.4,强势股追踪 主力资金连续5日净流入120股 || 智元机器人发放年中奖金，离职员工也有份 || 100只股中线走稳 站上半年线 || 【盘中播报】117只个股突破半年线 || 109只股中线走稳 站上半年线,http://finance.eastmoney.com/a/202608033829906774.html || http://finance.eastmoney.com/a/202608043831534212.html || http://finance.eastmoney.com/a/202607313828405757.html || http://finance.eastmoney.com/a/202607313828412065.html || http://finance.eastmoney.com/a/202607313828138033.html,,,,24.692307692307693,75.55555555555556,50.0,80.54999999999998,24.692307692307693,28.333333333333332,55.73232323232323,49.84618492618493,51
66,000533,顺钠股份,电气设备,486.45,2026-08-06T09:50:59.414831+08:00,,,,,,,,,,,q1_report,"{""序号"": 1356, ""股票代码"": ""000533"", ""股票简称"": ""顺钠股份"", ""每股收益"": 0.0245, ""营业总收入-营业总收入"": 491965314.0, ""营业总收入-同比增长"": 1.125527941, ""营业总收入-季度环比增长"": -21.9818, ""净利润-净利润"": 16914014.48, ""净利润-同比增长"": -13.28, ""净利润-季度环比增长"": -21.0898, ""每股净资产"": 1.427019521551, ""净资产收益率"": 1.73, ""每股经营现金流量"": 0.006830668702, ""销售毛利率"": 19.1201019001, ""所处行业"": ""电网设备"", ""最新公告日期"": ""2026-04-30""}",491965314.0,1.125527941,16914014.48,-13.28,2026-08-06,0.11080586080586086,0.3831242873432157,-0.17874069058903175,0.08789237668161443,0.7554269175108539,9.8325,0.2336638698194764,10.647166666666667,0.13927022838626857,12.562999999999999,-0.03446628989890932,10.198480000000002,0.18939292914238193,1.0055530429696768,0.7431078042595889,-0.6186069167072576,825059256.4614999,10.9055,7,10,0,0,10,0,0.0,顺钠股份000533龙虎榜数据08-05 || 顺钠股份000533龙虎榜数据08-03 || 顺钠股份000533龙虎榜数据07-29) || 顺钠股份000533龙虎榜数据07-28) || 顺钠股份000533龙虎榜数据07-24),http://finance.eastmoney.com/a/202608053832592120.html || http://finance.eastmoney.com/a/202608033829798461.html || http://finance.eastmoney.com/a/202607293825116756.html || http://finance.eastmoney.com/a/202607283823514596.html || http://finance.eastmoney.com/a/202607243820470714.html,,,,34.307692307692314,64.44444444444444,50.0,51.849999999999994,34.307692307692314,65.70707070707071,49.46969696969697,49.67331002331003,52
56,301248,杰创智能,软件服务,518.44,2026-08-06T09:50:59.414831+08:00,,,,,,,,,,,h1_forecast,"{""序号"": 1371, ""股票代码"": ""301248"", ""股票简称"": ""杰创智能"", ""预测指标"": ""归属于上市公司股东的净利润"", ""业绩变动"": ""预计2026年1-6月归属于上市公司股东的净利润亏损:220万元至440万元。"", ""预测数值"": -3300000.0, ""业绩变动幅度"": -117.62, ""业绩变动原因"": ""公司业绩变动主要受以下因素影响:1、报告期内归母净利润同比由盈转亏,主要由于公司大力投建智算云集群、发展智算云服务业务,利息费用和折旧同比大幅增加,公司EBIT(息税前利润)约4,400万元,同比增长约130%,EBITDA(息税折旧及摊销前利润)约为1.41亿元,同比增加约340%。截止目前,部分智算云集群已经交付并开始服务计费。2、公司持续推进AI转型升级战略、聚焦算力基础设施市场。受益于互联网、大模型、行业客户对算力基础设施的投入增加,公司智算云服务业务和专有云/混合云业务实现快速增长,报告期内“AI+云计算”业务实现收入约为2.04亿元,同比增长约550%,带动公司报告期内营业收入同比增长。其中,公司二季度单季度收入同比增长约28%、环比增长约23%,单季度归母净利润同比增长约115%、环比由亏转盈。3、报告期末,公司持续推进智算云集群建设投资,总资产较期初增加约106%;报告期内公司经营活动产生的现金流量净额约为2.98亿元,与去年同期相比大幅改善。"", ""预告类型"": ""首亏"", ""上年同期值"": 18728000.0, ""公告日期"": ""2026-07-15""}",,,,,2026-08-06,0.2934020618556701,-0.18405306971904267,-0.34148645811463374,0.36875409120663316,1.5825442568958419,60.81600000000001,0.03147198105761628,72.2515,-0.13178273115437045,65.42716666666666,-0.04122395640954446,47.32639999999999,0.32547584434903154,1.0955520300956176,0.8840229297943086,-0.49086710056686966,423139899.3675,6.121,9,9,3,1,5,1,0.3055555555555556,301248 近20亿元定增加码智算中心建设 || 今日613只个股突破五日均线 || 今日715只个股突破五日均线 || 杰创智能：2026年以来公司在国产算力领域已签约项目金额合计约4.3亿元 || 62家公司获海外机构调研,http://finance.eastmoney.com/a/202606303788762957.html || http://finance.eastmoney.com/a/202608043830921532.html || http://finance.eastmoney.com/a/202608043831002510.html || http://finance.eastmoney.com/a/202608013829031795.html || http://finance.eastmoney.com/a/202608053832894114.html,-117.62,"公司业绩变动主要受以下因素影响:1、报告期内归母净利润同比由盈转亏,主要由于公司大力投建智算云集群、发展智算云服务业务,利息费用和折旧同比大幅增加,公司EBIT(息税前利润)约4,400万元,同比增长约130%,EBITDA(息税折旧及摊销前利润)约为1.41亿元,同比增加约340%。截止目前,部分智算云集群已经交付并开始服务计费。2、公司持续推进AI转型升级战略、聚焦算力基础设施市场。受益于互联网、大模型、行业客户对算力基础设施的投入增加,公司智算云服务业务和专有云/混合云业务实现快速增长,报告期内“AI+云计算”业务实现收入约为2.04亿元,同比增长约550%,带动公司报告期内营业收入同比增长。其中,公司二季度单季度收入同比增长约28%、环比增长约23%,单季度归母净利润同比增长约115%、环比由亏转盈。3、报告期末,公司持续推进智算云集群建设投资,总资产较期初增加约106%;报告期内公司经营活动产生的现金流量净额约为2.98亿元,与去年同期相比大幅改善。",,50.0,53.28282828282828,50.0,66.34999999999998,50.0,42.87878787878788,48.1979797979798,49.58609090909092,53
24,688027,国盾量子,通信设备,703.88,2026-08-06T09:50:59.414831+08:00,,,,,,,,,,,q1_report,"{""序号"": 5602, ""股票代码"": ""688027"", ""股票简称"": ""国盾量子"", ""每股收益"": -0.18, ""营业总收入-营业总收入"": 22999494.95, ""营业总收入-同比增长"": 17.8018722464, ""营业总收入-季度环比增长"": -80.9489, ""净利润-净利润"": -19013597.45, ""净利润-同比增长"": 6.3649559444, ""净利润-季度环比增长"": -159.6758, ""每股净资产"": 31.36386675782, ""净资产收益率"": -0.59, ""每股经营现金流量"": -0.495004364677, ""销售毛利率"": 54.3594054877, ""所处行业"": ""通信设备"", ""最新公告日期"": ""2026-04-21""}",22999494.95,17.8018722464,-19013597.45,6.3649559444,2026-08-06,0.09169960474308314,-0.08320424872759458,-0.3207862681771235,-0.39071737404041296,0.5098396501457727,397.51000000000005,0.04223793112122953,483.41566666666665,-0.14297357622529128,548.67275,-0.24490509142289274,490.69563999999997,-0.15568844263625403,0.5460209090617788,0.5945228320163135,-0.5165755388045441,893112443.65,2.7920000000000003,9,10,0,0,10,0,0.0,2.33亿元资金今日流入通信股 || 8月3日科创板主力资金净流出51.64亿元 || 通信行业资金流入榜：天孚通信、光库科技等净流入资金居前 || 39只科创板股获融资净买入超1000万元 || 科创板平均股价51.52元 19股股价超300元,http://finance.eastmoney.com/a/202608053832637080.html || http://finance.eastmoney.com/a/202608033829906112.html || http://finance.eastmoney.com/a/202608033829901546.html || http://finance.eastmoney.com/a/202608043830758725.html || http://finance.eastmoney.com/a/202608053832894422.html,,,,50.30769230769232,33.98989898989899,50.0,51.849999999999994,50.30769230769232,42.57575757575758,73.76262626262627,49.09634032634034,54
60,000833,粤桂股份,综合类,503.3,2026-08-06T09:50:59.414831+08:00,,,,,,,,,,,h1_forecast,"{""序号"": 2683, ""股票代码"": ""000833"", ""股票简称"": ""粤桂股份"", ""预测指标"": ""每股收益"", ""业绩变动"": ""预计2026年1-6月每股收益盈利:0.773元至0.8603元。"", ""预测数值"": 0.81665, ""业绩变动幅度"": NaN, ""业绩变动原因"": ""(一)报告期内,公司盈利实现同比大幅增长,主要得益于矿石及硫酸产品价格的上行拉动。与此同时,公司持续深化降本增效,通过管理变革向内挖潜,运营效能稳步提升。在产品价格持续上涨与内部管理优化成效持续释放的共同驱动下,公司经营业绩实现显著提升。(二)报告期内,非经常性损益项目对归属于上市公司股东的净利润无重大影响。"", ""预告类型"": ""预增"", ""上年同期值"": 0.2922, ""公告日期"": ""2026-07-15""}",,,,,2026-08-06,0.07367859049652958,-0.03456553048487754,-0.2916519901373723,0.038739669421487655,0.6336311941510966,19.622000000000003,0.02487004382835578,22.634166666666662,-0.11152019439637695,23.83141666666667,-0.1561559146364918,20.152120000000004,-0.002090102679023542,0.4509837236339882,0.5836421331280265,-0.40615091946734305,455674294.66,5.1145000000000005,9,10,0,1,9,1,-0.325,2.34亿元主力资金今日抢筹综合板块 || 132.36万元资金今日流出综合股 || 解密主力资金出逃股 连续5日净流出281股 || 短线防风险 43只个股短期均线现死叉 || 短线防风险 40只个股短期均线现死叉,http://finance.eastmoney.com/a/202608043831239371.html || http://finance.eastmoney.com/a/202608033829904463.html || http://finance.eastmoney.com/a/202608033829906439.html || http://finance.eastmoney.com/a/202607313828417344.html || http://finance.eastmoney.com/a/202607313828405965.html,,"(一)报告期内,公司盈利实现同比大幅增长,主要得益于矿石及硫酸产品价格的上行拉动。与此同时,公司持续深化降本增效,通过管理变革向内挖潜,运营效能稳步提升。在产品价格持续上涨与内部管理优化成效持续释放的共同驱动下,公司经营业绩实现显著提升。(二)报告期内,非经常性损益项目对归属于上市公司股东的净利润无重大影响。",,50.0,49.64646464646465,50.0,34.699999999999996,50.0,40.65656565656566,76.43030303030304,49.07715151515152,55
54,300436,广生堂,化学制药,524.06,2026-08-06T09:50:59.414831+08:00,,,,,,,,,,,q1_report,"{""序号"": 2208, ""股票代码"": ""300436"", ""股票简称"": ""广生堂"", ""每股收益"": -0.1628, ""营业总收入-营业总收入"": 98440210.45, ""营业总收入-同比增长"": 0.852608961, ""营业总收入-季度环比增长"": -2.0838, ""净利润-净利润"": -25924338.37, ""净利润-同比增长"": 9.0, ""净利润-季度环比增长"": 75.6039, ""每股净资产"": 1.579745794044, ""净资产收益率"": -9.8, ""每股经营现金流量"": -0.126125351768, ""销售毛利率"": 66.9546476777, ""所处行业"": ""化学制药"", ""最新公告日期"": ""2026-04-29""}",98440210.45,0.852608961,-25924338.37,9.0,2026-08-06,0.07743440233236143,-0.03840549542048288,-0.2177631021928711,-0.2036031376605465,0.2320309374583278,92.44399999999999,-0.0005841374237375296,99.29483333333336,-0.06953869704533155,106.76766666666666,-0.13466311586216795,107.10552,-0.13739273195256418,0.6288294322171692,0.7203960062180779,-0.37111193202807535,665508561.9395001,5.1335,3,9,3,1,5,1,0.3055555555555556,医药股，集体爆发！300436、002821涨停 || 广生堂：向特定对象发行股票获证监会同意注册批复 || 广生堂向特定对象发股注册申请获证监会批复同意 || 医药电商概念下跌0.26% 24股主力资金净流出超千万元 || 药店难买新冠药 有药房员工推荐流感药，药企：已启动应急生产机制,http://finance.eastmoney.com/a/202606293786355829.html || http://finance.eastmoney.com/a/202607273822225853.html || http://finance.eastmoney.com/a/202607273822335325.html || http://finance.eastmoney.com/a/202608053832894574.html || http://finance.eastmoney.com/a/202608043831435694.html,,,,40.38461538461539,48.23232323232323,50.0,66.34999999999998,40.38461538461539,51.515151515151516,70.01616161616163,48.87482439782439,56
38,300475,香农芯创,元器件,589.39,2026-08-06T09:50:59.414831+08:00,,,,,,,,,,,h1_forecast,"{""序号"": 4235, ""股票代码"": ""300475"", ""股票简称"": ""香农芯创"", ""预测指标"": ""归属于上市公司股东的净利润"", ""业绩变动"": ""预计2026年1-6月归属于上市公司股东的净利润盈利:350,000万元至400,000万元,同比上年增长:2117.54%至2434.34%。"", ""预测数值"": 3750000000.0, ""业绩变动幅度"": 2275.94, ""业绩变动原因"": ""2026年上半年,受人工智能相关需求增长影响,互联网数据中心等领域对企业级存储产品的需求持续增加,存储芯片行业保持高景气度,相关产品价格较上年同期稳步上涨。公司电子元器件分销业务销售综合毛利率同比提高,带动公司盈利水平大幅提升。同时,公司自主品牌“海普存储”相关业务持续推进,进入大规模销售阶段。报告期内,受益于企业级存储国产化、定制化需求增长及客户验证、订单交付推进,海普存储相关业务收入及盈利能力较上年同期大幅提升,对公司本报告期经营业绩产生积极影响。报告期内,预计非经常性损益对归属于上市公司股东的净利润的影响金额约为11,000万元。"", ""预告类型"": ""预增"", ""上年同期值"": 157832300.0, ""公告日期"": ""2026-07-10""}",,,,,2026-08-06,0.057800184619754225,-0.4439343038447181,-0.23432360197368418,0.03129110418830061,3.4113118152206097,173.166,-0.1397271981797812,205.43333333333337,-0.274849910757748,179.31908333333334,-0.16924625516246883,143.72420000000002,0.03649907252919116,1.3271944031882044,1.138582223288273,-0.5622366659045628,6828486387.851,8.409,9,10,3,0,7,0,0.3,300475，业绩预增超21倍，股价却“20cm”跌停 || 8月3日A股收盘综述：科创50指数跌超5% 核电板块逆市上行 || 8月3日A股午评：科创50指数半日跌3.73% 沪深两市半日成交额缩量超4200亿元 || 【盘中播报】182只股长线走稳 站上年线 || 今日172只个股突破年线,http://finance.eastmoney.com/a/202607133803902658.html || http://finance.eastmoney.com/a/202608033829788541.html || http://finance.eastmoney.com/a/202608033829653976.html || http://finance.eastmoney.com/a/202607313828414495.html || http://finance.eastmoney.com/a/202607313828137730.html,2275.94,"2026年上半年,受人工智能相关需求增长影响,互联网数据中心等领域对企业级存储产品的需求持续增加,存储芯片行业保持高景气度,相关产品价格较上年同期稳步上涨。公司电子元器件分销业务销售综合毛利率同比提高,带动公司盈利水平大幅提升。同时,公司自主品牌“海普存储”相关业务持续推进,进入大规模销售阶段。报告期内,受益于企业级存储国产化、定制化需求增长及客户验证、订单交付推进,海普存储相关业务收入及盈利能力较上年同期大幅提升,对公司本报告期经营业绩产生积极影响。报告期内,预计非经常性损益对归属于上市公司股东的净利润的影响金额约为11,000万元。",,50.0,32.676767676767675,50.0,74.94999999999999,50.0,91.86868686868686,26.338383838383837,48.784141414141416,57
25,688525,佰维存储,半导体,693.78,2026-08-06T09:50:59.414831+08:00,,,,,,,,,,,h1_forecast,"{""序号"": 335, ""股票代码"": ""688525"", ""股票简称"": ""佰维存储"", ""预测指标"": ""扣除非经常性损益后的净利润"", ""业绩变动"": ""预计2026年1-6月扣除非经常性损益后的净利润盈利:620,000万元至700,000万元,同比上年增长:2776.26%至3121.59%,同比上年增长643,166.63万元至723,166.63万元。"", ""预测数值"": 6600000000.0, ""业绩变动幅度"": 2948.925, ""业绩变动原因"": ""本期业绩大幅增长,主要受益于AI算力爆发与存储行业进入高景气周期,公司的产品和客户结构持续优化,同时公司在芯片设计、解决方案、先进封测及测试设备等领域不断加大投入力度,增强市场竞争力。"", ""预告类型"": ""扭亏"", ""上年同期值"": -231666300.0, ""公告日期"": ""2026-07-16""}",,,,,2026-08-06,0.03238719068413398,-0.45817417876241406,-0.30863896673571334,0.34862439835997394,2.514945020907543,259.3465,-0.12487733591932026,329.287,-0.3107532335014743,279.666,-0.18846052076405417,190.45844,0.19165104996134597,1.2415431713576959,1.0498083824271058,-0.5921104536489152,10414901321.3,8.390999999999998,6,8,2,0,6,0,0.34375,佰维存储（688525）拟回购2亿至2.5亿元股份！科创芯片设计ETF天弘（589070）标的指数盘中飘红，近30日净流入超20亿元 || 扭亏为盈！千亿存储龙头688525，上半年净利预增超30倍 || 688525，股价历史新高 || 存储概念，集体爆发！688525、603986等再创新高 || 8月5日科创板主力资金净流入94.75亿元,http://finance.eastmoney.com/a/202607233818789222.html || http://finance.eastmoney.com/a/202607153807661674.html || http://finance.eastmoney.com/a/202606253782572737.html || http://finance.eastmoney.com/a/202606253782740474.html || http://finance.eastmoney.com/a/202608053832636980.html,2948.925,"本期业绩大幅增长,主要受益于AI算力爆发与存储行业进入高景气周期,公司的产品和客户结构持续优化,同时公司在芯片设计、解决方案、先进封测及测试设备等领域不断加大投入力度,增强市场竞争力。",,50.0,32.92929292929293,50.0,64.5,50.0,94.79797979797979,29.26767676767677,48.412373737373734,58
29,002290,禾盛新材,家用电器,631.74,2026-08-06T09:50:59.414831+08:00,,,,,,,,,,,h1_report,"{""序号"": 209, ""股票代码"": ""002290"", ""股票简称"": ""禾盛新材"", ""每股收益"": 0.55, ""营业总收入-营业总收入"": 1244743312.28, ""营业总收入-同比增长"": 2.7448558437, ""营业总收入-季度环比增长"": 19.3034, ""净利润-净利润"": 136212561.61, ""净利润-同比增长"": 40.42, ""净利润-季度环比增长"": 116.0063, ""每股净资产"": 4.240719937941, ""净资产收益率"": 13.15, ""每股经营现金流量"": 0.069888128252, ""销售毛利率"": 15.3657032838, ""所处行业"": ""家电零部件Ⅱ"", ""最新公告日期"": ""2026-07-29""}",1244743312.28,2.7448558437,136212561.61,40.42,2026-08-06,0.15723657236572364,-0.33713010803193977,-0.42864372469635625,-0.010690501226778837,0.8569078947368423,60.21199999999999,-0.062479240018600724,79.02166666666668,-0.2856389597789636,73.57333333333332,-0.23273831098223985,56.59156,-0.002501433075886239,0.8890172861560691,0.781915615187848,-0.5282398452611219,521222531.511,3.5415000000000005,3,10,3,1,6,0,0.175,机构风向标 | 禾盛新材0022902026年二季度已披露前十大机构累计持仓占比28.36% || 禾盛新材002290.SZ)：2026年中报净利润为1.36亿元 || 禾盛新材：增补黄海清为非独立董事候选人 || 禾盛新材：吴亮辞任董事 || 禾盛新材：上半年净利润1.36亿元 同比增长40.42%,http://finance.eastmoney.com/a/202607303825911757.html || http://finance.eastmoney.com/a/202607293824203171.html || http://finance.eastmoney.com/a/202608033829864285.html || http://finance.eastmoney.com/a/202607313828320432.html || http://finance.eastmoney.com/a/202607283823647098.html,,,,56.6923076923077,24.09090909090909,50.0,67.6,56.6923076923077,33.63636363636363,60.53030303030303,48.00229603729604,59
34,688028,沃尔德,机械基件,621.86,2026-08-06T09:50:59.414831+08:00,,,,,,,,,,,q1_report,"{""序号"": 1599, ""股票代码"": ""688028"", ""股票简称"": ""沃尔德"", ""每股收益"": 0.1878, ""营业总收入-营业总收入"": 197564243.47, ""营业总收入-同比增长"": 27.8868419558, ""营业总收入-季度环比增长"": -7.8615, ""净利润-净利润"": 28348757.8, ""净利润-同比增长"": 34.37, ""净利润-季度环比增长"": 22.6918, ""每股净资产"": 13.392003126685, ""净资产收益率"": 1.42, ""每股经营现金流量"": 0.241140448165, ""销售毛利率"": 46.3363122456, ""所处行业"": ""通用设备"", ""最新公告日期"": ""2026-04-29""}",197564243.47,27.8868419558,28348757.8,34.37,2026-08-06,0.33561755588187303,-0.39755666764792463,-0.41073999424128993,-0.10132835657042494,2.557583659278574,88.0275,-0.0700633324813269,112.05799999999999,-0.26948544503739136,107.61899999999999,-0.2393536457317016,79.31543999999998,0.032081521580161754,1.3288232670646452,1.1033783742220058,-0.6067877077051389,591572744.05,4.5405,7,10,0,0,10,0,0.0,培育钻石概念涨5.52%，主力资金净流入13股 || 玻璃基板概念涨5.20%，主力资金净流入37股 || 玻璃基板概念涨5.86%，主力资金净流入这些股 || 融资客控盘比例超一成个股（附名单） || 126家公司获机构调研（附名单）,http://finance.eastmoney.com/a/202608053832892353.html || http://finance.eastmoney.com/a/202608053832892865.html || http://finance.eastmoney.com/a/202608043831235555.html || http://finance.eastmoney.com/a/202608043830752873.html || http://finance.eastmoney.com/a/202608053832281684.html,,,,69.38461538461539,29.545454545454547,50.0,51.849999999999994,69.38461538461539,42.87878787878788,23.61111111111111,47.68327894327895,60
19,001267,汇绿生态,通信设备,785.13,2026-08-06T09:50:59.414831+08:00,,,,,,,,,,,q1_report,"{""序号"": 3699, ""股票代码"": ""001267"", ""股票简称"": ""汇绿生态"", ""每股收益"": 0.0191, ""营业总收入-营业总收入"": 386585092.19, ""营业总收入-同比增长"": 25.1839588385, ""营业总收入-季度环比增长"": -21.1735, ""净利润-净利润"": 14867595.9, ""净利润-同比增长"": -25.03, ""净利润-季度环比增长"": -59.1142, ""每股净资产"": 2.090828973346, ""净资产收益率"": 0.89, ""每股经营现金流量"": -0.383501975263, ""销售毛利率"": 21.5950026906, ""所处行业"": ""通信设备"", ""最新公告日期"": ""2026-04-28""}",386585092.19,25.1839588385,14867595.9,-25.03,2026-08-06,0.35042419771302113,-0.1593570608495981,-0.42237298832439263,0.35844155844155856,1.8292117465224114,34.317,0.06681819506367104,48.10416666666668,-0.23894326548289324,44.95725,-0.1856708317345923,31.234680000000004,0.17209460766045925,1.1067142897209343,0.9357286245261252,-0.6111589213998853,1020593832.9429998,4.914000000000001,9,9,1,0,8,0,0.1111111111111111,汇绿生态001267龙虎榜数据08-05) || 汇绿生态4天3板，MLCC概念涨幅居前丨强势个股 || 深股通现身14只个股龙虎榜 || 今日715只个股突破五日均线 || 龙虎榜机构新动向：净买入15股,http://finance.eastmoney.com/a/202608053832590752.html || http://finance.eastmoney.com/a/202608053832725297.html || http://finance.eastmoney.com/a/202608053832886640.html || http://finance.eastmoney.com/a/202608043831002510.html || http://finance.eastmoney.com/a/202608053832884862.html,,,,46.0,48.93939393939394,50.0,53.75,46.0,58.58585858585859,35.631313131313135,47.67,61
47,002052,同洲电子,家用电器,552.57,2026-08-06T09:50:59.414831+08:00,,,,,,,,,,,h1_forecast,"{""序号"": 2435, ""股票代码"": ""002052"", ""股票简称"": ""同洲电子"", ""预测指标"": ""扣除非经常性损益后的净利润"", ""业绩变动"": ""预计2026年1-6月扣除非经常性损益后的净利润盈利:1,090万元至1,390万元,同比上年下降:93.33%至94.77%。"", ""预测数值"": 12400000.0, ""业绩变动幅度"": -94.05, ""业绩变动原因"": ""由于市场需求变化,本报告期电源业务收入和贸易业务收入等较上年同期大幅下降所致。"", ""预告类型"": ""预减"", ""上年同期值"": 208444200.0, ""公告日期"": ""2026-07-15""}",,,,,2026-08-06,0.0641330166270786,0.10891089108910901,-0.23418803418803402,-0.21126760563380276,-0.22357019064124772,8.433,0.062492588639867286,9.015166666666666,-0.006119317446525052,10.094000000000001,-0.11234396671289881,12.07788,-0.2581479531176001,0.49062633750210255,0.45978540281059355,-0.38265712012728725,118766991.5045,2.0669999999999993,0,1,0,1,0,0,-1.25,同洲电子：2026年上半年净利同比预降94.09%-95.57% || 203只股上午收盘涨停(附股) || 226只股涨停 最大封单资金8.13亿元 || 家用电器行业资金流出榜：美的集团等5股净流出资金超5000万元 || 同洲电子二审败诉 需赔偿203名投资者1080万元,http://finance.eastmoney.com/a/202607143806041196.html || http://finance.eastmoney.com/a/202607013789937137.html || http://finance.eastmoney.com/a/202607013790154041.html || http://finance.eastmoney.com/a/202606113768322537.html || http://finance.eastmoney.com/a/202606023757656459.html,-94.05,"由于市场需求变化,本报告期电源业务收入和贸易业务收入等较上年同期大幅下降所致。",,50.0,49.494949494949495,50.0,3.2499999999999996,50.0,11.767676767676768,89.21717171717172,47.24848484848485,62
97,920046,亿能电力,电气设备,413.27,2026-08-06T09:50:59.414831+08:00,22.2,-3.06,3.36,2.45,86.39,8.97,2245530000.0,1241580221.0,-35.03,66.04,q1_report,"{""序号"": 5107, ""股票代码"": ""920046"", ""股票简称"": ""亿能电力"", ""每股收益"": 0.06, ""营业总收入-营业总收入"": 55510384.23, ""营业总收入-同比增长"": 43.0054445565, ""营业总收入-季度环比增长"": -15.5213, ""净利润-净利润"": 6498281.27, ""净利润-同比增长"": 10.95, ""净利润-季度环比增长"": 162.6207, ""每股净资产"": 2.554015634108, ""净资产收益率"": 2.55, ""每股经营现金流量"": 0.094046373307, ""销售毛利率"": 20.0548412237, ""所处行业"": ""电网设备"", ""最新公告日期"": ""2026-04-23""}",55510384.23,43.0054445565,6498281.27,10.95,2026-08-06,0.12474747474747461,0.10411502231036174,-0.34825870646766177,-0.20662629141432132,0.35958485958485964,21.353499999999993,0.04292036434308222,24.717000000000002,-0.09900068778573456,26.60991666666667,-0.16309395933220394,21.1828,0.051324659629510716,1.0367680696307442,0.8319327696785508,-0.5016216216216216,155209885.79900002,12.606,6,10,0,0,10,0,0.0,【数据揭秘】融资客看好个股一览 || 220只北交所股票获融资净买入 || 14只北交所股票融资余额增加超百万元 || 北交所成交活跃股：13股换手率超20% || 【数据揭秘】融资客看好个股一览,http://finance.eastmoney.com/a/202608043830894311.html || http://finance.eastmoney.com/a/202608043830784339.html || http://finance.eastmoney.com/a/202607313827908813.html || http://finance.eastmoney.com/a/202608053832893147.html || http://finance.eastmoney.com/a/202607273821831710.html,,,,63.53846153846155,45.2020202020202,0.0,51.849999999999994,63.53846153846155,43.78787878787879,59.72222222222222,47.18069153069153,63
72,001309,德明利,半导体,465.18,2026-08-06T09:50:59.414831+08:00,,,,,,,,,,,h1_forecast,"{""序号"": 2512, ""股票代码"": ""001309"", ""股票简称"": ""德明利"", ""预测指标"": ""归属于上市公司股东的净利润"", ""业绩变动"": ""预计2026年1-6月归属于上市公司股东的净利润盈利:570,000万元至650,000万元,同比上年增长:4932.74%至5611.02%。"", ""预测数值"": 6100000000.0, ""业绩变动幅度"": 5271.88, ""业绩变动原因"": ""1、报告期内,AI应用加速落地驱动存储需求持续增长,在供应偏紧的背景下,行业保持较高景气度,存储产品价格保持上行趋势。公司依托与主流晶圆厂商的长期稳定合作,有效保障了供应链稳定与生产交付节奏,盈利能力持续改善,利润水平同比大幅提高。2、报告期内,公司持续加大研发投入,推出了自研PCIe/SATA双模企业级SSD主控芯片,企业级存储产品竞争力与差异化优势进一步增强。同时,公司持续完善产品矩阵,深化在网络安全、工业控制等领域产品开发与应用,多款QLC方案嵌入式存储产品实现量产,产品结构持续优化。3、预计2026年半年度非经常性损益约为5,098万元,上年同期为440.96万元。4、报告期内产生股份支付费用约16,000万元,上年同期为2,490.94万元。"", ""预告类型"": ""扭亏"", ""上年同期值"": -117945600.0, ""公告日期"": ""2026-07-15""}",,,,,2026-08-06,-0.030227668957030107,-0.5604197657121607,-0.44358634892615467,0.5433735922963929,3.3527042577675488,485.2634999999999,-0.22052657988907043,649.5766666666666,-0.41769768002750507,518.8541666666666,-0.2709897610921501,346.8254,0.0906063973399871,1.0526209160116415,0.9687994363290706,-0.6402061855670103,9139558957.281,12.399,5,10,2,1,7,0,0.275,德明利001309龙虎榜数据08-03 || 德明利001309龙虎榜数据07-31 || 尾盘异动！000636、600663、600475、001309，涨停 || 德明利001309龙虎榜数据07-30 || 午后爆发！001309直线涨停又炸板，股民：太陌生了，终于等到你,http://finance.eastmoney.com/a/202608033829797378.html || http://finance.eastmoney.com/a/202607313828329766.html || http://finance.eastmoney.com/a/202607303826661722.html || http://finance.eastmoney.com/a/202607303826712855.html || http://finance.eastmoney.com/a/202607303826593634.html,5271.88,"1、报告期内,AI应用加速落地驱动存储需求持续增长,在供应偏紧的背景下,行业保持较高景气度,存储产品价格保持上行趋势。公司依托与主流晶圆厂商的长期稳定合作,有效保障了供应链稳定与生产交付节奏,盈利能力持续改善,利润水平同比大幅提高。2、报告期内,公司持续加大研发投入,推出了自研PCIe/SATA双模企业级SSD主控芯片,企业级存储产品竞争力与差异化优势进一步增强。同时,公司持续完善产品矩阵,深化在网络安全、工业控制等领域产品开发与应用,多款QLC方案嵌入式存储产品实现量产,产品结构持续优化。3、预计2026年半年度非经常性损益约为5,098万元,上年同期为440.96万元。4、报告期内产生股份支付费用约16,000万元,上年同期为2,490.94万元。",,50.0,23.484848484848484,50.0,71.8,50.0,95.95959595959596,29.621212121212125,47.1090404040404,64
46,301183,东田微,元器件,554.95,2026-08-06T09:50:59.414831+08:00,,,,,,,,,,,h1_forecast,"{""序号"": 241, ""股票代码"": ""301183"", ""股票简称"": ""东田微"", ""预测指标"": ""归属于上市公司股东的净利润"", ""业绩变动"": ""预计2026年1-6月归属于上市公司股东的净利润盈利:8,500万元至9,500万元,同比上年增长:67.71%至87.44%。"", ""预测数值"": 90000000.0, ""业绩变动幅度"": 77.575, ""业绩变动原因"": ""报告期内,业务结构持续优化,高景气通信业务拉动整体增长:上半年AI算力需求驱动数据中心光模块产业链景气上行,光隔离器、WDM组件、Z-Block等通信产品收入占比持续提升,公司整体经营稳定性增强。南昌光通信基地产能爬坡加速:为匹配通信光学长期增长需求,公司持续推进南昌基地设备采购、产线搭建,2026年上半年新增镀膜、成型设备逐步到位,光隔离器、WDM组件产能稳步释放,中长期可充分承接下游持续增长订单。"", ""预告类型"": ""预增"", ""上年同期值"": 50684000.0, ""公告日期"": ""2026-07-20""}",,,,,2026-08-06,0.2021481481481482,-0.27864699084363054,-0.3894740802046498,-0.05727563171652639,1.4788452726439592,175.098,-0.07314760876766169,217.56433333333337,-0.25405971873453537,195.55466666666663,-0.17010418229173763,153.634,0.05634169519767762,1.1521861230585844,1.0000431261108378,-0.4983650416171225,854738789.4525,8.286000000000001,8,10,0,0,10,0,0.0,东田微成立新公司 含半导体分立器件业务 || 东田微成立新公司 含半导体分立器件业务 || F5G概念上涨5.74%，9股主力资金净流入超亿元 || F5G概念下跌6.73%，主力资金净流出29股 || F5G概念下跌1.55%，7股主力资金净流出超亿元,http://finance.eastmoney.com/a/202608053831936898.html || http://finance.eastmoney.com/a/202608053831978343.html || http://finance.eastmoney.com/a/202608043831234826.html || http://finance.eastmoney.com/a/202607303826817458.html || http://finance.eastmoney.com/a/202607293825301444.html,77.575,"报告期内,业务结构持续优化,高景气通信业务拉动整体增长:上半年AI算力需求驱动数据中心光模块产业链景气上行,光隔离器、WDM组件、Z-Block等通信产品收入占比持续提升,公司整体经营稳定性增强。南昌光通信基地产能爬坡加速:为匹配通信光学长期增长需求,公司持续推进南昌基地设备采购、产线搭建,2026年上半年新增镀膜、成型设备逐步到位,光隔离器、WDM组件产能稳步释放,中长期可充分承接下游持续增长订单。",,50.0,32.07070707070707,50.0,51.849999999999994,50.0,64.54545454545455,47.5,46.89989898989899,65
88,001896,豫能控股,火力发电,422.18,2026-08-06T09:50:59.414831+08:00,,,,,,,,,,,q1_report,"{""序号"": 1273, ""股票代码"": ""001896"", ""股票简称"": ""豫能控股"", ""每股收益"": 0.0192, ""营业总收入-营业总收入"": 2578618186.95, ""营业总收入-同比增长"": -15.0055053517, ""营业总收入-季度环比增长"": 0.5684, ""净利润-净利润"": 29279321.96, ""净利润-同比增长"": -33.89, ""净利润-季度环比增长"": -71.47, ""每股净资产"": 2.335337677425, ""净资产收益率"": 0.83, ""每股经营现金流量"": 0.43106651541, ""销售毛利率"": 8.923143865, ""所处行业"": ""电力"", ""最新公告日期"": ""2026-04-30""}",2578618186.95,-15.0055053517,29279321.96,-33.89,2026-08-06,0.10135135135135132,-0.075177304964539,-0.2657657657657658,1.060031595576619,1.3411131059245958,13.742,-0.051084267210013246,16.5475,-0.21196555370901948,15.412833333333333,-0.1539517934189042,10.372279999999998,0.257197067568558,0.9319719368102252,0.9765965537461225,-0.47841409691629955,1677920893.3175,7.8534999999999995,4,10,2,0,8,0,0.2,豫能控股001896龙虎榜数据07-24) || 17.03亿元主力资金今日撤离公用事业板块 || 公用事业行业今日净流入资金15.54亿元，华电辽能等7股净流入资金超5000万元 || 抽水蓄能概念涨2.78%，主力资金净流入43股 || 1.78亿资金抢筹滨化股份，机构狂买贤丰控股丨龙虎榜,http://finance.eastmoney.com/a/202607243820473320.html || http://finance.eastmoney.com/a/202608043831238174.html || http://finance.eastmoney.com/a/202608033829899394.html || http://finance.eastmoney.com/a/202608033829906233.html || http://finance.eastmoney.com/a/202607243820799578.html,,,,20.461538461538463,58.38383838383838,50.0,68.3,20.461538461538463,75.0,51.33838383838384,46.47996503496503,66
85,603618,杭电股份,电气设备,435.54,2026-08-06T09:50:59.414831+08:00,,,,,,,,,,,h1_forecast,"{""序号"": 4625, ""股票代码"": ""603618"", ""股票简称"": ""杭电股份"", ""预测指标"": ""扣除非经常性损益后的净利润"", ""业绩变动"": ""预计2026年1-6月扣除非经常性损益后的净利润盈利:35,500万元至39,500万元,同比上年增长:1087.67%至1221.49%,同比上年增长32,500万元至36,500万元。"", ""预测数值"": 375000000.0, ""业绩变动幅度"": 1154.58, ""业绩变动原因"": ""报告期内,净利润实现大幅增长,主要系光纤光缆市场回暖,光纤产品需求实现量价齐升。公司二级全资子公司杭州永特信息技术有限公司光纤销量随行业复苏实现同步增长,对公司营业利润做出了积极贡献。"", ""预告类型"": ""预增"", ""上年同期值"": 29890400.0, ""公告日期"": ""2026-07-04""}",,,,,2026-08-06,0.2254174397031541,-0.278339251570609,-0.3299518133400964,1.198003327787022,2.966966966966967,26.921499999999998,-0.018628233939416372,38.02616666666666,-0.3052152684335785,30.759333333333334,-0.14107371204404084,19.01324,0.3895580132581298,0.9852912400327367,1.0071655473663992,-0.6230110159118727,1835919240.9,9.837,6,7,0,1,6,0,-0.17857142857142858,杭电股份603618龙虎榜数据08-05) || 杭电股份603618.SH)：股票交易异常波动公告 || 五倍大牛股603618，跌停！光纤“三剑客”跟跌 || 利好！多只锂电池概念股集体公告！603618、000792，获融资客大手笔抢筹 || 股价大涨超6倍！603618，上半年净利最多预增超950%,http://finance.eastmoney.com/a/202608053832622936.html || http://finance.eastmoney.com/a/202607083798437772.html || http://finance.eastmoney.com/a/202607063794941798.html || http://finance.eastmoney.com/a/202607073795662116.html || http://finance.eastmoney.com/a/202607043794194566.html,1154.58,"报告期内,净利润实现大幅增长,主要系光纤光缆市场回暖,光纤产品需求实现量价齐升。公司二级全资子公司杭州永特信息技术有限公司光纤销量随行业复苏实现同步增长,对公司营业利润做出了积极贡献。",,50.0,50.90909090909091,50.0,19.55,50.0,78.78787878787878,26.94444444444445,46.46989898989899,67
95,300499,高澜股份,专用机械,414.89,2026-08-06T09:50:59.414831+08:00,,,,,,,,,,,q1_report,"{""序号"": 4913, ""股票代码"": ""300499"", ""股票简称"": ""高澜股份"", ""每股收益"": 0.05, ""营业总收入-营业总收入"": 211951834.83, ""营业总收入-同比增长"": -2.7745542782, ""营业总收入-季度环比增长"": -47.1897, ""净利润-净利润"": 15140762.55, ""净利润-同比增长"": 16.55, ""净利润-季度环比增长"": 358.7336, ""每股净资产"": 4.561497439477, ""净资产收益率"": 1.09, ""每股经营现金流量"": -0.368488695986, ""销售毛利率"": 30.682011827, ""所处行业"": ""专用设备"", ""最新公告日期"": ""2026-04-24""}",211951834.83,-2.7745542782,15140762.55,16.55,2026-08-06,0.1747899159663866,-0.2847275518035304,-0.396503345564429,-0.013408609738884913,0.5354200988467874,28.866000000000003,-0.03138640615256716,35.99316666666667,-0.22318588250547555,36.984083333333324,-0.24399910772426858,32.611239999999995,-0.1426268979652413,0.9081244601888868,0.8231982937700811,-0.4985250737463127,646236301.1899999,7.919499999999999,7,10,0,0,10,0,0.0,机械设备行业今日涨3.20%，主力资金净流入47.01亿元 || 柔性直流输电概念涨2.99%，主力资金净流入这些股 || 融资客控盘比例超一成个股（附名单） || 融资客控盘比例超一成个股（附名单） || 12.37亿主力资金净流入，可控核聚变概念涨2.88%,http://finance.eastmoney.com/a/202608053832637680.html || http://finance.eastmoney.com/a/202608033829904360.html || http://finance.eastmoney.com/a/202608053832233382.html || http://finance.eastmoney.com/a/202608043830752873.html || http://finance.eastmoney.com/a/202608033829905351.html,,,,42.53846153846155,31.717171717171716,50.0,51.849999999999994,42.53846153846155,58.28282828282829,61.6919191919192,45.77483294483295,68
65,301018,申菱环境,专用机械,491.7,2026-08-06T09:50:59.414831+08:00,,,,,,,,,,,q1_report,"{""序号"": 2065, ""股票代码"": ""301018"", ""股票简称"": ""申菱环境"", ""每股收益"": 0.11, ""营业总收入-营业总收入"": 617158503.38, ""营业总收入-同比增长"": -1.8018961377, ""营业总收入-季度环比增长"": -63.7306, ""净利润-净利润"": 28305819.43, ""净利润-同比增长"": -47.71, ""净利润-季度环比增长"": -57.5548, ""每股净资产"": 10.372749829353, ""净资产收益率"": 1.03, ""每股经营现金流量"": -0.726745383818, ""销售毛利率"": 20.5955389975, ""所处行业"": ""通用设备"", ""最新公告日期"": ""2026-04-29""}",617158503.38,-1.8018961377,28305819.43,-47.71,2026-08-06,0.23749077490774906,-0.32140833670578706,-0.159835654875238,0.6588840522358528,1.9090909090909092,88.8715,-0.056615450397483946,101.55016666666667,-0.17439820384342053,88.32091666666665,-0.050734490036806856,65.405,0.28185918507759355,1.3317360780643084,1.1029191089878327,-0.45799999999999996,1524646178.974,6.028,5,10,0,0,10,0,0.0,申菱环境301018龙虎榜数据07-28 || 成飞概念上涨2.69%，9股主力资金净流入超千万元 || 柔性直流输电概念涨2.99%，主力资金净流入这些股 || A股午后走高，创指大涨5.64%：算力硬件产业链大幅反弹 || 深股通现身13只个股龙虎榜,http://finance.eastmoney.com/a/202607283823512520.html || http://finance.eastmoney.com/a/202608033829904169.html || http://finance.eastmoney.com/a/202608033829904360.html || http://finance.eastmoney.com/a/202608043831147736.html || http://finance.eastmoney.com/a/202607283823777471.html,,,,22.923076923076923,57.72727272727273,50.0,51.849999999999994,22.923076923076923,68.78787878787878,46.338383838383834,44.32467754467754,69
49,688325,赛微微电,半导体,549.02,2026-08-06T09:50:59.414831+08:00,,,,,,,,,,,q1_report,"{""序号"": 373, ""股票代码"": ""688325"", ""股票简称"": ""赛微微电"", ""每股收益"": 0.1332, ""营业总收入-营业总收入"": 106971056.13, ""营业总收入-同比增长"": 17.216570762, ""营业总收入-季度环比增长"": -26.047, ""净利润-净利润"": 11208970.46, ""净利润-同比增长"": -28.19, ""净利润-季度环比增长"": -68.2861, ""每股净资产"": 20.604522145279, ""净资产收益率"": 0.63, ""每股经营现金流量"": -0.320055474282, ""销售毛利率"": 52.5938423115, ""所处行业"": ""半导体"", ""最新公告日期"": ""2026-04-30""}",106971056.13,17.216570762,11208970.46,-28.19,2026-08-06,0.0670611439842208,-0.14883574575204528,-0.10356255178127594,0.0975857171840131,1.0235646156723397,108.2225,-0.00020790501051071164,120.20133333333334,-0.09984359574491686,118.23825000000001,-0.0848984994280616,100.13372,0.08055508174469117,0.6395325689360101,0.6801274015691388,-0.33284700576961335,158623052.1,1.7545000000000002,8,10,0,2,8,1,-0.45,赛微微电688325.SH)：财务总监胡敬宝辞任，聘任李玮俊接任 || 赛微微电：李玮俊接任财务总监 || 科创板平均股价51.52元 19股股价超300元 || 92只科创板股票跻身百元股阵营 || 科创板平均股价48.05元，82股股价超百元,http://finance.eastmoney.com/a/202608053832663149.html || http://finance.eastmoney.com/a/202608053832655540.html || http://finance.eastmoney.com/a/202608053832894422.html || http://finance.eastmoney.com/a/202608043831237935.html || http://finance.eastmoney.com/a/202608033829905225.html,,,,38.92307692307693,57.525252525252526,50.0,29.799999999999997,38.92307692307693,12.97979797979798,73.34949494949494,44.240010878010885,70
83,300342,天银机电,家用电器,441.36,2026-08-06T09:50:59.414831+08:00,,,,,,,,,,,q1_report,"{""序号"": 5353, ""股票代码"": ""300342"", ""股票简称"": ""天银机电"", ""每股收益"": 0.0242, ""营业总收入-营业总收入"": 193312951.04, ""营业总收入-同比增长"": 5.3136600991, ""营业总收入-季度环比增长"": -19.6577, ""净利润-净利润"": 10287165.81, ""净利润-同比增长"": 17.42, ""净利润-季度环比增长"": 189.6184, ""每股净资产"": 3.686223220457, ""净资产收益率"": 0.66, ""每股经营现金流量"": 0.035713650416, ""销售毛利率"": 24.5764824004, ""所处行业"": ""家电零部件Ⅱ"", ""最新公告日期"": ""2026-04-23""}",193312951.04,5.3136600991,10287165.81,17.42,2026-08-06,0.21853625170998647,-0.16985088536812676,-0.4416235699733584,-0.3301372438428275,1.0775510204081638,34.247499999999995,0.04036791006642848,44.34833333333333,-0.19658762072982816,48.809,-0.2700116781741071,36.56988,-0.025700932023840273,0.8824469130335384,0.7657919802468731,-0.5971896955503513,821504373.889,5.4350000000000005,6,9,0,0,9,0,0.0,天银机电300342.SZ)：全资子公司获2项发明专利，涉及超宽带实时频谱监测及高速信号采集 || 天银机电：全资子公司获两项发明专利证书 || 天银机电：全资子公司获两项发明专利 || 天银机电：超宽带实时频谱监测及多通道信号采集技术获发明专利 || 天银机电：全资子公司获两项发明专利 已应用于子公司现有项目产品,http://finance.eastmoney.com/a/202608053832593043.html || http://finance.eastmoney.com/a/202608053832588225.html || http://finance.eastmoney.com/a/202608033829811848.html || http://finance.eastmoney.com/a/202608053832745856.html || http://finance.eastmoney.com/a/202608033829909180.html,,,,48.92307692307693,27.020202020202017,50.0,40.449999999999996,48.92307692307693,56.21212121212121,51.035353535353536,44.04659673659674,71
28,002565,顺灏股份,造纸,652.07,2026-08-06T09:50:59.414831+08:00,,,,,,,,,,,q1_report,"{""序号"": 3546, ""股票代码"": ""002565"", ""股票简称"": ""顺灏股份"", ""每股收益"": 0.0189, ""营业总收入-营业总收入"": 291506426.99, ""营业总收入-同比增长"": -10.3403152033, ""营业总收入-季度环比增长"": 1.0043, ""净利润-净利润"": 19983341.33, ""净利润-同比增长"": 49.94, ""净利润-季度环比增长"": 338.4836, ""每股净资产"": 1.73362215011, ""净资产收益率"": 1.1, ""每股经营现金流量"": 0.056047854527, ""销售毛利率"": 27.2357441514, ""所处行业"": ""包装印刷"", ""最新公告日期"": ""2026-04-28""}",291506426.99,-10.3403152033,19983341.33,49.94,2026-08-06,0.21454993834771896,-0.07685098406747892,-0.5140601874691663,-0.44879686625629556,0.4879154078549848,9.169,0.07427200349002061,12.519500000000003,-0.21322736531011643,14.741666666666667,-0.33182589033352183,12.52024,-0.21327386695462702,0.7122081600917967,0.6269956276532285,-0.6366487455197133,477571682.2299999,4.801,2,7,0,0,7,0,0.0,A股三大股指收跌：核聚变概念股活跃，超4000股收涨 || 解密主力资金出逃股 连续5日净流出264股 || 股东提名董事未获通过，先锋新材换届风波牵出复杂关系网 || 短线防风险 65只个股短期均线现死叉 || 短线防风险 71只个股短期均线现死叉,http://finance.eastmoney.com/a/202608033829752339.html || http://finance.eastmoney.com/a/202607313828415575.html || http://finance.eastmoney.com/a/202607143805494885.html || http://finance.eastmoney.com/a/202607073796468140.html || http://finance.eastmoney.com/a/202607073796686081.html,,,,52.307692307692314,27.727272727272727,50.0,34.599999999999994,52.307692307692314,39.44444444444444,54.97474747474747,43.878006993007,72
89,301285,鸿日达,元器件,421.96,2026-08-06T09:50:59.414831+08:00,,,,,,,,,,,q1_report,"{""序号"": 3194, ""股票代码"": ""301285"", ""股票简称"": ""鸿日达"", ""每股收益"": -0.08, ""营业总收入-营业总收入"": 251755404.62, ""营业总收入-同比增长"": 55.166165057, ""营业总收入-季度环比增长"": -22.6909, ""净利润-净利润"": -17306081.54, ""净利润-同比增长"": -42.19, ""净利润-季度环比增长"": 64.3368, ""每股净资产"": 4.566936232158, ""净资产收益率"": -1.82, ""每股经营现金流量"": -0.219564128756, ""销售毛利率"": 15.4848992334, ""所处行业"": ""消费电子"", ""最新公告日期"": ""2026-04-28""}",251755404.62,55.166165057,-17306081.54,-42.19,2026-08-06,0.15927750410509023,-0.3545437922837813,-0.398841961852861,-0.00786958965711082,0.80747567844342,75.27850000000001,-0.06214921923258321,101.07033333333335,-0.30147652954543225,94.61466666666666,-0.25381547610659383,74.5194,-0.05259569991170099,1.0830158041606357,0.8733786943000793,-0.549889135254989,265146440.25,1.6804999999999999,0,7,1,0,6,0,0.5714285714285714,上证早知道｜603986，净利预增1099%；301285，扩产半导体封装散热片 || 鸿日达：实际控制人王玉田解除质押14%持股 || 134家公司获机构调研（附名单） || 143家公司获机构调研（附名单） || 基金最新动向：走访这18家公司,http://finance.eastmoney.com/a/202607103800514119.html || http://finance.eastmoney.com/a/202607063795356096.html || http://finance.eastmoney.com/a/202607173809903697.html || http://finance.eastmoney.com/a/202607163808323662.html || http://finance.eastmoney.com/a/202607103801482061.html,,,,49.38461538461538,26.717171717171716,50.0,70.64999999999999,49.38461538461538,15.909090909090908,49.26767676767677,43.69055167055167,73
64,002046,国机精工,机械基件,491.93,2026-08-06T09:50:59.414831+08:00,,,,,,,,,,,h1_forecast,"{""序号"": 2441, ""股票代码"": ""002046"", ""股票简称"": ""国机精工"", ""预测指标"": ""扣除非经常性损益后的净利润"", ""业绩变动"": ""预计2026年1-6月扣除非经常性损益后的净利润盈利:5,000万元至7,000万元,同比上年下降:48.37%至63.12%。"", ""预测数值"": 60000000.0, ""业绩变动幅度"": -55.745, ""业绩变动原因"": ""1.轴承业务板块收入下滑金额超过超硬材料业务板块收入的增加,导致公司营业收入同比减少约7,600万元,毛利额同比减少约1,000万元;2.本期研发投入较大,研发费用同比增加约4,600万元;3.公司持有的苏美达股票产生的公允价值变动收益,本报告期比上年同期减少2,353万元,此项目属于非经常性损益;4.去年同期处置中浙高铁股权确认投资收益4,000万元,当期无此特殊事项,此项目属于非经常性损益。以上业绩变动原因说明中所涉及的数值,仅为公司财务部门初步测算的结果,与公司最终披露的《2026年半年度报告》可能会存在差异,请注意投资风险。"", ""预告类型"": ""预减"", ""上年同期值"": 135568600.0, ""公告日期"": ""2026-07-15""}",,,,,2026-08-06,0.11871474123129744,-0.3098804660311697,-0.23073030865238653,-0.0345046570702795,1.493712411153636,49.306000000000004,-0.07496045106072291,57.103833333333334,-0.20127954048619034,52.913,-0.13801901234101255,43.084720000000004,0.05861196266332924,0.7606379214111575,0.8508863654874282,-0.45935552314016703,766354529.6944999,2.854,10,10,0,1,9,1,-0.325,14股今日获机构买入评级 || 培育钻石概念涨5.52%，主力资金净流入13股 || 75.52亿主力资金净流入，中芯国际概念涨6.56% || 中芯国际概念涨5.79%，主力资金净流入这些股 || 中芯国际概念下跌3.81%，主力资金净流出62股,http://finance.eastmoney.com/a/202608053832890846.html || http://finance.eastmoney.com/a/202608053832892353.html || http://finance.eastmoney.com/a/202608053832893849.html || http://finance.eastmoney.com/a/202608043831236480.html || http://finance.eastmoney.com/a/202608033829907623.html,-55.745,"1.轴承业务板块收入下滑金额超过超硬材料业务板块收入的增加,导致公司营业收入同比减少约7,600万元,毛利额同比减少约1,000万元;2.本期研发投入较大,研发费用同比增加约4,600万元;3.公司持有的苏美达股票产生的公允价值变动收益,本报告期比上年同期减少2,353万元,此项目属于非经常性损益;4.去年同期处置中浙高铁股权确认投资收益4,000万元,当期无此特殊事项,此项目属于非经常性损益。以上业绩变动原因说明中所涉及的数值,仅为公司财务部门初步测算的结果,与公司最终披露的《2026年半年度报告》可能会存在差异,请注意投资风险。",,50.0,38.03030303030303,50.0,34.699999999999996,50.0,38.98989898989898,54.71313131313131,43.44886868686869,74
81,300085,银之杰,软件服务,446.12,2026-08-06T09:50:59.414831+08:00,,,,,,,,,,,q1_report,"{""序号"": 4972, ""股票代码"": ""300085"", ""股票简称"": ""银之杰"", ""每股收益"": -0.0306, ""营业总收入-营业总收入"": 186292058.66, ""营业总收入-同比增长"": 7.468438685, ""营业总收入-季度环比增长"": -11.8443, ""净利润-净利润"": -21593306.33, ""净利润-同比增长"": 15.72, ""净利润-季度环比增长"": 70.6174, ""每股净资产"": 0.5939261882, ""净资产收益率"": -5.05, ""每股经营现金流量"": -0.025892552484, ""销售毛利率"": 29.848406384, ""所处行业"": ""软件开发"", ""最新公告日期"": ""2026-04-24""}",186292058.66,7.468438685,-21593306.33,15.72,2026-08-06,0.08098833218943025,-0.0015847860538827918,-0.26212227687983125,-0.19416730621642375,-0.27268529208035097,29.828500000000002,0.0560370115828821,33.20733333333333,-0.051414346228744634,36.13341666666667,-0.1282307928256624,40.82708,-0.22845327170103769,0.695848275822779,0.9800648280899603,-0.47469162058698433,1646659162.3344998,8.3845,1,10,0,2,8,2,-0.65,36.61亿元资金今日流出计算机股 || 筹码新动向：146股筹码趋向集中 || 9.07亿元资金今日流出计算机股 || 短线防风险 25只个股短期均线现死叉 || 短线防风险 19只个股短期均线现死叉,http://finance.eastmoney.com/a/202607293825299214.html || http://finance.eastmoney.com/a/202608053832637514.html || http://finance.eastmoney.com/a/202607273822272560.html || http://finance.eastmoney.com/a/202607243820496765.html || http://finance.eastmoney.com/a/202607243820184215.html,,,,48.61538461538461,46.86868686868687,50.0,26.3,48.61538461538461,75.4040404040404,40.39090909090909,43.24986247086248,75
73,603667,五洲新春,机械基件,461.48,2026-08-06T09:50:59.414831+08:00,,,,,,,,,,,q1_report,"{""序号"": 554, ""股票代码"": ""603667"", ""股票简称"": ""五洲新春"", ""每股收益"": 0.08, ""营业总收入-营业总收入"": 721790126.21, ""营业总收入-同比增长"": -18.8288041736, ""营业总收入-季度环比增长"": 5.7734, ""净利润-净利润"": 30800005.98, ""净利润-同比增长"": -18.62, ""净利润-季度环比增长"": 534.2328, ""每股净资产"": 8.193064266417, ""净资产收益率"": 1.03, ""每股经营现金流量"": 0.121051669271, ""销售毛利率"": 19.7571807956, ""所处行业"": ""通用设备"", ""最新公告日期"": ""2026-04-30""}",721790126.21,-18.8288041736,30800005.98,-18.62,2026-08-06,0.14013266998341622,-0.07795473595976532,-0.3233267716535433,-0.32771054883266104,0.557632398753894,54.3365,0.012210944760888243,65.71283333333332,-0.16302497989991793,69.18699999999998,-0.20505297237920395,59.61023999999999,-0.07733973223392476,0.5992820203141452,0.708662749888239,-0.4702394025916977,931573418.55,4.6425,1,4,1,0,3,0,0.25,一台机器人的“入学考”：杭州国家级中试基地探营 谁在帮宇树、星海图们补齐“毕业证”？ || 短线防风险 520只个股短期均线现死叉 || 特钢概念下跌1.12%，主力资金净流出29股 || 人形机器人板块7月2日逆势上行 日盈电子封涨停 || 48.81亿元资金今日流出机械设备股,http://finance.eastmoney.com/a/202608013828993943.html || http://finance.eastmoney.com/a/202607103801457758.html || http://finance.eastmoney.com/a/202607093800055112.html || http://finance.eastmoney.com/a/202607023791319710.html || http://finance.eastmoney.com/a/202607063795176998.html,,,,23.30769230769231,38.08080808080808,50.0,50.949999999999996,23.30769230769231,54.49494949494951,73.66161616161617,42.247653457653456,76
82,301075,多瑞医药,化学制药,443.23,2026-08-06T09:50:59.414831+08:00,,,,,,,,,,,q1_report,"{""序号"": 2050, ""股票代码"": ""301075"", ""股票简称"": ""多瑞医药"", ""每股收益"": -0.18, ""营业总收入-营业总收入"": 32431205.53, ""营业总收入-同比增长"": -34.4073956705, ""营业总收入-季度环比增长"": 88.79, ""净利润-净利润"": -13967969.05, ""净利润-同比增长"": 10.45, ""净利润-季度环比增长"": 37.7599, ""每股净资产"": 7.712889120625, ""净资产收益率"": -2.46, ""每股经营现金流量"": -0.4581563425, ""销售毛利率"": 7.5394206291, ""所处行业"": ""化学制药"", ""最新公告日期"": ""2026-04-29""}",32431205.53,-34.4073956705,-13967969.05,10.45,2026-08-06,0.23661408575872023,-0.050980392156862786,-0.32361161745048006,-0.10442477876106193,0.7110359667998769,53.59250000000001,0.038578159257358635,64.94466666666666,-0.14296272724473147,69.63416666666667,-0.20067974294228186,58.82688,-0.05383389362141944,1.0339060126949133,0.7281558259656679,-0.5227441416604814,104339241.201,2.4159999999999995,1,8,0,0,8,0,0.0,创业板融资余额增加7.72亿元，23股获融资客大手笔加仓 || 沪指午盘跌1.64%，创指跌4.71% || 沪指跌3.05%，创指跌7.15%：电力、银行板块逆势走强 || 创业板公司融资余额减少32.39亿元，43股遭减仓超5% || 多瑞医药向原控股股东借款2.8亿元，用于补充流动资金,http://finance.eastmoney.com/a/202608033829367530.html || http://finance.eastmoney.com/a/202607173810518814.html || http://finance.eastmoney.com/a/202607173811010056.html || http://finance.eastmoney.com/a/202607153806742522.html || http://finance.eastmoney.com/a/202607063795218016.html,,,,32.92307692307693,49.84848484848485,50.0,36.85,32.92307692307693,13.282828282828282,64.87373737373737,42.18174825174825,77
74,300658,延江股份,纺织,461.27,2026-08-06T09:50:59.414831+08:00,,,,,,,,,,,q1_report,"{""序号"": 3311, ""股票代码"": ""300658"", ""股票简称"": ""延江股份"", ""每股收益"": 0.0958, ""营业总收入-营业总收入"": 475852361.24, ""营业总收入-同比增长"": 9.0652883927, ""营业总收入-季度环比增长"": 6.3243, ""净利润-净利润"": 31416835.81, ""净利润-同比增长"": 182.9, ""净利润-季度环比增长"": 1684.1204, ""每股净资产"": 4.059667044857, ""净资产收益率"": 2.35, ""每股经营现金流量"": 0.186603039922, ""销售毛利率"": 19.5477540634, ""所处行业"": ""个护用品"", ""最新公告日期"": ""2026-04-28""}",475852361.24,9.0652883927,31416835.81,182.9,2026-08-06,0.10736842105263156,-0.026827012025901986,-0.48981571290009707,-0.32390745501285356,0.6061068702290076,10.008,0.05115907274180653,11.788999999999998,-0.10764271778776813,17.419583333333335,-0.3960819958380176,13.449679999999999,-0.21782525680908393,0.5365163861386354,0.6552272252325858,-0.6923841059602649,102903950.9,4.6735,0,5,0,1,4,1,-0.65,美容护理行业今日涨4.46%，主力资金净流入1.07亿元 || 美容护理行业7月24日资金流向日报 || A股午后大幅拉升：PCB、脑机接口等板块活跃，近5200股飘红 || 1.68亿元资金今日流入美容护理股 || 美容护理行业今日涨4.08%，主力资金净流入1.23亿元,http://finance.eastmoney.com/a/202607273822272834.html || http://finance.eastmoney.com/a/202607243820498567.html || http://finance.eastmoney.com/a/202607273822073710.html || http://finance.eastmoney.com/a/202607163809082448.html || http://finance.eastmoney.com/a/202607153807498241.html,,,,69.15384615384616,28.484848484848484,50.0,7.999999999999999,69.15384615384616,24.646464646464644,41.48080808080808,41.84496814296815,78
94,600301,华锡有色,小金属,416.49,2026-08-06T09:50:59.414831+08:00,,,,,,,,,,,q1_report,"{""序号"": 5505, ""股票代码"": ""600301"", ""股票简称"": ""华锡有色"", ""每股收益"": 0.288, ""营业总收入-营业总收入"": 1157351404.23, ""营业总收入-同比增长"": -7.0126096963, ""营业总收入-季度环比增长"": -30.4726, ""净利润-净利润"": 181893250.82, ""净利润-同比增长"": 18.54, ""净利润-季度环比增长"": -40.6647, ""每股净资产"": 7.876339162134, ""净资产收益率"": 3.72, ""每股经营现金流量"": 0.315596246389, ""销售毛利率"": 41.5089259696, ""所处行业"": ""小金属"", ""最新公告日期"": ""2026-04-22""}",1157351404.23,-7.0126096963,181893250.82,18.54,2026-08-06,0.23616700201207252,-0.04003906250000011,-0.1797396528704941,-0.07768812159879901,1.0686026936026933,42.507,0.15628014209424324,53.83116666666667,-0.08696015629112008,54.00691666666667,-0.08993138224579267,43.988879999999995,0.11732783376162348,0.8374494641864095,0.8466138232366888,-0.484733893557423,537483608.6,4.5905000000000005,1,10,0,3,7,3,-0.975,【数据揭秘】融资客看好个股一览 || 7月24日A股早盘震荡调整 创业板指半日收跌1.78% || 【数据揭秘】融资客看好个股一览 || 金属铅概念下跌4.61%，5股主力资金净流出超亿元 || 金属锌概念下跌4.49%，14股主力资金净流出超5000万元,http://finance.eastmoney.com/a/202608033829554913.html || http://finance.eastmoney.com/a/202607243820271086.html || http://finance.eastmoney.com/a/202607283823259797.html || http://finance.eastmoney.com/a/202607243820498073.html || http://finance.eastmoney.com/a/202607243820497742.html,,,,43.69230769230769,60.505050505050505,50.0,24.9,43.69230769230769,40.303030303030305,49.84040404040404,41.091195027195035,79
75,002837,英维克,专用机械,457.5,2026-08-06T09:50:59.414831+08:00,,,,,,,,,,,q1_report,"{""序号"": 5683, ""股票代码"": ""002837"", ""股票简称"": ""英维克"", ""每股收益"": 0.01, ""营业总收入-营业总收入"": 1175329313.61, ""营业总收入-同比增长"": 26.0290835683, ""营业总收入-季度环比增长"": -42.4346, ""净利润-净利润"": 8657602.27, ""净利润-同比增长"": -81.97, ""净利润-季度环比增长"": -92.9524, ""每股净资产"": 3.541678473906, ""净资产收益率"": 0.25, ""每股经营现金流量"": -0.395281284838, ""销售毛利率"": 24.2934619169, ""所处行业"": ""专用设备"", ""最新公告日期"": ""2026-04-21""}",1175329313.61,26.0290835683,8657602.27,-81.97,2026-08-06,0.11346765641569467,-0.30802688809806256,-0.357405140758874,-0.35701163502755673,1.1676300578034682,58.384,-0.10078103590024667,68.99333333333334,-0.23905691371146975,73.12625,-0.2820635544691543,66.19676,-0.20690982458960228,0.9361574722479891,0.7902329187685063,-0.5005913342651328,2796078401.6175,4.1505,3,10,1,1,8,0,-0.025,机械设备行业今日涨3.20%，主力资金净流入47.01亿元 || 英伟达概念涨5.76%，主力资金净流入53股 || 机械设备行业今日净流出资金53.56亿元，华工科技等16股净流出资金超亿元 || 机械设备行业资金流出榜：大族激光等10股净流出资金超亿元 || 机械设备行业今日净流入资金37.89亿元，正帆科技等15股净流入资金超亿元,http://finance.eastmoney.com/a/202608053832637680.html || http://finance.eastmoney.com/a/202608043831236148.html || http://finance.eastmoney.com/a/202607303826815019.html || http://finance.eastmoney.com/a/202607293825303687.html || http://finance.eastmoney.com/a/202607273822271421.html,,,,37.38461538461539,19.7979797979798,50.0,40.65,37.38461538461539,65.05050505050505,62.803030303030305,40.95004662004662,80
13,600113,浙江东日,区域地产,920.23,2026-08-06T09:50:59.414831+08:00,,,,,,,,,,,q1_report,"{""序号"": 1024, ""股票代码"": ""600113"", ""股票简称"": ""浙江东日"", ""每股收益"": 0.05, ""营业总收入-营业总收入"": 161218360.45, ""营业总收入-同比增长"": -6.6401472252, ""营业总收入-季度环比增长"": -25.1913, ""净利润-净利润"": 21714278.56, ""净利润-同比增长"": -13.94, ""净利润-季度环比增长"": -25.5707, ""每股净资产"": 6.080909878814, ""净资产收益率"": 0.85, ""每股经营现金流量"": 0.197559023047, ""销售毛利率"": 32.3413299791, ""所处行业"": ""一般零售"", ""最新公告日期"": ""2026-04-30""}",161218360.45,-6.6401472252,21714278.56,-13.94,2026-08-06,0.07697618225750769,0.03757898237445967,-0.30835734870317,-0.47315096251266464,0.010689990281826933,29.706000000000007,0.0502928701272467,33.48416666666667,-0.06821632114681075,42.497749999999996,-0.2658434858316028,48.442119999999996,-0.35593239932521525,0.613450054365182,0.6511296002192616,-0.5432283858070964,232899066.55,1.895,0,8,0,0,8,0,0.0,商贸零售行业7月29日资金流向日报 || 预制菜概念上涨2.48%，10股主力资金净流入超千万元 || 强势股追踪 主力资金连续5日净流入109股 || 商贸零售行业资金流入榜：小商品城、东百集团等净流入资金居前 || 强势股追踪 主力资金连续5日净流入85股,http://finance.eastmoney.com/a/202607293825290363.html || http://finance.eastmoney.com/a/202607293825299150.html || http://finance.eastmoney.com/a/202607243820497586.html || http://finance.eastmoney.com/a/202607283823620933.html || http://finance.eastmoney.com/a/202607233819056313.html,,,,30.000000000000004,38.13131313131313,50.0,36.85,30.000000000000004,16.31313131313131,66.23737373737374,38.971111111111114,81
22,300870,欧陆通,电气设备,764.82,2026-08-06T09:50:59.414831+08:00,,,,,,,,,,,q1_report,"{""序号"": 3935, ""股票代码"": ""300870"", ""股票简称"": ""欧陆通"", ""每股收益"": -0.12, ""营业总收入-营业总收入"": 1041547037.48, ""营业总收入-同比增长"": 17.2573987333, ""营业总收入-季度环比增长"": -3.1053, ""净利润-净利润"": -12541361.74, ""净利润-同比增长"": -125.3, ""净利润-季度环比增长"": -156.1192, ""每股净资产"": 23.928435502572, ""净资产收益率"": -0.47, ""每股经营现金流量"": 0.245876981636, ""销售毛利率"": 17.0131541988, ""所处行业"": ""其他电源设备Ⅱ"", ""最新公告日期"": ""2026-04-27""}",1041547037.48,17.2573987333,-12541361.74,-125.3,2026-08-06,0.21675643327348904,-0.3036986301369863,-0.3526283949438024,0.18298714144411465,1.1827160493827158,210.4055,-0.03367545049915521,272.815,-0.2547330608654217,242.59274999999997,-0.16188756671417415,194.49504,0.04537370207487035,1.3133714436355644,1.1200551935353271,-0.5603325790664633,1381752994.672,4.362499999999999,3,10,0,0,10,0,0.0,创业板股融资余额增幅榜（附股） || 杠杆资金连续四日减仓创业板股 || 创业板公司融资余额六连降 其间累计减少450.67亿元 || 【数据揭秘】融资客看好个股一览 || 深沪北百元股数量达170只，电子行业占比最高,http://finance.eastmoney.com/a/202608043830741948.html || http://finance.eastmoney.com/a/202607293824538336.html || http://finance.eastmoney.com/a/202607313828001488.html || http://finance.eastmoney.com/a/202607293824889437.html || http://finance.eastmoney.com/a/202608033829906556.html,,,,28.61538461538462,39.5959595959596,50.0,51.849999999999994,28.61538461538462,56.56565656565656,29.67171717171717,38.83156954156955,82
92,301550,斯菱智驱,汽车配件,419.64,2026-08-06T09:50:59.414831+08:00,,,,,,,,,,,q1_report,"{""序号"": 4768, ""股票代码"": ""301550"", ""股票简称"": ""斯菱智驱"", ""每股收益"": 0.17, ""营业总收入-营业总收入"": 212563584.79, ""营业总收入-同比增长"": 8.7150933497, ""营业总收入-季度环比增长"": 2.6675, ""净利润-净利润"": 39233022.1, ""净利润-同比增长"": -15.55, ""净利润-季度环比增长"": 19.6596, ""每股净资产"": 8.07702181001, ""净资产收益率"": 2.12, ""每股经营现金流量"": 0.150001701567, ""销售毛利率"": 31.3168327612, ""所处行业"": ""汽车零部件"", ""最新公告日期"": ""2026-04-24""}",212563584.79,8.7150933497,39233022.1,-15.55,2026-08-06,0.16057934508816119,-0.15069124423963132,-0.41226181934146544,-0.3493954637719531,0.6306126963061269,75.2645,-0.02052096273807702,98.039,-0.24805434571956064,104.01983333333332,-0.29128900097577537,87.05467999999999,-0.15317591196705327,0.92851426080096,0.8273048228848767,-0.5310792853979034,478593730.7815,3.0780000000000003,1,3,0,0,3,0,0.0,解密主力资金出逃股 连续5日净流出264股 || 汽车行业今日净流入资金28.08亿元，比亚迪等9股净流入资金超亿元 || 人形机器人板块7月2日逆势上行 日盈电子封涨停 || 减速器概念下跌4.74%，主力资金净流出92股 || 汽车行业资金流入榜：比亚迪等20股净流入资金超亿元,http://finance.eastmoney.com/a/202607313828415575.html || http://finance.eastmoney.com/a/202607103801941386.html || http://finance.eastmoney.com/a/202607023791319710.html || http://finance.eastmoney.com/a/202607083798407114.html || http://finance.eastmoney.com/a/202607033793603775.html,,,,38.846153846153854,26.717171717171716,50.0,32.5,38.846153846153854,30.202020202020208,55.93434343434344,38.513344988345,83
45,688656,浩欧博,医疗保健,556.5,2026-08-06T09:50:59.414831+08:00,,,,,,,,,,,q1_report,"{""序号"": 2808, ""股票代码"": ""688656"", ""股票简称"": ""浩欧博"", ""每股收益"": 0.003, ""营业总收入-营业总收入"": 78864218.03, ""营业总收入-同比增长"": 1.6123369656, ""营业总收入-季度环比增长"": -25.7554, ""净利润-净利润"": 177448.33, ""净利润-同比增长"": -89.18, ""净利润-季度环比增长"": 105.9379, ""每股净资产"": 13.02307764493, ""净资产收益率"": 0.02, ""每股经营现金流量"": 0.080899905387, ""销售毛利率"": 56.6591612853, ""所处行业"": ""医疗器械"", ""最新公告日期"": ""2026-04-28""}",78864218.03,1.6123369656,177448.33,-89.18,2026-08-06,0.09402471652439814,-0.06622444541104822,-0.3882160159589627,-0.3896510057573388,-0.2923774206839719,85.175,0.00815967126504269,100.35083333333334,-0.1443020735585986,118.45450000000001,-0.2750803050960495,138.52304,-0.3801031221954124,0.7041178715365434,0.5833854107656878,-0.46753951563665963,51533318.4,0.9385,0,3,1,0,2,0,0.3333333333333333,浩欧博：子公司获7项医疗器械注册证 || 浩欧博：全资子公司获7项医疗器械注册证 || 上海开出脑机接口首张处方并成功手术；按病种付费新方案发布在即 || 科创板平均股价61.86元，33股股价超300元 || 科创板百元股达126只，联讯仪器股价最高,http://finance.eastmoney.com/a/202607153807584911.html || http://finance.eastmoney.com/a/202607153807571691.html || http://finance.eastmoney.com/a/202607163808160837.html || http://finance.eastmoney.com/a/202607063795171716.html || http://finance.eastmoney.com/a/202607033793601155.html,,,,21.30769230769231,30.5050505050505,50.0,59.44999999999999,21.30769230769231,2.3737373737373737,81.74242424242424,37.5960372960373,84
18,300469,信息发展,软件服务,788.08,2026-08-06T09:50:59.414831+08:00,,,,,,,,,,,q1_report,"{""序号"": 2197, ""股票代码"": ""300469"", ""股票简称"": ""信息发展"", ""每股收益"": -0.1265, ""营业总收入-营业总收入"": 29422333.69, ""营业总收入-同比增长"": -35.5562175464, ""营业总收入-季度环比增长"": -74.5904, ""净利润-净利润"": -31396164.86, ""净利润-同比增长"": -58.25, ""净利润-季度环比增长"": 61.6123, ""每股净资产"": 0.942918860267, ""净资产收益率"": -13.07, ""每股经营现金流量"": -0.136647143196, ""销售毛利率"": -7.8142747079, ""所处行业"": ""软件开发"", ""最新公告日期"": ""2026-04-29""}",29422333.69,-35.5562175464,-31396164.86,-58.25,2026-08-06,0.1163424124513619,-0.03789403085177734,-0.07734362437690945,-0.07016690973910222,0.21955366631243378,51.1145,0.12257774212796768,52.72533333333333,0.08828140805179041,57.28725,0.0016190339037045476,60.87604,-0.05742883407002164,1.0250911110633616,0.8595188269902156,-0.43673359385527555,479680732.57299995,3.7784999999999997,4,10,2,1,7,1,-0.025,强势股追踪 主力资金连续5日净流入107股 || 强势股追踪 主力资金连续5日净流入120股 || 强势股追踪 主力资金连续5日净流入147股 || 强势股追踪 主力资金连续5日净流入103股 || 2173只股短线走稳 站上五日均线,http://finance.eastmoney.com/a/202608043831237289.html || http://finance.eastmoney.com/a/202608033829906774.html || http://finance.eastmoney.com/a/202607313828414263.html || http://finance.eastmoney.com/a/202607303826824553.html || http://finance.eastmoney.com/a/202607273821885047.html,,,,12.769230769230772,62.27272727272728,50.0,40.65,12.769230769230772,34.74747474747475,56.02626262626262,37.53709324009325,85
44,300749,顶固集创,家居用品,568.68,2026-08-06T09:50:59.414831+08:00,,,,,,,,,,,q1_report,"{""序号"": 3950, ""股票代码"": ""300749"", ""股票简称"": ""顶固集创"", ""每股收益"": -0.09, ""营业总收入-营业总收入"": 118264667.08, ""营业总收入-同比增长"": -42.2958950039, ""营业总收入-季度环比增长"": -25.2936, ""净利润-净利润"": -18541883.31, ""净利润-同比增长"": -1959.32, ""净利润-季度环比增长"": -1521.8333, ""每股净资产"": 2.683976496056, ""净资产收益率"": -3.31, ""每股经营现金流量"": -0.478917360532, ""销售毛利率"": 19.780941838, ""所处行业"": ""家居用品"", ""最新公告日期"": ""2026-04-27""}",118264667.08,-42.2958950039,-18541883.31,-1959.32,2026-08-06,0.3123393316195373,-0.14345637583892612,-0.1617405582922823,0.07247899159663884,1.2815642458100562,18.473499999999998,0.10536714753565946,21.734,-0.060458268151283745,25.29016666666667,-0.19257155284333183,17.63292,0.15806117194429525,0.903841134685506,0.7417734030382467,-0.5887949260042283,96476037.3,3.2969999999999993,2,4,1,0,3,0,0.5,今日171只个股跨越牛熊分界线 || 顶固集创成立云算科技公司 含AI硬件销售业务 || 【盘中播报】62只个股跨越牛熊分界线 || 玫瑰岛盈利增长隐忧：期间费用率向行业均值靠拢，“出海”故事难掩价格困局|读懂IPO || 强势股追踪 主力资金连续5日净流入77股,http://finance.eastmoney.com/a/202608043831214516.html || http://finance.eastmoney.com/a/202607313828275120.html || http://finance.eastmoney.com/a/202607293824889836.html || http://finance.eastmoney.com/a/202607203813620177.html || http://finance.eastmoney.com/a/202606293786727381.html,,,,2.9230769230769234,63.73737373737374,50.0,66.69999999999999,2.9230769230769234,14.494949494949495,54.166666666666664,37.4662432012432,86
30,002796,世嘉科技,通信设备,631.44,2026-08-06T09:50:59.414831+08:00,,,,,,,,,,,h1_forecast,"{""序号"": 1667, ""股票代码"": ""002796"", ""股票简称"": ""世嘉科技"", ""预测指标"": ""扣除非经常性损益后的净利润"", ""业绩变动"": ""预计2026年1-6月扣除非经常性损益后的净利润亏损:3,950万元至4,850万元。"", ""预测数值"": -44000000.0, ""业绩变动幅度"": -33.315, ""业绩变动原因"": ""报告期内,公司经营业绩出现亏损主要系:受下游市场需求不足以及市场竞争加剧等因素影响,毛利率出现下滑,导致整体利润水平下降。报告期内,非经常性损益对归属于上市公司股东净利润的影响金额约为465万元,主要系参股公司荣旗科技和重元贰号基金的投资收益影响。"", ""预告类型"": ""增亏"", ""上年同期值"": -33005400.0, ""公告日期"": ""2026-07-15""}",,,,,2026-08-06,0.2125850340136055,-0.1524517087667162,-0.47116632671982195,-0.33519813519813524,1.4756944444444446,27.894,0.022442102244210282,38.11566666666667,-0.2517512483930493,45.412666666666674,-0.3719813855165227,33.41832,-0.14657589011057415,0.8416905990137794,0.7523558276516822,-0.6451953537486801,286468354.0605,4.5035,8,10,0,2,8,1,-0.6,通信设备概念走强，英伟达出货新一代Spectrum-X CPO交换机|异动情报 || 今日613只个股突破五日均线 || 解密主力资金出逃股 连续5日净流出281股 || 85只股上午收盘涨停(附股) || 涨停股复盘：32股封单超亿元,http://finance.eastmoney.com/a/202608043830918546.html || http://finance.eastmoney.com/a/202608043830921532.html || http://finance.eastmoney.com/a/202608033829906439.html || http://finance.eastmoney.com/a/202608043831004457.html || http://finance.eastmoney.com/a/202608043831214395.html,-33.315,"报告期内,公司经营业绩出现亏损主要系:受下游市场需求不足以及市场竞争加剧等因素影响,毛利率出现下滑,导致整体利润水平下降。报告期内,非经常性损益对归属于上市公司股东净利润的影响金额约为465万元,主要系参股公司荣旗科技和重元贰号基金的投资收益影响。",,50.0,26.212121212121207,50.0,27.699999999999996,50.0,31.01010101010101,37.086868686868684,37.10088888888888,87
32,301209,联合化学,染料涂料,629.45,2026-08-06T09:50:59.414831+08:00,,,,,,,,,,,q1_report,"{""序号"": 3209, ""股票代码"": ""301209"", ""股票简称"": ""联合化学"", ""每股收益"": 0.04, ""营业总收入-营业总收入"": 130100299.42, ""营业总收入-同比增长"": 0.0295350631, ""营业总收入-季度环比增长"": 4.4666, ""净利润-净利润"": 4484755.78, ""净利润-同比增长"": -72.89, ""净利润-季度环比增长"": -14.2035, ""每股净资产"": 6.899924579732, ""净资产收益率"": 0.58, ""每股经营现金流量"": -0.14968944625, ""销售毛利率"": 20.7549063764, ""所处行业"": ""化学制品"", ""最新公告日期"": ""2026-04-28""}",130100299.42,0.0295350631,4484755.78,-72.89,2026-08-06,0.2508896797153024,0.007575757575757569,-0.24651661307609862,-0.2578796561604585,-0.3009943181818182,45.251,0.08748977923139822,55.17333333333333,-0.10808361527307875,60.349333333333334,-0.18458088462728117,65.97131999999999,-0.25406979881560643,0.9119136696233825,0.6984037887007716,-0.4585741811175337,107739887.65450001,1.7895000000000003,6,10,0,1,9,1,-0.325,光刻机概念涨6.09% 主力资金净流入33股 || 光刻胶概念上涨5.67% 12股主力资金净流入超亿元 || 光刻机概念上涨6.64%，8股主力资金净流入超亿元 || 光刻机概念下跌2.67%，主力资金净流出35股 || 创业板融资余额增加7.72亿元，23股获融资客大手笔加仓,http://finance.eastmoney.com/a/202608053832892954.html || http://finance.eastmoney.com/a/202608053832893035.html || http://finance.eastmoney.com/a/202608043831235028.html || http://finance.eastmoney.com/a/202608033829905783.html || http://finance.eastmoney.com/a/202608033829367530.html,,,,20.230769230769234,54.494949494949495,50.0,34.699999999999996,20.230769230769234,10.05050505050505,66.43030303030302,36.917664335664334,88
4,688195,腾景科技,元器件,1356.83,2026-08-06T09:50:59.414831+08:00,,,,,,,,,,,h1_forecast,"{""序号"": 171, ""股票代码"": ""688195"", ""股票简称"": ""腾景科技"", ""预测指标"": ""扣除非经常性损益后的净利润"", ""业绩变动"": ""预计2026年1-6月扣除非经常性损益后的净利润盈利:4,800万元至5,200万元,同比上年增长:38.63%至50.18%,同比上年增长1,337.53万元至1,737.53万元。"", ""预测数值"": 50000000.0, ""业绩变动幅度"": 44.405, ""业绩变动原因"": ""1、报告期内,受益于全球AI算力基础设施建设加速,光通信行业需求持续增长。数据中心高速光模块配套无源元组件及OCS钒酸钇晶体等关键产品订单加速交付,成为驱动业务增长的主要引擎。此外,公司在半导体设备等领域的高端光学模组产品交付量亦持续提升。2、报告期内,因收入增长,产品结构持续优化,公司综合毛利率同比提升,整体盈利能力显著增强。报告期内,公司因已实施的2025年员工持股计划确认股份支付费用约2,534万元。若剔除该费用影响,预计2026年上半年实现归属于母公司所有者的净利润6,946.00万元到7,346.00万元,较上年同期相比增加3,287.12万元到3,687.12万元,同比增长89.84%到100.77%。3、2026年下半年,公司将继续夯实核心竞争力,加速扩产项目落地,强化光通信领域多种光互联形态的精密光学元组件及半导体设备光学模组产品的交付,推动业务规模及盈利能力持续提升。"", ""预告类型"": ""预增"", ""上年同期值"": 34624700.0, ""公告日期"": ""2026-07-22""}",,,,,2026-08-06,0.2223766504517024,-0.24320835894283954,-0.5384586550715945,-0.30162781464466004,2.9591639871382633,125.989,-0.022692457278016387,182.79316666666665,-0.3263971392074284,192.23658333333333,-0.3594871597020859,140.425,-0.12316183015844773,1.0115939813071018,0.8506193844914246,-0.6447289528444962,915008039.2,4.0235,9,9,0,1,8,1,-0.3611111111111111,腾景科技688195.SH)：完成工商变更登记，注册资本变更为18109万元 || 光刻机概念涨6.09% 主力资金净流入33股 || 光刻机概念上涨6.64%，8股主力资金净流入超亿元 || 光刻机概念下跌2.67%，主力资金净流出35股 || 科创板平均股价51.52元 19股股价超300元,http://finance.eastmoney.com/a/202607063795235119.html || http://finance.eastmoney.com/a/202608053832892954.html || http://finance.eastmoney.com/a/202608043831235028.html || http://finance.eastmoney.com/a/202608033829905783.html || http://finance.eastmoney.com/a/202608053832894422.html,44.405,"1、报告期内,受益于全球AI算力基础设施建设加速,光通信行业需求持续增长。数据中心高速光模块配套无源元组件及OCS钒酸钇晶体等关键产品订单加速交付,成为驱动业务增长的主要引擎。此外,公司在半导体设备等领域的高端光学模组产品交付量亦持续提升。2、报告期内,因收入增长,产品结构持续优化,公司综合毛利率同比提升,整体盈利能力显著增强。报告期内,公司因已实施的2025年员工持股计划确认股份支付费用约2,534万元。若剔除该费用影响,预计2026年上半年实现归属于母公司所有者的净利润6,946.00万元到7,346.00万元,较上年同期相比增加3,287.12万元到3,687.12万元,同比增长89.84%到100.77%。3、2026年下半年,公司将继续夯实核心竞争力,加速扩产项目落地,强化光通信领域多种光互联形态的精密光学元组件及半导体设备光学模组产品的交付,推动业务规模及盈利能力持续提升。",,50.0,23.484848484848484,50.0,20.849999999999998,50.0,49.24242424242424,29.713131313131314,36.28861616161616,89
40,301326,捷邦科技,元器件,586.36,2026-08-06T09:50:59.414831+08:00,,,,,,,,,,,q1_report,"{""序号"": 2003, ""股票代码"": ""301326"", ""股票简称"": ""捷邦科技"", ""每股收益"": -0.2054, ""营业总收入-营业总收入"": 308668296.8, ""营业总收入-同比增长"": 86.3272130081, ""营业总收入-季度环比增长"": -9.5743, ""净利润-净利润"": -14931258.27, ""净利润-同比增长"": -32.79, ""净利润-季度环比增长"": 56.2163, ""每股净资产"": 16.984466707536, ""净资产收益率"": -1.2, ""每股经营现金流量"": 0.107607341207, ""销售毛利率"": 28.4689393796, ""所处行业"": ""消费电子"", ""最新公告日期"": ""2026-04-29""}",308668296.8,86.3272130081,-14931258.27,-32.79,2026-08-06,0.21684931506849314,-0.30438527799530146,-0.5365230094959825,-0.30302079246763436,0.2334073868369897,93.7025,-0.05199967983778453,130.76166666666666,-0.32067247027033907,139.65225,-0.3639200227708469,124.19655999999999,-0.2847627985831491,1.4060071835133827,0.9684920157604071,-0.6228169887361785,213131590.7,2.9865,0,10,3,1,6,1,-0.025,19.42亿主力资金净流入，富士康概念涨4.41% || 创业板两融余额减少165.84亿元 || 深股通现身17只个股龙虎榜 || 营业部最青睐个股曝光 2股净买入超5000万元 || 基金7月12日参与6家公司的调研活动,http://finance.eastmoney.com/a/202607273822130010.html || http://finance.eastmoney.com/a/202607213814401457.html || http://finance.eastmoney.com/a/202607133804206473.html || http://finance.eastmoney.com/a/202607133804193256.html || http://finance.eastmoney.com/a/202607133803932947.html,,,,56.61538461538462,18.333333333333336,50.0,40.65,56.61538461538462,20.656565656565657,22.743434343434345,36.00776146076147,90
61,300731,科创新源,橡胶,499.44,2026-08-06T09:50:59.414831+08:00,,,,,,,,,,,q1_report,"{""序号"": 2138, ""股票代码"": ""300731"", ""股票简称"": ""科创新源"", ""每股收益"": -0.02, ""营业总收入-营业总收入"": 224326491.62, ""营业总收入-同比增长"": -11.0884932884, ""营业总收入-季度环比增长"": -29.4702, ""净利润-净利润"": -2998057.52, ""净利润-同比增长"": -129.75, ""净利润-季度环比增长"": -134.9572, ""每股净资产"": 4.882916790793, ""净资产收益率"": -0.49, ""每股经营现金流量"": -0.287756857985, ""销售毛利率"": 16.456190833, ""所处行业"": ""橡胶"", ""最新公告日期"": ""2026-04-29""}",224326491.62,-11.0884932884,-2998057.52,-129.75,2026-08-06,0.29077029840388624,-0.31085587254538705,-0.36562073669849926,-0.1982758620689654,0.8181818181818183,38.04550000000001,-0.02222339041410959,52.45416666666666,-0.2908094368099132,51.2745,-0.2744931691191528,42.736239999999995,-0.12954438668446244,1.030027674581801,0.8452301079731769,-0.5795156113218558,267641309.51,4.232,1,10,1,0,9,0,0.1,解密主力资金出逃股 连续5日净流出264股 || 19.42亿主力资金净流入，富士康概念涨4.41% || 21.78亿元主力资金今日抢筹基础化工板块 || 7月16日基金调研瞄准这些公司 || 科创新源：拟简易定增1.23亿元布局液冷 前次汽车水冷板项目效益不及预期,http://finance.eastmoney.com/a/202607313828415575.html || http://finance.eastmoney.com/a/202607273822130010.html || http://finance.eastmoney.com/a/202607233819058078.html || http://finance.eastmoney.com/a/202607173810490843.html || http://finance.eastmoney.com/a/202607133803217917.html,,,,11.846153846153847,31.161616161616156,50.0,63.05,11.846153846153847,29.292929292929294,47.5,32.78137529137529,91
100,688607,康众医疗,医疗保健,410.3,2026-08-06T09:50:59.414831+08:00,,,,,,,,,,,q1_report,"{""序号"": 4102, ""股票代码"": ""688607"", ""股票简称"": ""康众医疗"", ""每股收益"": -0.19, ""营业总收入-营业总收入"": 68538444.85, ""营业总收入-同比增长"": 17.2821251194, ""营业总收入-季度环比增长"": -27.7317, ""净利润-净利润"": -16205231.69, ""净利润-同比增长"": -393.8674061924, ""净利润-季度环比增长"": -131.0139, ""每股净资产"": 9.525669181279, ""净资产收益率"": -1.92, ""每股经营现金流量"": -0.190929911889, ""销售毛利率"": 35.4941938254, ""所处行业"": ""医疗器械"", ""最新公告日期"": ""2026-04-25""}",68538444.85,17.2821251194,-16205231.69,-393.8674061924,2026-08-06,0.3092284417549169,-0.09760166840458806,-0.3212549019607842,-0.2513840830449826,0.4946459412780657,38.7645,0.11622747617020734,50.31616666666665,-0.1400378274709584,54.78233333333333,-0.21014682348932423,44.96508,-0.03769769785798216,1.2086815781395417,0.8648159446612376,-0.5409722222222222,101300875.1,3.315,5,8,0,1,7,1,-0.40625,康众医疗688607龙虎榜数据07-31) || 1142只股短线走稳 站上五日均线 || 1119只股短线走稳 站上五日均线 || 康众医疗龙虎榜数据（7月31日） || 88只股上午收盘涨停(附股),http://finance.eastmoney.com/a/202607313828359490.html || http://finance.eastmoney.com/a/202607313828411428.html || http://finance.eastmoney.com/a/202607313828138526.html || http://finance.eastmoney.com/a/202607313828558673.html || http://finance.eastmoney.com/a/202607313828138425.html,,,,25.92307692307692,47.42424242424242,50.0,16.2,25.92307692307692,15.505050505050505,42.38989898989899,32.57405128205128,92
21,688125,安达智能,专用机械,770.65,2026-08-06T09:50:59.414831+08:00,,,,,,,,,,,q1_report,"{""序号"": 4646, ""股票代码"": ""688125"", ""股票简称"": ""安达智能"", ""每股收益"": -0.38, ""营业总收入-营业总收入"": 143851530.88, ""营业总收入-同比增长"": 1.362031736, ""营业总收入-季度环比增长"": -27.0623, ""净利润-净利润"": -31264918.39, ""净利润-同比增长"": -54.9506336797, ""净利润-季度环比增长"": -181.2817, ""每股净资产"": 21.845323062794, ""净资产收益率"": -1.73, ""每股经营现金流量"": -0.939700756722, ""销售毛利率"": 47.2318659137, ""所处行业"": ""自动化设备"", ""最新公告日期"": ""2026-04-24""}",143851530.88,1.362031736,-31264918.39,-54.9506336797,2026-08-06,0.2829406631762652,-0.27417463745757487,-0.4817817332687139,-0.3270012015792184,1.828763828763829,113.727,0.03423109727681206,158.91783333333336,-0.25986909377697287,193.81583333333336,-0.3931352357693515,134.73572000000001,-0.1270317923116454,1.1862300775084749,0.9051069639640926,-0.6771830985915492,178337442.5,1.9274999999999998,3,10,0,0,10,0,0.0,光刻胶概念上涨5.67% 12股主力资金净流入超亿元 || 科创板平均股价51.52元 19股股价超300元 || 92只科创板股票跻身百元股阵营 || 光刻胶概念下跌1.45%，主力资金净流出42股 || 科创板平均股价49.75元，20股股价超300元,http://finance.eastmoney.com/a/202608053832893035.html || http://finance.eastmoney.com/a/202608053832894422.html || http://finance.eastmoney.com/a/202608043831237935.html || http://finance.eastmoney.com/a/202607293825301233.html || http://finance.eastmoney.com/a/202607293825301394.html,,,,24.000000000000004,24.646464646464644,50.0,51.849999999999994,24.000000000000004,14.696969696969697,33.207070707070706,31.02636363636364,93
51,300102,乾照光电,半导体,532.14,2026-08-06T09:50:59.414831+08:00,,,,,,,,,,,q1_report,"{""序号"": 5390, ""股票代码"": ""300102"", ""股票简称"": ""乾照光电"", ""每股收益"": 0.03, ""营业总收入-营业总收入"": 409121639.98, ""营业总收入-同比增长"": -47.2720230641, ""营业总收入-季度环比增长"": -37.1302, ""净利润-净利润"": 29640569.6, ""净利润-同比增长"": 6.59, ""净利润-季度环比增长"": 11.0116, ""每股净资产"": 4.72632979317, ""净资产收益率"": 0.69, ""每股经营现金流量"": -0.067422010538, ""销售毛利率"": 18.299209153, ""所处行业"": ""光学光电子"", ""最新公告日期"": ""2026-04-23""}",409121639.98,-47.2720230641,29640569.6,6.59,2026-08-06,0.1803174603174602,-0.13575081357508145,-0.4242799628367916,-0.5663634243060415,0.6067415730337078,17.678,0.05158954632877011,22.380333333333333,-0.16936000357456693,28.015249999999998,-0.33643283568770577,23.329159999999995,-0.20314319075354603,0.9536066845707324,0.7794560973841174,-0.623565965583174,780244082.1520001,4.514,5,10,0,2,8,2,-0.65,26只创业板股获杠杆资金加仓超10% || 电子行业今日净流出资金265.85亿元，兆易创新等58股净流出资金超亿元 || 创业板股融资余额增幅榜（附股） || 共封装光学(CPO)概念上涨6.76%，58股主力资金净流入超亿元 || 共封装光学(CPO)概念下跌6.63%，主力资金净流出157股,http://finance.eastmoney.com/a/202608053832233839.html || http://finance.eastmoney.com/a/202608033829900751.html || http://finance.eastmoney.com/a/202608043830741948.html || http://finance.eastmoney.com/a/202608043831237778.html || http://finance.eastmoney.com/a/202607303826815929.html,,,,27.61538461538462,25.252525252525253,50.0,26.3,27.61538461538462,47.77777777777778,34.93636363636363,28.638953379953385,94
90,300991,创益通,元器件,421.5,2026-08-06T09:50:59.414831+08:00,,,,,,,,,,,q1_report,"{""序号"": 3252, ""股票代码"": ""300991"", ""股票简称"": ""创益通"", ""每股收益"": -0.04, ""营业总收入-营业总收入"": 136064534.4, ""营业总收入-同比增长"": -18.1539600457, ""营业总收入-季度环比增长"": -35.3933, ""净利润-净利润"": -6429602.8, ""净利润-同比增长"": -202.56, ""净利润-季度环比增长"": -36.2758, ""每股净资产"": 4.356875552708, ""净资产收益率"": -1.02, ""每股经营现金流量"": 0.45552205375, ""销售毛利率"": 20.0918650849, ""所处行业"": ""其他电子Ⅱ"", ""最新公告日期"": ""2026-04-28""}",136064534.4,-18.1539600457,-6429602.8,-202.56,2026-08-06,0.1912212081703606,-0.10687520364939718,-0.40178961152335224,-0.3658028690421101,-0.09328481640754216,25.919499999999992,0.05750496730261023,34.17166666666667,-0.19787348192947374,43.342416666666665,-0.36759410046740204,41.107,-0.33320359062933314,0.7546867068833232,0.6333206235554879,-0.6534638554216867,91385285.737,3.777,9,10,0,1,9,1,-0.45,短线防风险 129只个股短期均线现死叉 || 短线防风险 141只个股短期均线现死叉 || 融资客控盘比例超一成个股（附名单） || 融资客控盘比例超一成个股（附名单） || 存储芯片概念上涨6.17%，51股主力资金净流入超亿元,http://finance.eastmoney.com/a/202608033829771492.html || http://finance.eastmoney.com/a/202608033829582234.html || http://finance.eastmoney.com/a/202608053832233382.html || http://finance.eastmoney.com/a/202608043830752873.html || http://finance.eastmoney.com/a/202608053832891924.html,,,,9.615384615384617,30.858585858585858,50.0,29.799999999999997,9.615384615384617,16.666666666666664,44.00606060606061,25.208519036519043,95
31,301306,西测测试,航空,629.5,2026-08-06T09:50:59.414831+08:00,,,,,,,,,,,q1_report,"{""序号"": 3193, ""股票代码"": ""301306"", ""股票简称"": ""西测测试"", ""每股收益"": -0.46, ""营业总收入-营业总收入"": 61330075.21, ""营业总收入-同比增长"": -20.2277944136, ""营业总收入-季度环比增长"": -37.698, ""净利润-净利润"": -38897354.73, ""净利润-同比增长"": -94.94, ""净利润-季度环比增长"": -60.3541, ""每股净资产"": 9.962015674882, ""净资产收益率"": -4.52, ""每股经营现金流量"": -0.266476862322, ""销售毛利率"": 10.1149586541, ""所处行业"": ""军工电子Ⅱ"", ""最新公告日期"": ""2026-04-28""}",61330075.21,-20.2277944136,-38897354.73,-94.94,2026-08-06,0.2250854588482778,-0.39829523440526926,-0.43113553113553116,-0.1628032345013476,0.6324456902592854,99.08200000000002,-0.059566823439171745,130.80983333333333,-0.28766823085420434,134.02691666666666,-0.3047665176708907,103.90520000000001,-0.10322101300031183,1.206800741079454,0.9731238065709543,-0.5759839446984056,427672567.55,6.9345,5,10,2,1,7,1,-0.125,西测测试：持股5%以上股东增持12.21万股公司股份 || 6股获重要股东大手笔增持（附股） || 存储芯片概念上涨6.17%，51股主力资金净流入超亿元 || 解密主力资金出逃股 连续5日净流出264股 || 存储芯片概念下跌3.15%，主力资金净流出134股,http://finance.eastmoney.com/a/202607293825420161.html || http://finance.eastmoney.com/a/202608033829354046.html || http://finance.eastmoney.com/a/202608053832891924.html || http://finance.eastmoney.com/a/202607313828415575.html || http://finance.eastmoney.com/a/202608033829905440.html,,,,10.76923076923077,22.424242424242426,50.0,37.849999999999994,10.76923076923077,44.59595959595959,28.197979797979798,24.622143745143745,96
62,603822,ST嘉澳,化工原料,494.77,2026-08-06T09:50:59.414831+08:00,,,,,,,,,,,h1_forecast,"{""序号"": 4622, ""股票代码"": ""603822"", ""股票简称"": ""ST嘉澳"", ""预测指标"": ""归属于上市公司股东的净利润"", ""业绩变动"": ""预计2026年1-6月归属于上市公司股东的净利润盈利:6,000万元至9,000万元,同比上年增长13,823万元至16,823万元。"", ""预测数值"": 75000000.0, ""业绩变动幅度"": 195.875, ""业绩变动原因"": ""本报告期公司生产经营整体稳健向好,在手订单储备充足,订单履约推进顺畅,经营基本面持续走强,受益于生物航煤板块利润大幅提升,本期经营业绩较上年同期实现显著改善;本报告期生物航煤市场行情向好,叠加精细化成本管控成效显现,产品盈利空间持续拓宽,成为拉动整体业绩增长的核心驱动力,报告期末受船期因素影响,部分已完成生产、原计划月末完成出港的成品顺延发运,相关产品将在下一报告期有序出库发运。"", ""预告类型"": ""扭亏"", ""上年同期值"": -78230000.0, ""公告日期"": ""2026-07-04""}",,,,,,,,,,,,,,,,,,,,,,,,0,7,0,6,1,6,-2.357142857142857,短线防风险 13只个股短期均线现死叉 || 8只ST股预计2026年上半年业绩预盈 || 126只ST股预告2026年上半年业绩 || 6只ST股预告2026年上半年业绩 || 126只ST股预告2026年上半年业绩 17股净利预盈,http://finance.eastmoney.com/a/202607293825097862.html || http://finance.eastmoney.com/a/202607143805145953.html || http://finance.eastmoney.com/a/202607173810288460.html || http://finance.eastmoney.com/a/202607093799593443.html || http://finance.eastmoney.com/a/202607163808746828.html,195.875,"本报告期公司生产经营整体稳健向好,在手订单储备充足,订单履约推进顺畅,经营基本面持续走强,受益于生物航煤板块利润大幅提升,本期经营业绩较上年同期实现显著改善;本报告期生物航煤市场行情向好,叠加精细化成本管控成效显现,产品盈利空间持续拓宽,成为拉动整体业绩增长的核心驱动力,报告期末受船期因素影响,部分已完成生产、原计划月末完成出港的成品顺延发运,相关产品将在下一报告期有序出库发运。","ConnectionError: ('Connection aborted.', RemoteDisconnected('Remote end closed connection without response'))",50.0,50.0,50.0,5.55,50.0,50.0,40.300000000000004,14.293999999999997,97
71,600289,ST信通,软件服务,465.91,2026-08-06T09:50:59.414831+08:00,,,,,,,,,,,h1_forecast,"{""序号"": 1240, ""股票代码"": ""600289"", ""股票简称"": ""ST信通"", ""预测指标"": ""归属于上市公司股东的净利润"", ""业绩变动"": ""预计2026年1-6月归属于上市公司股东的净利润亏损:9,500万元至13,500万元。"", ""预测数值"": -115000000.0, ""业绩变动幅度"": -20.85, ""业绩变动原因"": ""1、受运营商降本增效影响,信息化资本开支减少,市场竞争日趋激烈,技术开发/服务业务收入规模同比下降,业务承压收缩,运营成本仍然维持高位;2、硬件定制业务收入虽然大幅增加,但受原材料价格突然大幅上涨影响,2026年第一季度毛利率大幅下滑。"", ""预告类型"": ""续亏"", ""上年同期值"": -95160700.0, ""公告日期"": ""2026-07-15""}",,,,,2026-08-06,-0.013157894736842035,-0.2049469964664311,-0.23076923076923073,-0.32228915662650603,-0.31506849315068497,4.720000000000001,-0.04661016949152552,5.483666666666667,-0.17938119263266683,6.324166666666667,-0.2884438002371854,6.48208,-0.3057783921210475,0.6859609883253645,0.5400534426788374,-0.5506257110352673,20843051.15,0.8125,0,10,0,10,0,10,-4.125,ST信通600289龙虎榜数据07-23) || ST信通600289龙虎榜数据07-22 || ST信通7月23日龙虎榜数据 || ST信通回复问询函：短期不可控因素所致，不存在持续亏损风险 || 129只股涨停 最大封单资金11.37亿元,http://finance.eastmoney.com/a/202607233818969948.html || http://finance.eastmoney.com/a/202607223817313996.html || http://finance.eastmoney.com/a/202607233819048385.html || http://finance.eastmoney.com/a/202607233819329443.html || http://finance.eastmoney.com/a/202607233819050964.html,-20.85,"1、受运营商降本增效影响,信息化资本开支减少,市场竞争日趋激烈,技术开发/服务业务收入规模同比下降,业务承压收缩,运营成本仍然维持高位;2、硬件定制业务收入虽然大幅增加,但受原材料价格突然大幅上涨影响,2026年第一季度毛利率大幅下滑。",,50.0,33.78787878787879,50.0,21.4,50.0,1.0101010101010102,57.32323232323232,10.444040404040408,98
96,300385,ST雪浪,环境保护,413.79,2026-08-06T09:50:59.414831+08:00,,,,,,,,,,,q1_report,"{""序号"": 4407, ""股票代码"": ""300385"", ""股票简称"": ""ST雪浪"", ""每股收益"": -0.1111, ""营业总收入-营业总收入"": 51789035.73, ""营业总收入-同比增长"": -57.0508764483, ""营业总收入-季度环比增长"": -68.6623, ""净利润-净利润"": -36997397.99, ""净利润-同比增长"": 20.95, ""净利润-季度环比增长"": 50.2621, ""每股净资产"": -0.017141169834, ""净资产收益率"": NaN, ""每股经营现金流量"": 0.027383962203, ""销售毛利率"": -0.4601642735, ""所处行业"": ""环境治理"", ""最新公告日期"": ""2026-04-25""}",51789035.73,-57.0508764483,-36997397.99,20.95,2026-08-06,0.11298315163528261,0.0008912655971480277,-0.29856339787632735,0.09560975609756106,1.0492700729927007,10.605500000000001,0.05888454104002627,12.464666666666666,-0.09905332406268375,13.381166666666667,-0.16076077073498818,9.537,0.1775191359966446,0.626790773618377,0.8175621726158872,-0.5301435406698565,64456690.05,2.0765,5,8,0,6,2,6,-2.4375,ST雪浪300385.SZ)：金融借款纠纷案进入执行程序，法院划扣约2877万元，涉案金额约4971万元 || ST雪浪300385.SZ)：金融借款纠纷一审败诉，需偿还本金约1410万元及罚息 || 创业板股最新筹码变动：5股股东户数降逾一成 || 股东户数降幅榜：10股最新股东户数降逾一成 || 筹码新动向：146股筹码趋向集中,http://finance.eastmoney.com/a/202607233819009738.html || http://finance.eastmoney.com/a/202606293786730345.html || http://finance.eastmoney.com/a/202608053832336128.html || http://finance.eastmoney.com/a/202608043831267620.html || http://finance.eastmoney.com/a/202608053832637514.html,,,,36.23076923076923,53.28282828282829,50.0,7.1,36.23076923076923,6.8686868686868685,45.35050505050505,8.003957264957265,99
63,688622,*ST禾信,电器仪表,493.97,2026-08-06T09:50:59.414831+08:00,,,,,,,,,,,q1_report,"{""序号"": 308, ""股票代码"": ""688622"", ""股票简称"": ""*ST禾信"", ""每股收益"": -0.11, ""营业总收入-营业总收入"": 19151903.1, ""营业总收入-同比增长"": -39.5323893445, ""营业总收入-季度环比增长"": -33.6306, ""净利润-净利润"": -7677061.37, ""净利润-同比增长"": -8.6048116804, ""净利润-季度环比增长"": 86.9, ""每股净资产"": 4.200182402966, ""净资产收益率"": -2.56, ""每股经营现金流量"": -0.0970755841, ""销售毛利率"": 48.0772717569, ""所处行业"": ""通用设备"", ""最新公告日期"": ""2026-04-30""}",19151903.1,-39.5323893445,-7677061.37,-8.6048116804,2026-08-06,-0.023138928402086312,-0.09608634608634603,0.2603695093600882,-0.07886971295716705,0.2516403402187122,101.407,0.01580758724742881,109.79016666666666,-0.06175568243057583,102.55616666666668,0.00442521740119628,108.48483999999999,-0.05046640618172993,0.9772239574110192,0.9998615899096763,-0.5611791984100696,60335515.3,0.853,3,10,1,4,5,4,-1.1,*ST禾信688622龙虎榜数据(07-28 || *ST禾信688622龙虎榜数据(07-24) || *ST禾信披露股票交易异常波动公告 连续3个交易日收盘价涨幅偏离值累计超30% || 科创板平均股价51.52元 19股股价超300元 || 92只科创板股票跻身百元股阵营,http://finance.eastmoney.com/a/202607283823550485.html || http://finance.eastmoney.com/a/202607243820509356.html || http://finance.eastmoney.com/a/202607283823815262.html || http://finance.eastmoney.com/a/202608053832894422.html || http://finance.eastmoney.com/a/202608043831237935.html,,,,25.615384615384617,60.55555555555555,50.0,24.2,25.615384615384617,2.676767676767677,26.50909090909091,7.205024087024093,100
