code,published,title,source,url,sentiment,positive_hits,negative_hits,risk_hits
300476,2026-07-13 20:46:00,千亿PCB龙头，300476，紧急澄清市场传闻,中国基金报,http://finance.eastmoney.com/a/202607133804086282.html,0.0,0,0,0
300476,2026-08-05 14:49:00,海外再传利好，算力硬件板块午后狂飙！2300亿龙头股逼近涨停,21世纪经济报道,http://finance.eastmoney.com/a/202608053832526669.html,0.0,0,0,0
300476,2026-08-05 16:55:00,电子行业今日净流入资金313.18亿元，工业富联等80股净流入资金超亿元,证券时报网,http://finance.eastmoney.com/a/202608053832635452.html,0.0,0,0,0
300476,2026-07-30 12:57:11,胜宏科技：高端PCB技术领跑AI算力赛道 部分客户逐步释放2027-2028年长期需求,财联社,http://finance.eastmoney.com/a/202607303826443983.html,1.0,1,0,0
300476,2026-08-05 16:55:00,主力动向：8月5日特大单净流入520.08亿元,证券时报网,http://finance.eastmoney.com/a/202608053832637776.html,0.0,0,0,0
300476,2026-08-04 16:49:00,电子行业资金流入榜：东山精密等73股净流入资金超亿元,证券时报网,http://finance.eastmoney.com/a/202608043831236057.html,0.0,0,0,0
300476,2026-08-04 18:14:00,83股特大单净流入资金超2亿元,证券时报网,http://finance.eastmoney.com/a/202608043831312962.html,0.0,0,0,0
300476,2026-08-04 16:48:00,英伟达概念涨5.76%，主力资金净流入53股,证券时报网,http://finance.eastmoney.com/a/202608043831236148.html,0.0,0,0,0
300476,2026-07-30 17:45:00,电子行业7月30日资金流向日报,证券时报网,http://finance.eastmoney.com/a/202607303826825345.html,0.0,0,0,0
300476,2026-08-04 16:49:00,共封装光学(CPO)概念上涨6.76%，58股主力资金净流入超亿元,证券时报网,http://finance.eastmoney.com/a/202608043831237778.html,0.0,0,0,0
688585,2026-08-03 18:10:00,强势股追踪 主力资金连续5日净流入120股,证券时报网,http://finance.eastmoney.com/a/202608033829906774.html,0.0,0,0,0
688585,2026-08-04 18:09:49,智元机器人发放年中奖金，离职员工也有份,界面新闻,http://finance.eastmoney.com/a/202608043831534212.html,1.0,1,0,0
688585,2026-07-31 17:22:00,100只股中线走稳 站上半年线,证券时报网,http://finance.eastmoney.com/a/202607313828405757.html,1.0,1,0,0
688585,2026-07-31 17:21:00,【盘中播报】117只个股突破半年线,证券时报网,http://finance.eastmoney.com/a/202607313828412065.html,1.0,1,0,0
688585,2026-07-31 12:45:00,109只股中线走稳 站上半年线,证券时报网,http://finance.eastmoney.com/a/202607313828138033.html,0.0,0,0,0
688585,2026-07-31 10:39:00,【盘中播报】103只个股突破半年线,证券时报网,http://finance.eastmoney.com/a/202607313828069889.html,1.0,1,0,0
688585,2026-08-05 22:04:00,科创板平均股价51.52元 19股股价超300元,证券时报网,http://finance.eastmoney.com/a/202608053832894422.html,0.0,0,0,0
688585,2026-08-03 09:37:00,275只科创板股融资余额环比增加,证券时报网,http://finance.eastmoney.com/a/202608033829353612.html,0.0,0,0,0
688585,2026-08-04 16:48:00,92只科创板股票跻身百元股阵营,证券时报网,http://finance.eastmoney.com/a/202608043831237935.html,0.0,0,0,0
688585,2026-08-03 18:11:00,科创板平均股价48.05元，82股股价超百元,证券时报网,http://finance.eastmoney.com/a/202608033829905225.html,0.0,0,0,0
688183,2026-08-05 22:04:00,强势股追踪 主力资金连续5日净流入80股,证券时报网,http://finance.eastmoney.com/a/202608053832894756.html,0.0,0,0,0
688183,2026-08-04 16:49:00,强势股追踪 主力资金连续5日净流入107股,证券时报网,http://finance.eastmoney.com/a/202608043831237289.html,0.0,0,0,0
688183,2026-08-05 16:55:00,8月5日科创板主力资金净流入94.75亿元,证券时报网,http://finance.eastmoney.com/a/202608053832636980.html,0.0,0,0,0
688183,2026-08-04 18:14:00,8月4日科创板主力资金净流入75.51亿元,证券时报网,http://finance.eastmoney.com/a/202608043831314742.html,0.0,0,0,0
688183,2026-08-03 18:10:00,8月3日科创板主力资金净流出51.64亿元,证券时报网,http://finance.eastmoney.com/a/202608033829906112.html,0.0,0,0,0
688183,2026-08-03 18:10:00,电子行业今日净流出资金265.85亿元，兆易创新等58股净流出资金超亿元,证券时报网,http://finance.eastmoney.com/a/202608033829900751.html,0.0,0,0,0
688183,2026-08-05 22:04:00,科创板平均股价51.52元 19股股价超300元,证券时报网,http://finance.eastmoney.com/a/202608053832894422.html,-3.25,0,1,1
688183,2026-08-04 16:48:00,92只科创板股票跻身百元股阵营,证券时报网,http://finance.eastmoney.com/a/202608043831237935.html,0.0,0,0,0
688183,2026-07-30 17:45:00,5只科创板个股主力资金净流入超亿元,证券时报网,http://finance.eastmoney.com/a/202607303826824930.html,0.0,0,0,0
688183,2026-08-04 16:49:00,共封装光学(CPO)概念上涨6.76%，58股主力资金净流入超亿元,证券时报网,http://finance.eastmoney.com/a/202608043831237778.html,0.0,0,0,0
688195,2026-07-06 17:48:11,腾景科技688195.SH)：完成工商变更登记，注册资本变更为18109万元,界面新闻,http://finance.eastmoney.com/a/202607063795235119.html,0.0,0,0,0
688195,2026-08-05 22:04:00,光刻机概念涨6.09% 主力资金净流入33股,证券时报网,http://finance.eastmoney.com/a/202608053832892954.html,0.0,0,0,0
688195,2026-08-04 16:49:00,光刻机概念上涨6.64%，8股主力资金净流入超亿元,证券时报网,http://finance.eastmoney.com/a/202608043831235028.html,0.0,0,0,0
688195,2026-08-03 18:11:00,光刻机概念下跌2.67%，主力资金净流出35股,证券时报网,http://finance.eastmoney.com/a/202608033829905783.html,0.0,0,0,0
688195,2026-08-05 22:04:00,科创板平均股价51.52元 19股股价超300元,证券时报网,http://finance.eastmoney.com/a/202608053832894422.html,0.0,0,0,0
688195,2026-08-04 16:48:00,光纤概念涨5.77%，主力资金净流入70股,证券时报网,http://finance.eastmoney.com/a/202608043831236621.html,0.0,0,0,0
688195,2026-08-04 16:48:00,92只科创板股票跻身百元股阵营,证券时报网,http://finance.eastmoney.com/a/202608043831237935.html,0.0,0,0,0
688195,2026-08-03 18:11:00,科创板平均股价48.05元，82股股价超百元,证券时报网,http://finance.eastmoney.com/a/202608033829905225.html,-3.25,0,1,1
688195,2026-07-30 17:45:00,光刻机概念下跌6.91%，主力资金净流出41股,证券时报网,http://finance.eastmoney.com/a/202607303826815414.html,0.0,0,0,0
688195,2026-08-04 16:49:00,共封装光学(CPO)概念上涨6.76%，58股主力资金净流入超亿元,证券时报网,http://finance.eastmoney.com/a/202608043831237778.html,0.0,0,0,0
301377,2026-08-05 16:55:00,机械设备行业今日涨3.20%，主力资金净流入47.01亿元,证券时报网,http://finance.eastmoney.com/a/202608053832637680.html,0.0,0,0,0
301377,2026-08-03 10:21:00,【数据揭秘】融资客看好个股一览,证券时报网,http://finance.eastmoney.com/a/202608033829554913.html,0.0,0,0,0
301377,2026-08-03 09:37:00,创业板融资余额增加7.72亿元，23股获融资客大手笔加仓,证券时报网,http://finance.eastmoney.com/a/202608033829367530.html,0.0,0,0,0
301377,2026-07-28 11:54:00,通用设备概念走弱，通用设备制造等八行业试点征收挥发性有机物环保税|异动情报,21世纪经济报道,http://finance.eastmoney.com/a/202607283823304059.html,0.0,0,0,0
301377,2026-07-28 11:54:00,通用设备概念走弱，8行业试点征收挥发性有机物环保税|异动情报,南方财经网,http://finance.eastmoney.com/a/202607283823304516.html,0.0,0,0,0
301377,2026-07-30 17:45:00,机械设备行业今日净流出资金53.56亿元，华工科技等16股净流出资金超亿元,证券时报网,http://finance.eastmoney.com/a/202607303826815019.html,0.0,0,0,0
301377,2026-07-27 19:17:00,强势股追踪 主力资金连续5日净流入114股,证券时报网,http://finance.eastmoney.com/a/202607273822271049.html,0.0,0,0,0
301377,2026-08-03 18:11:00,深沪北百元股数量达170只，电子行业占比最高,证券时报网,http://finance.eastmoney.com/a/202608033829906556.html,0.0,0,0,0
301377,2026-06-16 15:29:00,刚刚，301377，又一只“30倍股”诞生！,数据宝,http://finance.eastmoney.com/a/202606163773009189.html,0.0,0,0,0
301377,2026-07-27 19:18:00,机械设备行业今日净流入资金37.89亿元，正帆科技等15股净流入资金超亿元,证券时报网,http://finance.eastmoney.com/a/202607273822271421.html,0.0,0,0,0
688498,2026-07-30 16:58:18,源杰科技688498龙虎榜数据(07-30),东方财富Choice数据,http://finance.eastmoney.com/a/202607303826748819.html,0.0,0,0,0
688498,2026-07-28 16:57:09,源杰科技688498龙虎榜数据(07-28,东方财富Choice数据,http://finance.eastmoney.com/a/202607283823550316.html,0.0,0,0,0
688498,2026-07-26 08:45:00,688498，火了！353家机构“扎堆”调研,华夏时报,http://finance.eastmoney.com/a/202607263821189362.html,0.0,0,0,0
688498,2026-07-25 12:04:00,688498，353家机构“扎堆”调研,中国基金报,http://finance.eastmoney.com/a/202607253821111448.html,0.0,0,0,0
688498,2026-08-03 11:46:21,8月3日午前CPO板块持续反弹 铭普光磁直线涨停,央广财经,http://finance.eastmoney.com/a/202608033829616248.html,0.0,0,0,0
688498,2026-08-05 09:22:00,31股受融资客青睐，净买入超亿元,证券时报网,http://finance.eastmoney.com/a/202608053832055192.html,0.0,0,0,0
688498,2026-08-04 18:14:00,8月4日科创板主力资金净流入75.51亿元,证券时报网,http://finance.eastmoney.com/a/202608043831314742.html,0.0,0,0,0
688498,2026-08-05 16:55:00,电子行业今日净流入资金313.18亿元，工业富联等80股净流入资金超亿元,证券时报网,http://finance.eastmoney.com/a/202608053832635452.html,0.0,0,0,0
688498,2026-07-30 17:15:00,7月30日龙虎榜机构席位买卖详情,南方财经网,http://finance.eastmoney.com/a/202607303826787523.html,0.0,0,0,0
688498,2026-08-05 10:18:00,科创板股融资融券余额每日变动（8月4日）,证券时报网,http://finance.eastmoney.com/a/202608053832287894.html,0.0,0,0,0
603516,2026-07-30 17:47:00,淳中科技：拟0元受让广州淳信49%股权 实现全资控股,财中社,http://finance.eastmoney.com/a/202607303826812614.html,0.0,0,0,0
603516,2026-08-05 09:53:00,融资客控盘比例超一成个股（附名单）,证券时报网,http://finance.eastmoney.com/a/202608053832233382.html,0.0,0,0,0
603516,2026-08-04 09:46:00,融资客控盘比例超一成个股（附名单）,证券时报网,http://finance.eastmoney.com/a/202608043830752873.html,0.0,0,0,0
603516,2026-07-24 19:36:00,淳中科技：拟5000万元—1亿元回购股份,证券时报网,http://finance.eastmoney.com/a/202607243820654414.html,1.0,1,0,0
603516,2026-07-24 19:52:00,淳中科技：拟回购5000万元至1亿元股份,财中社,http://finance.eastmoney.com/a/202607243820669617.html,1.0,1,0,0
603516,2026-07-20 18:08:00,淳中科技：董事长提议以5000万元—1亿元回购股份,证券时报网,http://finance.eastmoney.com/a/202607203813412118.html,1.0,1,0,0
603516,2026-07-27 19:17:00,9.07亿元资金今日流出计算机股,证券时报网,http://finance.eastmoney.com/a/202607273822272560.html,0.0,0,0,0
603516,2026-07-20 18:11:00,淳中科技：拟回购5000万元至1亿元股份,财中社,http://finance.eastmoney.com/a/202607203813411271.html,1.0,1,0,0
603516,2026-07-20 18:03:18,淳中科技：董事长提议5000万元至1亿元回购股份 用于减少注册资本,每日经济新闻,http://finance.eastmoney.com/a/202607203813403482.html,1.0,1,0,0
603516,2026-07-20 18:02:02,淳中科技：董事长提议5000万元-1亿元回购股份 用于减少注册资本,财联社,http://finance.eastmoney.com/a/202607203813402531.html,1.0,1,0,0
600113,2026-07-29 20:19:00,商贸零售行业7月29日资金流向日报,证券时报网,http://finance.eastmoney.com/a/202607293825290363.html,0.0,0,0,0
600113,2026-07-29 20:18:00,预制菜概念上涨2.48%，10股主力资金净流入超千万元,证券时报网,http://finance.eastmoney.com/a/202607293825299150.html,0.0,0,0,0
600113,2026-07-24 16:43:00,强势股追踪 主力资金连续5日净流入109股,证券时报网,http://finance.eastmoney.com/a/202607243820497586.html,0.0,0,0,0
600113,2026-07-28 18:47:00,商贸零售行业资金流入榜：小商品城、东百集团等净流入资金居前,证券时报网,http://finance.eastmoney.com/a/202607283823620933.html,0.0,0,0,0
600113,2026-07-23 18:13:00,强势股追踪 主力资金连续5日净流入85股,证券时报网,http://finance.eastmoney.com/a/202607233819056313.html,0.0,0,0,0
600113,2026-07-22 17:24:00,强势股追踪 主力资金连续5日净流入85股,证券时报网,http://finance.eastmoney.com/a/202607223817359251.html,0.0,0,0,0
600113,2026-07-20 12:55:00,54只股上午收盘涨停(附股),证券时报网,http://finance.eastmoney.com/a/202607203812762847.html,0.0,0,0,0
600113,2026-07-06 16:45:00,强势股追踪 主力资金连续5日净流入173股,证券时报网,http://finance.eastmoney.com/a/202607063795176581.html,0.0,0,0,0
600113,2026-07-10 15:24:00,涨停股复盘：14股封单超亿元,证券时报网,http://finance.eastmoney.com/a/202607103801775252.html,0.0,0,0,0
600113,2026-07-01 18:49:00,浙江东日提示异动风险：市盈率97倍高于行业 未涉热点概念,财中社,http://finance.eastmoney.com/a/202607013790382269.html,0.0,0,0,0
603256,2026-08-03 16:57:04,宏和科技603256龙虎榜数据08-03,东方财富Choice数据,http://finance.eastmoney.com/a/202608033829821738.html,0.0,0,0,0
603256,2026-07-30 16:58:18,宏和科技603256龙虎榜数据07-30,东方财富Choice数据,http://finance.eastmoney.com/a/202607303826748668.html,0.0,0,0,0
603256,2026-07-29 16:57:16,宏和科技603256龙虎榜数据07-29),东方财富Choice数据,http://finance.eastmoney.com/a/202607293825141069.html,0.0,0,0,0
603256,2026-07-27 10:54:00,603256，盘中巨震,上海证券报,http://finance.eastmoney.com/a/202607273821852970.html,2.0,2,0,0
603256,2026-07-14 22:47:00,利好来了！002466、601869、603629、603256等多只热门股业绩大幅预增 最高预增49倍！,中国基金报,http://finance.eastmoney.com/a/202607143806141527.html,2.0,2,0,0
603256,2026-07-03 21:04:00,40倍超级牛股603256，遭大股东减持,中国基金报,http://finance.eastmoney.com/a/202607033793823811.html,-1.25,0,1,0
603256,2026-06-29 12:31:00,大牛股603256 1分钟跌停！一年涨超3600%,华夏时报,http://finance.eastmoney.com/a/202606293786429181.html,0.0,0,0,0
603256,2026-08-03 18:43:00,沪股通现身7只个股龙虎榜,证券时报网,http://finance.eastmoney.com/a/202608033829918285.html,0.0,0,0,0
603256,2026-08-03 17:01:47,壹评级发布宏和科技首次评级报告,第一财经,http://finance.eastmoney.com/a/202608033829840735.html,0.0,0,0,0
603256,2026-08-03 18:43:00,营业部最青睐个股曝光 6股净买入超亿元,证券时报网,http://finance.eastmoney.com/a/202608033829918720.html,0.0,0,0,0
688313,2026-08-04 16:55:57,仕佳光子688313龙虎榜数据(08-04),东方财富Choice数据,http://finance.eastmoney.com/a/202608043831229776.html,0.0,0,0,0
688313,2026-08-03 11:20:13,仕佳光子688313.SH)2026年中报净利润为3.15亿元、较去年同期上涨45.30%,界面新闻,http://finance.eastmoney.com/a/202608033829611247.html,0.0,0,0,0
688313,2026-08-01 09:08:16,仕佳光子688313.SH)：2026年中报净利润为3.15亿元,界面新闻,http://finance.eastmoney.com/a/202608013828988553.html,-1.25,0,1,0
688313,2026-08-01 09:07:09,机构风向标 | 仕佳光子6883132026年二季度已披露持股减少机构超20家,界面新闻,http://finance.eastmoney.com/a/202608013828985862.html,0.0,0,0,0
688313,2026-08-04 17:17:00,8月4日龙虎榜机构席位买卖详情,南方财经网,http://finance.eastmoney.com/a/202608043831260544.html,0.0,0,0,0
688313,2026-08-03 11:46:21,8月3日午前CPO板块持续反弹 铭普光磁直线涨停,央广财经,http://finance.eastmoney.com/a/202608033829616248.html,0.0,0,0,0
688313,2026-08-04 22:39:00,沪股通现身10只个股龙虎榜,证券时报网,http://finance.eastmoney.com/a/202608043831520942.html,0.0,0,0,0
688313,2026-08-04 18:32:00,15.87亿元资金抢筹东山精密，机构狂买仕佳光子丨龙虎榜,21世纪经济报道,http://finance.eastmoney.com/a/202608043831321164.html,0.0,0,0,0
688313,2026-08-04 22:39:00,仕佳光子8月4日龙虎榜数据,证券时报网,http://finance.eastmoney.com/a/202608043831522236.html,0.0,0,0,0
688313,2026-07-31 21:17:18,仕佳光子半年度净利同比增长45.3%,国际金融报,http://finance.eastmoney.com/a/202607313828757478.html,1.0,1,0,0
601869,2026-08-05 16:57:11,长飞光纤601869龙虎榜数据08-05),东方财富Choice数据,http://finance.eastmoney.com/a/202608053832623398.html,0.0,0,0,0
601869,2026-07-30 16:58:18,长飞光纤601869龙虎榜数据07-30,东方财富Choice数据,http://finance.eastmoney.com/a/202607303826749388.html,0.0,0,0,0
601869,2026-07-15 11:43:00,业绩暴涨超7倍！601869，涨停！,中国基金报,http://finance.eastmoney.com/a/202607153807244379.html,1.0,1,0,0
601869,2026-07-14 22:38:00,601869 上半年净利预增超7倍！光纤热门股 密集报喜！,证券时报网,http://finance.eastmoney.com/a/202607143806136511.html,2.0,2,0,0
601869,2026-07-14 22:47:00,利好来了！002466、601869、603629、603256等多只热门股业绩大幅预增 最高预增49倍！,中国基金报,http://finance.eastmoney.com/a/202607143806141527.html,2.0,2,0,0
601869,2026-08-05 17:05:00,长芯博创：2026年关联交易上限增至20亿元,财中社,http://finance.eastmoney.com/a/202608053832647730.html,0.0,0,0,0
601869,2026-08-05 22:03:00,沪股通现身15只个股龙虎榜,证券时报网,http://finance.eastmoney.com/a/202608053832886858.html,0.0,0,0,0
601869,2026-08-03 17:38:54,长飞光纤：子公司拟出资1.7亿元参与设立长飞智能基金,财联社,http://finance.eastmoney.com/a/202608033829879290.html,0.0,0,0,0
601869,2026-08-05 17:59:17,8月5日A股收评：科创50指数大涨4.78% 沪深两市成交额较前一交易日放量超4400亿元,央广财经,http://finance.eastmoney.com/a/202608053832697651.html,0.0,0,0,0
601869,2026-08-03 18:06:00,长飞光纤：子公司拟斥资1.7亿元参设投资基金，布局AI及高端制造等领域,财中社,http://finance.eastmoney.com/a/202608033829894513.html,0.0,0,0,0
301396,2026-08-04 16:26:05,宏景科技301396龙虎榜数据08-04),东方财富Choice数据,http://finance.eastmoney.com/a/202608043831202470.html,0.0,0,0,0
301396,2026-08-05 11:06:40,算力租赁概念行情活跃 利通电子8月5日盘中触及涨停,央广财经,http://finance.eastmoney.com/a/202608053832341910.html,0.0,0,0,0
301396,2026-08-05 17:57:00,宏景科技拟斥资3000万元至5000万元回购，用于股权激励或员工持股计划,财中社,http://finance.eastmoney.com/a/202608053832694369.html,1.0,1,0,0
301396,2026-08-05 11:33:00,IT服务概念拉升，行业正迎来AI等主导的结构性扩张丨异动情报,南方财经网,http://finance.eastmoney.com/a/202608053832380970.html,0.0,0,0,0
301396,2026-08-05 11:33:00,IT服务概念拉升，紫光股份涨停！行业正迎来AI等主导的结构性扩张丨异动情报,21世纪经济报道,http://finance.eastmoney.com/a/202608053832380482.html,0.0,0,0,0
301396,2026-08-04 10:10:07,算力租赁概念板块走势活跃 美利云实现3连板,央广财经,http://finance.eastmoney.com/a/202608043830860345.html,0.0,0,0,0
301396,2026-08-03 17:28:14,宏景科技：拟以3000万元至5000万元回购股份,财联社,http://finance.eastmoney.com/a/202608033829869637.html,1.0,1,0,0
301396,2026-08-04 22:39:00,深股通现身15只个股龙虎榜,证券时报网,http://finance.eastmoney.com/a/202608043831523720.html,0.0,0,0,0
301396,2026-08-04 22:39:00,营业部最青睐个股曝光 8股净买入超亿元,证券时报网,http://finance.eastmoney.com/a/202608043831522129.html,0.0,0,0,0
301396,2026-08-04 11:03:00,今日613只个股突破五日均线,证券时报网,http://finance.eastmoney.com/a/202608043830921532.html,1.0,1,0,0
688519,2026-08-04 16:26:00,749只股短线走稳 站上五日均线,证券时报网,http://finance.eastmoney.com/a/202608043831213642.html,0.0,0,0,0
688519,2026-08-04 13:07:00,今日715只个股突破五日均线,证券时报网,http://finance.eastmoney.com/a/202608043831002510.html,1.0,1,0,0
688519,2026-08-05 16:55:00,8月5日科创板主力资金净流入94.75亿元,证券时报网,http://finance.eastmoney.com/a/202608053832636980.html,0.0,0,0,0
688519,2026-08-03 18:10:00,8月3日科创板主力资金净流出51.64亿元,证券时报网,http://finance.eastmoney.com/a/202608033829906112.html,0.0,0,0,0
688519,2026-07-31 17:22:00,100只股中线走稳 站上半年线,证券时报网,http://finance.eastmoney.com/a/202607313828405757.html,0.0,0,0,0
688519,2026-07-31 17:21:00,【盘中播报】117只个股突破半年线,证券时报网,http://finance.eastmoney.com/a/202607313828412065.html,1.0,1,0,0
688519,2026-07-31 12:45:00,109只股中线走稳 站上半年线,证券时报网,http://finance.eastmoney.com/a/202607313828138033.html,0.0,0,0,0
688519,2026-08-03 18:10:00,电子行业今日净流出资金265.85亿元，兆易创新等58股净流出资金超亿元,证券时报网,http://finance.eastmoney.com/a/202608033829900751.html,0.0,0,0,0
688519,2026-07-31 10:39:00,【盘中播报】103只个股突破半年线,证券时报网,http://finance.eastmoney.com/a/202607313828069889.html,1.0,1,0,0
688519,2026-08-05 22:04:00,科创板平均股价51.52元 19股股价超300元,证券时报网,http://finance.eastmoney.com/a/202608053832894422.html,0.0,0,0,0
300139,2026-08-05 11:09:00,贵金属概念盘中走强，黄金中长期逻辑仍获看好丨异动情报,南方财经网,http://finance.eastmoney.com/a/202608053832350417.html,0.0,0,0,0
300139,2026-08-05 11:09:00,贵金属板块盘中走强，黄金中长期逻辑仍获看好丨异动情报,21世纪经济报道,http://finance.eastmoney.com/a/202608053832379445.html,0.0,0,0,0
300139,2026-08-03 11:06:00,贵金属概念盘中走弱，金价两大压制因素或边际缓和，机构建议逢回调积极增配| 异动情报,21世纪经济报道,http://finance.eastmoney.com/a/202608033829599389.html,0.0,0,0,0
300139,2026-08-05 22:04:00,66只A股筹码大换手（8月5日）,证券时报网,http://finance.eastmoney.com/a/202608053832892480.html,-3.25,0,1,1
300139,2026-08-05 12:17:00,刚刚，黄金直线拉升站上4100美元，贵金属板块全线爆发,21世纪经济报道,http://finance.eastmoney.com/a/202608053832387433.html,0.0,0,0,0
300139,2026-08-05 16:55:00,有色金属行业资金流入榜：紫金矿业、洛阳钼业等净流入资金居前,证券时报网,http://finance.eastmoney.com/a/202608053832634728.html,0.0,0,0,0
300139,2026-07-31 11:39:00,贵金属板块拉升，二季度全球央行购金同比增长62% | 异动情报,21世纪经济报道,http://finance.eastmoney.com/a/202607313828123285.html,1.0,1,0,0
300139,2026-08-05 22:04:00,23只创业板股换手率超20%,证券时报网,http://finance.eastmoney.com/a/202608053832892027.html,-3.25,0,1,1
300139,2026-07-31 17:22:00,55只A股筹码大换手（7月31日）,证券时报网,http://finance.eastmoney.com/a/202607313828416437.html,0.0,0,0,0
300139,2026-07-30 21:05:00,45只A股筹码大换手（7月30日）,证券时报网,http://finance.eastmoney.com/a/202607303826992421.html,0.0,0,0,0
688256,2026-06-30 22:55:00,深夜，688256提示：股价可能存在下跌风险,中国基金报,http://finance.eastmoney.com/a/202606303788724640.html,-1.25,0,1,0
688256,2026-08-03 18:43:00,8只个股大宗交易超5000万元,证券时报网,http://finance.eastmoney.com/a/202608033829918487.html,0.0,0,0,0
688256,2026-08-05 16:55:00,8月5日科创板主力资金净流入94.75亿元,证券时报网,http://finance.eastmoney.com/a/202608053832636980.html,0.0,0,0,0
688256,2026-08-05 09:22:00,31股受融资客青睐，净买入超亿元,证券时报网,http://finance.eastmoney.com/a/202608053832055192.html,0.0,0,0,0
688256,2026-08-04 18:14:00,8月4日科创板主力资金净流入75.51亿元,证券时报网,http://finance.eastmoney.com/a/202608043831314742.html,0.0,0,0,0
688256,2026-08-05 16:55:00,电子行业今日净流入资金313.18亿元，工业富联等80股净流入资金超亿元,证券时报网,http://finance.eastmoney.com/a/202608053832635452.html,0.0,0,0,0
688256,2026-08-05 10:18:00,科创板股融资融券余额每日变动（8月4日）,证券时报网,http://finance.eastmoney.com/a/202608053832287894.html,0.0,0,0,0
688256,2026-08-05 16:55:00,主力动向：8月5日特大单净流入520.08亿元,证券时报网,http://finance.eastmoney.com/a/202608053832637776.html,0.0,0,0,0
688256,2026-08-04 16:49:00,电子行业资金流入榜：东山精密等73股净流入资金超亿元,证券时报网,http://finance.eastmoney.com/a/202608043831236057.html,0.0,0,0,0
688256,2026-07-28 21:50:41,寒武纪：拟推500万股限制性股票激励计划 业绩考核目标为2026-2028年累计营收不低于1000亿元等,财联社,http://finance.eastmoney.com/a/202607283823806970.html,0.0,0,0,0
300469,2026-08-04 16:49:00,强势股追踪 主力资金连续5日净流入107股,证券时报网,http://finance.eastmoney.com/a/202608043831237289.html,0.0,0,0,0
300469,2026-08-03 18:10:00,强势股追踪 主力资金连续5日净流入120股,证券时报网,http://finance.eastmoney.com/a/202608033829906774.html,0.0,0,0,0
300469,2026-07-31 17:21:00,强势股追踪 主力资金连续5日净流入147股,证券时报网,http://finance.eastmoney.com/a/202607313828414263.html,0.0,0,0,0
300469,2026-07-30 17:45:00,强势股追踪 主力资金连续5日净流入103股,证券时报网,http://finance.eastmoney.com/a/202607303826824553.html,0.0,0,0,0
300469,2026-07-27 11:59:00,2173只股短线走稳 站上五日均线,证券时报网,http://finance.eastmoney.com/a/202607273821885047.html,0.0,0,0,0
300469,2026-07-27 15:28:00,2678只股短线走稳 站上五日均线,证券时报网,http://finance.eastmoney.com/a/202607273822080477.html,0.0,0,0,0
300469,2026-07-27 10:39:00,今日盘中突破五日均线个股一览,证券时报网,http://finance.eastmoney.com/a/202607273821847268.html,-2.25,1,1,1
300469,2026-07-29 20:19:00,36.61亿元资金今日流出计算机股,证券时报网,http://finance.eastmoney.com/a/202607293825299214.html,0.0,0,0,0
300469,2026-07-23 19:17:13,信息发展：北斗重点营运车辆智能网联系统项目通过验收,财联社,http://finance.eastmoney.com/a/202607233819100913.html,1.0,1,0,0
300469,2026-07-23 19:52:00,信息发展：北斗重点营运车辆智能网联系统项目完成验收,财中社,http://finance.eastmoney.com/a/202607233819137057.html,1.0,1,0,0
001267,2026-08-05 16:25:48,汇绿生态001267龙虎榜数据08-05),东方财富Choice数据,http://finance.eastmoney.com/a/202608053832590752.html,0.0,0,0,0
001267,2026-08-05 18:59:52,汇绿生态4天3板，MLCC概念涨幅居前丨强势个股,21世纪经济报道,http://finance.eastmoney.com/a/202608053832725297.html,0.0,0,0,0
001267,2026-08-05 22:03:00,深股通现身14只个股龙虎榜,证券时报网,http://finance.eastmoney.com/a/202608053832886640.html,0.0,0,0,0
001267,2026-08-04 13:07:00,今日715只个股突破五日均线,证券时报网,http://finance.eastmoney.com/a/202608043831002510.html,1.0,1,0,0
001267,2026-08-05 22:03:00,龙虎榜机构新动向：净买入15股,证券时报网,http://finance.eastmoney.com/a/202608053832884862.html,0.0,0,0,0
001267,2026-08-05 14:49:00,海外再传利好，算力硬件板块午后狂飙！2300亿龙头股逼近涨停,21世纪经济报道,http://finance.eastmoney.com/a/202608053832526669.html,0.0,0,0,0
001267,2026-06-27 09:52:00,股价年内大涨184%！因名字谐音“会绿”，被股民吐槽晦气，001267最新回应：审慎考虑更名,华夏时报,http://finance.eastmoney.com/a/202606273785409018.html,0.0,0,0,0
001267,2026-08-05 16:55:00,2.33亿元资金今日流入通信股,证券时报网,http://finance.eastmoney.com/a/202608053832637080.html,0.0,0,0,0
001267,2026-08-04 10:29:00,【数据揭秘】融资客看好个股一览,证券时报网,http://finance.eastmoney.com/a/202608043830894311.html,0.0,0,0,0
001267,2026-08-04 16:49:00,通信行业今日净流入资金219.78亿元，中际旭创等21股净流入资金超亿元,证券时报网,http://finance.eastmoney.com/a/202608043831236746.html,0.0,0,0,0
301338,2026-08-05 22:04:00,玻璃基板概念涨5.20%，主力资金净流入37股,证券时报网,http://finance.eastmoney.com/a/202608053832892865.html,0.0,0,0,0
301338,2026-08-04 16:49:00,玻璃基板概念涨5.86%，主力资金净流入这些股,证券时报网,http://finance.eastmoney.com/a/202608043831235555.html,0.0,0,0,0
301338,2026-08-05 22:04:00,先进封装概念上涨5.54% 45股主力资金净流入超亿元,证券时报网,http://finance.eastmoney.com/a/202608053832893285.html,0.0,0,0,0
301338,2026-08-04 16:49:00,共封装光学(CPO)概念上涨6.76%，58股主力资金净流入超亿元,证券时报网,http://finance.eastmoney.com/a/202608043831237778.html,0.0,0,0,0
301338,2026-07-29 20:18:00,玻璃基板概念下跌1.54%，主力资金净流出34股,证券时报网,http://finance.eastmoney.com/a/202607293825302492.html,0.0,0,0,0
301338,2026-08-03 18:11:00,先进封装概念下跌2.29%，27股主力资金净流出超亿元,证券时报网,http://finance.eastmoney.com/a/202608033829904569.html,0.0,0,0,0
301338,2026-07-30 17:45:00,共封装光学(CPO)概念下跌6.63%，主力资金净流出157股,证券时报网,http://finance.eastmoney.com/a/202607303826815929.html,0.0,0,0,0
301338,2026-07-27 16:24:00,19.42亿主力资金净流入，富士康概念涨4.41%,证券时报网,http://finance.eastmoney.com/a/202607273822130010.html,-3.25,0,1,1
301338,2026-07-21 11:44:00,今日89只个股跨越牛熊分界线,证券时报网,http://finance.eastmoney.com/a/202607213815208489.html,0.0,0,0,0
301338,2026-07-21 15:49:00,今日131只个股跨越牛熊分界线,证券时报网,http://finance.eastmoney.com/a/202607213815526756.html,0.0,0,0,0
002384,2026-08-05 16:25:48,东山精密002384龙虎榜数据08-05),东方财富Choice数据,http://finance.eastmoney.com/a/202608053832590425.html,0.0,0,0,0
002384,2026-08-04 21:55:00,豪掷12亿元抱团封板！三大游资齐聚002384,上海证券报,http://finance.eastmoney.com/a/202608043831478090.html,0.0,0,0,0
002384,2026-08-04 16:27:52,东山精密002384龙虎榜数据08-04,东方财富Choice数据,http://finance.eastmoney.com/a/202608043831205132.html,0.0,0,0,0
002384,2026-08-06 06:52:00,上证早知道｜002384 机构净买入9.35亿元；688235 上半年净利润32.71亿元 同比增长627.1%,上海证券报,http://finance.eastmoney.com/a/202608063832985296.html,1.0,1,0,0
002384,2026-07-30 16:26:22,东山精密002384龙虎榜数据07-30,东方财富Choice数据,http://finance.eastmoney.com/a/202607303826713237.html,0.0,0,0,0
002384,2026-07-14 18:42:00,002384，上半年业绩预增超280%！今日股价强势涨停,证券时报,http://finance.eastmoney.com/a/202607143805796554.html,2.0,2,0,0
002384,2026-07-14 14:14:00,亚太股市午后集体大反攻！PCB板块狂飙，002384直线涨停，有股民直呼“东山再起就靠你”,华夏时报,http://finance.eastmoney.com/a/202607143805458750.html,0.0,0,0,0
002384,2026-07-09 16:32:00,午后爆发！603986、002384强势涨停,证券时报,http://finance.eastmoney.com/a/202607093800059023.html,1.0,1,0,0
002384,2026-07-07 17:08:00,午后异动！002384，大幅拉升,证券时报,http://finance.eastmoney.com/a/202607073796804475.html,0.0,0,0,0
002384,2026-08-05 15:11:00,东山精密回应美国拟禁止进口中国光模块传闻：目前仅为市场消息,证券时报网,http://finance.eastmoney.com/a/202608053832539939.html,1.0,1,0,0
688125,2026-08-05 22:04:00,光刻胶概念上涨5.67% 12股主力资金净流入超亿元,证券时报网,http://finance.eastmoney.com/a/202608053832893035.html,0.0,0,0,0
688125,2026-08-05 22:04:00,科创板平均股价51.52元 19股股价超300元,证券时报网,http://finance.eastmoney.com/a/202608053832894422.html,0.0,0,0,0
688125,2026-08-04 16:48:00,92只科创板股票跻身百元股阵营,证券时报网,http://finance.eastmoney.com/a/202608043831237935.html,0.0,0,0,0
688125,2026-07-29 20:18:00,光刻胶概念下跌1.45%，主力资金净流出42股,证券时报网,http://finance.eastmoney.com/a/202607293825301233.html,0.0,0,0,0
688125,2026-07-29 20:18:00,科创板平均股价49.75元，20股股价超300元,证券时报网,http://finance.eastmoney.com/a/202607293825301394.html,0.0,0,0,0
688125,2026-07-28 18:47:00,科创板平均股价48.77元，19股股价超300元,证券时报网,http://finance.eastmoney.com/a/202607283823621044.html,0.0,0,0,0
688125,2026-07-27 19:18:00,科创板平均股价51.72元，26股股价超300元,证券时报网,http://finance.eastmoney.com/a/202607273822271824.html,0.0,0,0,0
688125,2026-07-29 20:18:00,百元股数量达182只 ，较上一日减少9只,证券时报网,http://finance.eastmoney.com/a/202607293825301687.html,0.0,0,0,0
688125,2026-07-28 16:36:00,深沪北百元股排行榜,证券时报网,http://finance.eastmoney.com/a/202607283823542751.html,0.0,0,0,0
688125,2026-07-22 17:23:00,光刻胶概念下跌2.79%，主力资金净流出44股,证券时报网,http://finance.eastmoney.com/a/202607223817360027.html,0.0,0,0,0
603929,2026-07-31 09:29:30,亚翔集成603929.SH)：2026年中报净利润为4.90亿元,界面新闻,http://finance.eastmoney.com/a/202607313827705065.html,-1.25,0,1,0
603929,2026-07-31 09:14:47,机构风向标 | 亚翔集成6039292026年二季度已披露前十大机构持股比例合计下跌2.25个百分点,界面新闻,http://finance.eastmoney.com/a/202607313827645291.html,0.0,0,0,0
603929,2026-08-04 10:29:00,99家公司公布半年报 28家业绩增幅翻倍,证券时报网,http://finance.eastmoney.com/a/202608043830894653.html,0.0,0,0,0
603929,2026-07-30 20:32:25,亚翔集成：半年度净利润同比增长204.8%,国际金融报,http://finance.eastmoney.com/a/202607303827062582.html,1.0,1,0,0
603929,2026-07-30 17:31:03,亚翔集成：2026年半年度净利润同比增长204.8%,财联社,http://finance.eastmoney.com/a/202607303826795985.html,1.0,1,0,0
603929,2026-07-30 20:58:04,亚翔集成披露2026年半年报 半年度净利润同比增长204.8%,央广财经,http://finance.eastmoney.com/a/202607303826988459.html,1.0,1,0,0
603929,2026-08-03 10:21:00,86家公司公布半年报 28家业绩增幅翻倍,证券时报网,http://finance.eastmoney.com/a/202608033829554276.html,0.0,0,0,0
603929,2026-07-30 17:40:00,亚翔集成：上半年净利润同比增长204.8% 拟10派16.5元,证券时报网,http://finance.eastmoney.com/a/202607303826808459.html,1.0,1,0,0
603929,2026-07-31 17:21:00,5股今日获机构买入评级,证券时报网,http://finance.eastmoney.com/a/202607313828404748.html,0.0,0,0,0
603929,2026-08-05 22:04:00,75.52亿主力资金净流入，中芯国际概念涨6.56%,证券时报网,http://finance.eastmoney.com/a/202608053832893849.html,0.0,0,0,0
300870,2026-08-04 09:46:00,创业板股融资余额增幅榜（附股）,证券时报网,http://finance.eastmoney.com/a/202608043830741948.html,0.0,0,0,0
300870,2026-07-29 09:36:00,杠杆资金连续四日减仓创业板股,证券时报网,http://finance.eastmoney.com/a/202607293824538336.html,0.0,0,0,0
300870,2026-07-31 09:52:00,创业板公司融资余额六连降 其间累计减少450.67亿元,证券时报网,http://finance.eastmoney.com/a/202607313828001488.html,0.0,0,0,0
300870,2026-07-29 10:48:00,【数据揭秘】融资客看好个股一览,证券时报网,http://finance.eastmoney.com/a/202607293824889437.html,0.0,0,0,0
300870,2026-08-03 18:11:00,深沪北百元股数量达170只，电子行业占比最高,证券时报网,http://finance.eastmoney.com/a/202608033829906556.html,0.0,0,0,0
300870,2026-07-30 09:40:00,创业板公司融资余额五连降 其间累计减少306.92亿元,证券时报网,http://finance.eastmoney.com/a/202607303826108336.html,0.0,0,0,0
300870,2026-07-29 09:36:00,杠杆资金逆市增仓159股,证券时报网,http://finance.eastmoney.com/a/202607293824511840.html,0.0,0,0,0
300870,2026-07-28 18:47:00,53.82亿元主力资金今日撤离电力设备板块,证券时报网,http://finance.eastmoney.com/a/202607283823622943.html,0.0,0,0,0
300870,2026-07-29 09:36:00,创业板股融资余额增幅榜（附股）,证券时报网,http://finance.eastmoney.com/a/202607293824520523.html,0.0,0,0,0
300870,2026-07-28 09:43:00,创业板公司融资余额三连降 其间累计减少138.81亿元,证券时报网,http://finance.eastmoney.com/a/202607283823177344.html,0.0,0,0,0
300757,2026-08-03 14:07:43,光伏ETF鹏华(159863涨超1.6%，科创新能源ETF鹏华588830涨近1%，首个反内卷可量化工具落地，推动光伏行业高质量发展,界面新闻,http://finance.eastmoney.com/a/202608033829700745.html,0.0,0,0,0
300757,2026-08-05 16:55:00,机械设备行业今日涨3.20%，主力资金净流入47.01亿元,证券时报网,http://finance.eastmoney.com/a/202608053832637680.html,0.0,0,0,0
300757,2026-07-27 19:27:55,罗博特科：子公司签订1.29亿元自动化制造设备合同,财联社,http://finance.eastmoney.com/a/202607273822275124.html,1.0,1,0,0
300757,2026-08-04 16:48:00,英伟达概念涨5.76%，主力资金净流入53股,证券时报网,http://finance.eastmoney.com/a/202608043831236148.html,0.0,0,0,0
300757,2026-08-03 18:10:00,主力动向：8月3日特大单净流出248.39亿元,证券时报网,http://finance.eastmoney.com/a/202608033829903122.html,0.0,0,0,0
300757,2026-08-04 16:48:00,光纤概念涨5.77%，主力资金净流入70股,证券时报网,http://finance.eastmoney.com/a/202608043831236621.html,0.0,0,0,0
300757,2026-07-31 17:21:00,海外机构调研股名单 乐鑫科技最受关注,证券时报网,http://finance.eastmoney.com/a/202607313828407375.html,0.0,0,0,0
300757,2026-07-30 21:05:00,海外机构调研股名单 澜起科技最受关注,证券时报网,http://finance.eastmoney.com/a/202607303826991284.html,0.0,0,0,0
300757,2026-07-30 17:45:00,机械设备行业今日净流出资金53.56亿元，华工科技等16股净流出资金超亿元,证券时报网,http://finance.eastmoney.com/a/202607303826815019.html,0.0,0,0,0
300757,2026-07-31 09:52:00,创业板公司融资余额六连降 其间累计减少450.67亿元,证券时报网,http://finance.eastmoney.com/a/202607313828001488.html,0.0,0,0,0
300548,2026-07-27 22:49:00,45亿元！300548子公司签下光纤大单,上海证券报,http://finance.eastmoney.com/a/202607273822445515.html,1.0,1,0,0
300548,2026-08-05 17:05:00,长芯博创：2026年关联交易上限增至20亿元,财中社,http://finance.eastmoney.com/a/202608053832647730.html,0.0,0,0,0
300548,2026-08-04 16:48:00,F5G概念上涨5.74%，9股主力资金净流入超亿元,证券时报网,http://finance.eastmoney.com/a/202608043831234826.html,0.0,0,0,0
300548,2026-08-05 16:55:00,2.33亿元资金今日流入通信股,证券时报网,http://finance.eastmoney.com/a/202608053832637080.html,0.0,0,0,0
300548,2026-08-04 16:49:00,通信行业今日净流入资金219.78亿元，中际旭创等21股净流入资金超亿元,证券时报网,http://finance.eastmoney.com/a/202608043831236746.html,0.0,0,0,0
300548,2026-08-03 18:10:00,通信行业资金流入榜：天孚通信、光库科技等净流入资金居前,证券时报网,http://finance.eastmoney.com/a/202608033829901546.html,0.0,0,0,0
300548,2026-07-27 22:08:06,长芯博创披露控股子公司签订45亿元光纤光缆长期合作协议,央广财经,http://finance.eastmoney.com/a/202607273822412389.html,1.0,1,0,0
300548,2026-07-27 19:15:44,长芯博创：控股子公司签署45亿元光纤光缆长期合作协议,财联社,http://finance.eastmoney.com/a/202607273822261687.html,1.0,1,0,0
300548,2026-07-27 19:26:00,长芯博创：控股子公司签署约45亿元光纤光缆销售长期合作协议,证券时报网,http://finance.eastmoney.com/a/202607273822278529.html,1.0,1,0,0
300548,2026-07-28 09:36:23,长芯博创：控股子公司签署45亿元光纤光缆长期销售协议,中国证券报·中证网,http://finance.eastmoney.com/a/202607283823073486.html,1.0,1,0,0
300209,2026-08-04 11:08:00,直线涨停！300209，封单超34万手,中国基金报,http://finance.eastmoney.com/a/202608043830931841.html,1.0,1,0,0
300209,2026-08-04 00:04:21,300209 首次回应超百亿算力、存储订单,中国基金报,http://finance.eastmoney.com/a/202608043830141457.html,1.0,1,0,0
300209,2026-08-04 16:25:52,行云科技300209龙虎榜数据08-04),东方财富Choice数据,http://finance.eastmoney.com/a/202608043831201432.html,0.0,0,0,0
300209,2026-07-29 21:57:00,300209：子公司算力订单金额上调至30.53亿元,证券时报,http://finance.eastmoney.com/a/202607293825398646.html,1.0,1,0,0
300209,2026-07-31 09:30:04,行云科技300209.SZ)：2026年中报净利润为1201.54万元,界面新闻,http://finance.eastmoney.com/a/202607313827710027.html,0.0,0,0,0
300209,2026-07-31 09:28:00,机构风向标 | 行云科技3002092026年二季度已披露前十大机构累计持仓占比23.31%,界面新闻,http://finance.eastmoney.com/a/202607313827680414.html,0.0,0,0,0
300209,2026-07-20 11:33:00,强势反弹！300209，20%涨停,中国基金报,http://finance.eastmoney.com/a/202607203812708017.html,0.0,0,0,0
300209,2026-07-14 13:55:00,算力服务合同提价79%！300209涨停,上海证券报,http://finance.eastmoney.com/a/202607143805436986.html,0.0,0,0,0
300209,2026-07-14 07:59:00,重大合同！上调近29亿元，300209最新公告！,证券时报网,http://finance.eastmoney.com/a/202607143804549586.html,1.0,1,0,0
300209,2026-07-02 07:39:00,早新闻｜300209，签订超55亿元算力服务合同！,数据宝,http://finance.eastmoney.com/a/202607023790806187.html,1.0,1,0,0
002565,2026-08-03 15:19:00,A股三大股指收跌：核聚变概念股活跃，超4000股收涨,澎湃新闻,http://finance.eastmoney.com/a/202608033829752339.html,0.0,0,0,0
002565,2026-07-31 17:22:00,解密主力资金出逃股 连续5日净流出264股,证券时报网,http://finance.eastmoney.com/a/202607313828415575.html,0.0,0,0,0
002565,2026-07-14 14:25:00,股东提名董事未获通过，先锋新材换届风波牵出复杂关系网,财中社,http://finance.eastmoney.com/a/202607143805494885.html,0.0,0,0,0
002565,2026-07-07 11:42:00,短线防风险 65只个股短期均线现死叉,证券时报网,http://finance.eastmoney.com/a/202607073796468140.html,0.0,0,0,0
002565,2026-07-07 15:40:00,短线防风险 71只个股短期均线现死叉,证券时报网,http://finance.eastmoney.com/a/202607073796686081.html,0.0,0,0,0
002565,2026-07-07 14:20:00,短线防风险 70只个股短期均线现死叉,证券时报网,http://finance.eastmoney.com/a/202607073796645562.html,0.0,0,0,0
002565,2026-07-07 11:04:00,短线防风险 63只个股短期均线现死叉,证券时报网,http://finance.eastmoney.com/a/202607073796438093.html,0.0,0,0,0
002565,2026-06-30 11:55:25,百度旗下基金等入股太空算力公司轨道辰光,财联社,http://finance.eastmoney.com/a/202606303788095593.html,0.0,0,0,0
002565,2026-06-12 19:58:09,顺灏股份：拟以7425.02万元转让子公司玉溪印刷33%股权,财联社,http://finance.eastmoney.com/a/202606123770117882.html,0.0,0,0,0
002565,2026-06-15 15:26:00,短线防风险 46只个股短期均线现死叉,证券时报网,http://finance.eastmoney.com/a/202606153771510249.html,0.0,0,0,0
002290,2026-07-30 09:06:35,机构风向标 | 禾盛新材0022902026年二季度已披露前十大机构累计持仓占比28.36%,界面新闻,http://finance.eastmoney.com/a/202607303825911757.html,0.0,0,0,0
002290,2026-07-29 08:42:39,禾盛新材002290.SZ)：2026年中报净利润为1.36亿元,界面新闻,http://finance.eastmoney.com/a/202607293824203171.html,-1.25,0,1,0
002290,2026-08-03 17:19:00,禾盛新材：增补黄海清为非独立董事候选人,财中社,http://finance.eastmoney.com/a/202608033829864285.html,0.0,0,0,0
002290,2026-07-31 16:08:00,禾盛新材：吴亮辞任董事,财中社,http://finance.eastmoney.com/a/202607313828320432.html,0.0,0,0,0
002290,2026-07-28 19:19:20,禾盛新材：上半年净利润1.36亿元 同比增长40.42%,财联社,http://finance.eastmoney.com/a/202607283823647098.html,1.0,1,0,0
002290,2026-07-28 21:54:39,禾盛新材披露2026年半年报 归母净利润同比增长40.42%,央广财经,http://finance.eastmoney.com/a/202607283823813759.html,1.0,1,0,0
002290,2026-07-28 18:49:06,禾盛新材：2026年半年度净利润同比增长40.42%,财联社,http://finance.eastmoney.com/a/202607283823617393.html,1.0,1,0,0
002290,2026-07-29 10:48:00,今日3家公司公布半年报 1家业绩增幅翻倍,证券时报网,http://finance.eastmoney.com/a/202607293824880279.html,0.0,0,0,0
002290,2026-07-30 10:26:00,36家公司公布半年报 14家业绩增幅翻倍,证券时报网,http://finance.eastmoney.com/a/202607303826312453.html,0.0,0,0,0
002290,2026-07-29 10:48:00,29家公司公布半年报 12家业绩增幅翻倍,证券时报网,http://finance.eastmoney.com/a/202607293824885817.html,0.0,0,0,0
002796,2026-08-04 10:57:24,通信设备概念走强，英伟达出货新一代Spectrum-X CPO交换机|异动情报,21世纪经济报道,http://finance.eastmoney.com/a/202608043830918546.html,0.0,0,0,0
002796,2026-08-04 11:03:00,今日613只个股突破五日均线,证券时报网,http://finance.eastmoney.com/a/202608043830921532.html,-2.25,1,1,1
002796,2026-08-03 18:10:00,解密主力资金出逃股 连续5日净流出281股,证券时报网,http://finance.eastmoney.com/a/202608033829906439.html,0.0,0,0,0
002796,2026-08-04 13:06:00,85只股上午收盘涨停(附股),证券时报网,http://finance.eastmoney.com/a/202608043831004457.html,0.0,0,0,0
002796,2026-08-04 16:26:00,涨停股复盘：32股封单超亿元,证券时报网,http://finance.eastmoney.com/a/202608043831214395.html,0.0,0,0,0
002796,2026-08-04 16:49:00,共封装光学(CPO)概念上涨6.76%，58股主力资金净流入超亿元,证券时报网,http://finance.eastmoney.com/a/202608043831237778.html,0.0,0,0,0
002796,2026-07-31 17:22:00,解密主力资金出逃股 连续5日净流出264股,证券时报网,http://finance.eastmoney.com/a/202607313828415575.html,0.0,0,0,0
002796,2026-07-30 17:45:00,共封装光学(CPO)概念下跌6.63%，主力资金净流出157股,证券时报网,http://finance.eastmoney.com/a/202607303826815929.html,0.0,0,0,0
002796,2026-07-28 16:36:00,共封装光学(CPO)概念下跌5.78%，53股主力资金净流出超亿元,证券时报网,http://finance.eastmoney.com/a/202607283823544248.html,0.0,0,0,0
002796,2026-07-14 17:11:00,世嘉科技：预计上半年亏损改善至3500万~4400万元,财中社,http://finance.eastmoney.com/a/202607143805687358.html,-3.75,0,3,0
301306,2026-07-29 22:20:46,西测测试：持股5%以上股东增持12.21万股公司股份,中国证券报·中证网,http://finance.eastmoney.com/a/202607293825420161.html,1.0,1,0,0
301306,2026-08-03 09:37:00,6股获重要股东大手笔增持（附股）,证券时报网,http://finance.eastmoney.com/a/202608033829354046.html,1.0,1,0,0
301306,2026-08-05 22:04:00,存储芯片概念上涨6.17%，51股主力资金净流入超亿元,证券时报网,http://finance.eastmoney.com/a/202608053832891924.html,0.0,0,0,0
301306,2026-07-31 17:22:00,解密主力资金出逃股 连续5日净流出264股,证券时报网,http://finance.eastmoney.com/a/202607313828415575.html,0.0,0,0,0
301306,2026-08-03 18:11:00,存储芯片概念下跌3.15%，主力资金净流出134股,证券时报网,http://finance.eastmoney.com/a/202608033829905440.html,0.0,0,0,0
301306,2026-07-29 20:18:00,解密主力资金出逃股 连续5日净流出347股,证券时报网,http://finance.eastmoney.com/a/202607293825302921.html,0.0,0,0,0
301306,2026-07-28 18:47:00,解密主力资金出逃股 连续5日净流出375股,证券时报网,http://finance.eastmoney.com/a/202607283823623547.html,0.0,0,0,0
301306,2026-07-27 19:17:00,解密主力资金出逃股 连续5日净流出367股,证券时报网,http://finance.eastmoney.com/a/202607273822273283.html,0.0,0,0,0
301306,2026-07-30 17:45:00,存储芯片概念下跌6.62%，47股主力资金净流出超亿元,证券时报网,http://finance.eastmoney.com/a/202607303826814295.html,-3.25,0,1,1
301306,2026-07-28 16:36:00,存储芯片概念下跌5.64%，48股主力资金净流出超亿元,证券时报网,http://finance.eastmoney.com/a/202607283823543167.html,0.0,0,0,0
301209,2026-08-05 22:04:00,光刻机概念涨6.09% 主力资金净流入33股,证券时报网,http://finance.eastmoney.com/a/202608053832892954.html,0.0,0,0,0
301209,2026-08-05 22:04:00,光刻胶概念上涨5.67% 12股主力资金净流入超亿元,证券时报网,http://finance.eastmoney.com/a/202608053832893035.html,0.0,0,0,0
301209,2026-08-04 16:49:00,光刻机概念上涨6.64%，8股主力资金净流入超亿元,证券时报网,http://finance.eastmoney.com/a/202608043831235028.html,0.0,0,0,0
301209,2026-08-03 18:11:00,光刻机概念下跌2.67%，主力资金净流出35股,证券时报网,http://finance.eastmoney.com/a/202608033829905783.html,-3.25,0,1,1
301209,2026-08-03 09:37:00,创业板融资余额增加7.72亿元，23股获融资客大手笔加仓,证券时报网,http://finance.eastmoney.com/a/202608033829367530.html,0.0,0,0,0
301209,2026-07-30 17:45:00,光刻机概念下跌6.91%，主力资金净流出41股,证券时报网,http://finance.eastmoney.com/a/202607303826815414.html,0.0,0,0,0
301209,2026-07-29 20:18:00,光刻机概念下跌3.00%，主力资金净流出36股,证券时报网,http://finance.eastmoney.com/a/202607293825301880.html,0.0,0,0,0
301209,2026-07-29 20:18:00,光刻胶概念下跌1.45%，主力资金净流出42股,证券时报网,http://finance.eastmoney.com/a/202607293825301233.html,0.0,0,0,0
301209,2026-07-22 17:23:00,光刻胶概念下跌2.79%，主力资金净流出44股,证券时报网,http://finance.eastmoney.com/a/202607223817360027.html,0.0,0,0,0
301209,2026-07-21 17:05:00,光刻机概念涨8.43%，主力资金净流入20股,证券时报网,http://finance.eastmoney.com/a/202607213815637925.html,0.0,0,0,0
600105,2026-08-05 09:22:00,31股受融资客青睐，净买入超亿元,证券时报网,http://finance.eastmoney.com/a/202608053832055192.html,0.0,0,0,0
600105,2026-08-05 16:55:00,2.33亿元资金今日流入通信股,证券时报网,http://finance.eastmoney.com/a/202608053832637080.html,0.0,0,0,0
600105,2026-07-29 19:55:10,永鼎股份：控股子公司近一个月收到约11.33亿元大功率激光器芯片产品采购订单,科创板日报,http://finance.eastmoney.com/a/202607293825273657.html,1.0,1,0,0
600105,2026-07-29 20:02:00,永鼎股份：控股子公司签订约11.33亿元大功率激光器芯片订单,证券时报网,http://finance.eastmoney.com/a/202607293825277788.html,1.0,1,0,0
600105,2026-07-29 19:47:46,永鼎股份：控股子公司签订约11.33亿元大功率激光器芯片采购订单,每日经济新闻,http://finance.eastmoney.com/a/202607293825261438.html,1.0,1,0,0
600105,2026-07-29 20:19:00,永鼎股份：控股股东永鼎集团累计质押41.97%持股,财中社,http://finance.eastmoney.com/a/202607293825296476.html,-1.25,0,1,0
600105,2026-08-04 16:49:00,通信行业今日净流入资金219.78亿元，中际旭创等21股净流入资金超亿元,证券时报网,http://finance.eastmoney.com/a/202608043831236746.html,0.0,0,0,0
600105,2026-08-05 16:55:00,主力动向：8月5日特大单净流入520.08亿元,证券时报网,http://finance.eastmoney.com/a/202608053832637776.html,0.0,0,0,0
600105,2026-07-29 20:01:00,永鼎股份：控股子公司合计获11.33亿元大功率激光器芯片销售订单,财中社,http://finance.eastmoney.com/a/202607293825277126.html,1.0,1,0,0
600105,2026-08-03 10:21:00,【数据揭秘】融资客看好个股一览,证券时报网,http://finance.eastmoney.com/a/202608033829554913.html,0.0,0,0,0
688525,2026-07-23 09:47:32,佰维存储（688525）拟回购2亿至2.5亿元股份！科创芯片设计ETF天弘（589070）标的指数盘中飘红，近30日净流入超20亿元,每日经济新闻,http://finance.eastmoney.com/a/202607233818789222.html,1.0,1,0,0
688525,2026-07-15 19:57:00,扭亏为盈！千亿存储龙头688525，上半年净利预增超30倍,中国基金报,http://finance.eastmoney.com/a/202607153807661674.html,1.75,3,1,0
688525,2026-06-25 10:10:00,688525，股价历史新高,上海证券报,http://finance.eastmoney.com/a/202606253782572737.html,0.0,0,0,0
688525,2026-06-25 10:38:00,存储概念，集体爆发！688525、603986等再创新高,证券时报,http://finance.eastmoney.com/a/202606253782740474.html,0.0,0,0,0
688525,2026-08-05 16:55:00,8月5日科创板主力资金净流入94.75亿元,证券时报网,http://finance.eastmoney.com/a/202608053832636980.html,0.0,0,0,0
688525,2026-08-05 22:04:00,国家大基金持股概念涨6.44%，主力资金净流入这些股,证券时报网,http://finance.eastmoney.com/a/202608053832893792.html,0.0,0,0,0
688525,2026-08-04 18:14:00,8月4日科创板主力资金净流入75.51亿元,证券时报网,http://finance.eastmoney.com/a/202608043831314742.html,0.0,0,0,0
688525,2026-08-05 16:55:00,电子行业今日净流入资金313.18亿元，工业富联等80股净流入资金超亿元,证券时报网,http://finance.eastmoney.com/a/202608053832635452.html,0.0,0,0,0
688525,2026-08-04 16:48:00,国家大基金持股概念上涨5.73%，17股主力资金净流入超亿元,证券时报网,http://finance.eastmoney.com/a/202608043831236575.html,0.0,0,0,0
688525,2026-08-05 16:55:00,主力动向：8月5日特大单净流入520.08亿元,证券时报网,http://finance.eastmoney.com/a/202608053832637776.html,0.0,0,0,0
688028,2026-08-05 22:04:00,培育钻石概念涨5.52%，主力资金净流入13股,证券时报网,http://finance.eastmoney.com/a/202608053832892353.html,0.0,0,0,0
688028,2026-08-05 22:04:00,玻璃基板概念涨5.20%，主力资金净流入37股,证券时报网,http://finance.eastmoney.com/a/202608053832892865.html,0.0,0,0,0
688028,2026-08-04 16:49:00,玻璃基板概念涨5.86%，主力资金净流入这些股,证券时报网,http://finance.eastmoney.com/a/202608043831235555.html,0.0,0,0,0
688028,2026-08-04 09:46:00,融资客控盘比例超一成个股（附名单）,证券时报网,http://finance.eastmoney.com/a/202608043830752873.html,0.0,0,0,0
688028,2026-08-05 10:17:00,126家公司获机构调研（附名单）,证券时报网,http://finance.eastmoney.com/a/202608053832281684.html,0.0,0,0,0
688028,2026-07-30 17:45:00,机械设备行业今日净流出资金53.56亿元，华工科技等16股净流出资金超亿元,证券时报网,http://finance.eastmoney.com/a/202607303826815019.html,0.0,0,0,0
688028,2026-08-04 09:25:00,135家公司获机构调研（附名单）,证券时报网,http://finance.eastmoney.com/a/202608043830656569.html,0.0,0,0,0
688028,2026-07-29 20:18:00,玻璃基板概念下跌1.54%，主力资金净流出34股,证券时报网,http://finance.eastmoney.com/a/202607293825302492.html,0.0,0,0,0
688028,2026-07-29 20:19:00,机械设备行业资金流出榜：大族激光等10股净流出资金超亿元,证券时报网,http://finance.eastmoney.com/a/202607293825303687.html,0.0,0,0,0
688028,2026-07-29 20:18:00,53家公司获海外机构调研,证券时报网,http://finance.eastmoney.com/a/202607293825300811.html,0.0,0,0,0
688027,2026-08-05 16:55:00,2.33亿元资金今日流入通信股,证券时报网,http://finance.eastmoney.com/a/202608053832637080.html,0.0,0,0,0
688027,2026-08-03 18:10:00,8月3日科创板主力资金净流出51.64亿元,证券时报网,http://finance.eastmoney.com/a/202608033829906112.html,0.0,0,0,0
688027,2026-08-03 18:10:00,通信行业资金流入榜：天孚通信、光库科技等净流入资金居前,证券时报网,http://finance.eastmoney.com/a/202608033829901546.html,0.0,0,0,0
688027,2026-08-04 09:46:00,39只科创板股获融资净买入超1000万元,证券时报网,http://finance.eastmoney.com/a/202608043830758725.html,0.0,0,0,0
688027,2026-08-05 22:04:00,科创板平均股价51.52元 19股股价超300元,证券时报网,http://finance.eastmoney.com/a/202608053832894422.html,0.0,0,0,0
688027,2026-08-04 16:48:00,92只科创板股票跻身百元股阵营,证券时报网,http://finance.eastmoney.com/a/202608043831237935.html,0.0,0,0,0
688027,2026-07-31 17:21:00,科创板资金动向：28股主力资金净流入超亿元,证券时报网,http://finance.eastmoney.com/a/202607313828410238.html,0.0,0,0,0
688027,2026-08-03 18:11:00,科创板平均股价48.05元，82股股价超百元,证券时报网,http://finance.eastmoney.com/a/202608033829905225.html,0.0,0,0,0
688027,2026-07-23 23:08:55,国盾量子：拟与中电信量子集团等签订销售合同,财联社,http://finance.eastmoney.com/a/202607233819310365.html,0.0,0,0,0
688027,2026-08-03 18:11:00,深沪北百元股数量达170只，电子行业占比最高,证券时报网,http://finance.eastmoney.com/a/202608033829906556.html,0.0,0,0,0
300486,2026-07-29 20:18:00,解密主力资金出逃股 连续5日净流出347股,证券时报网,http://finance.eastmoney.com/a/202607293825302921.html,0.0,0,0,0
300486,2026-07-31 17:21:00,90股股东户数连续下降 （附股）,证券时报网,http://finance.eastmoney.com/a/202607313828403819.html,-1.25,0,1,0
300486,2026-07-28 18:47:00,解密主力资金出逃股 连续5日净流出375股,证券时报网,http://finance.eastmoney.com/a/202607283823623547.html,0.0,0,0,0
300486,2026-07-30 17:45:00,90股筹码连续3期集中,证券时报网,http://finance.eastmoney.com/a/202607303826813177.html,0.0,0,0,0
300486,2026-07-27 19:17:00,解密主力资金出逃股 连续5日净流出367股,证券时报网,http://finance.eastmoney.com/a/202607273822273283.html,0.0,0,0,0
300486,2026-07-31 10:39:00,创业板股最新股东户数降幅排行榜,证券时报网,http://finance.eastmoney.com/a/202607313828069585.html,0.0,0,0,0
300486,2026-07-30 10:26:00,创业板股最新筹码变动：15股股东户数降逾一成,证券时报网,http://finance.eastmoney.com/a/202607303826312889.html,0.0,0,0,0
300486,2026-07-21 16:49:00,14.27亿元主力资金今日抢筹机械设备板块,证券时报网,http://finance.eastmoney.com/a/202607213815604598.html,0.0,0,0,0
300486,2026-07-31 17:22:00,680家公司公布最新股东户数,证券时报网,http://finance.eastmoney.com/a/202607313828416795.html,0.0,0,0,0
300486,2026-07-30 17:46:00,股东户数降幅榜：28股最新股东户数降逾一成,证券时报网,http://finance.eastmoney.com/a/202607303826825540.html,0.0,0,0,0
002379,2026-08-03 16:26:02,宏桥控股002379龙虎榜数据08-03,东方财富Choice数据,http://finance.eastmoney.com/a/202608033829797764.html,0.0,0,0,0
002379,2026-08-01 00:15:00,002379拟定增120亿元，加码绿电和铝深加工,上海证券报,http://finance.eastmoney.com/a/202608013828775529.html,0.0,0,0,0
002379,2026-07-23 16:26:27,宏桥控股002379龙虎榜数据07-23,东方财富Choice数据,http://finance.eastmoney.com/a/202607233818931246.html,0.0,0,0,0
002379,2026-08-03 18:43:00,深股通现身12只个股龙虎榜,证券时报网,http://finance.eastmoney.com/a/202608033829918936.html,0.0,0,0,0
002379,2026-07-31 18:59:48,宏桥控股：拟定增募资不超120亿元 用于风电、光伏、铝深加工项目等,财联社,http://finance.eastmoney.com/a/202607313828483564.html,0.0,0,0,0
002379,2026-07-31 19:06:00,宏桥控股：拟定增募资不超120亿元 用于风电、光伏、铝深加工等项目,证券时报网,http://finance.eastmoney.com/a/202607313828502448.html,0.0,0,0,0
002379,2026-08-03 18:43:00,营业部最青睐个股曝光 6股净买入超亿元,证券时报网,http://finance.eastmoney.com/a/202608033829918720.html,0.0,0,0,0
002379,2026-08-03 10:50:00,宏桥控股：拟120亿元定增布局风光铝产业链 2026年3月末资产负债率52.36%,南方财经网,http://finance.eastmoney.com/a/202608033829587670.html,0.0,0,0,0
002379,2026-07-31 22:22:52,宏桥控股披露120亿元定增预案 募资将投向风光项目、铝深加工及补流还贷,央广财经,http://finance.eastmoney.com/a/202607313828697989.html,0.0,0,0,0
002379,2026-08-05 16:55:00,有色金属行业资金流入榜：紫金矿业、洛阳钼业等净流入资金居前,证券时报网,http://finance.eastmoney.com/a/202608053832634728.html,0.0,0,0,0
000657,2026-08-05 16:26:03,中钨高新000657龙虎榜数据08-05,东方财富Choice数据,http://finance.eastmoney.com/a/202608053832591148.html,0.0,0,0,0
000657,2026-08-05 17:13:00,8月5日龙虎榜净卖出额前10个股,南方财经网,http://finance.eastmoney.com/a/202608053832656154.html,0.0,0,0,0
000657,2026-08-05 17:15:00,8月5日龙虎榜机构席位买卖详情,南方财经网,http://finance.eastmoney.com/a/202608053832656211.html,0.0,0,0,0
000657,2026-08-05 22:03:00,深股通现身14只个股龙虎榜,证券时报网,http://finance.eastmoney.com/a/202608053832886640.html,0.0,0,0,0
000657,2026-08-05 18:59:51,10.8亿资金抢筹亨通光电，机构狂买东山精密丨龙虎榜,21世纪经济报道,http://finance.eastmoney.com/a/202608053832724888.html,0.0,0,0,0
000657,2026-08-04 22:39:00,3只个股大宗交易超5000万元,证券时报网,http://finance.eastmoney.com/a/202608043831523348.html,0.0,0,0,0
000657,2026-08-05 22:03:00,龙虎榜机构新动向：净买入15股,证券时报网,http://finance.eastmoney.com/a/202608053832884862.html,0.0,0,0,0
000657,2026-08-05 16:55:00,有色金属行业资金流入榜：紫金矿业、洛阳钼业等净流入资金居前,证券时报网,http://finance.eastmoney.com/a/202608053832634728.html,0.0,0,0,0
000657,2026-08-05 12:57:00,90只股上午收盘涨停(附股),证券时报网,http://finance.eastmoney.com/a/202608053832409087.html,0.0,0,0,0
000657,2026-08-03 18:11:00,12.37亿主力资金净流入，可控核聚变概念涨2.88%,证券时报网,http://finance.eastmoney.com/a/202608033829905351.html,0.0,0,0,0
301326,2026-07-27 16:24:00,19.42亿主力资金净流入，富士康概念涨4.41%,证券时报网,http://finance.eastmoney.com/a/202607273822130010.html,0.0,0,0,0
301326,2026-07-21 09:38:00,创业板两融余额减少165.84亿元,证券时报网,http://finance.eastmoney.com/a/202607213814401457.html,0.0,0,0,0
301326,2026-07-13 22:00:00,深股通现身17只个股龙虎榜,证券时报网,http://finance.eastmoney.com/a/202607133804206473.html,0.0,0,0,0
301326,2026-07-13 21:59:00,营业部最青睐个股曝光 2股净买入超5000万元,证券时报网,http://finance.eastmoney.com/a/202607133804193256.html,0.0,0,0,0
301326,2026-07-13 18:14:00,基金7月12日参与6家公司的调研活动,证券时报网,http://finance.eastmoney.com/a/202607133803932947.html,0.0,0,0,0
301326,2026-07-13 21:59:00,龙虎榜机构新动向：净买入18股 净卖出18股,证券时报网,http://finance.eastmoney.com/a/202607133804194458.html,-3.25,0,1,1
301326,2026-07-13 16:55:00,电子行业资金流出榜：兆易创新、华天科技等净流出资金居前,证券时报网,http://finance.eastmoney.com/a/202607133803836829.html,1.0,1,0,0
301326,2026-07-10 15:24:00,今日突破半年线个股,证券时报网,http://finance.eastmoney.com/a/202607103801774388.html,1.0,1,0,0
301326,2026-07-09 15:45:00,今日56只个股突破年线,证券时报网,http://finance.eastmoney.com/a/202607093800019930.html,1.0,1,0,0
301326,2026-07-13 09:25:00,创业板公司融资余额减少9.53亿元，12股遭减仓超10%,证券时报网,http://finance.eastmoney.com/a/202607133802794057.html,0.0,0,0,0
605196,2026-07-22 16:57:26,华通线缆605196龙虎榜数据07-22),东方财富Choice数据,http://finance.eastmoney.com/a/202607223817314133.html,0.0,0,0,0
605196,2026-07-22 17:01:12,华通线缆605196.SH)：股票交易异常波动公告,界面新闻,http://finance.eastmoney.com/a/202607223817328676.html,0.0,0,0,0
605196,2026-07-29 09:56:00,华通线缆：拟大幅增加外汇套期保值额度至3.5亿美元,南方财经网,http://finance.eastmoney.com/a/202607293824651175.html,0.0,0,0,0
605196,2026-07-28 16:56:09,华通线缆：拟对全资孙公司釜山电缆增资不超过4500万美元,财联社,http://finance.eastmoney.com/a/202607283823553440.html,0.0,0,0,0
605196,2026-07-27 19:17:00,强势股追踪 主力资金连续5日净流入114股,证券时报网,http://finance.eastmoney.com/a/202607273822271049.html,0.0,0,0,0
605196,2026-07-23 20:17:07,华通线缆起诉加拿大客户追讨货款，涉案金额2.45亿元，公司首季经营现金流失血,深圳商报·读创,http://finance.eastmoney.com/a/202607233819164066.html,-1.25,0,1,0
605196,2026-07-23 23:01:32,华通线缆与旗下韩国公司“跨洋”起诉加拿大客户 追索超2亿元货款,每日经济新闻,http://finance.eastmoney.com/a/202607233819307983.html,0.0,0,0,0
605196,2026-07-22 15:26:00,涨停股复盘：12股封单超亿元,证券时报网,http://finance.eastmoney.com/a/202607223817228130.html,0.0,0,0,0
605196,2026-07-22 12:45:00,52只股上午收盘涨停(附股),证券时报网,http://finance.eastmoney.com/a/202607223817052378.html,0.0,0,0,0
605196,2026-07-20 20:48:24,终止向不特定对象发行可转债！华通线缆盈利承压，负债总额急速攀升,深圳商报·读创,http://finance.eastmoney.com/a/202607203813591127.html,0.75,2,1,0
603308,2026-08-03 18:11:00,航空发动机概念涨2.67%，主力资金净流入47股,证券时报网,http://finance.eastmoney.com/a/202608033829906398.html,0.0,0,0,0
603308,2026-08-03 18:11:00,12.37亿主力资金净流入，可控核聚变概念涨2.88%,证券时报网,http://finance.eastmoney.com/a/202608033829905351.html,0.0,0,0,0
603308,2026-06-18 16:45:16,应流股份603308.SH)：因独立董事人数不足被安徽证监局责令改正，已提名增选独立董事,界面新闻,http://finance.eastmoney.com/a/202606183776188330.html,0.0,0,0,0
603308,2026-08-03 18:11:00,26.42亿主力资金净流入，核电概念涨2.68%,证券时报网,http://finance.eastmoney.com/a/202608033829906019.html,0.0,0,0,0
603308,2026-07-20 21:15:00,6只个股大宗交易超5000万元,证券时报网,http://finance.eastmoney.com/a/202607203813626890.html,0.0,0,0,0
603308,2026-06-08 16:52:40,应流股份603308.SH)：拟使用5亿元闲置募集资金临时补充流动资金,界面新闻,http://finance.eastmoney.com/a/202606083763632129.html,0.0,0,0,0
603308,2026-07-15 18:28:00,三位百亿基金经理二季度持仓曝光 代表作基金近一年均涨超160%,澎湃新闻,http://finance.eastmoney.com/a/202607153807595561.html,0.0,0,0,0
603308,2026-07-06 16:45:00,强势股追踪 主力资金连续5日净流入173股,证券时报网,http://finance.eastmoney.com/a/202607063795176581.html,0.0,0,0,0
603308,2026-07-09 09:24:00,103只股即将实施分红（名单）,证券时报网,http://finance.eastmoney.com/a/202607093799361733.html,1.0,1,0,0
603308,2026-07-06 16:46:00,48.81亿元资金今日流出机械设备股,证券时报网,http://finance.eastmoney.com/a/202607063795176998.html,0.0,0,0,0
300972,2026-08-04 10:29:00,【数据揭秘】融资客看好个股一览,证券时报网,http://finance.eastmoney.com/a/202608043830894311.html,0.0,0,0,0
300972,2026-08-04 09:26:00,杠杆资金逆市增仓204股,证券时报网,http://finance.eastmoney.com/a/202608043830659653.html,0.0,0,0,0
300972,2026-08-04 09:46:00,创业板股融资余额增幅榜（附股）,证券时报网,http://finance.eastmoney.com/a/202608043830741948.html,0.0,0,0,0
300972,2026-07-30 21:25:00,10只个股大宗交易超5000万元,证券时报网,http://finance.eastmoney.com/a/202607303827011428.html,0.0,0,0,0
300972,2026-07-28 12:02:00,今日33只个股突破半年线,证券时报网,http://finance.eastmoney.com/a/202607283823307750.html,1.0,1,0,0
300972,2026-07-28 16:37:00,【盘中播报】36只个股突破半年线,证券时报网,http://finance.eastmoney.com/a/202607283823542672.html,1.0,1,0,0
300972,2026-07-28 16:36:00,今日42只个股突破半年线,证券时报网,http://finance.eastmoney.com/a/202607283823576816.html,1.0,1,0,0
300972,2026-07-28 10:42:00,【盘中播报】29只个股突破半年线,证券时报网,http://finance.eastmoney.com/a/202607283823258927.html,1.0,1,0,0
300972,2026-07-29 20:18:00,4.73亿主力资金净流入，乳业概念涨6.18%,证券时报网,http://finance.eastmoney.com/a/202607293825301923.html,0.0,0,0,0
300972,2026-07-27 11:59:00,今日盘中突破年线个股,证券时报网,http://finance.eastmoney.com/a/202607273821884711.html,1.0,1,0,0
300475,2026-07-13 17:43:00,300475，业绩预增超21倍，股价却“20cm”跌停,上海证券报,http://finance.eastmoney.com/a/202607133803902658.html,1.0,1,0,0
300475,2026-08-03 16:08:03,8月3日A股收盘综述：科创50指数跌超5% 核电板块逆市上行,央广财经,http://finance.eastmoney.com/a/202608033829788541.html,0.0,0,0,0
300475,2026-08-03 11:54:54,8月3日A股午评：科创50指数半日跌3.73% 沪深两市半日成交额缩量超4200亿元,央广财经,http://finance.eastmoney.com/a/202608033829653976.html,0.0,0,0,0
300475,2026-07-31 17:21:00,【盘中播报】182只股长线走稳 站上年线,证券时报网,http://finance.eastmoney.com/a/202607313828414495.html,0.0,0,0,0
300475,2026-07-31 12:45:00,今日172只个股突破年线,证券时报网,http://finance.eastmoney.com/a/202607313828137730.html,1.0,1,0,0
300475,2026-07-31 10:39:00,今日盘中突破年线个股,证券时报网,http://finance.eastmoney.com/a/202607313828069910.html,1.0,1,0,0
300475,2026-08-03 09:37:00,43股获杠杆资金净买入超亿元,证券时报网,http://finance.eastmoney.com/a/202608033829354426.html,0.0,0,0,0
300475,2026-08-05 22:04:00,存储芯片概念上涨6.17%，51股主力资金净流入超亿元,证券时报网,http://finance.eastmoney.com/a/202608053832891924.html,0.0,0,0,0
300475,2026-07-31 17:21:00,电子行业今日净流入资金307.65亿元，东山精密等69股净流入资金超亿元,证券时报网,http://finance.eastmoney.com/a/202607313828409015.html,0.0,0,0,0
300475,2026-07-30 17:45:00,电子行业7月30日资金流向日报,证券时报网,http://finance.eastmoney.com/a/202607303826825345.html,0.0,0,0,0
300749,2026-08-04 16:26:00,今日171只个股跨越牛熊分界线,证券时报网,http://finance.eastmoney.com/a/202608043831214516.html,0.0,0,0,0
300749,2026-07-31 15:30:00,顶固集创成立云算科技公司 含AI硬件销售业务,证券时报网,http://finance.eastmoney.com/a/202607313828275120.html,0.0,0,0,0
300749,2026-07-29 10:48:00,【盘中播报】62只个股跨越牛熊分界线,证券时报网,http://finance.eastmoney.com/a/202607293824889836.html,0.0,0,0,0
300749,2026-07-20 21:02:13,玫瑰岛盈利增长隐忧：期间费用率向行业均值靠拢，“出海”故事难掩价格困局|读懂IPO,时代周报,http://finance.eastmoney.com/a/202607203813620177.html,2.0,2,0,0
300749,2026-06-29 17:05:00,强势股追踪 主力资金连续5日净流入77股,证券时报网,http://finance.eastmoney.com/a/202606293786727381.html,0.0,0,0,0
300749,2026-06-26 16:56:00,强势股追踪 主力资金连续5日净流入74股,证券时报网,http://finance.eastmoney.com/a/202606263784827057.html,0.0,0,0,0
300749,2026-06-25 12:02:00,51只股中线走稳 站上半年线,证券时报网,http://finance.eastmoney.com/a/202606253782810329.html,0.0,0,0,0
300749,2026-06-03 11:05:00,【盘中播报】72只个股突破半年线,证券时报网,http://finance.eastmoney.com/a/202606033758764591.html,1.0,1,0,0
300749,2026-04-27 09:20:57,顶固集创300749.SZ)：2025年年报净利润为891.06万元,界面新闻,http://finance.eastmoney.com/a/202604273719574394.html,-1.25,0,1,0
300749,2026-06-01 14:10:00,177只股中线走稳 站上半年线,证券时报网,http://finance.eastmoney.com/a/202606013755957640.html,0.0,0,0,0
688629,2026-06-27 18:34:00,002485，实控人无期徒刑！688629，下周解禁市值超400亿元,数据宝,http://finance.eastmoney.com/a/202606273785464369.html,-1.25,0,1,0
688629,2026-08-04 18:14:00,8月4日科创板主力资金净流入75.51亿元,证券时报网,http://finance.eastmoney.com/a/202608043831314742.html,0.0,0,0,0
688629,2026-08-03 18:10:00,8月3日科创板主力资金净流出51.64亿元,证券时报网,http://finance.eastmoney.com/a/202608033829906112.html,0.0,0,0,0
688629,2026-07-27 17:52:08,华丰科技：初步确定的本次询价转让价格为126.66元/股,科创板日报,http://finance.eastmoney.com/a/202607273822209217.html,0.0,0,0,0
688629,2026-08-05 22:04:00,科创板平均股价51.52元 19股股价超300元,证券时报网,http://finance.eastmoney.com/a/202608053832894422.html,0.0,0,0,0
688629,2026-08-04 16:48:00,92只科创板股票跻身百元股阵营,证券时报网,http://finance.eastmoney.com/a/202608043831237935.html,0.0,0,0,0
688629,2026-07-31 17:21:00,科创板资金动向：28股主力资金净流入超亿元,证券时报网,http://finance.eastmoney.com/a/202607313828410238.html,0.0,0,0,0
688629,2026-08-03 18:11:00,科创板平均股价48.05元，82股股价超百元,证券时报网,http://finance.eastmoney.com/a/202608033829905225.html,0.0,0,0,0
688629,2026-07-24 19:03:00,华丰科技：股东拟询价转让公司1.39%股份,证券时报网,http://finance.eastmoney.com/a/202607243820624722.html,0.0,0,0,0
688629,2026-07-24 18:53:27,华丰科技：股东拟询价转让651.38万股股份,财联社,http://finance.eastmoney.com/a/202607243820617792.html,0.0,0,0,0
688656,2026-07-15 18:24:00,浩欧博：子公司获7项医疗器械注册证,财中社,http://finance.eastmoney.com/a/202607153807584911.html,0.0,0,0,0
688656,2026-07-15 18:08:07,浩欧博：全资子公司获7项医疗器械注册证,财联社,http://finance.eastmoney.com/a/202607153807571691.html,0.0,0,0,0
688656,2026-07-16 08:01:26,上海开出脑机接口首张处方并成功手术；按病种付费新方案发布在即,21世纪经济报道,http://finance.eastmoney.com/a/202607163808160837.html,1.0,1,0,0
688656,2026-07-06 16:45:00,科创板平均股价61.86元，33股股价超300元,证券时报网,http://finance.eastmoney.com/a/202607063795171716.html,0.0,0,0,0
688656,2026-07-03 16:39:00,科创板百元股达126只，联讯仪器股价最高,证券时报网,http://finance.eastmoney.com/a/202607033793601155.html,0.0,0,0,0
688656,2026-07-02 17:29:00,科创板平均股价62.72元，126股股价超百元,证券时报网,http://finance.eastmoney.com/a/202607023792004973.html,0.0,0,0,0
688656,2026-07-01 16:27:00,科创板平均股价66.46元，133股股价超百元,证券时报网,http://finance.eastmoney.com/a/202607013790231042.html,0.0,0,0,0
688656,2026-06-16 16:01:00,今日突破五日均线个股一览,证券时报网,http://finance.eastmoney.com/a/202606163773040443.html,1.0,1,0,0
688656,2026-06-16 14:12:00,今日636只个股突破五日均线,证券时报网,http://finance.eastmoney.com/a/202606163772938783.html,-2.25,1,1,1
688656,2026-06-22 16:58:00,125只科创板股票跻身百元股阵营,证券时报网,http://finance.eastmoney.com/a/202606223778092234.html,0.0,0,0,0
002842,2026-08-05 16:55:00,有色金属行业资金流入榜：紫金矿业、洛阳钼业等净流入资金居前,证券时报网,http://finance.eastmoney.com/a/202608053832634728.html,0.0,0,0,0
002842,2026-07-28 21:54:39,翔鹭钨业向特定对象发行股票申请获证监会同意注册批复,央广财经,http://finance.eastmoney.com/a/202607283823813913.html,0.0,0,0,0
002842,2026-08-05 12:57:00,90只股上午收盘涨停(附股),证券时报网,http://finance.eastmoney.com/a/202608053832409087.html,0.0,0,0,0
002842,2026-07-29 10:48:00,【数据揭秘】融资客看好个股一览,证券时报网,http://finance.eastmoney.com/a/202607293824889437.html,0.0,0,0,0
002842,2026-07-29 09:36:00,杠杆资金逆市增仓159股,证券时报网,http://finance.eastmoney.com/a/202607293824511840.html,0.0,0,0,0
002842,2026-07-27 10:20:00,【数据揭秘】融资客看好个股一览,证券时报网,http://finance.eastmoney.com/a/202607273821831710.html,0.0,0,0,0
002842,2026-06-11 10:53:00,002842，直线拉涨停,中国基金报,http://finance.eastmoney.com/a/202606113768025183.html,0.0,0,0,0
002842,2026-06-11 12:16:00,小金属爆发！002842、002378涨停,上海证券报,http://finance.eastmoney.com/a/202606113768090063.html,0.0,0,0,0
002842,2026-07-22 21:24:23,广东167家公司发布半年业绩预告，近半数净利润高速增长,第一财经,http://finance.eastmoney.com/a/202607223817622990.html,2.0,2,0,0
002842,2026-07-14 17:22:00,7月14日龙虎榜净卖出额前10个股,南方财经网,http://finance.eastmoney.com/a/202607143805699484.html,0.0,0,0,0
300720,2026-08-04 16:25:45,海川智能300720龙虎榜数据08-04),东方财富Choice数据,http://finance.eastmoney.com/a/202608043831201267.html,0.0,0,0,0
300720,2026-08-05 07:25:00,上证早知道｜301382，签下46亿元算力大单；300720股价异动，收购半导体资产未定,上海证券报,http://finance.eastmoney.com/a/202608053831650184.html,0.0,0,0,0
300720,2026-08-03 18:43:00,53股每笔成交量增长超50%,证券时报网,http://finance.eastmoney.com/a/202608033829919045.html,1.0,1,0,0
300720,2026-08-05 09:53:00,254股融资余额增幅超5%,证券时报网,http://finance.eastmoney.com/a/202608053832233087.html,0.0,0,0,0
300720,2026-08-04 10:29:00,【数据揭秘】融资客看好个股一览,证券时报网,http://finance.eastmoney.com/a/202608043830894311.html,0.0,0,0,0
300720,2026-08-05 09:53:00,26只创业板股获杠杆资金加仓超10%,证券时报网,http://finance.eastmoney.com/a/202608053832233839.html,0.0,0,0,0
300720,2026-08-04 09:26:00,杠杆资金逆市增仓204股,证券时报网,http://finance.eastmoney.com/a/202608043830659653.html,0.0,0,0,0
300720,2026-07-31 17:22:00,今日138只股长线走稳 站上年线,证券时报网,http://finance.eastmoney.com/a/202607313828420098.html,1.0,1,0,0
300720,2026-07-31 17:21:00,【盘中播报】182只股长线走稳 站上年线,证券时报网,http://finance.eastmoney.com/a/202607313828414495.html,1.0,1,0,0
300720,2026-08-04 09:46:00,创业板股融资余额增幅榜（附股）,证券时报网,http://finance.eastmoney.com/a/202608043830741948.html,0.0,0,0,0
688325,2026-08-05 17:24:30,赛微微电688325.SH)：财务总监胡敬宝辞任，聘任李玮俊接任,界面新闻,http://finance.eastmoney.com/a/202608053832663149.html,-1.25,0,1,0
688325,2026-08-05 17:11:00,赛微微电：李玮俊接任财务总监,财中社,http://finance.eastmoney.com/a/202608053832655540.html,0.0,0,0,0
688325,2026-08-05 22:04:00,科创板平均股价51.52元 19股股价超300元,证券时报网,http://finance.eastmoney.com/a/202608053832894422.html,-3.25,0,1,1
688325,2026-08-04 16:48:00,92只科创板股票跻身百元股阵营,证券时报网,http://finance.eastmoney.com/a/202608043831237935.html,0.0,0,0,0
688325,2026-08-03 18:11:00,科创板平均股价48.05元，82股股价超百元,证券时报网,http://finance.eastmoney.com/a/202608033829905225.html,0.0,0,0,0
688325,2026-08-03 18:11:00,深沪北百元股数量达170只，电子行业占比最高,证券时报网,http://finance.eastmoney.com/a/202608033829906556.html,0.0,0,0,0
688325,2026-07-29 09:36:00,236只科创板股融资余额环比增加,证券时报网,http://finance.eastmoney.com/a/202607293824520630.html,0.0,0,0,0
688325,2026-07-31 17:21:00,科创板平均股价49.08元，87股股价超百元,证券时报网,http://finance.eastmoney.com/a/202607313828406741.html,0.0,0,0,0
688325,2026-07-29 09:36:00,杠杆资金净买入居前的科创板股名单,证券时报网,http://finance.eastmoney.com/a/202607293824520238.html,0.0,0,0,0
688325,2026-07-30 21:06:00,科创板平均股价47.50元，82股股价超百元,证券时报网,http://finance.eastmoney.com/a/202607303826992272.html,0.0,0,0,0
300857,2026-08-04 23:11:00,300857，拟使用不超70亿元自有闲置资金委托理财！,证券时报网,http://finance.eastmoney.com/a/202608043831544285.html,1.0,1,0,0
300857,2026-08-04 20:36:35,协创数据：拟使用不超70亿元自有资金进行委托理财,财联社,http://finance.eastmoney.com/a/202608043831404860.html,0.0,0,0,0
300857,2026-06-27 15:26:00,300857，定增80亿元，加码算力租赁与存储,上海证券报,http://finance.eastmoney.com/a/202606273785445867.html,1.0,1,0,0
300857,2026-08-04 11:03:00,今日613只个股突破五日均线,证券时报网,http://finance.eastmoney.com/a/202608043830921532.html,1.0,1,0,0
300857,2026-08-04 16:26:00,749只股短线走稳 站上五日均线,证券时报网,http://finance.eastmoney.com/a/202608043831213642.html,1.0,1,0,0
300857,2026-08-04 13:07:00,今日715只个股突破五日均线,证券时报网,http://finance.eastmoney.com/a/202608043831002510.html,1.0,1,0,0
300857,2026-08-04 16:26:00,144只股中线走稳 站上半年线,证券时报网,http://finance.eastmoney.com/a/202608043831215775.html,0.0,0,0,0
300857,2026-08-04 13:07:00,113只股中线走稳 站上半年线,证券时报网,http://finance.eastmoney.com/a/202608043831003694.html,0.0,0,0,0
300857,2026-08-04 09:26:00,杠杆资金大手笔加仓股名单,证券时报网,http://finance.eastmoney.com/a/202608043830658182.html,0.0,0,0,0
300857,2026-08-05 14:49:22,前脚抛80亿元定增预案，协创数据又拟豪掷70亿元“闲钱”投资理财，一季末有息负债逼近260亿元,深圳商报·读创,http://finance.eastmoney.com/a/202608053832529453.html,0.0,0,0,0
002052,2026-07-14 21:32:11,同洲电子：2026年上半年净利同比预降94.09%-95.57%,中国证券报·中证网,http://finance.eastmoney.com/a/202607143806041196.html,-1.25,0,1,0
002052,2026-07-01 12:08:00,203只股上午收盘涨停(附股),证券时报网,http://finance.eastmoney.com/a/202607013789937137.html,0.0,0,0,0
002052,2026-07-01 15:17:00,226只股涨停 最大封单资金8.13亿元,证券时报网,http://finance.eastmoney.com/a/202607013790154041.html,0.0,0,0,0
002052,2026-06-11 16:51:00,家用电器行业资金流出榜：美的集团等5股净流出资金超5000万元,证券时报网,http://finance.eastmoney.com/a/202606113768322537.html,0.0,0,0,0
002052,2026-06-02 17:57:00,同洲电子二审败诉 需赔偿203名投资者1080万元,财中社,http://finance.eastmoney.com/a/202606023757656459.html,0.0,0,0,0
002052,2026-04-30 16:09:01,较去年同期下降94.84%，同洲电子002052.SZ)2026年一季报净利润为648.60万元,界面新闻,http://finance.eastmoney.com/a/202604303726451261.html,-1.25,0,1,0
002052,2026-06-02 19:14:41,同洲电子二审败诉，需赔偿203名投资者1080万元！大股东减持不断，9个月公司市值蒸发85亿元,深圳商报·读创,http://finance.eastmoney.com/a/202606023757702479.html,-1.25,0,1,0
002052,2026-06-10 17:37:00,筹码新动向：413股筹码趋向集中,证券时报网,http://finance.eastmoney.com/a/202606103766792085.html,0.0,0,0,0
002052,2026-06-09 16:35:00,筹码新动向：403股筹码趋向集中,证券时报网,http://finance.eastmoney.com/a/202606093765149387.html,0.0,0,0,0
002052,2026-05-18 18:17:00,同洲电子：股东拟减持不超过1%公司股份,南方财经网,http://finance.eastmoney.com/a/202605183740613898.html,-1.25,0,1,0
688227,2026-08-03 18:10:00,8月3日科创板主力资金净流出51.64亿元,证券时报网,http://finance.eastmoney.com/a/202608033829906112.html,0.0,0,0,0
688227,2026-07-31 17:22:00,今日138只股长线走稳 站上年线,证券时报网,http://finance.eastmoney.com/a/202607313828420098.html,0.0,0,0,0
688227,2026-07-31 17:21:00,【盘中播报】182只股长线走稳 站上年线,证券时报网,http://finance.eastmoney.com/a/202607313828414495.html,0.0,0,0,0
688227,2026-07-31 12:45:00,今日172只个股突破年线,证券时报网,http://finance.eastmoney.com/a/202607313828137730.html,1.0,1,0,0
688227,2026-07-31 10:39:00,今日盘中突破年线个股,证券时报网,http://finance.eastmoney.com/a/202607313828069910.html,1.0,1,0,0
688227,2026-07-31 17:21:00,华为欧拉概念涨6.74%，主力资金净流入这些股,证券时报网,http://finance.eastmoney.com/a/202607313828406057.html,0.0,0,0,0
688227,2026-07-31 09:08:00,80家科创板公司提前预告上半年业绩,证券时报网,http://finance.eastmoney.com/a/202607313827633428.html,1.0,1,0,0
688227,2026-07-30 09:15:00,77家科创板公司提前预告上半年业绩,证券时报网,http://finance.eastmoney.com/a/202607303825997477.html,1.0,1,0,0
688227,2026-07-29 09:36:00,75家科创板公司提前预告上半年业绩,证券时报网,http://finance.eastmoney.com/a/202607293824539686.html,1.0,1,0,0
688227,2026-07-28 09:43:00,科创板股上半年业绩提前看 39股净利润增幅翻倍,证券时报网,http://finance.eastmoney.com/a/202607283823168859.html,1.0,1,0,0
002364,2026-08-03 18:10:00,电力设备行业今日涨1.12%，主力资金净流入23.25亿元,证券时报网,http://finance.eastmoney.com/a/202608033829905915.html,0.0,0,0,0
002364,2026-08-03 18:10:00,解密主力资金出逃股 连续5日净流出281股,证券时报网,http://finance.eastmoney.com/a/202608033829906439.html,0.0,0,0,0
002364,2026-08-05 22:28:07,【中证快报】8月5日中证投资资讯 | 携手英伟达 SpaceX将推轨道AI计算网络星际大脑,中国证券报·中证金牛座,http://finance.eastmoney.com/a/202608053832901382.html,0.0,0,0,0
002364,2026-07-28 09:32:12,中恒电气：变更回购股份用途为实施股权激励或员工持股计划,中国证券报·中证网,http://finance.eastmoney.com/a/202607283823029432.html,1.0,1,0,0
002364,2026-08-04 16:26:00,涨停股复盘：32股封单超亿元,证券时报网,http://finance.eastmoney.com/a/202608043831214395.html,0.0,0,0,0
002364,2026-07-29 09:36:00,25股获杠杆资金净买入超5000万元,证券时报网,http://finance.eastmoney.com/a/202607293824520473.html,0.0,0,0,0
002364,2026-07-27 16:24:00,4.62亿主力资金净流入，拼多多概念涨4.66%,证券时报网,http://finance.eastmoney.com/a/202607273822128862.html,0.0,0,0,0
002364,2026-07-28 18:47:00,53.82亿元主力资金今日撤离电力设备板块,证券时报网,http://finance.eastmoney.com/a/202607283823622943.html,0.0,0,0,0
002364,2026-07-27 19:18:00,电力设备行业资金流入榜：宁德时代、中利集团等净流入资金居前,证券时报网,http://finance.eastmoney.com/a/202607273822272171.html,0.0,0,0,0
002364,2026-08-03 18:11:00,26.42亿主力资金净流入，核电概念涨2.68%,证券时报网,http://finance.eastmoney.com/a/202608033829906019.html,0.0,0,0,0
300436,2026-06-29 11:11:00,医药股，集体爆发！300436、002821涨停,证券时报,http://finance.eastmoney.com/a/202606293786355829.html,0.0,0,0,0
300436,2026-07-27 18:17:46,广生堂：向特定对象发行股票获证监会同意注册批复,财联社,http://finance.eastmoney.com/a/202607273822225853.html,0.0,0,0,0
300436,2026-07-27 20:53:19,广生堂向特定对象发股注册申请获证监会批复同意,央广财经,http://finance.eastmoney.com/a/202607273822335325.html,0.0,0,0,0
300436,2026-08-05 22:04:00,医药电商概念下跌0.26% 24股主力资金净流出超千万元,证券时报网,http://finance.eastmoney.com/a/202608053832894574.html,-3.25,0,1,1
300436,2026-08-04 21:24:18,药店难买新冠药 有药房员工推荐流感药，药企：已启动应急生产机制,红星资本局,http://finance.eastmoney.com/a/202608043831435694.html,1.0,1,0,0
300436,2026-07-27 16:24:00,辅助生殖概念涨4.35%，主力资金净流入这些股,证券时报网,http://finance.eastmoney.com/a/202607273822130239.html,0.0,0,0,0
300436,2026-07-27 19:17:00,解密主力资金出逃股 连续5日净流出367股,证券时报网,http://finance.eastmoney.com/a/202607273822273283.html,0.0,0,0,0
300436,2026-07-30 16:20:05,新冠已达中流行水平！有电商平台新冠药物销量环比增长翻倍，专家：大型医院储备充足,时代周报,http://finance.eastmoney.com/a/202607303826715545.html,2.0,2,0,0
300436,2026-07-29 17:34:04,连亏5年，接连定增终获批，重压下的广生堂将如何演绎？,理财周刊-财事汇,http://finance.eastmoney.com/a/202607293825178464.html,3.0,3,0,0
300436,2026-07-24 16:43:00,解密主力资金出逃股 连续5日净流出513股,证券时报网,http://finance.eastmoney.com/a/202607243820498179.html,0.0,0,0,0
301248,2026-06-30 23:52:00,301248 近20亿元定增加码智算中心建设,上海证券报·中国证券网,http://finance.eastmoney.com/a/202606303788762957.html,0.0,0,0,0
301248,2026-08-04 11:03:00,今日613只个股突破五日均线,证券时报网,http://finance.eastmoney.com/a/202608043830921532.html,-2.25,1,1,1
301248,2026-08-04 13:07:00,今日715只个股突破五日均线,证券时报网,http://finance.eastmoney.com/a/202608043831002510.html,1.0,1,0,0
301248,2026-08-01 16:30:03,杰创智能：2026年以来公司在国产算力领域已签约项目金额合计约4.3亿元,人民财讯,http://finance.eastmoney.com/a/202608013829031795.html,2.0,2,0,0
301248,2026-08-05 22:04:00,62家公司获海外机构调研,证券时报网,http://finance.eastmoney.com/a/202608053832894114.html,0.0,0,0,0
301248,2026-08-02 17:38:00,杰创智能加速布局智算云集群 上半年AI+云计算业务营收同比增长550%,证券时报网,http://finance.eastmoney.com/a/202608023829136326.html,2.0,2,0,0
301248,2026-08-04 16:48:00,61家公司获海外机构调研,证券时报网,http://finance.eastmoney.com/a/202608043831236892.html,0.0,0,0,0
301248,2026-08-03 18:11:00,56家公司获海外机构调研,证券时报网,http://finance.eastmoney.com/a/202608033829904765.html,0.0,0,0,0
301248,2026-08-05 10:17:00,126家公司获机构调研（附名单）,证券时报网,http://finance.eastmoney.com/a/202608053832281684.html,0.0,0,0,0
301248,2026-07-31 17:21:00,财税数字化概念上涨6.43%，9股主力资金净流入超亿元,证券时报网,http://finance.eastmoney.com/a/202607313828403297.html,0.0,0,0,0
300806,2026-08-05 22:04:00,MLCC概念上涨7.01%，8股主力资金净流入超亿元,证券时报网,http://finance.eastmoney.com/a/202608053832893352.html,0.0,0,0,0
300806,2026-08-05 22:04:00,62家公司获海外机构调研,证券时报网,http://finance.eastmoney.com/a/202608053832894114.html,0.0,0,0,0
300806,2026-08-05 22:04:00,光刻胶概念上涨5.67% 12股主力资金净流入超亿元,证券时报网,http://finance.eastmoney.com/a/202608053832893035.html,0.0,0,0,0
300806,2026-08-04 16:48:00,61家公司获海外机构调研,证券时报网,http://finance.eastmoney.com/a/202608043831236892.html,0.0,0,0,0
300806,2026-07-31 09:52:00,创业板公司融资余额六连降 其间累计减少450.67亿元,证券时报网,http://finance.eastmoney.com/a/202607313828001488.html,0.0,0,0,0
300806,2026-08-03 18:11:00,56家公司获海外机构调研,证券时报网,http://finance.eastmoney.com/a/202608033829904765.html,0.0,0,0,0
300806,2026-07-30 09:40:00,创业板公司融资余额五连降 其间累计减少306.92亿元,证券时报网,http://finance.eastmoney.com/a/202607303826108336.html,0.0,0,0,0
300806,2026-07-29 09:36:00,杠杆资金连续四日减仓创业板股,证券时报网,http://finance.eastmoney.com/a/202607293824538336.html,0.0,0,0,0
300806,2026-07-31 17:21:00,海外机构调研股名单 乐鑫科技最受关注,证券时报网,http://finance.eastmoney.com/a/202607313828407375.html,0.0,0,0,0
300806,2026-07-28 09:43:00,创业板公司融资余额三连降 其间累计减少138.81亿元,证券时报网,http://finance.eastmoney.com/a/202607283823177344.html,0.0,0,0,0
600410,2026-08-04 16:57:11,华胜天成600410龙虎榜数据08-04,东方财富Choice数据,http://finance.eastmoney.com/a/202608043831232174.html,0.0,0,0,0
600410,2026-08-04 19:53:00,华胜天成：主营业务无重大变化，未涉及热点概念,财中社,http://finance.eastmoney.com/a/202608043831370477.html,0.0,0,0,0
600410,2026-08-05 09:22:00,31股受融资客青睐，净买入超亿元,证券时报网,http://finance.eastmoney.com/a/202608053832055192.html,0.0,0,0,0
600410,2026-08-04 16:49:00,49.40亿元主力资金今日抢筹计算机板块,证券时报网,http://finance.eastmoney.com/a/202608043831237578.html,0.0,0,0,0
600410,2026-08-04 13:06:00,85只股上午收盘涨停(附股),证券时报网,http://finance.eastmoney.com/a/202608043831004457.html,0.0,0,0,0
600410,2026-08-04 16:26:00,涨停股复盘：32股封单超亿元,证券时报网,http://finance.eastmoney.com/a/202608043831214395.html,0.0,0,0,0
600410,2026-07-27 19:17:00,9.07亿元资金今日流出计算机股,证券时报网,http://finance.eastmoney.com/a/202607273822272560.html,0.0,0,0,0
600410,2026-07-16 17:06:28,华胜天成披露旗下全资子公司拟出售天数智芯不超22.82万股股份,央广财经,http://finance.eastmoney.com/a/202607163809112966.html,0.0,0,0,0
600410,2026-07-16 15:34:56,华胜天成：全资子公司拟出售天数智芯不超过228200股股票,财联社,http://finance.eastmoney.com/a/202607163809031090.html,0.0,0,0,0
600410,2026-07-16 15:42:00,华胜天成：拟出售不超过22.82万股天数智芯H股股票,证券时报网,http://finance.eastmoney.com/a/202607163809037973.html,0.0,0,0,0
300102,2026-08-05 09:53:00,26只创业板股获杠杆资金加仓超10%,证券时报网,http://finance.eastmoney.com/a/202608053832233839.html,0.0,0,0,0
300102,2026-08-03 18:10:00,电子行业今日净流出资金265.85亿元，兆易创新等58股净流出资金超亿元,证券时报网,http://finance.eastmoney.com/a/202608033829900751.html,0.0,0,0,0
300102,2026-08-04 09:46:00,创业板股融资余额增幅榜（附股）,证券时报网,http://finance.eastmoney.com/a/202608043830741948.html,0.0,0,0,0
300102,2026-08-04 16:49:00,共封装光学(CPO)概念上涨6.76%，58股主力资金净流入超亿元,证券时报网,http://finance.eastmoney.com/a/202608043831237778.html,-3.25,0,1,1
300102,2026-07-30 17:45:00,共封装光学(CPO)概念下跌6.63%，主力资金净流出157股,证券时报网,http://finance.eastmoney.com/a/202607303826815929.html,-3.25,0,1,1
300102,2026-07-24 09:39:00,27只创业板股获杠杆资金加仓超5%,证券时报网,http://finance.eastmoney.com/a/202607243819932759.html,0.0,0,0,0
300102,2026-07-28 16:36:00,共封装光学(CPO)概念下跌5.78%，53股主力资金净流出超亿元,证券时报网,http://finance.eastmoney.com/a/202607283823544248.html,0.0,0,0,0
300102,2026-07-23 09:42:00,创业板融资余额增加11.26亿元 17股获融资客大手笔加仓,证券时报网,http://finance.eastmoney.com/a/202607233818393990.html,0.0,0,0,0
300102,2026-07-22 17:23:00,MicroLED概念下跌2.73%，主力资金净流出52股,证券时报网,http://finance.eastmoney.com/a/202607223817357490.html,0.0,0,0,0
300102,2026-07-22 09:21:00,创业板融资余额增加6.45亿元，41股获融资客大手笔加仓,证券时报网,http://finance.eastmoney.com/a/202607223816573869.html,0.0,0,0,0
000833,2026-08-04 16:49:00,2.34亿元主力资金今日抢筹综合板块,证券时报网,http://finance.eastmoney.com/a/202608043831239371.html,0.0,0,0,0
000833,2026-08-03 18:10:00,132.36万元资金今日流出综合股,证券时报网,http://finance.eastmoney.com/a/202608033829904463.html,0.0,0,0,0
000833,2026-08-03 18:10:00,解密主力资金出逃股 连续5日净流出281股,证券时报网,http://finance.eastmoney.com/a/202608033829906439.html,0.0,0,0,0
000833,2026-07-31 17:22:00,短线防风险 43只个股短期均线现死叉,证券时报网,http://finance.eastmoney.com/a/202607313828417344.html,0.0,0,0,0
000833,2026-07-31 17:21:00,短线防风险 40只个股短期均线现死叉,证券时报网,http://finance.eastmoney.com/a/202607313828405965.html,0.0,0,0,0
000833,2026-07-31 10:39:00,短线防风险 38只个股短期均线现死叉,证券时报网,http://finance.eastmoney.com/a/202607313828068886.html,0.0,0,0,0
000833,2026-07-31 17:21:00,综合行业7月31日资金流向日报,证券时报网,http://finance.eastmoney.com/a/202607313828411035.html,-3.25,0,1,1
000833,2026-07-30 17:45:00,综合行业7月30日资金流向日报,证券时报网,http://finance.eastmoney.com/a/202607303826824692.html,0.0,0,0,0
000833,2026-07-28 18:47:00,1.80亿元主力资金今日撤离综合板块,证券时报网,http://finance.eastmoney.com/a/202607283823623371.html,0.0,0,0,0
000833,2026-07-31 17:22:00,解密主力资金出逃股 连续5日净流出264股,证券时报网,http://finance.eastmoney.com/a/202607313828415575.html,0.0,0,0,0
300731,2026-07-31 17:22:00,解密主力资金出逃股 连续5日净流出264股,证券时报网,http://finance.eastmoney.com/a/202607313828415575.html,0.0,0,0,0
300731,2026-07-27 16:24:00,19.42亿主力资金净流入，富士康概念涨4.41%,证券时报网,http://finance.eastmoney.com/a/202607273822130010.html,0.0,0,0,0
300731,2026-07-23 18:13:00,21.78亿元主力资金今日抢筹基础化工板块,证券时报网,http://finance.eastmoney.com/a/202607233819058078.html,0.0,0,0,0
300731,2026-07-17 11:11:00,7月16日基金调研瞄准这些公司,证券时报网,http://finance.eastmoney.com/a/202607173810490843.html,0.0,0,0,0
300731,2026-07-13 10:33:00,科创新源：拟简易定增1.23亿元布局液冷 前次汽车水冷板项目效益不及预期,南方财经网,http://finance.eastmoney.com/a/202607133803217917.html,0.0,0,0,0
300731,2026-07-10 18:35:08,科创新源：拟募资不超1.23亿元用于数据中心液冷部件等项目,财联社,http://finance.eastmoney.com/a/202607103801981114.html,0.0,0,0,0
300731,2026-07-23 09:07:00,144家公司获机构调研（附名单）,证券时报网,http://finance.eastmoney.com/a/202607233818199617.html,0.0,0,0,0
300731,2026-07-21 09:38:00,152家公司获机构调研（附名单）,证券时报网,http://finance.eastmoney.com/a/202607213814402070.html,0.0,0,0,0
300731,2026-07-20 09:33:00,136家公司获机构调研（附名单）,证券时报网,http://finance.eastmoney.com/a/202607203812135954.html,0.0,0,0,0
300731,2026-07-09 14:10:00,【盘中播报】75只个股突破半年线,证券时报网,http://finance.eastmoney.com/a/202607093799907089.html,1.0,1,0,0
688011,2026-08-03 15:53:00,561只股短线走稳 站上五日均线,证券时报网,http://finance.eastmoney.com/a/202608033829771613.html,-3.25,0,1,1
688011,2026-08-03 14:45:00,493只股短线走稳 站上五日均线,证券时报网,http://finance.eastmoney.com/a/202608033829736211.html,0.0,0,0,0
688011,2026-08-03 15:53:00,今日86只个股突破半年线,证券时报网,http://finance.eastmoney.com/a/202608033829772194.html,1.0,1,0,0
688011,2026-08-03 14:45:00,72只股中线走稳 站上半年线,证券时报网,http://finance.eastmoney.com/a/202608033829736514.html,-3.25,0,1,1
688011,2026-08-03 10:47:00,今日盘中突破半年线个股,证券时报网,http://finance.eastmoney.com/a/202608033829582415.html,1.0,1,0,0
688011,2026-07-27 09:43:00,192只科创板股融资余额环比增加,证券时报网,http://finance.eastmoney.com/a/202607273821604196.html,0.0,0,0,0
688011,2026-07-24 09:14:00,科创板股融资融券余额每日变动（7月23日）,证券时报网,http://finance.eastmoney.com/a/202607243819836760.html,0.0,0,0,0
688011,2026-07-21 09:38:00,113只科创板股融资余额环比增加,证券时报网,http://finance.eastmoney.com/a/202607213814388841.html,0.0,0,0,0
688011,2026-07-21 09:38:00,23只科创板股融资余额增加超500万元,证券时报网,http://finance.eastmoney.com/a/202607213814398298.html,0.0,0,0,0
688011,2026-07-13 16:55:00,强势股追踪 主力资金连续5日净流入106股,证券时报网,http://finance.eastmoney.com/a/202607133803845763.html,0.0,0,0,0
603822,2026-07-29 15:56:00,短线防风险 13只个股短期均线现死叉,证券时报网,http://finance.eastmoney.com/a/202607293825097862.html,0.0,0,0,0
603822,2026-07-14 10:20:00,8只ST股预计2026年上半年业绩预盈,证券时报网,http://finance.eastmoney.com/a/202607143805145953.html,-3.25,0,1,1
603822,2026-07-17 10:21:00,126只ST股预告2026年上半年业绩,证券时报网,http://finance.eastmoney.com/a/202607173810288460.html,-2.25,1,1,1
603822,2026-07-09 10:15:00,6只ST股预告2026年上半年业绩,证券时报网,http://finance.eastmoney.com/a/202607093799593443.html,-3.25,0,1,1
603822,2026-07-16 10:25:00,126只ST股预告2026年上半年业绩 17股净利预盈,证券时报网,http://finance.eastmoney.com/a/202607163808746828.html,-2.25,1,1,1
603822,2026-07-08 10:24:00,6只ST股预告2026年上半年业绩 3股净利预盈,证券时报网,http://finance.eastmoney.com/a/202607083798013716.html,-3.25,0,1,1
603822,2026-07-15 10:31:00,125只ST股预告2026年上半年业绩,证券时报网,http://finance.eastmoney.com/a/202607153807170424.html,-2.25,1,1,1
603822,2026-07-03 19:14:00,ST嘉澳：预计上半年净利润6000万元到9000万元 同比扭亏为盈,证券时报网,http://finance.eastmoney.com/a/202607033793715576.html,-3.5,1,2,1
603822,2026-07-03 19:04:58,ST嘉澳：预计2026年半年度净利润6000万元-9000万元 同比扭亏为盈,财联社,http://finance.eastmoney.com/a/202607033793709636.html,-2.25,1,1,1
603822,2026-07-03 23:49:23,ST嘉澳：预计2026年上半年盈利6000万元-9000万元 同比扭亏,中国证券报·中证网,http://finance.eastmoney.com/a/202607033793935321.html,-1.5,3,2,1
688622,2026-07-28 16:57:09,*ST禾信688622龙虎榜数据(07-28,东方财富Choice数据,http://finance.eastmoney.com/a/202607283823550485.html,-3.25,0,1,1
688622,2026-07-24 16:57:35,*ST禾信688622龙虎榜数据(07-24),东方财富Choice数据,http://finance.eastmoney.com/a/202607243820509356.html,-3.25,0,1,1
688622,2026-07-28 21:54:31,*ST禾信披露股票交易异常波动公告 连续3个交易日收盘价涨幅偏离值累计超30%,央广财经,http://finance.eastmoney.com/a/202607283823815262.html,-3.25,0,1,1
688622,2026-08-05 22:04:00,科创板平均股价51.52元 19股股价超300元,证券时报网,http://finance.eastmoney.com/a/202608053832894422.html,0.0,0,0,0
688622,2026-08-04 16:48:00,92只科创板股票跻身百元股阵营,证券时报网,http://finance.eastmoney.com/a/202608043831237935.html,0.0,0,0,0
688622,2026-08-03 18:11:00,科创板平均股价48.05元，82股股价超百元,证券时报网,http://finance.eastmoney.com/a/202608033829905225.html,0.0,0,0,0
688622,2026-07-28 12:02:00,今日30只个股突破年线,证券时报网,http://finance.eastmoney.com/a/202607283823307628.html,1.0,1,0,0
688622,2026-07-28 16:37:00,【盘中播报】30只个股跨越牛熊分界线,证券时报网,http://finance.eastmoney.com/a/202607283823543969.html,0.0,0,0,0
688622,2026-07-28 16:36:00,今日突破年线个股,证券时报网,http://finance.eastmoney.com/a/202607283823543772.html,-2.25,1,1,1
688622,2026-07-28 10:42:00,【盘中播报】31只股长线走稳 站上年线,证券时报网,http://finance.eastmoney.com/a/202607283823258693.html,0.0,0,0,0
002046,2026-08-05 22:04:00,14股今日获机构买入评级,证券时报网,http://finance.eastmoney.com/a/202608053832890846.html,0.0,0,0,0
002046,2026-08-05 22:04:00,培育钻石概念涨5.52%，主力资金净流入13股,证券时报网,http://finance.eastmoney.com/a/202608053832892353.html,0.0,0,0,0
002046,2026-08-05 22:04:00,75.52亿主力资金净流入，中芯国际概念涨6.56%,证券时报网,http://finance.eastmoney.com/a/202608053832893849.html,0.0,0,0,0
002046,2026-08-04 16:48:00,中芯国际概念涨5.79%，主力资金净流入这些股,证券时报网,http://finance.eastmoney.com/a/202608043831236480.html,0.0,0,0,0
002046,2026-08-03 18:11:00,中芯国际概念下跌3.81%，主力资金净流出62股,证券时报网,http://finance.eastmoney.com/a/202608033829907623.html,0.0,0,0,0
002046,2026-08-04 09:25:00,135家公司获机构调研（附名单）,证券时报网,http://finance.eastmoney.com/a/202608043830656569.html,-3.25,0,1,1
002046,2026-08-03 09:56:00,117家公司获机构调研（附名单）,证券时报网,http://finance.eastmoney.com/a/202608033829486127.html,0.0,0,0,0
002046,2026-07-30 17:45:00,中芯国际概念下跌6.72%，主力资金净流出67股,证券时报网,http://finance.eastmoney.com/a/202607303826814060.html,0.0,0,0,0
002046,2026-07-31 09:08:00,110家公司获机构调研（附名单）,证券时报网,http://finance.eastmoney.com/a/202607313827628593.html,0.0,0,0,0
002046,2026-07-31 08:30:00,IPO雷达| 长城精工转战创业板，毛利率三连降,界面新闻,http://finance.eastmoney.com/a/202607313828766191.html,0.0,0,0,0
301018,2026-07-28 16:26:05,申菱环境301018龙虎榜数据07-28,东方财富Choice数据,http://finance.eastmoney.com/a/202607283823512520.html,0.0,0,0,0
301018,2026-08-03 18:11:00,成飞概念上涨2.69%，9股主力资金净流入超千万元,证券时报网,http://finance.eastmoney.com/a/202608033829904169.html,0.0,0,0,0
301018,2026-08-03 18:11:00,柔性直流输电概念涨2.99%，主力资金净流入这些股,证券时报网,http://finance.eastmoney.com/a/202608033829904360.html,0.0,0,0,0
301018,2026-08-04 15:15:00,A股午后走高，创指大涨5.64%：算力硬件产业链大幅反弹,澎湃新闻,http://finance.eastmoney.com/a/202608043831147736.html,0.0,0,0,0
301018,2026-07-28 21:15:00,深股通现身13只个股龙虎榜,证券时报网,http://finance.eastmoney.com/a/202607283823777471.html,0.0,0,0,0
301018,2026-08-03 18:11:00,抽水蓄能概念涨2.78%，主力资金净流入43股,证券时报网,http://finance.eastmoney.com/a/202608033829906233.html,0.0,0,0,0
301018,2026-07-28 11:54:00,通用设备概念走弱，通用设备制造等八行业试点征收挥发性有机物环保税|异动情报,21世纪经济报道,http://finance.eastmoney.com/a/202607283823304059.html,0.0,0,0,0
301018,2026-08-03 18:11:00,12.37亿主力资金净流入，可控核聚变概念涨2.88%,证券时报网,http://finance.eastmoney.com/a/202608033829905351.html,0.0,0,0,0
301018,2026-07-28 11:54:00,通用设备概念走弱，8行业试点征收挥发性有机物环保税|异动情报,南方财经网,http://finance.eastmoney.com/a/202607283823304516.html,0.0,0,0,0
301018,2026-07-27 15:28:00,124只股中线走稳 站上半年线,证券时报网,http://finance.eastmoney.com/a/202607273822080882.html,0.0,0,0,0
000533,2026-08-05 16:26:13,顺钠股份000533龙虎榜数据08-05,东方财富Choice数据,http://finance.eastmoney.com/a/202608053832592120.html,0.0,0,0,0
000533,2026-08-03 16:26:12,顺钠股份000533龙虎榜数据08-03,东方财富Choice数据,http://finance.eastmoney.com/a/202608033829798461.html,0.0,0,0,0
000533,2026-07-29 16:26:02,顺钠股份000533龙虎榜数据07-29),东方财富Choice数据,http://finance.eastmoney.com/a/202607293825116756.html,0.0,0,0,0
000533,2026-07-28 16:26:22,顺钠股份000533龙虎榜数据07-28),东方财富Choice数据,http://finance.eastmoney.com/a/202607283823514596.html,0.0,0,0,0
000533,2026-07-24 16:26:09,顺钠股份000533龙虎榜数据07-24),东方财富Choice数据,http://finance.eastmoney.com/a/202607243820470714.html,0.0,0,0,0
000533,2026-08-05 22:03:00,深股通现身14只个股龙虎榜,证券时报网,http://finance.eastmoney.com/a/202608053832886640.html,0.0,0,0,0
000533,2026-08-03 18:43:00,深股通现身12只个股龙虎榜,证券时报网,http://finance.eastmoney.com/a/202608033829918936.html,0.0,0,0,0
000533,2026-08-05 22:04:00,66只A股筹码大换手（8月5日）,证券时报网,http://finance.eastmoney.com/a/202608053832892480.html,0.0,0,0,0
000533,2026-08-03 18:43:00,营业部最青睐个股曝光 6股净买入超亿元,证券时报网,http://finance.eastmoney.com/a/202608033829918720.html,0.0,0,0,0
000533,2026-08-05 22:03:00,龙虎榜机构新动向：净买入15股,证券时报网,http://finance.eastmoney.com/a/202608053832884862.html,0.0,0,0,0
301183,2026-08-05 09:06:12,东田微成立新公司 含半导体分立器件业务,人民财讯,http://finance.eastmoney.com/a/202608053831936898.html,0.0,0,0,0
301183,2026-08-05 09:06:00,东田微成立新公司 含半导体分立器件业务,证券时报网,http://finance.eastmoney.com/a/202608053831978343.html,0.0,0,0,0
301183,2026-08-04 16:48:00,F5G概念上涨5.74%，9股主力资金净流入超亿元,证券时报网,http://finance.eastmoney.com/a/202608043831234826.html,0.0,0,0,0
301183,2026-07-30 17:45:00,F5G概念下跌6.73%，主力资金净流出29股,证券时报网,http://finance.eastmoney.com/a/202607303826817458.html,0.0,0,0,0
301183,2026-07-29 20:18:00,F5G概念下跌1.55%，7股主力资金净流出超亿元,证券时报网,http://finance.eastmoney.com/a/202607293825301444.html,0.0,0,0,0
301183,2026-08-04 16:49:00,共封装光学(CPO)概念上涨6.76%，58股主力资金净流入超亿元,证券时报网,http://finance.eastmoney.com/a/202608043831237778.html,0.0,0,0,0
301183,2026-07-31 17:22:00,解密主力资金出逃股 连续5日净流出264股,证券时报网,http://finance.eastmoney.com/a/202607313828415575.html,0.0,0,0,0
301183,2026-08-03 18:11:00,深沪北百元股数量达170只，电子行业占比最高,证券时报网,http://finance.eastmoney.com/a/202608033829906556.html,0.0,0,0,0
301183,2026-07-20 20:22:00,东田微：选举向南为职工代表董事,财中社,http://finance.eastmoney.com/a/202607203813564334.html,0.0,0,0,0
301183,2026-07-31 17:21:00,深沪北百元股数量达181只，科创板股票占48.07%,证券时报网,http://finance.eastmoney.com/a/202607313828416972.html,0.0,0,0,0
300718,2026-07-04 15:17:56,300718股价大涨35%！“超级赛道”又火了 多只A股紧急公告！,证券时报,http://finance.eastmoney.com/a/202607043794180921.html,0.0,0,0,0
300718,2026-08-05 16:21:11,宇树科技今起询价 这些影子股公司坐等IPO红利,21世纪经济报道,http://finance.eastmoney.com/a/202608053832595091.html,2.0,2,0,0
300718,2026-08-03 18:11:00,26.42亿主力资金净流入，核电概念涨2.68%,证券时报网,http://finance.eastmoney.com/a/202608033829906019.html,0.0,0,0,0
300718,2026-07-03 18:14:00,长盛轴承：具身智能零部件领域的收入在主营业务收入中占比不足1%,证券时报网,http://finance.eastmoney.com/a/202607033793685929.html,0.0,0,0,0
300718,2026-07-03 18:11:30,长盛轴承：在具身智能零部件领域的收入在主营业务收入中占比低,财联社,http://finance.eastmoney.com/a/202607033793678931.html,0.0,0,0,0
300718,2026-07-03 16:11:36,7月3日A股冲高回落创业板指微涨0.07% 机器人概念掀涨停潮,央广财经,http://finance.eastmoney.com/a/202607033793576259.html,0.0,0,0,0
300718,2026-07-03 21:57:00,深股通现身22只个股龙虎榜,证券时报网,http://finance.eastmoney.com/a/202607033793860665.html,0.0,0,0,0
300718,2026-07-03 21:52:00,营业部最青睐个股曝光 9股净买入超亿元,证券时报网,http://finance.eastmoney.com/a/202607033793854952.html,0.0,0,0,0
300718,2026-07-06 16:46:00,48.81亿元资金今日流出机械设备股,证券时报网,http://finance.eastmoney.com/a/202607063795176998.html,0.0,0,0,0
300718,2026-07-02 12:13:00,工程机械板块走强，行业“淡季不淡”、订单爆满 | 异动情报,21世纪经济报道,http://finance.eastmoney.com/a/202607023791665284.html,1.0,1,0,0
688702,2026-08-05 22:04:00,国家大基金持股概念涨6.44%，主力资金净流入这些股,证券时报网,http://finance.eastmoney.com/a/202608053832893792.html,0.0,0,0,0
688702,2026-08-04 18:14:00,8月4日科创板主力资金净流入75.51亿元,证券时报网,http://finance.eastmoney.com/a/202608043831314742.html,0.0,0,0,0
688702,2026-08-04 16:48:00,国家大基金持股概念上涨5.73%，17股主力资金净流入超亿元,证券时报网,http://finance.eastmoney.com/a/202608043831236575.html,0.0,0,0,0
688702,2026-08-03 18:10:00,8月3日科创板主力资金净流出51.64亿元,证券时报网,http://finance.eastmoney.com/a/202608033829906112.html,0.0,0,0,0
688702,2026-08-03 18:11:00,国家大基金持股概念下跌4.49%，主力资金净流出35股,证券时报网,http://finance.eastmoney.com/a/202608033829905625.html,0.0,0,0,0
688702,2026-08-03 18:10:00,电子行业今日净流出资金265.85亿元，兆易创新等58股净流出资金超亿元,证券时报网,http://finance.eastmoney.com/a/202608033829900751.html,0.0,0,0,0
688702,2026-08-03 09:37:00,43股获杠杆资金净买入超亿元,证券时报网,http://finance.eastmoney.com/a/202608033829354426.html,0.0,0,0,0
688702,2026-08-03 09:37:00,275只科创板股融资余额环比增加,证券时报网,http://finance.eastmoney.com/a/202608033829353612.html,0.0,0,0,0
688702,2026-08-04 16:48:00,92只科创板股票跻身百元股阵营,证券时报网,http://finance.eastmoney.com/a/202608043831237935.html,0.0,0,0,0
688702,2026-07-30 17:45:00,短线防风险 58只个股短期均线现死叉,证券时报网,http://finance.eastmoney.com/a/202607303826814733.html,0.0,0,0,0
300604,2026-07-21 16:28:40,长川科技300604龙虎榜数据07-21),东方财富Choice数据,http://finance.eastmoney.com/a/202607213815557287.html,0.0,0,0,0
300604,2026-08-06 09:11:14,长川科技：2025年定增股份1116.36万股将于8月7日上市,中国证券报·中证网,http://finance.eastmoney.com/a/202608063833386286.html,0.0,0,0,0
300604,2026-08-05 22:04:00,国家大基金持股概念涨6.44%，主力资金净流入这些股,证券时报网,http://finance.eastmoney.com/a/202608053832893792.html,0.0,0,0,0
300604,2026-08-05 09:53:00,26只创业板股获杠杆资金加仓超10%,证券时报网,http://finance.eastmoney.com/a/202608053832233839.html,0.0,0,0,0
300604,2026-08-03 18:11:00,国家大基金持股概念下跌4.49%，主力资金净流出35股,证券时报网,http://finance.eastmoney.com/a/202608033829905625.html,0.0,0,0,0
300604,2026-06-23 07:51:00,002648、300604，预告上半年业绩大增！英伟达官宣Rubin全液冷方案，融资客大举加仓这些概念股,数据宝,http://finance.eastmoney.com/a/202606233778687128.html,2.0,2,0,0
300604,2026-06-23 06:51:00,上证早知道｜300604，业绩最高预增134.18%；大牛股688146，停牌核查；603159，终止控制权变更,上海证券报,http://finance.eastmoney.com/a/202606233778510410.html,0.75,2,1,0
300604,2026-08-03 18:10:00,电子行业今日净流出资金265.85亿元，兆易创新等58股净流出资金超亿元,证券时报网,http://finance.eastmoney.com/a/202608033829900751.html,0.0,0,0,0
300604,2026-08-04 09:46:00,创业板股融资余额增幅榜（附股）,证券时报网,http://finance.eastmoney.com/a/202608043830741948.html,0.0,0,0,0
300604,2026-08-03 18:10:00,主力动向：8月3日特大单净流出248.39亿元,证券时报网,http://finance.eastmoney.com/a/202608033829903122.html,0.0,0,0,0
603667,2026-08-01 10:02:12,一台机器人的“入学考”：杭州国家级中试基地探营 谁在帮宇树、星海图们补齐“毕业证”？,财联社,http://finance.eastmoney.com/a/202608013828993943.html,1.0,1,0,0
603667,2026-07-10 10:53:00,短线防风险 520只个股短期均线现死叉,证券时报网,http://finance.eastmoney.com/a/202607103801457758.html,0.0,0,0,0
603667,2026-07-09 16:26:00,特钢概念下跌1.12%，主力资金净流出29股,证券时报网,http://finance.eastmoney.com/a/202607093800055112.html,0.0,0,0,0
603667,2026-07-02 09:55:53,人形机器人板块7月2日逆势上行 日盈电子封涨停,央广财经,http://finance.eastmoney.com/a/202607023791319710.html,0.0,0,0,0
603667,2026-07-06 16:46:00,48.81亿元资金今日流出机械设备股,证券时报网,http://finance.eastmoney.com/a/202607063795176998.html,0.0,0,0,0
603667,2026-07-08 16:36:00,减速器概念下跌4.74%，主力资金净流出92股,证券时报网,http://finance.eastmoney.com/a/202607083798407114.html,0.0,0,0,0
603667,2026-07-03 16:39:00,机械设备行业7月3日资金流向日报,证券时报网,http://finance.eastmoney.com/a/202607033793596321.html,0.0,0,0,0
603667,2026-07-02 17:29:00,70.25亿元主力资金今日撤离机械设备板块,证券时报网,http://finance.eastmoney.com/a/202607023792010955.html,0.0,0,0,0
603667,2026-07-01 16:39:00,机械设备行业资金流出榜：华工科技等25股净流出资金超亿元,证券时报网,http://finance.eastmoney.com/a/202607013790259754.html,0.0,0,0,0
603667,2026-07-03 16:39:00,减速器概念上涨5.74%，20股主力资金净流入超亿元,证券时报网,http://finance.eastmoney.com/a/202607033793599842.html,0.0,0,0,0
002837,2026-08-05 16:55:00,机械设备行业今日涨3.20%，主力资金净流入47.01亿元,证券时报网,http://finance.eastmoney.com/a/202608053832637680.html,0.0,0,0,0
002837,2026-08-04 16:48:00,英伟达概念涨5.76%，主力资金净流入53股,证券时报网,http://finance.eastmoney.com/a/202608043831236148.html,0.0,0,0,0
002837,2026-07-30 17:45:00,机械设备行业今日净流出资金53.56亿元，华工科技等16股净流出资金超亿元,证券时报网,http://finance.eastmoney.com/a/202607303826815019.html,0.0,0,0,0
002837,2026-07-29 20:19:00,机械设备行业资金流出榜：大族激光等10股净流出资金超亿元,证券时报网,http://finance.eastmoney.com/a/202607293825303687.html,0.0,0,0,0
002837,2026-07-27 19:18:00,机械设备行业今日净流入资金37.89亿元，正帆科技等15股净流入资金超亿元,证券时报网,http://finance.eastmoney.com/a/202607273822271421.html,0.0,0,0,0
002837,2026-07-28 00:11:24,“液冷三剑客”之一高澜股份迎来“00后”副总，为董事长之女，三年前参与定增但失败，公司已多年无实控人,每日经济新闻,http://finance.eastmoney.com/a/202607283822487751.html,-1.25,0,1,0
002837,2026-07-23 18:13:00,中国AI 50概念下跌1.71%，22股主力资金净流出超亿元,证券时报网,http://finance.eastmoney.com/a/202607233819050854.html,0.0,0,0,0
002837,2026-07-22 11:53:48,华夏网购精选混合A：2026年第二季度利润2109.23万元 净值增长率10.58%,中国证券报·中证网,http://finance.eastmoney.com/a/202607223817031578.html,1.0,1,0,0
002837,2026-07-21 16:49:00,14.27亿元主力资金今日抢筹机械设备板块,证券时报网,http://finance.eastmoney.com/a/202607213815604598.html,0.0,0,0,0
002837,2026-07-20 16:32:00,机械设备行业资金流出榜：华工科技、绿的谐波等净流出资金居前,证券时报网,http://finance.eastmoney.com/a/202607203813308565.html,0.0,0,0,0
002428,2026-08-05 10:17:00,小金属爆发！002428，“一字”涨停,上海证券报,http://finance.eastmoney.com/a/202608053832290173.html,0.0,0,0,0
002428,2026-08-05 16:25:48,云南锗业002428龙虎榜数据08-05),东方财富Choice数据,http://finance.eastmoney.com/a/202608053832590615.html,0.0,0,0,0
002428,2026-07-03 17:43:37,云南锗业002428.SZ)：副总经理普世坤因工作调整辞职，继续担任技术中心主任,界面新闻,http://finance.eastmoney.com/a/202607033793667682.html,0.0,0,0,0
002428,2026-08-05 17:08:00,8月5日龙虎榜净买入额前10个股,南方财经网,http://finance.eastmoney.com/a/202608053832649942.html,0.0,0,0,0
002428,2026-08-05 18:59:52,汇绿生态4天3板，MLCC概念涨幅居前丨强势个股,21世纪经济报道,http://finance.eastmoney.com/a/202608053832725297.html,0.0,0,0,0
002428,2026-08-05 22:03:00,深股通现身14只个股龙虎榜,证券时报网,http://finance.eastmoney.com/a/202608053832886640.html,0.0,0,0,0
002428,2026-08-04 13:07:00,113只股中线走稳 站上半年线,证券时报网,http://finance.eastmoney.com/a/202608043831003694.html,0.0,0,0,0
002428,2026-08-04 11:03:00,【盘中播报】86只个股突破半年线,证券时报网,http://finance.eastmoney.com/a/202608043830922356.html,1.0,1,0,0
002428,2026-08-05 16:55:00,有色金属行业资金流入榜：紫金矿业、洛阳钼业等净流入资金居前,证券时报网,http://finance.eastmoney.com/a/202608053832634728.html,0.0,0,0,0
002428,2026-08-05 16:55:00,主力动向：8月5日特大单净流入520.08亿元,证券时报网,http://finance.eastmoney.com/a/202608053832637776.html,0.0,0,0,0
603009,2026-08-05 16:21:11,宇树科技今起询价 这些影子股公司坐等IPO红利,21世纪经济报道,http://finance.eastmoney.com/a/202608053832595091.html,1.0,1,0,0
603009,2026-07-31 17:22:00,涨停股复盘：17股封单超亿元,证券时报网,http://finance.eastmoney.com/a/202607313828416540.html,0.0,0,0,0
603009,2026-07-20 16:49:00,北特科技：798万股限售股将于7月27日上市流通,财中社,http://finance.eastmoney.com/a/202607203813326212.html,0.0,0,0,0
603009,2026-07-10 15:24:00,今日69只个股跨越牛熊分界线,证券时报网,http://finance.eastmoney.com/a/202607103801774889.html,0.0,0,0,0
603009,2026-07-10 14:12:00,今日盘中突破年线个股,证券时报网,http://finance.eastmoney.com/a/202607103801698171.html,1.0,1,0,0
603009,2026-07-10 11:42:00,今日90只股长线走稳 站上年线,证券时报网,http://finance.eastmoney.com/a/202607103801519870.html,0.0,0,0,0
603009,2026-07-10 10:53:00,【盘中播报】69只个股突破年线,证券时报网,http://finance.eastmoney.com/a/202607103801459883.html,1.0,1,0,0
603009,2026-07-14 20:52:07,扣非净利三年连降、负债或激增超3倍：兆丰股份14亿元押注人形机器人丝杠风险凸显,时代周报,http://finance.eastmoney.com/a/202607143805990275.html,2.0,2,0,0
603009,2026-07-07 09:21:00,203家公司获机构调研（附名单）,证券时报网,http://finance.eastmoney.com/a/202607073796004225.html,0.0,0,0,0
603009,2026-07-03 16:39:00,61.15亿主力资金净流入，汽车热管理概念涨4.03%,证券时报网,http://finance.eastmoney.com/a/202607033793602197.html,0.0,0,0,0
000962,2026-08-05 16:55:00,有色金属行业资金流入榜：紫金矿业、洛阳钼业等净流入资金居前,证券时报网,http://finance.eastmoney.com/a/202608053832634728.html,0.0,0,0,0
000962,2026-08-05 12:57:00,90只股上午收盘涨停(附股),证券时报网,http://finance.eastmoney.com/a/202608053832409087.html,0.0,0,0,0
000962,2026-08-04 13:06:00,85只股上午收盘涨停(附股),证券时报网,http://finance.eastmoney.com/a/202608043831004457.html,0.0,0,0,0
000962,2026-08-03 18:11:00,航空发动机概念涨2.67%，主力资金净流入47股,证券时报网,http://finance.eastmoney.com/a/202608033829906398.html,0.0,0,0,0
000962,2026-08-03 18:11:00,12.37亿主力资金净流入，可控核聚变概念涨2.88%,证券时报网,http://finance.eastmoney.com/a/202608033829905351.html,0.0,0,0,0
000962,2026-08-04 16:26:00,涨停股复盘：32股封单超亿元,证券时报网,http://finance.eastmoney.com/a/202608043831214395.html,0.0,0,0,0
000962,2026-07-29 10:48:00,【数据揭秘】融资客看好个股一览,证券时报网,http://finance.eastmoney.com/a/202607293824889437.html,0.0,0,0,0
000962,2026-07-30 09:40:00,两融余额缩水256.42亿元 杠杆资金大幅加仓110股,证券时报网,http://finance.eastmoney.com/a/202607303826112257.html,0.0,0,0,0
000962,2026-07-31 09:52:00,两融余额三连降 杠杆资金大幅减仓41股,证券时报网,http://finance.eastmoney.com/a/202607313827891189.html,0.0,0,0,0
000962,2026-08-03 18:11:00,26.42亿主力资金净流入，核电概念涨2.68%,证券时报网,http://finance.eastmoney.com/a/202608033829906019.html,0.0,0,0,0
301128,2026-08-05 22:04:00,光刻机概念涨6.09% 主力资金净流入33股,证券时报网,http://finance.eastmoney.com/a/202608053832892954.html,0.0,0,0,0
301128,2026-08-04 16:49:00,光刻机概念上涨6.64%，8股主力资金净流入超亿元,证券时报网,http://finance.eastmoney.com/a/202608043831235028.html,0.0,0,0,0
301128,2026-08-03 18:11:00,光刻机概念下跌2.67%，主力资金净流出35股,证券时报网,http://finance.eastmoney.com/a/202608033829905783.html,0.0,0,0,0
301128,2026-07-30 17:45:00,光刻机概念下跌6.91%，主力资金净流出41股,证券时报网,http://finance.eastmoney.com/a/202607303826815414.html,0.0,0,0,0
301128,2026-08-04 16:49:00,共封装光学(CPO)概念上涨6.76%，58股主力资金净流入超亿元,证券时报网,http://finance.eastmoney.com/a/202608043831237778.html,0.0,0,0,0
301128,2026-07-30 17:45:00,共封装光学(CPO)概念下跌6.63%，主力资金净流出157股,证券时报网,http://finance.eastmoney.com/a/202607303826815929.html,0.0,0,0,0
301128,2026-07-27 16:24:00,19.42亿主力资金净流入，富士康概念涨4.41%,证券时报网,http://finance.eastmoney.com/a/202607273822130010.html,0.0,0,0,0
301128,2026-07-28 16:36:00,共封装光学(CPO)概念下跌5.78%，53股主力资金净流出超亿元,证券时报网,http://finance.eastmoney.com/a/202607283823544248.html,0.0,0,0,0
301128,2026-07-27 16:24:00,110.53亿主力资金净流入，PCB概念涨4.47%,证券时报网,http://finance.eastmoney.com/a/202607273822128612.html,0.0,0,0,0
301128,2026-07-21 17:05:00,光刻机概念涨8.43%，主力资金净流入20股,证券时报网,http://finance.eastmoney.com/a/202607213815637925.html,0.0,0,0,0
600289,2026-07-23 16:56:42,ST信通600289龙虎榜数据07-23),东方财富Choice数据,http://finance.eastmoney.com/a/202607233818969948.html,-3.25,0,1,1
600289,2026-07-22 16:57:26,ST信通600289龙虎榜数据07-22,东方财富Choice数据,http://finance.eastmoney.com/a/202607223817313996.html,-3.25,0,1,1
600289,2026-07-23 18:13:00,ST信通7月23日龙虎榜数据,证券时报网,http://finance.eastmoney.com/a/202607233819048385.html,-3.25,0,1,1
600289,2026-07-23 23:38:12,ST信通回复问询函：短期不可控因素所致，不存在持续亏损风险,每日经济新闻,http://finance.eastmoney.com/a/202607233819329443.html,-8.25,0,5,1
600289,2026-07-23 18:13:00,129只股涨停 最大封单资金11.37亿元,证券时报网,http://finance.eastmoney.com/a/202607233819050964.html,-3.25,0,1,1
600289,2026-07-22 15:12:41,算力卡定制“赔本赚吆喝”？ST信通年报问询函回复出炉：约53%收入来自毛利率1.5%的新业务,每日经济新闻,http://finance.eastmoney.com/a/202607223817215188.html,-5.75,0,3,1
600289,2026-07-14 22:45:15,ST信通：预计2026年上半年亏损9500万元-1.35亿元,中国证券报·中证网,http://finance.eastmoney.com/a/202607143806136975.html,-4.5,0,2,1
600289,2026-07-17 10:21:00,126只ST股预告2026年上半年业绩,证券时报网,http://finance.eastmoney.com/a/202607173810288460.html,-3.25,0,1,1
600289,2026-07-16 10:25:00,126只ST股预告2026年上半年业绩 17股净利预盈,证券时报网,http://finance.eastmoney.com/a/202607163808746828.html,-3.25,0,1,1
600289,2026-07-15 10:31:00,125只ST股预告2026年上半年业绩,证券时报网,http://finance.eastmoney.com/a/202607153807170424.html,-3.25,0,1,1
300658,2026-07-27 19:17:00,美容护理行业今日涨4.46%，主力资金净流入1.07亿元,证券时报网,http://finance.eastmoney.com/a/202607273822272834.html,0.0,0,0,0
300658,2026-07-24 16:43:00,美容护理行业7月24日资金流向日报,证券时报网,http://finance.eastmoney.com/a/202607243820498567.html,0.0,0,0,0
300658,2026-07-27 15:18:00,A股午后大幅拉升：PCB、脑机接口等板块活跃，近5200股飘红,澎湃新闻,http://finance.eastmoney.com/a/202607273822073710.html,0.0,0,0,0
300658,2026-07-16 16:29:00,1.68亿元资金今日流入美容护理股,证券时报网,http://finance.eastmoney.com/a/202607163809082448.html,-3.25,0,1,1
300658,2026-07-15 16:57:00,美容护理行业今日涨4.08%，主力资金净流入1.23亿元,证券时报网,http://finance.eastmoney.com/a/202607153807498241.html,0.0,0,0,0
300658,2026-06-30 18:28:10,延江股份：原实控人之一谢影秋所持5.58%股份完成非交易过户至其子陈子安,财联社,http://finance.eastmoney.com/a/202606303788479871.html,0.0,0,0,0
300658,2026-06-29 16:36:00,美容护理行业今日涨2.86%，主力资金净流入5244.84万元,证券时报网,http://finance.eastmoney.com/a/202606293786686691.html,0.0,0,0,0
300658,2026-06-24 16:50:00,美容护理行业6月24日资金流向日报,证券时报网,http://finance.eastmoney.com/a/202606243781463392.html,0.0,0,0,0
300658,2026-06-23 15:09:43,好奇供应商卫星化学涨停！多家纸尿裤供应商毛利率超20%,第一财经,http://finance.eastmoney.com/a/202606233779670031.html,-1.25,0,1,0
300658,2026-06-22 16:58:00,美容护理行业6月22日资金流向日报,证券时报网,http://finance.eastmoney.com/a/202606223778099377.html,-3.25,0,1,1
605376,2026-07-21 17:43:04,博迁新材605376龙虎榜数据07-21),东方财富Choice数据,http://finance.eastmoney.com/a/202607213815675125.html,0.0,0,0,0
605376,2026-06-29 23:20:00,机构“扫货”605376！年内已涨超300%,上海证券报,http://finance.eastmoney.com/a/202606293787068116.html,1.0,1,0,0
605376,2026-08-05 22:04:00,MLCC概念上涨7.01%，8股主力资金净流入超亿元,证券时报网,http://finance.eastmoney.com/a/202608053832893352.html,0.0,0,0,0
605376,2026-08-05 23:18:00,MLCC产业链“涨”声四起 “卖铲人”销量快速增长,证券时报网,http://finance.eastmoney.com/a/202608053832927044.html,2.0,2,0,0
605376,2026-08-05 09:22:00,31股受融资客青睐，净买入超亿元,证券时报网,http://finance.eastmoney.com/a/202608053832055192.html,0.0,0,0,0
605376,2026-08-06 08:32:00,MLCC产业链“涨”声四起！多家A股公司扩产,证券时报,http://finance.eastmoney.com/a/202608063833210568.html,1.0,1,0,0
605376,2026-08-05 16:55:00,有色金属行业资金流入榜：紫金矿业、洛阳钼业等净流入资金居前,证券时报网,http://finance.eastmoney.com/a/202608053832634728.html,0.0,0,0,0
605376,2026-08-05 22:04:00,62家公司获海外机构调研,证券时报网,http://finance.eastmoney.com/a/202608053832894114.html,0.0,0,0,0
605376,2026-08-04 10:29:00,【数据揭秘】融资客看好个股一览,证券时报网,http://finance.eastmoney.com/a/202608043830894311.html,0.0,0,0,0
605376,2026-08-04 15:29:00,MLCC涨价潮升级！A股概念板块狂飙，博杰股份强势涨停,21世纪经济报道,http://finance.eastmoney.com/a/202608043831160480.html,1.0,1,0,0
002716,2026-07-06 10:12:00,贵金属拉升！002716，盘中涨停,上海证券报,http://finance.eastmoney.com/a/202607063794730372.html,0.0,0,0,0
002716,2026-07-24 16:44:00,金属铅概念下跌4.61%，5股主力资金净流出超亿元,证券时报网,http://finance.eastmoney.com/a/202607243820498073.html,0.0,0,0,0
002716,2026-07-24 16:44:00,金属锌概念下跌4.49%，14股主力资金净流出超5000万元,证券时报网,http://finance.eastmoney.com/a/202607243820497742.html,0.0,0,0,0
002716,2026-07-23 18:14:00,11.07亿主力资金净流入，金属铅概念涨3.94%,证券时报网,http://finance.eastmoney.com/a/202607233819056593.html,0.0,0,0,0
002716,2026-07-23 18:14:00,金属锌概念涨4.53%，主力资金净流入这些股,证券时报网,http://finance.eastmoney.com/a/202607233819056837.html,0.0,0,0,0
002716,2026-07-24 15:15:00,A股低开低走，震荡下跌：银行股逆势上涨，两市成交额不足2万亿元,澎湃新闻,http://finance.eastmoney.com/a/202607243820431594.html,0.0,0,0,0
002716,2026-07-22 17:23:00,金属铅概念上涨2.54%，7股主力资金净流入超亿元,证券时报网,http://finance.eastmoney.com/a/202607223817358146.html,0.0,0,0,0
002716,2026-07-22 17:23:00,金属锌概念涨2.43%，主力资金净流入这些股,证券时报网,http://finance.eastmoney.com/a/202607223817357012.html,-3.25,0,1,1
002716,2026-07-21 16:49:00,有色金属行业资金流入榜：紫金矿业等16股净流入资金超亿元,证券时报网,http://finance.eastmoney.com/a/202607213815603013.html,0.0,0,0,0
002716,2026-07-22 17:23:00,黄金概念上涨1.86%，12股主力资金净流入超亿元,证券时报网,http://finance.eastmoney.com/a/202607223817359357.html,0.0,0,0,0
301075,2026-08-03 09:37:00,创业板融资余额增加7.72亿元，23股获融资客大手笔加仓,证券时报网,http://finance.eastmoney.com/a/202608033829367530.html,0.0,0,0,0
301075,2026-07-17 11:40:00,沪指午盘跌1.64%，创指跌4.71%,澎湃新闻,http://finance.eastmoney.com/a/202607173810518814.html,0.0,0,0,0
301075,2026-07-17 15:30:00,沪指跌3.05%，创指跌7.15%：电力、银行板块逆势走强,澎湃新闻,http://finance.eastmoney.com/a/202607173811010056.html,0.0,0,0,0
301075,2026-07-15 09:25:00,创业板公司融资余额减少32.39亿元，43股遭减仓超5%,证券时报网,http://finance.eastmoney.com/a/202607153806742522.html,0.0,0,0,0
301075,2026-07-06 17:27:00,多瑞医药向原控股股东借款2.8亿元，用于补充流动资金,财中社,http://finance.eastmoney.com/a/202607063795218016.html,0.0,0,0,0
301075,2026-07-06 20:50:12,多瑞医药向关联方西藏嘉康借款2.8亿元，用于补充流动资金,北京商报,http://finance.eastmoney.com/a/202607063795375762.html,0.0,0,0,0
301075,2026-07-15 16:57:00,仿制药一致性评价概念上涨3.71%，8股主力资金净流入超亿元,证券时报网,http://finance.eastmoney.com/a/202607153807494714.html,0.0,0,0,0
301075,2026-07-15 16:57:00,流感概念涨3.23%，主力资金净流入99股,证券时报网,http://finance.eastmoney.com/a/202607153807496671.html,0.0,0,0,0
301075,2026-07-13 16:54:00,仿制药一致性评价概念涨0.50%，主力资金净流入67股,证券时报网,http://finance.eastmoney.com/a/202607133803846474.html,0.0,0,0,0
301075,2026-07-13 16:54:00,流感概念涨0.22%，主力资金净流入86股,证券时报网,http://finance.eastmoney.com/a/202607133803841087.html,0.0,0,0,0
300085,2026-07-29 20:19:00,36.61亿元资金今日流出计算机股,证券时报网,http://finance.eastmoney.com/a/202607293825299214.html,0.0,0,0,0
300085,2026-08-05 16:55:00,筹码新动向：146股筹码趋向集中,证券时报网,http://finance.eastmoney.com/a/202608053832637514.html,-3.25,0,1,1
300085,2026-07-27 19:17:00,9.07亿元资金今日流出计算机股,证券时报网,http://finance.eastmoney.com/a/202607273822272560.html,0.0,0,0,0
300085,2026-07-24 16:44:00,短线防风险 25只个股短期均线现死叉,证券时报网,http://finance.eastmoney.com/a/202607243820496765.html,-3.25,0,1,1
300085,2026-07-24 10:45:00,短线防风险 19只个股短期均线现死叉,证券时报网,http://finance.eastmoney.com/a/202607243820184215.html,0.0,0,0,0
300085,2026-07-28 18:47:00,数字货币概念涨1.62%，主力资金净流入这些股,证券时报网,http://finance.eastmoney.com/a/202607283823621110.html,0.0,0,0,0
300085,2026-07-30 08:27:00,大金融轮动提速，券商板块盘中涨超2%！华林证券封板涨停，华安证券月内暴跌30%迎反弹,时代财经,http://finance.eastmoney.com/a/202607303825794731.html,0.0,0,0,0
300085,2026-07-24 16:43:00,64.98亿元资金今日流出计算机股,证券时报网,http://finance.eastmoney.com/a/202607243820502581.html,0.0,0,0,0
300085,2026-07-23 18:13:00,计算机行业今日净流出资金61.74亿元，紫光股份等13股净流出资金超亿元,证券时报网,http://finance.eastmoney.com/a/202607233819051392.html,0.0,0,0,0
300085,2026-07-22 17:24:00,6.15亿元资金今日流入计算机股,证券时报网,http://finance.eastmoney.com/a/202607223817359632.html,0.0,0,0,0
001309,2026-08-03 16:26:02,德明利001309龙虎榜数据08-03,东方财富Choice数据,http://finance.eastmoney.com/a/202608033829797378.html,0.0,0,0,0
001309,2026-07-31 16:26:24,德明利001309龙虎榜数据07-31,东方财富Choice数据,http://finance.eastmoney.com/a/202607313828329766.html,0.0,0,0,0
001309,2026-07-30 15:13:00,尾盘异动！000636、600663、600475、001309，涨停,中国基金报,http://finance.eastmoney.com/a/202607303826661722.html,0.0,0,0,0
001309,2026-07-30 16:26:14,德明利001309龙虎榜数据07-30,东方财富Choice数据,http://finance.eastmoney.com/a/202607303826712855.html,0.0,0,0,0
001309,2026-07-30 13:54:00,午后爆发！001309直线涨停又炸板，股民：太陌生了，终于等到你,华夏时报,http://finance.eastmoney.com/a/202607303826593634.html,0.0,0,0,0
001309,2026-07-28 15:36:00,001309，12天7个跌停！较高位回撤近70%，此前董事长承诺12个月内不减持，股民：最对不起的是家人,华夏时报,http://finance.eastmoney.com/a/202607283823486964.html,-1.25,0,1,0
001309,2026-07-22 16:25:58,德明利001309龙虎榜数据07-22),东方财富Choice数据,http://finance.eastmoney.com/a/202607223817284518.html,0.0,0,0,0
001309,2026-07-21 16:28:23,德明利001309龙虎榜数据07-21,东方财富Choice数据,http://finance.eastmoney.com/a/202607213815554721.html,0.0,0,0,0
001309,2026-07-20 18:04:00,4个跌停后，机构买进001309,上海证券报,http://finance.eastmoney.com/a/202607203813416924.html,3.0,3,0,0
001309,2026-07-21 10:32:00,001309，5连跌停！较高位回撤55%，市值跌破1000亿元,华夏时报,http://finance.eastmoney.com/a/202607213814739165.html,1.0,1,0,0
300342,2026-08-05 16:22:29,天银机电300342.SZ)：全资子公司获2项发明专利，涉及超宽带实时频谱监测及高速信号采集,界面新闻,http://finance.eastmoney.com/a/202608053832593043.html,0.0,0,0,0
300342,2026-08-05 16:15:00,天银机电：全资子公司获两项发明专利证书,财中社,http://finance.eastmoney.com/a/202608053832588225.html,0.0,0,0,0
300342,2026-08-03 16:33:00,天银机电：全资子公司获两项发明专利,财中社,http://finance.eastmoney.com/a/202608033829811848.html,0.0,0,0,0
300342,2026-08-05 19:47:55,天银机电：超宽带实时频谱监测及多通道信号采集技术获发明专利,中国证券报·中证网,http://finance.eastmoney.com/a/202608053832745856.html,0.0,0,0,0
300342,2026-08-03 18:21:27,天银机电：全资子公司获两项发明专利 已应用于子公司现有项目产品,中国证券报·中证网,http://finance.eastmoney.com/a/202608033829909180.html,0.0,0,0,0
300342,2026-08-03 18:11:00,太赫兹概念涨2.71%，主力资金净流入这些股,证券时报网,http://finance.eastmoney.com/a/202608033829904911.html,0.0,0,0,0
300342,2026-07-22 19:15:00,天银机电：采购经理华文静当选职工代表董事,财中社,http://finance.eastmoney.com/a/202607223817454583.html,0.0,0,0,0
300342,2026-06-16 16:16:20,天银机电300342.SZ)：获“与电气接线盒配套的商用制冷压缩机电机起动器结构”发明专利,界面新闻,http://finance.eastmoney.com/a/202606163773050349.html,0.0,0,0,0
300342,2026-07-24 16:43:00,解密主力资金出逃股 连续5日净流出513股,证券时报网,http://finance.eastmoney.com/a/202607243820498179.html,0.0,0,0,0
300342,2026-07-23 18:13:00,解密主力资金出逃股 连续5日净流出534股,证券时报网,http://finance.eastmoney.com/a/202607233819058573.html,0.0,0,0,0
688309,2026-07-30 17:45:00,强势股追踪 主力资金连续5日净流入103股,证券时报网,http://finance.eastmoney.com/a/202607303826824553.html,0.0,0,0,0
688309,2026-07-29 10:48:00,融资客看好5股 买入占成交比例超三成,证券时报网,http://finance.eastmoney.com/a/202607293824888333.html,0.0,0,0,0
688309,2026-07-29 22:19:19,恒誉环保：从“环保”到“科技” 公司更名凸显集团化战略升级,中国证券报·中证网,http://finance.eastmoney.com/a/202607293825416936.html,0.0,0,0,0
688309,2026-07-29 09:36:00,236只科创板股融资余额环比增加,证券时报网,http://finance.eastmoney.com/a/202607293824520630.html,0.0,0,0,0
688309,2026-07-31 09:08:00,80家科创板公司提前预告上半年业绩,证券时报网,http://finance.eastmoney.com/a/202607313827633428.html,1.0,1,0,0
688309,2026-07-29 09:36:00,杠杆资金净买入居前的科创板股名单,证券时报网,http://finance.eastmoney.com/a/202607293824520238.html,0.0,0,0,0
688309,2026-07-30 09:15:00,77家科创板公司提前预告上半年业绩,证券时报网,http://finance.eastmoney.com/a/202607303825997477.html,1.0,1,0,0
688309,2026-07-29 09:36:00,75家科创板公司提前预告上半年业绩,证券时报网,http://finance.eastmoney.com/a/202607293824539686.html,1.0,1,0,0
688309,2026-07-23 18:13:00,67只股中线走稳 站上半年线,证券时报网,http://finance.eastmoney.com/a/202607233819057797.html,1.0,1,0,0
688309,2026-07-27 09:43:00,192只科创板股融资余额环比增加,证券时报网,http://finance.eastmoney.com/a/202607273821604196.html,0.0,0,0,0
603618,2026-08-05 16:56:55,杭电股份603618龙虎榜数据08-05),东方财富Choice数据,http://finance.eastmoney.com/a/202608053832622936.html,0.0,0,0,0
603618,2026-07-08 17:03:57,杭电股份603618.SH)：股票交易异常波动公告,界面新闻,http://finance.eastmoney.com/a/202607083798437772.html,-1.25,0,1,0
603618,2026-07-06 11:19:00,五倍大牛股603618，跌停！光纤“三剑客”跟跌,华夏时报,http://finance.eastmoney.com/a/202607063794941798.html,1.0,1,0,0
603618,2026-07-07 07:43:44,利好！多只锂电池概念股集体公告！603618、000792，获融资客大手笔抢筹,数据宝,http://finance.eastmoney.com/a/202607073795662116.html,0.0,0,0,0
603618,2026-07-04 17:50:00,股价大涨超6倍！603618，上半年净利最多预增超950%,证券时报,http://finance.eastmoney.com/a/202607043794194566.html,1.0,1,0,0
603618,2026-08-05 17:15:00,8月5日龙虎榜机构席位买卖详情,南方财经网,http://finance.eastmoney.com/a/202608053832656211.html,0.0,0,0,0
603618,2026-08-05 22:03:00,沪股通现身15只个股龙虎榜,证券时报网,http://finance.eastmoney.com/a/202608053832886858.html,0.0,0,0,0
603618,2026-08-03 18:43:00,8只个股大宗交易超5000万元,证券时报网,http://finance.eastmoney.com/a/202608033829918487.html,0.0,0,0,0
603618,2026-08-05 22:04:00,杭电股份8月5日龙虎榜数据,证券时报网,http://finance.eastmoney.com/a/202608053832890419.html,0.0,0,0,0
603618,2026-08-05 22:03:00,龙虎榜机构新动向：净买入15股,证券时报网,http://finance.eastmoney.com/a/202608053832884862.html,0.0,0,0,0
300620,2026-08-04 16:25:52,光库科技300620龙虎榜数据08-04),东方财富Choice数据,http://finance.eastmoney.com/a/202608043831201339.html,0.0,0,0,0
300620,2026-08-04 14:27:00,午后爆发！300620，3分钟“20cm”涨停，股民直呼“吃上肉”了,华夏时报,http://finance.eastmoney.com/a/202608043831116751.html,0.0,0,0,0
300620,2026-07-07 21:47:00,603162、603268、600999、001339、300620、000810等业绩大幅预增，最高预增5倍,中国基金报,http://finance.eastmoney.com/a/202607073797042944.html,2.0,2,0,0
300620,2026-08-04 13:48:00,午后，多股异动拉升,上海证券报,http://finance.eastmoney.com/a/202608043831068532.html,0.0,0,0,0
300620,2026-08-04 22:39:00,深股通现身15只个股龙虎榜,证券时报网,http://finance.eastmoney.com/a/202608043831523720.html,0.0,0,0,0
300620,2026-08-04 10:57:24,通信设备概念走强，英伟达出货新一代Spectrum-X CPO交换机|异动情报,21世纪经济报道,http://finance.eastmoney.com/a/202608043830918546.html,0.0,0,0,0
300620,2026-08-05 22:04:00,14股今日获机构买入评级,证券时报网,http://finance.eastmoney.com/a/202608053832890846.html,1.0,1,0,0
300620,2026-07-31 11:40:00,亚马逊上调全年资本支出预期，通信设备板块大幅反弹 | 异动情报,21世纪经济报道,http://finance.eastmoney.com/a/202607313828122996.html,0.0,0,0,0
300620,2026-08-04 22:39:00,龙虎榜揭秘：8股获机构亿元净买入,证券时报网,http://finance.eastmoney.com/a/202608043831521277.html,0.0,0,0,0
300620,2026-08-05 16:55:00,2.33亿元资金今日流入通信股,证券时报网,http://finance.eastmoney.com/a/202608053832637080.html,0.0,0,0,0
301285,2026-07-10 06:44:00,上证早知道｜603986，净利预增1099%；301285，扩产半导体封装散热片,上海证券报,http://finance.eastmoney.com/a/202607103800514119.html,4.0,4,0,0
301285,2026-07-06 20:13:00,鸿日达：实际控制人王玉田解除质押14%持股,财中社,http://finance.eastmoney.com/a/202607063795356096.html,-1.25,0,1,0
301285,2026-07-17 09:14:00,134家公司获机构调研（附名单）,证券时报网,http://finance.eastmoney.com/a/202607173809903697.html,0.0,0,0,0
301285,2026-07-16 09:08:00,143家公司获机构调研（附名单）,证券时报网,http://finance.eastmoney.com/a/202607163808323662.html,0.0,0,0,0
301285,2026-07-10 11:08:00,基金最新动向：走访这18家公司,证券时报网,http://finance.eastmoney.com/a/202607103801482061.html,0.0,0,0,0
301285,2026-07-14 09:04:00,149家公司获机构调研（附名单）,证券时报网,http://finance.eastmoney.com/a/202607143804727365.html,0.0,0,0,0
301285,2026-07-13 09:26:00,133家公司获机构调研（附名单）,证券时报网,http://finance.eastmoney.com/a/202607133802800687.html,0.0,0,0,0
301285,2026-06-29 20:59:00,鸿日达：拟以185万元向实控人王玉田转让鸿光通信92%股权,财中社,http://finance.eastmoney.com/a/202606293786901094.html,0.0,0,0,0
301285,2026-07-10 09:04:00,133家公司获机构调研（附名单）,证券时报网,http://finance.eastmoney.com/a/202607103800874155.html,0.0,0,0,0
301285,2026-07-03 07:39:46,券商7月金股转向成长风格：非银增配居前 中际旭创最热,澎湃新闻,http://finance.eastmoney.com/a/202607033792434743.html,0.0,0,0,0
300991,2026-08-03 15:53:00,短线防风险 129只个股短期均线现死叉,证券时报网,http://finance.eastmoney.com/a/202608033829771492.html,0.0,0,0,0
300991,2026-08-03 10:47:00,短线防风险 141只个股短期均线现死叉,证券时报网,http://finance.eastmoney.com/a/202608033829582234.html,0.0,0,0,0
300991,2026-08-05 09:53:00,融资客控盘比例超一成个股（附名单）,证券时报网,http://finance.eastmoney.com/a/202608053832233382.html,0.0,0,0,0
300991,2026-08-04 09:46:00,融资客控盘比例超一成个股（附名单）,证券时报网,http://finance.eastmoney.com/a/202608043830752873.html,0.0,0,0,0
300991,2026-08-05 22:04:00,存储芯片概念上涨6.17%，51股主力资金净流入超亿元,证券时报网,http://finance.eastmoney.com/a/202608053832891924.html,0.0,0,0,0
300991,2026-08-03 09:36:00,融资客控盘比例超一成个股（附名单）,证券时报网,http://finance.eastmoney.com/a/202608033829354214.html,0.0,0,0,0
300991,2026-08-03 18:11:00,存储芯片概念下跌3.15%，主力资金净流出134股,证券时报网,http://finance.eastmoney.com/a/202608033829905440.html,0.0,0,0,0
300991,2026-07-28 16:36:00,铜缆高速连接概念下跌5.10%，主力资金净流出35股,证券时报网,http://finance.eastmoney.com/a/202607283823543289.html,0.0,0,0,0
300991,2026-07-31 09:52:00,融资客控盘比例超一成个股（附名单）,证券时报网,http://finance.eastmoney.com/a/202607313827910310.html,0.0,0,0,0
300991,2026-07-31 17:21:00,90股股东户数连续下降 （附股）,证券时报网,http://finance.eastmoney.com/a/202607313828403819.html,-4.5,0,2,1
688081,2026-07-30 09:15:00,科创板股融资融券余额每日变动（7月29日）,证券时报网,http://finance.eastmoney.com/a/202607303825997572.html,0.0,0,0,0
688081,2026-06-11 16:57:22,兴图新科688081.SH)：控股股东程家明拟提供不超过6000万元财务资助,界面新闻,http://finance.eastmoney.com/a/202606113768333160.html,0.0,0,0,0
688081,2026-06-26 09:41:00,兴图新科财务总监空缺近四年，实控人程家明长期代行遭问询，公司回复,南方财经网,http://finance.eastmoney.com/a/202606263784039367.html,-1.25,0,1,0
688081,2026-06-08 10:20:00,融资客看好4股 买入占成交比例超三成,证券时报网,http://finance.eastmoney.com/a/202606083763100950.html,0.0,0,0,0
688081,2026-04-25 11:14:01,兴图新科688081.SH)：2026年一季报净利润为-302.81万元,界面新闻,http://finance.eastmoney.com/a/202604253718981080.html,0.0,0,0,0
688081,2026-04-25 10:37:07,兴图新科688081.SH)：2025年年报净利润为-6765.35万元,界面新闻,http://finance.eastmoney.com/a/202604253718962542.html,-1.25,0,1,0
688081,2026-05-27 16:46:00,华为昇腾概念下跌3.66%，主力资金净流出79股,证券时报网,http://finance.eastmoney.com/a/202605273751349340.html,-3.25,0,1,1
688081,2026-05-25 09:26:00,科创板股融资融券余额每日变动（5月22日）,证券时报网,http://finance.eastmoney.com/a/202605253747622860.html,0.0,0,0,0
688081,2026-05-25 17:38:00,收盘价创历史新高股一览,证券时报网,http://finance.eastmoney.com/a/202605253748273282.html,0.0,0,0,0
688081,2026-05-19 17:27:00,华为昇腾概念上涨2.87%，10股主力资金净流入超亿元,证券时报网,http://finance.eastmoney.com/a/202605193742076425.html,-3.25,0,1,1
300468,2026-08-04 16:49:00,49.40亿元主力资金今日抢筹计算机板块,证券时报网,http://finance.eastmoney.com/a/202608043831237578.html,0.0,0,0,0
300468,2026-07-28 18:47:00,Web3.0概念涨1.68%，主力资金净流入这些股,证券时报网,http://finance.eastmoney.com/a/202607283823621593.html,0.0,0,0,0
300468,2026-07-28 18:47:00,跨境支付(CIPS)概念上涨2.09%，7股主力资金净流入超亿元,证券时报网,http://finance.eastmoney.com/a/202607283823621243.html,0.0,0,0,0
300468,2026-07-28 18:47:00,数字货币概念涨1.62%，主力资金净流入这些股,证券时报网,http://finance.eastmoney.com/a/202607283823621110.html,0.0,0,0,0
300468,2026-07-21 11:19:00,今日177只个股突破五日均线,证券时报网,http://finance.eastmoney.com/a/202607213815031670.html,1.0,1,0,0
300468,2026-07-16 16:29:00,NFT概念涨1.77%，主力资金净流入32股,证券时报网,http://finance.eastmoney.com/a/202607163809084726.html,0.0,0,0,0
300468,2026-07-08 08:10:00,年内股价近乎腰斩 四方精创冲刺H股能否破增长困局,21世纪经济报道,http://finance.eastmoney.com/a/202607083797241242.html,1.0,1,0,0
300468,2026-07-06 15:10:43,年内A股股价近乎腰斩，四方精创二度递表港股，九成收入绑定五大客户暗藏隐忧,深圳商报·读创,http://finance.eastmoney.com/a/202607063795108444.html,0.0,0,0,0
300468,2026-07-07 07:00:53,新思考电机、四方精创递表港交所；越秀地产6月合同销售金额同比上升约24.9%丨港交所早参,每日经济新闻,http://finance.eastmoney.com/a/202607073795570536.html,0.0,0,0,0
300468,2026-07-09 16:26:00,80家公司获海外机构调研,证券时报网,http://finance.eastmoney.com/a/202607093800058243.html,0.0,0,0,0
301550,2026-07-31 17:22:00,解密主力资金出逃股 连续5日净流出264股,证券时报网,http://finance.eastmoney.com/a/202607313828415575.html,0.0,0,0,0
301550,2026-07-10 17:31:00,汽车行业今日净流入资金28.08亿元，比亚迪等9股净流入资金超亿元,证券时报网,http://finance.eastmoney.com/a/202607103801941386.html,0.0,0,0,0
301550,2026-07-02 09:55:53,人形机器人板块7月2日逆势上行 日盈电子封涨停,央广财经,http://finance.eastmoney.com/a/202607023791319710.html,0.0,0,0,0
301550,2026-07-08 16:36:00,减速器概念下跌4.74%，主力资金净流出92股,证券时报网,http://finance.eastmoney.com/a/202607083798407114.html,0.0,0,0,0
301550,2026-07-03 16:39:00,汽车行业资金流入榜：比亚迪等20股净流入资金超亿元,证券时报网,http://finance.eastmoney.com/a/202607033793603775.html,0.0,0,0,0
301550,2026-07-03 16:39:00,减速器概念上涨5.74%，20股主力资金净流入超亿元,证券时报网,http://finance.eastmoney.com/a/202607033793599842.html,0.0,0,0,0
301550,2026-07-03 16:39:00,人形机器人概念涨3.46%，主力资金净流入306股,证券时报网,http://finance.eastmoney.com/a/202607033793606718.html,0.0,0,0,0
301550,2026-06-22 16:58:00,汽车行业今日净流出资金40.53亿元，比亚迪等11股净流出资金超亿元,证券时报网,http://finance.eastmoney.com/a/202606223778087849.html,0.0,0,0,0
301550,2026-06-22 16:58:00,减速器概念下跌1.55%，12股主力资金净流出超亿元,证券时报网,http://finance.eastmoney.com/a/202606223778106920.html,0.0,0,0,0
301550,2026-06-10 21:47:00,汽车行业今日跌2.91%，主力资金净流出40.95亿元,证券时报网,http://finance.eastmoney.com/a/202606103767004167.html,0.0,0,0,0
600301,2026-08-03 10:21:00,【数据揭秘】融资客看好个股一览,证券时报网,http://finance.eastmoney.com/a/202608033829554913.html,0.0,0,0,0
600301,2026-07-24 12:48:36,7月24日A股早盘震荡调整 创业板指半日收跌1.78%,央广财经,http://finance.eastmoney.com/a/202607243820271086.html,0.0,0,0,0
600301,2026-07-28 10:42:00,【数据揭秘】融资客看好个股一览,证券时报网,http://finance.eastmoney.com/a/202607283823259797.html,0.0,0,0,0
600301,2026-07-24 16:44:00,金属铅概念下跌4.61%，5股主力资金净流出超亿元,证券时报网,http://finance.eastmoney.com/a/202607243820498073.html,-3.25,0,1,1
600301,2026-07-24 16:44:00,金属锌概念下跌4.49%，14股主力资金净流出超5000万元,证券时报网,http://finance.eastmoney.com/a/202607243820497742.html,-3.25,0,1,1
600301,2026-07-24 10:32:00,【数据揭秘】融资客看好个股一览,证券时报网,http://finance.eastmoney.com/a/202607243820168711.html,0.0,0,0,0
600301,2026-07-24 16:43:00,67.71亿元主力资金今日撤离有色金属板块,证券时报网,http://finance.eastmoney.com/a/202607243820498874.html,0.0,0,0,0
600301,2026-07-23 18:14:00,11.07亿主力资金净流入，金属铅概念涨3.94%,证券时报网,http://finance.eastmoney.com/a/202607233819056593.html,0.0,0,0,0
600301,2026-07-23 18:14:00,金属锌概念涨4.53%，主力资金净流入这些股,证券时报网,http://finance.eastmoney.com/a/202607233819056837.html,-3.25,0,1,1
600301,2026-07-24 09:14:00,158股融资余额增幅超5%,证券时报网,http://finance.eastmoney.com/a/202607243819825180.html,0.0,0,0,0
000973,2026-08-03 13:33:00,佛塑科技：深化三大核心举措 打造高分子功能薄膜与复合材料产业领军企业,中国证券报·中证网,http://finance.eastmoney.com/a/202608033829682657.html,0.0,0,0,0
000973,2026-08-03 12:11:00,佛塑科技：加速推进金力新能源整合,证券时报网,http://finance.eastmoney.com/a/202608033829619330.html,1.0,1,0,0
000973,2026-07-30 10:44:00,【盘中播报】35只个股跨越牛熊分界线,证券时报网,http://finance.eastmoney.com/a/202607303826343616.html,0.0,0,0,0
000973,2026-08-05 10:17:00,126家公司获机构调研（附名单）,证券时报网,http://finance.eastmoney.com/a/202608053832281684.html,0.0,0,0,0
000973,2026-08-04 09:25:00,135家公司获机构调研（附名单）,证券时报网,http://finance.eastmoney.com/a/202608043830656569.html,0.0,0,0,0
000973,2026-08-03 09:56:00,117家公司获机构调研（附名单）,证券时报网,http://finance.eastmoney.com/a/202608033829486127.html,0.0,0,0,0
000973,2026-07-23 18:13:00,21.78亿元主力资金今日抢筹基础化工板块,证券时报网,http://finance.eastmoney.com/a/202607233819058078.html,0.0,0,0,0
000973,2026-07-14 21:32:57,佛塑科技发布2026年半年度业绩预告 净利润同比预增1409.72%~1881.50%,央广财经,http://finance.eastmoney.com/a/202607143806043561.html,2.0,2,0,0
000973,2026-07-23 18:14:00,特高压概念上涨4.25%，12股主力资金净流入超亿元,证券时报网,http://finance.eastmoney.com/a/202607233819054562.html,0.0,0,0,0
000973,2026-07-31 17:22:00,680家公司公布最新股东户数,证券时报网,http://finance.eastmoney.com/a/202607313828416795.html,0.0,0,0,0
300385,2026-07-23 17:26:58,ST雪浪300385.SZ)：金融借款纠纷案进入执行程序，法院划扣约2877万元，涉案金额约4971万元,界面新闻,http://finance.eastmoney.com/a/202607233819009738.html,-3.25,0,1,1
300385,2026-06-29 17:09:17,ST雪浪300385.SZ)：金融借款纠纷一审败诉，需偿还本金约1410万元及罚息,界面新闻,http://finance.eastmoney.com/a/202606293786730345.html,-3.25,0,1,1
300385,2026-08-05 11:01:00,创业板股最新筹码变动：5股股东户数降逾一成,证券时报网,http://finance.eastmoney.com/a/202608053832336128.html,-3.25,0,1,1
300385,2026-08-04 17:20:00,股东户数降幅榜：10股最新股东户数降逾一成,证券时报网,http://finance.eastmoney.com/a/202608043831267620.html,0.0,0,0,0
300385,2026-08-05 16:55:00,筹码新动向：146股筹码趋向集中,证券时报网,http://finance.eastmoney.com/a/202608053832637514.html,0.0,0,0,0
300385,2026-07-23 20:32:34,ST雪浪遭法院强制执行：银行账户被划扣2876万元，已资不抵债！预重整尚存不确定性,深圳商报·读创,http://finance.eastmoney.com/a/202607233819186969.html,-3.25,0,1,1
300385,2026-07-31 10:39:00,创业板股最新股东户数降幅排行榜,证券时报网,http://finance.eastmoney.com/a/202607313828069585.html,-3.25,0,1,1
300385,2026-06-15 18:11:44,ST雪浪300385.SZ)：金融借款合同纠纷一审败诉，需偿还本金8000万元及利息、罚息、律师费等,界面新闻,http://finance.eastmoney.com/a/202606153771678868.html,-3.25,0,1,1
300385,2026-07-30 10:26:00,创业板股最新筹码变动：15股股东户数降逾一成,证券时报网,http://finance.eastmoney.com/a/202607303826312889.html,-3.25,0,1,1
300385,2026-07-29 10:48:00,创业板股最新筹码变动：14股股东户数降逾一成,证券时报网,http://finance.eastmoney.com/a/202607293824885636.html,-3.25,0,1,1
001896,2026-07-24 16:26:38,豫能控股001896龙虎榜数据07-24),东方财富Choice数据,http://finance.eastmoney.com/a/202607243820473320.html,0.0,0,0,0
001896,2026-08-04 16:49:00,17.03亿元主力资金今日撤离公用事业板块,证券时报网,http://finance.eastmoney.com/a/202608043831238174.html,0.0,0,0,0
001896,2026-08-03 18:10:00,公用事业行业今日净流入资金15.54亿元，华电辽能等7股净流入资金超5000万元,证券时报网,http://finance.eastmoney.com/a/202608033829899394.html,0.0,0,0,0
001896,2026-08-03 18:11:00,抽水蓄能概念涨2.78%，主力资金净流入43股,证券时报网,http://finance.eastmoney.com/a/202608033829906233.html,0.0,0,0,0
001896,2026-07-24 22:21:00,1.78亿资金抢筹滨化股份，机构狂买贤丰控股丨龙虎榜,21世纪经济报道,http://finance.eastmoney.com/a/202607243820799578.html,0.0,0,0,0
001896,2026-07-30 17:45:00,解密主力资金出逃股 连续5日净流出408股,证券时报网,http://finance.eastmoney.com/a/202607303826824456.html,0.0,0,0,0
001896,2026-07-22 15:26:00,今日61只个股突破半年线,证券时报网,http://finance.eastmoney.com/a/202607223817229576.html,1.0,1,0,0
001896,2026-07-22 14:26:00,今日盘中突破半年线个股,证券时报网,http://finance.eastmoney.com/a/202607223817187293.html,1.0,1,0,0
001896,2026-07-20 21:15:00,深股通现身24只个股龙虎榜,证券时报网,http://finance.eastmoney.com/a/202607203813626963.html,0.0,0,0,0
001896,2026-07-22 17:24:00,19.14亿元资金今日流入公用事业股,证券时报网,http://finance.eastmoney.com/a/202607223817359722.html,0.0,0,0,0
920046,2026-08-04 10:29:00,【数据揭秘】融资客看好个股一览,证券时报网,http://finance.eastmoney.com/a/202608043830894311.html,0.0,0,0,0
920046,2026-08-04 09:46:00,220只北交所股票获融资净买入,证券时报网,http://finance.eastmoney.com/a/202608043830784339.html,0.0,0,0,0
920046,2026-07-31 09:52:00,14只北交所股票融资余额增加超百万元,证券时报网,http://finance.eastmoney.com/a/202607313827908813.html,0.0,0,0,0
920046,2026-08-05 22:04:00,北交所成交活跃股：13股换手率超20%,证券时报网,http://finance.eastmoney.com/a/202608053832893147.html,0.0,0,0,0
920046,2026-07-27 10:20:00,【数据揭秘】融资客看好个股一览,证券时报网,http://finance.eastmoney.com/a/202607273821831710.html,0.0,0,0,0
920046,2026-08-04 16:48:00,北交所股票成交概况：236股上涨，83股下跌,证券时报网,http://finance.eastmoney.com/a/202608043831235489.html,0.0,0,0,0
920046,2026-07-27 10:03:00,一周活跃股排行榜：24只股换手率超100%,证券时报网,http://finance.eastmoney.com/a/202607273821721327.html,0.0,0,0,0
920046,2026-07-27 09:42:00,97股融资余额增幅超5%,证券时报网,http://finance.eastmoney.com/a/202607273821689289.html,0.0,0,0,0
920046,2026-07-23 18:13:00,34只A股筹码大换手（7月23日）,证券时报网,http://finance.eastmoney.com/a/202607233819051152.html,0.0,0,0,0
920046,2026-08-03 16:18:00,北交所成交活跃股排行榜,证券时报网,http://finance.eastmoney.com/a/202608033829796946.html,0.0,0,0,0
603663,2026-08-05 12:57:00,90只股上午收盘涨停(附股),证券时报网,http://finance.eastmoney.com/a/202608053832409087.html,0.0,0,0,0
603663,2026-06-22 12:42:00,603663 直线涨停！近期股价翻倍！新材料概念，集体爆发！,证券时报网,http://finance.eastmoney.com/a/202606223777785128.html,0.0,0,0,0
603663,2026-06-18 10:52:00,603663，一分钟涨停！又创新高,中国基金报,http://finance.eastmoney.com/a/202606183775871586.html,0.0,0,0,0
603663,2026-08-03 18:11:00,26.42亿主力资金净流入，核电概念涨2.68%,证券时报网,http://finance.eastmoney.com/a/202608033829906019.html,0.0,0,0,0
603663,2026-07-21 11:58:13,7月21日A股早盘三大指数悉数收涨 科创50探底回升涨近7%,央广财经,http://finance.eastmoney.com/a/202607213815239869.html,0.0,0,0,0
603663,2026-07-21 15:13:23,7月21日A股收盘综述：科创50探底回升大涨10.73% 半导体产业链全线走强,央广财经,http://finance.eastmoney.com/a/202607213815486747.html,0.0,0,0,0
603663,2026-07-21 14:19:00,104只股中线走稳 站上半年线,证券时报网,http://finance.eastmoney.com/a/202607213815425264.html,0.0,0,0,0
603663,2026-07-21 11:44:00,今日84只个股突破半年线,证券时报网,http://finance.eastmoney.com/a/202607213815181754.html,1.0,1,0,0
603663,2026-07-23 18:13:00,21.78亿元主力资金今日抢筹基础化工板块,证券时报网,http://finance.eastmoney.com/a/202607233819058078.html,0.0,0,0,0
603663,2026-07-21 11:44:00,46只股上午收盘涨停(附股),证券时报网,http://finance.eastmoney.com/a/202607213815238688.html,0.0,0,0,0
300499,2026-08-05 16:55:00,机械设备行业今日涨3.20%，主力资金净流入47.01亿元,证券时报网,http://finance.eastmoney.com/a/202608053832637680.html,0.0,0,0,0
300499,2026-08-03 18:11:00,柔性直流输电概念涨2.99%，主力资金净流入这些股,证券时报网,http://finance.eastmoney.com/a/202608033829904360.html,0.0,0,0,0
300499,2026-08-05 09:53:00,融资客控盘比例超一成个股（附名单）,证券时报网,http://finance.eastmoney.com/a/202608053832233382.html,0.0,0,0,0
300499,2026-08-04 09:46:00,融资客控盘比例超一成个股（附名单）,证券时报网,http://finance.eastmoney.com/a/202608043830752873.html,0.0,0,0,0
300499,2026-08-03 18:11:00,12.37亿主力资金净流入，可控核聚变概念涨2.88%,证券时报网,http://finance.eastmoney.com/a/202608033829905351.html,0.0,0,0,0
300499,2026-08-03 09:36:00,融资客控盘比例超一成个股（附名单）,证券时报网,http://finance.eastmoney.com/a/202608033829354214.html,0.0,0,0,0
300499,2026-07-28 16:24:19,高澜股份董事长之女、“00后”李慕牧履新副总经理，两个多月前刚就任董事,深圳商报·读创,http://finance.eastmoney.com/a/202607283823519052.html,0.0,0,0,0
300499,2026-07-28 18:07:03,“00后”上位，董事会全票通过，李慕牧成上市公司副总,红星资本局,http://finance.eastmoney.com/a/202607283823601256.html,0.0,0,0,0
300499,2026-07-31 09:52:00,融资客控盘比例超一成个股（附名单）,证券时报网,http://finance.eastmoney.com/a/202607313827910310.html,0.0,0,0,0
300499,2026-07-30 09:40:00,融资客控盘比例超一成个股（附名单）,证券时报网,http://finance.eastmoney.com/a/202607303826131796.html,0.0,0,0,0
002851,2026-08-05 16:25:48,麦格米特002851龙虎榜数据08-05,东方财富Choice数据,http://finance.eastmoney.com/a/202608053832590013.html,0.0,0,0,0
002851,2026-07-31 16:25:46,麦格米特002851龙虎榜数据07-31,东方财富Choice数据,http://finance.eastmoney.com/a/202607313828329121.html,0.0,0,0,0
002851,2026-07-30 16:26:10,麦格米特002851龙虎榜数据07-30,东方财富Choice数据,http://finance.eastmoney.com/a/202607303826712377.html,0.0,0,0,0
002851,2026-08-05 22:03:00,深股通现身14只个股龙虎榜,证券时报网,http://finance.eastmoney.com/a/202608053832886640.html,0.0,0,0,0
002851,2026-07-31 17:08:00,7月31日龙虎榜净买入额前10个股,南方财经网,http://finance.eastmoney.com/a/202607313828384849.html,0.0,0,0,0
002851,2026-08-05 22:03:00,龙虎榜机构新动向：净买入15股,证券时报网,http://finance.eastmoney.com/a/202608053832884862.html,0.0,0,0,0
002851,2026-07-31 20:16:00,深股通现身18只个股龙虎榜,证券时报网,http://finance.eastmoney.com/a/202607313828562689.html,0.0,0,0,0
002851,2026-08-03 18:10:00,电力设备行业今日涨1.12%，主力资金净流入23.25亿元,证券时报网,http://finance.eastmoney.com/a/202608033829905915.html,0.0,0,0,0
002851,2026-08-04 16:48:00,英伟达概念涨5.76%，主力资金净流入53股,证券时报网,http://finance.eastmoney.com/a/202608043831236148.html,0.0,0,0,0
002851,2026-07-31 20:16:00,龙虎榜动向：13股获机构及北向资金集体净买入,证券时报网,http://finance.eastmoney.com/a/202607313828561818.html,0.0,0,0,0
688607,2026-07-31 16:55:35,康众医疗688607龙虎榜数据07-31),东方财富Choice数据,http://finance.eastmoney.com/a/202607313828359490.html,0.0,0,0,0
688607,2026-07-31 17:21:00,1142只股短线走稳 站上五日均线,证券时报网,http://finance.eastmoney.com/a/202607313828411428.html,0.0,0,0,0
688607,2026-07-31 12:45:00,1119只股短线走稳 站上五日均线,证券时报网,http://finance.eastmoney.com/a/202607313828138526.html,0.0,0,0,0
688607,2026-07-31 20:16:00,康众医疗龙虎榜数据（7月31日）,证券时报网,http://finance.eastmoney.com/a/202607313828558673.html,0.0,0,0,0
688607,2026-07-31 12:45:00,88只股上午收盘涨停(附股),证券时报网,http://finance.eastmoney.com/a/202607313828138425.html,-3.25,0,1,1
688607,2026-07-27 09:43:00,153家公司获机构调研（附名单）,证券时报网,http://finance.eastmoney.com/a/202607273821689132.html,0.0,0,0,0
688607,2026-07-24 09:14:00,157家公司获机构调研（附名单）,证券时报网,http://finance.eastmoney.com/a/202607243819839063.html,0.0,0,0,0
688607,2026-07-23 09:07:00,144家公司获机构调研（附名单）,证券时报网,http://finance.eastmoney.com/a/202607233818199617.html,0.0,0,0,0
688607,2026-07-06 19:35:04,康众医疗控股股东高鹏减持约20.78万股公司股份,北京商报,http://finance.eastmoney.com/a/202607063795313718.html,-1.25,0,1,0
688607,2026-07-06 17:06:00,康众医疗：实控人高鹏减持21万股，持股降至4.43%,财中社,http://finance.eastmoney.com/a/202607063795205165.html,-1.25,0,1,0
