序号,代码,名称,最新价,涨跌幅,换手率,市盈率,主力成本,机构参与度,综合得分,上升,目前排名,关注指数,交易日
1,000001,平安银行,11.14,-0.98,0.14,3.72,11.273114940303,0.4067216,68.43477633,-376,1460,90.0,2026-08-05
2,000002,万  科Ａ,3.23,-1.52,0.26,-1.62,3.260319497616,0.3838288,61.08702562,983,3536,78.4,2026-08-05
3,000006,深振业Ａ,6.76,-0.44,0.33,303.09,6.744030855448,0.3568772,60.65872382,94,3647,70.0,2026-08-05
4,000007,全新好,9.57,0.21,0.72,-381.85,9.535240033929,0.2616424,58.43825456,565,4211,64.0,2026-08-05
5,000008,神州高铁,2.42,0.0,0.32,-54.06,2.427291518845,0.258608727273,53.88760428,-24,4946,75.6,2026-08-05
6,000009,中国宝安,7.58,-0.79,0.58,279.89,7.682046766224,0.1965024,62.27016394,-435,3200,90.0,2026-08-05
7,000010,*ST美丽,1.56,-0.64,0.96,16.56,1.576961417092,0.3641236,55.41730047,-285,4760,67.6,2026-08-05
8,000011,深物业A,8.08,-0.62,0.5,-44.2,8.084115328467,0.124384,64.41140293,1796,2581,76.0,2026-08-05
9,000012,南  玻Ａ,3.88,-2.02,0.53,-29.92,3.931914367361,0.2484576,62.22268558,1073,3217,73.2,2026-08-05
10,000014,沙河股份,10.1,-0.3,0.54,-72.0,10.095378729916,0.1255212,53.91251073,-52,4940,74.8,2026-08-05
11,000016,*ST康佳A,2.62,0.0,0.31,-8.58,2.611947104543,0.3933196,67.14697101,2107,1770,72.4,2026-08-05
12,000017,深中华A,6.18,-0.32,0.92,174.11,6.157201301411,0.2099828,72.63578543,1906,611,74.4,2026-08-05
13,000019,深粮控股,6.07,-0.33,0.24,26.93,6.074956270068,0.2044824,58.9714364,740,4094,70.4,2026-08-05
14,000020,深华发Ａ,10.97,0.46,0.48,149.25,10.889694375528,0.0798648,64.8016498,-975,2469,68.0,2026-08-05
15,000021,深科技,39.47,1.99,3.66,64.15,38.143388940095,0.3757296,71.60935342,66,791,88.4,2026-08-05
16,000025,特  力Ａ,15.25,-0.2,0.76,49.39,15.248752890328,0.2395104,70.03450408,-833,1066,84.8,2026-08-05
17,000026,飞亚达,17.31,1.35,0.73,26.98,16.722916911379,0.2291472,70.01461296,-67,1071,68.0,2026-08-05
18,000027,深圳能源,6.37,-1.09,0.14,6.06,6.451147923617,0.259198,61.82043859,-283,3332,75.6,2026-08-05
19,000028,国药一致,20.38,-1.07,0.19,10.85,20.634182129715,0.1643168,70.89519085,592,921,74.0,2026-08-05
20,000029,深深房Ａ,22.19,0.59,0.16,-1429.16,21.86919691934,0.2683588,68.0065667,142,1553,68.8,2026-08-05
21,000030,富奥股份,4.23,-1.4,0.16,14.59,4.290823091713,0.2200232,71.51138799,-135,810,68.8,2026-08-05
22,000031,大悦城,2.21,-1.34,0.2,-10.71,2.221341496233,0.2706964,61.14908226,1090,3516,69.2,2026-08-05
23,000032,深桑达Ａ,14.59,-0.21,1.25,-53.79,14.497449820925,0.3214096,67.84311398,276,1586,84.0,2026-08-05
24,000034,神州数码,25.96,0.23,1.46,27.96,25.982341728682,0.3389372,72.7144191,-96,605,87.6,2026-08-05
25,000035,中国天楹,5.05,-2.32,1.04,27.23,5.17101606787,0.3253876,70.08118104,1687,1060,76.0,2026-08-05
26,000036,华联控股,4.17,-0.24,0.34,56.2,4.143406506553,0.2399708,65.29420546,-497,2334,71.6,2026-08-05
27,000037,深南电A,9.98,-1.29,2.29,125.06,10.024863181286,0.24294,60.13344727,-687,3802,89.6,2026-08-05
28,000039,中集集团,8.62,-0.69,0.21,55.61,8.653482806848,0.2129232,58.37893072,-479,4225,77.6,2026-08-05
29,000042,中洲控股,8.44,1.56,0.29,-21.18,8.272309439508,0.2072212,57.55719886,75,4401,63.6,2026-08-05
30,000045,深纺织Ａ,9.98,0.0,0.43,56.9,9.917004076855,0.1964172,68.77795557,-216,1380,74.8,2026-08-05
31,000048,京基智农,21.5,1.56,1.18,-12.33,20.787893830757,0.3606784,64.89229077,-1626,2444,84.0,2026-08-05
32,000049,德赛电池,24.83,-1.0,0.5,29.88,25.016852670636,0.2538748,64.4000388,-930,2585,82.0,2026-08-05
33,000050,深天马Ａ,6.64,-1.19,0.4,-29.05,6.698114336048,0.360454,67.81354526,1496,1597,77.6,2026-08-05
34,000055,方大集团,3.42,-0.29,0.22,32.56,3.425787053675,0.2055164,58.86664975,771,4124,64.0,2026-08-05
35,000056,*ST皇庭,2.11,0.96,2.07,-19.31,2.004336199068,0.4742344,68.81502531,962,1372,67.6,2026-08-05
36,000058,深 赛 格,6.85,-0.87,0.23,85.33,6.897054023693,0.0810816,61.3413105,164,3459,78.0,2026-08-05
37,000059,华锦股份,4.56,0.66,0.45,41.11,4.524373467567,0.2159748,67.7150235,886,1620,72.4,2026-08-05
38,000060,中金岭南,6.74,0.45,1.75,14.86,6.553370601552,0.4284572,75.36028439,346,302,79.6,2026-08-05
39,000061,农 产 品,5.86,-1.01,0.4,21.54,5.93510688112,0.2446008,66.33328389,-10,2028,75.2,2026-08-05
40,000062,深圳华强,23.12,-0.64,0.88,30.09,23.065459609415,0.2847256,71.58492475,281,797,76.4,2026-08-05
41,000063,中兴通讯,34.25,-1.41,1.13,31.26,34.694548172867,0.4697048,65.95980198,23,2130,87.2,2026-08-05
42,000065,北方国际,9.29,0.0,0.93,24.42,9.321329135278,0.2851784,66.8287999,-172,1871,73.6,2026-08-05
43,000066,中国长城,14.91,1.29,1.58,-143.8,14.616446859095,0.3318556,64.61732414,356,2521,88.0,2026-08-05
44,000068,华控赛格,2.89,0.35,0.37,-40.04,2.873003778727,0.2148188,50.65428603,10,5145,66.4,2026-08-05
45,000069,华侨城Ａ,1.86,1.64,0.61,-2.73,1.78864414862,0.280064,57.77073019,540,4350,74.4,2026-08-05
46,000070,特发信息,14.18,0.07,2.27,-322.86,13.908327085323,0.294788,69.38187178,1214,1229,81.6,2026-08-05
47,000078,ST海王,1.64,-2.96,1.11,74.44,1.650275203281,0.3485088,61.60208687,1171,3386,81.2,2026-08-05
48,000088,盐 田 港,4.48,-0.67,0.14,17.1,4.499170935335,0.2396004,64.20905529,-302,2643,76.0,2026-08-05
49,000089,深圳机场,6.61,-0.15,0.2,13.13,6.643537837289,0.2366032,64.31510679,46,2611,76.8,2026-08-05
50,000090,天健集团,3.34,-0.3,0.21,-66.92,3.342785581861,0.1938536,63.37893262,-1313,2874,65.2,2026-08-05
51,000096,广聚能源,7.75,0.39,0.33,83.66,7.723581084182,0.1207692,60.1784274,149,3792,68.8,2026-08-05
52,000099,中信海直,14.45,-0.76,0.29,30.09,14.612221331616,0.1762356,60.47286097,-274,3706,78.8,2026-08-05
53,000100,TCL科技,4.78,-1.85,0.85,15.97,4.835693467897,0.5087152,73.42979957,566,510,79.6,2026-08-05
54,000151,中成股份,10.15,1.7,0.79,53.08,9.96992738983,0.1995864,59.39942397,-195,3999,71.6,2026-08-05
55,000153,丰原药业,5.48,-0.54,0.4,17.2,5.507611538612,0.1585136,64.80620642,1123,2468,72.0,2026-08-05
56,000155,川能动力,12.08,-0.98,0.45,20.9,12.123997274301,0.3195044,62.27103945,220,3198,84.0,2026-08-05
57,000156,华数传媒,6.98,-1.27,0.17,30.77,7.097256827943,0.1737004,66.28479928,-1373,2051,73.6,2026-08-05
58,000157,中联重科,7.27,-0.27,0.18,17.78,7.322266639374,0.3010948,69.97380892,-53,1084,83.2,2026-08-05
59,000158,常山北明,13.99,-0.64,0.83,-55.04,14.07896399614,0.2745488,64.22747328,-1983,2635,84.8,2026-08-05
60,000159,国际实业,5.73,-0.35,0.67,94.41,5.765313580125,0.1785352,60.0768565,-305,3817,70.8,2026-08-05
61,000166,申万宏源,4.56,-1.72,0.15,12.12,4.650606567434,0.4110984,67.8862439,-138,1574,80.4,2026-08-05
62,000301,东方盛虹,12.79,1.59,0.14,14.76,12.503648658404,0.2435148,73.8913588,-127,457,84.8,2026-08-05
63,000333,美的集团,85.35,-0.14,0.08,12.84,84.908492866481,0.406736,79.42214745,92,70,92.4,2026-08-05
64,000338,潍柴动力,29.69,-1.75,0.39,20.79,29.710953292993,0.3986208,77.68950824,770,156,83.6,2026-08-05
65,000400,许继电气,22.89,-2.51,0.95,52.49,23.349841057021,0.2924628,68.8652426,-796,1360,90.8,2026-08-05
66,000401,金隅冀东,3.62,-0.28,0.07,-2.42,3.616550476953,0.1763472,57.56195462,-833,4400,72.0,2026-08-05
67,000402,金 融 街,2.48,-0.4,0.32,5.37,2.471593450016,0.36304,58.30940737,637,4242,69.6,2026-08-05
68,000403,派林生物,10.44,-0.57,0.22,108.0,10.46468537133,0.2333316,64.82202153,30,2463,65.6,2026-08-05
69,000404,长虹华意,7.74,-0.51,0.27,11.67,7.790503602861,0.2338296,65.23414428,-436,2355,69.2,2026-08-05
70,000407,胜利股份,4.04,0.25,0.71,24.7,4.024052762903,0.2299224,63.12901634,-1426,2935,70.8,2026-08-05
71,000408,藏格矿业,87.75,1.36,0.48,21.87,85.309167012136,0.3992248,76.53114147,383,222,82.8,2026-08-05
72,000409,云鼎科技,8.98,0.11,0.33,77.0,8.999452627061,0.1497256,64.94060234,-276,2430,74.0,2026-08-05
73,000410,沈阳机床,4.87,-1.02,0.2,-95.32,4.915716607646,0.2797724,59.35288377,92,4009,72.4,2026-08-05
74,000411,英特集团,9.53,0.11,0.12,16.79,9.542901007618,0.1178264,68.23997102,956,1502,68.4,2026-08-05
75,000415,渤海租赁,4.57,-0.22,0.28,7.79,4.567569576916,0.2650656,64.54938584,-269,2538,79.2,2026-08-05
76,000417,合百集团,6.02,-0.17,1.61,18.26,5.975815341533,0.3312256,67.70495386,1742,1622,78.8,2026-08-05
77,000419,通程控股,4.87,-0.41,0.45,23.59,4.887803621774,0.1357,64.24464248,-123,2633,66.8,2026-08-05
78,000420,吉林化纤,3.82,0.0,0.78,86.17,3.814496483487,0.2788608,54.68159222,-7,4848,70.8,2026-08-05
79,000421,南京公用,5.39,-0.55,0.32,10.69,5.413363831051,0.1635492,63.6938659,1077,2785,71.2,2026-08-05
80,000422,湖北宜化,13.33,-1.04,0.57,20.01,13.397620899265,0.3204936,68.69196271,1782,1400,79.2,2026-08-05
81,000423,东阿阿胶,54.15,-0.18,0.28,19.04,54.059549423725,0.1623516,73.15860871,-103,546,86.0,2026-08-05
82,000425,徐工机械,8.44,0.36,0.34,12.02,8.403044316567,0.3362504,67.69806137,-344,1624,86.0,2026-08-05
83,000426,兴业银锡,38.41,5.81,3.39,12.75,35.132583376074,0.435452,77.75861607,113,151,89.2,2026-08-05
84,000428,华天酒店,4.05,-1.22,2.36,-16.51,4.076969934838,0.1904028,61.99926566,-1156,3282,85.6,2026-08-05
85,000429,粤高速Ａ,14.11,-0.63,0.19,16.32,14.118314082209,0.12272,71.27934223,-521,854,75.2,2026-08-05
86,000430,张家界,6.57,0.0,0.39,4.35,6.555847084539,0.1999748,55.40418964,-42,4763,74.4,2026-08-05
87,000488,ST晨鸣,1.92,-1.54,0.21,-2.76,1.94958642569,0.14928,53.16609056,15,5010,71.6,2026-08-05
88,000498,山东路桥,5.02,-0.79,0.16,11.62,5.067942623712,0.3247512,70.16892054,85,1038,74.0,2026-08-05
89,000501,武商集团,7.14,-0.42,0.18,11.13,7.186422575925,0.1451404,62.50896503,107,3122,71.2,2026-08-05
90,000503,国新健康,7.66,0.26,0.87,-38.56,7.682891645524,0.214698,56.64042533,-317,4561,82.8,2026-08-05
91,000504,南华生物,8.12,0.12,0.48,60.35,8.085854064645,0.21534372549,64.54109119,-499,2541,72.8,2026-08-05
92,000505,京粮控股,5.59,-0.18,0.31,124.84,5.591199525545,0.1892996,53.66253481,-662,4963,73.2,2026-08-05
93,000506,招金黄金,16.51,5.7,6.23,20.46,15.26576006939,0.3244276,78.9852507,205,88,90.0,2026-08-05
94,000507,珠海港,4.96,-0.6,0.24,16.72,4.973403125958,0.2468492,63.04672522,1202,2965,75.6,2026-08-05
95,000509,华塑控股,3.16,0.0,0.93,-338.07,3.107973658753,0.2283448,61.11085135,608,3528,65.2,2026-08-05
96,000510,新金路,16.3,1.12,6.05,-52.02,15.729121495197,0.4519168,66.92977911,1425,1840,82.0,2026-08-05
97,000513,丽珠集团,30.11,-0.86,0.27,11.59,30.435885494146,0.2670584,70.05211827,-714,1065,83.2,2026-08-05
98,000514,渝 开 发,3.88,-0.77,0.23,25.35,3.893085926566,0.1720044,57.70533214,-19,4359,72.4,2026-08-05
99,000516,国际医学,4.2,-1.18,0.23,-48.63,4.253217600862,0.245008,61.28472622,-171,3477,75.6,2026-08-05
100,000517,荣安地产,2.12,-0.93,0.47,-59.31,2.114718167432,0.2863112,65.7247159,978,2211,70.0,2026-08-05
101,000518,四环生物,3.93,1.03,1.09,-89.41,3.887402601052,0.2940728,63.07326854,-215,2954,74.8,2026-08-05
102,000519,中兵红箭,14.71,-0.61,1.06,93.74,14.690713634762,0.3148956,74.9736202,220,345,81.6,2026-08-05
103,000520,凤凰航运,3.9,-1.02,0.44,298.85,3.907960901439,0.2700412,66.13836028,98,2086,67.2,2026-08-05
104,000521,长虹美菱,4.95,-0.6,0.19,18.14,4.978928846265,0.2219972,63.20898656,138,2909,72.4,2026-08-05
105,000523,红棉股份,2.87,-1.03,0.34,27.74,2.905383971574,0.248776,65.64497718,-260,2236,72.0,2026-08-05
106,000524,岭南控股,9.35,-0.21,0.27,47.67,9.378412974189,0.130629666667,61.89477886,457,3309,84.0,2026-08-05
107,000525,红太阳,4.57,-0.65,0.48,465.1,4.588281265864,0.2636468,49.72490826,-19,5165,74.0,2026-08-05
108,000526,学大教育,35.53,0.08,1.75,11.94,35.18043727894,0.2245404,78.46530695,67,110,81.6,2026-08-05
109,000528,柳    工,8.43,-0.35,0.39,7.09,8.48248345484,0.285424,66.45748193,29,1987,81.2,2026-08-05
110,000529,广弘控股,4.75,0.64,0.22,-315.57,4.753381253195,0.1667144,55.2684213,-462,4787,68.0,2026-08-05
111,000530,冰山冷热,5.02,0.0,0.52,49.95,5.011569590587,0.2345764,57.63854238,-71,4375,71.6,2026-08-05
112,000531,穗恒运Ａ,5.89,-1.51,0.3,7.92,5.964187224247,0.3269552,61.36638471,-1222,3452,66.4,2026-08-05
113,000532,华金资本,10.86,0.37,0.52,-173.64,10.7628227523,0.1374196,55.33808518,89,4776,71.6,2026-08-05
114,000533,顺钠股份,12.12,-4.57,8.14,123.75,12.619237577945,0.2733524,66.13782503,-1569,2087,95.6,2026-08-05
115,000534,万泽股份,26.47,-1.08,0.58,43.53,26.769641793786,0.1616176,68.66040833,-701,1410,69.6,2026-08-05
116,000536,华映科技,3.32,-0.3,0.51,-10.34,3.308441907982,0.2505312,55.99539233,246,4673,71.6,2026-08-05
117,000537,绿发电力,7.58,-2.19,0.37,43.79,7.726503110259,0.2560516,66.92232264,-113,1841,73.6,2026-08-05
118,000538,云南白药,50.63,-0.53,0.12,11.09,50.90155266161,0.3065352,74.49503605,233,395,90.4,2026-08-05
119,000539,粤电力Ａ,5.87,-1.84,0.93,-50.81,5.945636080849,0.2595756,63.12708702,262,2937,76.4,2026-08-05
120,000541,佛山照明,4.99,-0.2,0.11,73.29,4.990963823876,0.2324676,61.56168232,-6,3395,73.6,2026-08-05
121,000543,皖能电力,7.81,-1.64,0.46,9.96,7.934502654984,0.3288228,72.3653044,798,651,78.0,2026-08-05
122,000544,中原环保,7.38,-0.4,0.07,5.17,7.415346262637,0.1881412,60.93724968,-381,3582,68.0,2026-08-05
123,000545,金浦钛业,2.53,-1.17,0.72,-21.97,2.547375336532,0.2449896,49.85010185,16,5161,75.2,2026-08-05
124,000546,金圆股份,4.69,-0.85,1.49,-15.69,4.69964503743,0.2553024,70.29319463,3081,1011,70.8,2026-08-05
125,000547,航天发展,15.65,1.69,1.56,-56.78,15.315007740177,0.2711328,63.207386,40,2910,75.2,2026-08-05
126,000548,湖南投资,4.35,-0.46,0.26,35.15,4.366191248439,0.1547724,62.38066799,1121,3163,67.6,2026-08-05
127,000550,江铃汽车,16.47,-1.55,0.25,9.62,16.724217460607,0.120082,72.60642483,-34,617,76.4,2026-08-05
128,000551,创元科技,13.53,0.0,1.55,13.2,13.320436218861,0.3182864,77.36842663,794,174,76.0,2026-08-05
129,000552,甘肃能化,2.56,0.39,0.62,52.51,2.549893142762,0.3257736,60.67395455,280,3641,71.2,2026-08-05
130,000553,安道麦A,5.37,0.19,0.06,5.49,5.349721644459,0.2008076,53.90424179,-1086,4943,65.2,2026-08-05
131,000554,泰山石油,6.48,0.62,1.4,11.5,6.416537526889,0.2021424,61.27688094,308,3479,78.4,2026-08-05
132,000555,神州信息,11.25,1.63,1.46,-29.68,11.112067062986,0.2321464,62.27379608,-602,3197,84.8,2026-08-05
133,000557,西部创业,3.68,-1.34,0.14,25.79,3.698114507484,0.1367592,59.15656099,-1091,4052,68.4,2026-08-05
134,000558,天府文旅,3.46,0.0,0.44,271.08,3.457031726654,0.268476,49.1395584,-5,5178,76.8,2026-08-05
135,000559,万向钱潮,11.99,0.0,0.43,40.27,11.879547461254,0.2755116,71.55713977,123,805,77.2,2026-08-05
136,000560,我爱我家,2.2,-1.35,0.8,237.67,2.196128882567,0.3866728,55.97840868,175,4676,73.6,2026-08-05
137,000561,烽火电子,7.65,0.39,0.33,-31.05,7.639155880763,0.1635672,54.21129018,-163,4910,76.4,2026-08-05
138,000563,陕国投Ａ,3.03,-0.98,0.26,10.64,3.066524141305,0.2651336,64.99847359,147,2421,75.2,2026-08-05
139,000564,供销大集,1.43,-1.38,0.44,-47.31,1.444626740731,0.550264,60.69168166,25,3635,76.4,2026-08-05
140,000565,渝三峡Ａ,5.89,0.34,0.51,25.7,5.873073371441,0.108802,55.54358653,-1388,4750,70.8,2026-08-05
141,000566,海南海药,5.85,-4.57,6.47,-24.82,5.905142065043,0.2507628,62.00857383,482,3275,92.0,2026-08-05
142,000567,海德股份,6.29,0.8,0.29,7.32,6.240102155282,0.1668692,62.17597577,-1292,3225,77.6,2026-08-05
143,000568,泸州老窖,87.02,-0.57,0.19,8.63,87.336595385889,0.3007088,69.68893762,-3,1150,90.4,2026-08-05
144,000570,苏常柴Ａ,4.98,-0.4,0.4,11.81,4.983373785296,0.1663168,60.83704305,-220,3606,66.8,2026-08-05
145,000571,新大洲A,7.18,3.61,1.77,-45.6,6.857412076106,0.4630032,54.94109836,-88,4822,81.6,2026-08-05
146,000572,海马汽车,3.86,-1.53,0.86,-49.91,3.92251592743,0.1796932,57.1134857,-94,4491,75.6,2026-08-05
147,000573,粤宏远Ａ,3.73,0.54,0.49,14.26,3.677564220866,0.2521244,62.27758533,343,3195,72.0,2026-08-05
148,000576,甘化科工,7.16,1.99,0.76,404.0,7.03137343535,0.148242,60.15834323,-148,3796,70.0,2026-08-05
149,000581,威孚高科,17.48,-1.02,0.28,11.29,17.672169142141,0.2538044,68.05685626,770,1542,76.0,2026-08-05
150,000582,北部湾港,12.6,-2.4,0.85,34.57,12.753453173895,0.3723724,71.72789738,1628,764,79.6,2026-08-05
151,000586,汇源通信,11.65,-0.09,0.76,-101.61,11.545606830131,0.1109332,59.81823901,-1163,3895,68.8,2026-08-05
152,000589,贵州轮胎,4.3,-0.69,0.43,9.27,4.331302989821,0.2713336,68.11600657,-240,1534,70.4,2026-08-05
153,000590,古汉医药,8.55,0.35,0.22,-75.13,8.578592947066,0.1401932,58.05124276,-306,4298,67.6,2026-08-05
154,000591,太阳能,4.48,-1.54,0.39,23.85,4.549735576581,0.3182772,60.58507846,-234,3673,74.0,2026-08-05
155,000592,平潭发展,6.55,-0.91,2.27,-1749.51,6.5416024778,0.2745896,73.0601854,-216,556,80.0,2026-08-05
156,000593,德龙汇能,22.69,0.75,6.41,138.75,22.272165823105,0.4565936,69.03353469,-895,1310,90.8,2026-08-05
157,000595,新能股份,6.26,-6.15,6.78,904.31,6.996204000712,0.381356078431,59.15872348,-2852,4050,92.8,2026-08-05
158,000596,古井贡酒,89.5,-0.56,0.4,7.36,89.263248907873,0.3066776,72.93620445,411,579,86.4,2026-08-05
159,000597,东北制药,4.58,-0.65,0.15,61.35,4.608729051904,0.2100324,64.44146884,-1261,2573,76.4,2026-08-05
160,000598,兴蓉环境,7.14,0.0,0.18,10.1,7.135838847098,0.3091688,68.87401871,-925,1358,74.0,2026-08-05
161,000599,青岛双星,4.97,0.4,0.34,71.79,4.967886987716,0.1691032,60.52708289,-921,3688,74.4,2026-08-05
162,000600,建投能源,8.7,-1.69,0.87,6.54,8.763638394237,0.3063564,69.01807592,-9,1317,75.6,2026-08-05
163,000601,韶能股份,6.6,-1.35,1.57,166.3,6.638387215367,0.3170992,57.25464183,-676,4465,71.2,2026-08-05
164,000603,盛达资源,31.59,8.37,4.69,27.94,27.946246542134,0.4336708,81.04464976,16,29,92.4,2026-08-05
165,000605,渤海股份,5.79,0.17,0.27,27.44,5.777356378663,0.0801068,59.40413125,-79,3995,69.2,2026-08-05
166,000607,华媒控股,3.64,-0.82,0.7,-33.98,3.688894624879,0.1133988,62.00846994,-2370,3276,73.2,2026-08-05
167,000608,阳光股份,7.16,3.47,2.94,-57.19,6.601067359125,0.3670308,68.48062055,812,1442,79.6,2026-08-05
168,000609,*ST中迪,10.26,-1.35,0.86,-17.74,10.406795950392,0.3117436,60.28235671,-698,3760,73.2,2026-08-05
169,000610,*ST西旅,5.67,-0.87,0.14,-12.6,5.683291463183,0.1822612,53.09674193,-134,5017,72.4,2026-08-05
170,000612,焦作万方,11.57,0.61,1.08,6.75,11.469159665426,0.3428312,69.51178203,-872,1197,81.6,2026-08-05
171,000615,*ST美谷,3.24,0.0,0.13,-6.7,3.228368818204,0.3942704,70.37607172,304,1001,71.2,2026-08-05
172,000617,中油资本,7.29,2.1,0.46,14.65,7.124739743166,0.3258824,64.73991359,-191,2492,76.0,2026-08-05
173,000619,海螺新材,4.61,-0.22,0.46,-19.52,4.623758514376,0.1219024,61.40027236,1028,3441,69.2,2026-08-05
174,000620,盈新发展,2.77,-0.72,1.2,-34.06,2.765916999843,0.3490912,59.86567176,-968,3881,78.4,2026-08-05
175,000623,吉林敖东,18.13,-0.93,0.34,6.26,18.303754331628,0.3335252,67.72776737,-26,1617,80.0,2026-08-05
176,000625,长安汽车,7.43,-1.72,0.41,52.53,7.580610855517,0.2639896,70.06910912,-236,1062,84.8,2026-08-05
177,000626,远大控股,7.36,1.1,0.74,15.97,7.230033233632,0.1416372,53.67150208,-32,4962,68.8,2026-08-05
178,000628,高新发展,39.42,-0.71,0.94,1939.58,39.43517240014,0.338154,67.0772659,-522,1788,80.4,2026-08-05
179,000629,钒钛股份,3.16,-0.32,0.32,102.13,3.153298230393,0.418902,70.96528502,1482,902,78.0,2026-08-05
180,000630,铜陵有色,6.69,0.3,1.54,16.76,6.580939424817,0.4069032,77.45161339,141,168,86.0,2026-08-05
181,000631,顺发恒能,2.89,-1.37,0.12,234.85,2.917560521198,0.2343484,57.79519071,-73,4345,67.2,2026-08-05
182,000632,ST三木,3.36,1.51,0.72,-6.75,3.300154652967,0.208722,52.01842834,-113,5090,68.4,2026-08-05
183,000633,合金投资,5.16,1.18,0.7,419.14,5.117528282016,0.1268228,58.73613299,634,4147,70.8,2026-08-05
184,000635,英 力 特,6.49,0.78,0.3,-4.95,6.420088304254,0.1468512,57.64297655,219,4373,68.8,2026-08-05
185,000636,风华高科,57.25,-0.95,6.29,186.99,57.692391305495,0.4930072,72.71617504,1507,604,95.6,2026-08-05
186,000637,茂化实华,3.84,2.95,1.67,-17.67,3.747620595299,0.131422,61.73646864,993,3354,67.6,2026-08-05
187,000639,ST西王,1.63,6.54,3.86,-47.34,1.517227378526,0.3797408,52.62366186,-141,5054,74.8,2026-08-05
188,000650,仁和药业,5.33,-1.11,0.35,13.29,5.382661325852,0.1913504,65.88657059,-1151,2159,79.6,2026-08-05
189,000651,格力电器,40.11,-0.4,0.2,9.23,40.089769232673,0.397816,73.59682332,249,490,92.4,2026-08-05
190,000652,泰达股份,3.51,-0.85,0.13,123.28,3.533701019912,0.2253524,57.04829771,-1057,4506,71.2,2026-08-05
191,000655,金岭矿业,6.91,0.44,0.35,29.28,6.870833008809,0.155022,66.24665149,-1033,2061,72.8,2026-08-05
192,000656,金科股份,1.2,-0.83,0.53,-75.2,1.20950976287,0.514287647059,57.42584027,-50,4426,76.8,2026-08-05
193,000657,中钨高新,60.72,5.73,5.38,37.55,55.377513867822,0.455906,76.91588697,375,201,83.6,2026-08-05
194,000659,珠海中富,2.73,-1.44,0.47,-162.72,2.74098575027,0.2572192,49.5631386,0,5170,67.2,2026-08-05
195,000661,长春高新,76.54,-0.53,0.63,28.31,77.106924901387,0.2737952,61.36936269,-143,3451,86.0,2026-08-05
196,000663,永安林业,5.37,0.37,0.45,-36.35,5.374073880575,0.0832488,65.87792702,-71,2162,67.6,2026-08-05
197,000665,湖北广电,3.99,-0.5,0.31,-9.87,4.025281427323,0.2114248,54.91400374,-110,4825,75.6,2026-08-05
198,000668,荣丰控股,19.93,0.86,0.4,-57.69,19.590307582378,0.253137843137,66.0130327,-1160,2118,68.4,2026-08-05
199,000669,ST金鸿,3.58,-0.28,0.12,901.26,3.604785300391,0.2530848,62.97233698,-551,2989,63.6,2026-08-05
200,000670,盈方微,6.92,-2.26,2.08,-125.08,6.930272264674,0.2178268,66.58078554,2365,1953,78.8,2026-08-05
201,000672,上峰材料,13.79,0.29,0.64,104.74,13.700947826148,0.2195496,63.49743899,-1050,2840,76.0,2026-08-05
202,000676,智度股份,7.68,-2.17,4.31,52.43,7.736316700224,0.248998,71.30892871,256,847,91.2,2026-08-05
203,000677,ST海龙,1.7,-0.58,1.23,73.09,1.703352068083,0.2967992,51.53769853,-11,5118,70.8,2026-08-05
204,000678,襄阳轴承,9.03,0.11,1.05,-54.61,8.965238424272,0.1574972,58.64616096,51,4165,76.4,2026-08-05
205,000679,大连友谊,5.84,0.17,0.33,-41.44,5.828367782089,0.1673656,53.45900354,-51,4984,69.6,2026-08-05
206,000680,山推股份,11.27,0.54,0.55,12.6,11.146571087532,0.2164352,68.23372113,20,1505,80.8,2026-08-05
207,000681,视觉中国,18.78,-0.53,1.97,13.77,18.848209473561,0.2955256,66.91642246,-1511,1845,83.2,2026-08-05
208,000682,东方电子,12.28,-1.92,0.53,17.45,12.465353506873,0.3103944,70.93092211,-724,911,80.8,2026-08-05
209,000683,博源化工,6.02,1.01,0.72,13.42,5.972578099058,0.3568584,70.57100782,1343,968,82.0,2026-08-05
210,000685,中山公用,11.09,-0.72,0.33,6.98,11.150866559606,0.3856804,71.91930246,-81,720,74.8,2026-08-05
211,000686,东北证券,8.13,-0.49,0.19,11.59,8.186973724603,0.338236,62.18405917,3,3224,74.8,2026-08-05
212,000688,国城矿业,30.47,1.09,0.73,25.56,29.800430129889,0.2602208,69.48556001,426,1205,79.2,2026-08-05
213,000690,宝新能源,4.83,-1.43,0.71,8.48,4.892386764123,0.3425188,65.65344615,-309,2231,76.8,2026-08-05
214,000691,亚太实业,9.72,0.0,1.11,327.59,9.655619560641,0.330542745098,66.9450273,1780,1834,66.8,2026-08-05
215,000692,惠天热电,4.24,10.13,1.9,11.45,3.840667212661,0.185552,62.36323458,1352,3168,64.0,2026-08-05
216,000695,滨海能源,12.82,-0.47,0.6,-66.25,12.793138080689,0.1985868,59.80878932,1137,3897,66.4,2026-08-05
217,000697,炼石航空,8.62,0.82,0.39,2467.53,8.583541646698,0.2020336,58.90666051,-379,4109,67.6,2026-08-05
218,000698,ST沈化,3.38,1.5,0.15,84.09,3.32001482025,0.2169428,60.1192575,-160,3805,68.0,2026-08-05
219,000700,模塑科技,11.62,2.83,2.24,16.4,11.270261325268,0.3015652,63.73193973,-1500,2773,72.8,2026-08-05
220,000701,厦门信达,4.96,0.81,1.07,77.07,4.944569230499,0.1542096,55.93910877,-53,4682,74.0,2026-08-05
221,000702,正虹科技,5.28,-0.38,0.36,-36.39,5.313089430258,0.11153,59.33248778,805,4015,71.2,2026-08-05
222,000703,恒逸石化,16.93,3.29,0.91,8.11,16.077151587698,0.3876064,74.10865204,222,433,82.0,2026-08-05
223,000705,浙江震元,6.52,-0.46,0.65,-24.97,6.579559093739,0.1654764,61.1282471,-175,3521,70.4,2026-08-05
224,000707,双环科技,4.47,-0.45,0.25,-28.52,4.473366938732,0.197048,57.85327592,118,4334,68.8,2026-08-05
225,000708,中信特钢,14.2,0.28,0.06,11.85,14.165962030576,0.1753964,73.30107752,-93,527,79.2,2026-08-05
226,000709,河钢股份,2.13,-0.93,0.17,17.04,2.143893867311,0.3806576,64.78998329,904,2473,76.8,2026-08-05
227,000710,贝瑞基因,8.98,-2.29,4.82,-40.21,9.382922549425,0.1945256,65.0194292,-1700,2415,90.4,2026-08-05
228,000711,ST京蓝,5.23,1.16,1.16,415.14,5.234551670875,0.4098968,57.65966009,-1689,4368,73.2,2026-08-05
229,000712,锦龙股份,9.6,-2.14,2.86,-137.02,9.511280052701,0.452844,69.81016705,3560,1123,75.6,2026-08-05
230,000713,国投丰乐,5.79,0.17,0.21,-68.97,5.775899068368,0.1239376,62.30790951,-360,3189,75.6,2026-08-05
231,000715,中兴商业,4.82,0.0,0.23,31.55,4.841519080115,0.1193948,61.12062271,-285,3525,67.2,2026-08-05
232,000716,黑芝麻,4.73,-0.21,0.39,27.06,4.71538250137,0.1580496,52.93554917,6,5034,76.4,2026-08-05
233,000717,中南股份,2.25,0.45,0.23,-23.64,2.239531828481,0.1366552,55.79767805,-941,4704,72.4,2026-08-05
234,000718,苏宁环球,1.88,-0.53,0.19,286.77,1.88193988928,0.2867124,58.40235723,-1097,4219,68.0,2026-08-05
235,000719,中原传媒,12.37,-0.88,0.22,28.47,12.58496394389,0.116714,65.33993756,-223,2320,73.6,2026-08-05
236,000720,新能泰山,3.71,3.92,4.28,-52.33,3.556629309913,0.1944108,48.38874693,-65,5183,69.6,2026-08-05
237,000721,西安饮食,6.6,0.61,1.13,-32.36,6.559338175786,0.159198,61.61306048,-315,3383,88.0,2026-08-05
238,000722,湖南发展,13.41,-0.37,0.96,146.38,13.385029204418,0.182416,58.32557685,-805,4239,85.6,2026-08-05
239,000723,美锦能源,3.56,-0.28,0.4,-11.65,3.592751907122,0.2439628,59.26077969,-386,4027,75.2,2026-08-05
240,000725,京东方Ａ,5.9,-1.17,1.73,32.01,5.848289926662,0.5016672,79.12258483,31,84,92.4,2026-08-05
241,000726,鲁  泰Ａ,5.93,0.0,0.12,12.93,5.932992942082,0.2659632,72.97305836,-140,571,69.6,2026-08-05
242,000727,冠捷科技,2.25,-1.32,0.39,-9.01,2.285013712023,0.2701684,55.76152881,45,4707,71.6,2026-08-05
243,000728,国元证券,7.26,-0.95,0.18,14.61,7.346944661762,0.3564572,67.33020632,58,1723,76.4,2026-08-05
244,000729,燕京啤酒,12.67,0.72,0.31,33.72,12.586253787278,0.1891848,74.18893241,-99,427,83.6,2026-08-05
245,000731,四川美丰,5.75,-0.52,0.26,-24.66,5.792375568446,0.1954368,56.9584194,55,4518,73.6,2026-08-05
246,000733,振华科技,41.85,-1.41,0.99,364.48,42.242176216103,0.3711096,73.29257236,918,529,80.8,2026-08-05
247,000735,罗 牛 山,5.16,-1.53,0.72,-8.95,5.238295492792,0.21942,57.28095288,17,4460,76.8,2026-08-05
248,000736,中交发展,4.42,-0.67,0.29,240.34,4.401817879299,0.188337254902,56.33650051,-33,4610,83.6,2026-08-05
249,000737,北方铜业,14.33,-0.42,1.62,11.1,14.173478819009,0.4051456,77.46438779,441,167,84.0,2026-08-05
250,000738,航发控制,18.35,-0.11,0.23,47.66,18.354933154972,0.2455748,62.62190247,1002,3089,74.0,2026-08-05
251,000739,普洛药业,21.74,-0.64,0.9,25.28,22.083191392138,0.2985332,76.49665412,-215,224,91.2,2026-08-05
252,000750,国海证券,3.82,-1.29,0.28,23.75,3.867512508799,0.3724336,65.12433329,1301,2385,80.0,2026-08-05
253,000751,锌业股份,5.39,5.27,6.65,29.53,4.979491596021,0.4676188,72.93281795,1137,580,78.0,2026-08-05
254,000752,*ST西发,9.13,3.4,0.85,79.64,8.737616197414,0.3178288,70.49764707,749,981,66.0,2026-08-05
255,000753,漳州发展,4.79,-0.62,0.34,60.46,4.819017940372,0.1575544,60.21690122,-225,3778,72.0,2026-08-05
256,000755,山西高速,4.66,-0.64,0.06,15.2,4.689456407653,0.1153828,65.75941619,946,2195,68.8,2026-08-05
257,000756,新华制药,13.92,1.83,1.6,28.9,13.663089911595,0.203988,64.75146818,-256,2488,80.0,2026-08-05
258,000757,浩物股份,3.91,2.09,1.06,62.92,3.836188786359,0.1970168,59.38126277,-64,4000,64.8,2026-08-05
259,000758,中色股份,6.2,0.16,0.77,11.88,6.153748219575,0.3117956,67.53644752,2094,1668,77.2,2026-08-05
260,000759,中百集团,6.75,-2.6,4.35,-11.48,6.85603802601,0.2245968,57.97372427,634,4310,90.0,2026-08-05
261,000761,本钢板材,2.33,-0.85,0.11,-2.23,2.355182100884,0.1623004,55.5845401,-673,4743,67.2,2026-08-05
262,000762,西藏矿业,23.87,0.13,0.97,163.7,23.784798341104,0.2518832,65.07040306,1067,2402,78.4,2026-08-05
263,000766,通化金马,17.22,-0.29,0.44,455.76,17.453818996358,0.3150092,56.60604284,-2091,4571,75.6,2026-08-05
264,000767,晋控电力,3.73,-2.1,1.47,45.63,3.787881347314,0.3019316,61.46380543,1059,3420,77.6,2026-08-05
265,000768,中航西飞,20.86,0.0,0.15,58.89,20.85678824997,0.3646936,67.59256474,1631,1654,82.0,2026-08-05
266,000776,广发证券,21.11,-1.22,0.23,8.77,21.223467186696,0.4716504,77.99788066,519,131,81.2,2026-08-05
267,000777,中核科技,18.11,-3.16,1.76,-162.11,18.396167815633,0.2323572,68.84985046,1129,1363,84.4,2026-08-05
268,000778,新兴铸管,3.82,-1.29,0.39,19.19,3.853662317302,0.3304708,65.76805384,1145,2193,77.2,2026-08-05
269,000779,甘咨询,14.48,7.34,5.29,28.89,13.490791382203,0.2542424,76.24817307,-10,241,85.6,2026-08-05
270,000782,恒申新材,7.52,0.67,1.09,-240.35,7.312404801774,0.4177896,58.82422222,70,4132,63.2,2026-08-05
271,000783,长江证券,8.95,-0.11,0.61,8.33,8.967119140904,0.3811332,70.67507497,-786,950,79.6,2026-08-05
272,000785,居然智家,2.25,-1.32,0.29,56.4,2.289920601783,0.292916,57.26850864,-1430,4461,73.6,2026-08-05
273,000786,北新建材,18.44,-1.34,0.38,9.76,18.665999988444,0.2101972,70.91639567,57,918,81.2,2026-08-05
274,000788,北大医药,5.21,-0.95,0.57,28.75,5.258490285776,0.206482,60.39805632,-58,3730,72.4,2026-08-05
275,000789,万年青,4.09,0.49,0.1,-40.38,4.073518646409,0.0649244,51.70395242,-28,5108,72.0,2026-08-05
276,000790,华神科技,3.78,-0.79,0.99,243.84,3.814988254064,0.2741228,50.74215673,-123,5141,69.2,2026-08-05
277,000791,甘肃能源,7.75,-2.02,0.45,12.9,7.884481175862,0.2432988,65.73210851,-563,2208,71.2,2026-08-05
278,000792,盐湖股份,28.4,0.42,0.29,12.41,28.131988079217,0.4503528,77.38317856,794,173,86.0,2026-08-05
279,000793,ST华闻,2.22,-0.89,0.18,-87.22,2.237566795373,0.212395769231,52.12526497,38,5083,72.8,2026-08-05
280,000795,英洛华,8.72,0.93,0.74,35.1,8.637845137592,0.2395896,63.08935861,130,2950,78.8,2026-08-05
281,000796,凯撒旅业,3.89,-0.26,0.43,556.51,3.900850921102,0.2146524,52.52606093,-335,5061,74.8,2026-08-05
282,000797,中国武夷,2.38,-0.83,0.29,-9.7,2.378882237,0.1824204,56.58975614,-130,4575,71.2,2026-08-05
283,000798,中水渔业,8.04,0.25,0.37,-28.12,8.024903261664,0.0939204,63.71065369,-314,2781,72.8,2026-08-05
284,000799,酒鬼酒,40.86,-0.56,1.07,100.03,40.654520746252,0.2671204,57.71174977,307,4357,83.2,2026-08-05
285,000800,一汽解放,6.26,-1.73,0.1,77.55,6.39038103604,0.1941812,67.4361334,-365,1689,80.4,2026-08-05
286,000801,四川九洲,11.66,0.17,0.3,199.91,11.675122141473,0.146574,62.0651742,-6,3263,75.2,2026-08-05
287,000802,北京文化,4.38,2.34,13.27,-38.03,4.27628405816,0.2633016,63.86141391,88,2735,78.4,2026-08-05
288,000803,山高环能,7.15,0.85,1.18,19.06,7.10938442035,0.160474,58.40813185,-64,4218,72.8,2026-08-05
289,000807,云铝股份,26.92,0.37,0.73,6.48,26.445693775134,0.4403636,76.11356222,381,248,90.4,2026-08-05
290,000809,和展能源,3.26,-0.61,0.29,201.33,3.271144133774,0.2214084,57.64224718,136,4374,62.8,2026-08-05
291,000810,创维数字,9.81,-0.3,0.58,34.03,9.803623875206,0.2607944,71.64700505,398,787,84.4,2026-08-05
292,000811,冰轮环境,39.55,0.2,1.8,83.72,38.607271272368,0.4622696,79.14943965,91,82,84.8,2026-08-05
293,000812,陕西金叶,3.52,0.86,1.0,69.84,3.496710123395,0.1849444,55.56803047,72,4744,76.8,2026-08-05
294,000813,德展健康,3.3,-1.2,0.37,-50.26,3.357001509654,0.2333232,55.62523708,101,4736,74.0,2026-08-05
295,000815,美利云,18.83,-0.11,10.99,147.44,18.993868113827,0.3486044,66.80606462,-1650,1876,96.0,2026-08-05
296,000816,智慧农业,2.65,-0.75,0.59,-75.9,2.675390743779,0.3189344,60.31015131,1066,3752,74.8,2026-08-05
297,000818,航锦科技,13.75,0.44,1.26,140.38,13.649317572377,0.2740508,57.4287561,-542,4425,83.6,2026-08-05
298,000819,岳阳兴长,12.11,0.58,0.25,399.46,11.990464027552,0.2014524,57.94675592,-154,4314,66.8,2026-08-05
299,000820,神雾节能,3.82,-7.28,10.37,-616.56,4.147070917102,0.244767058824,53.86690951,-167,4949,84.8,2026-08-05
300,000821,ST京机,7.37,-0.94,0.33,48.21,7.386263798497,0.2694596,63.45584558,550,2854,73.2,2026-08-05
301,000822,山东海化,4.29,0.0,0.42,-11.96,4.295270460943,0.2022128,53.5848401,-1268,4974,71.6,2026-08-05
302,000823,超声电子,14.25,1.21,3.87,64.24,13.853087526627,0.3331468,71.31657284,258,846,78.8,2026-08-05
303,000825,太钢不锈,3.59,-1.1,0.16,253.36,3.639859577606,0.2426408,63.41369089,-248,2861,75.6,2026-08-05
304,000826,*ST启环,1.75,-2.23,0.58,-3.44,1.792891231495,0.3148852,57.20172148,-7,4475,74.8,2026-08-05
305,000828,东莞控股,9.94,-1.19,0.22,9.08,10.098010894601,0.271854,70.69866546,2,943,70.8,2026-08-05
306,000829,天音控股,8.49,-1.05,0.88,-85.72,8.57884509536,0.23271,62.12758372,-138,3243,81.6,2026-08-05
307,000830,鲁西化工,12.96,-0.31,0.35,14.09,12.92053913929,0.3215508,75.73764652,895,278,81.2,2026-08-05
308,000831,中国稀土,52.74,2.21,1.81,100.99,51.016112241023,0.4611376,69.11841864,1296,1290,83.2,2026-08-05
309,000833,粤桂股份,20.1,-1.23,1.6,18.69,20.042271102747,0.3420684,74.17473492,598,428,78.0,2026-08-05
310,000837,秦川机床,9.93,0.3,0.47,104.67,9.919651520809,0.209324,63.71489218,1396,2777,82.8,2026-08-05
311,000838,*ST发展,,,0.0,-47.72,2.44159414986,0.1843432,60.62096084,-555,3662,76.4,2026-08-05
312,000839,国安股份,2.84,-0.35,1.09,-865.63,2.825656594377,0.3096876,62.66409831,-2166,3075,86.8,2026-08-05
313,000848,承德露露,8.88,-1.22,0.36,9.11,8.995267703903,0.119452,68.6829219,-420,1403,80.8,2026-08-05
314,000850,华茂股份,4.07,0.49,0.32,-4.87,4.029370355586,0.2600804,63.00630962,1025,2978,66.4,2026-08-05
315,000852,石化机械,5.34,-0.56,0.26,-199.43,5.333355825635,0.248542,60.08079148,806,3815,71.6,2026-08-05
316,000856,冀东装备,7.84,0.38,0.46,-32.33,7.837522495938,0.1064912,57.47705511,-969,4415,71.6,2026-08-05
317,000858,五 粮 液,74.76,-0.98,0.3,9.0,75.590306238858,0.339108,68.87826587,-436,1356,92.0,2026-08-05
318,000859,国风新材,8.51,-1.39,1.33,-88.5,8.54293398876,0.2336672,63.90105863,1728,2721,81.2,2026-08-05
319,000860,顺鑫农业,10.86,-0.37,0.41,17.4,10.950347005685,0.205426,58.51721468,-130,4198,84.0,2026-08-05
320,000862,银星能源,5.52,-1.95,1.41,22.83,5.605013092868,0.2489364,52.96190795,-79,5030,80.8,2026-08-05
321,000863,三湘印象,3.9,-1.02,0.27,-226.73,3.937490484615,0.2356656,59.23370698,897,4035,66.4,2026-08-05
322,000868,安凯客车,3.59,-1.1,0.25,455.63,3.639058443359,0.121988,59.43215524,-132,3988,73.6,2026-08-05
323,000869,张  裕Ａ,17.38,-0.63,0.05,19.23,17.433978232619,0.1427152,66.42536282,-122,1997,70.4,2026-08-05
324,000875,电投绿能,5.21,-2.62,0.6,17.23,5.354809205558,0.3229872,54.24949297,-43,4906,78.4,2026-08-05
325,000876,新 希 望,6.92,-0.72,0.15,-8.68,6.923805248703,0.339614,61.94901362,1281,3298,82.4,2026-08-05
326,000877,天山股份,3.84,1.05,0.14,-4.57,3.79488426584,0.1743556,55.04095175,-1096,4809,77.2,2026-08-05
327,000878,云南铜业,16.77,0.0,1.53,15.05,16.546443326402,0.3965516,76.25094327,533,240,82.8,2026-08-05
328,000880,潍柴重机,22.8,-0.04,1.06,48.43,22.70706877099,0.2257632,70.17826424,441,1036,73.2,2026-08-05
329,000881,中广核技,6.48,-0.92,0.26,-26.01,6.553322120158,0.29108,55.83205708,-1135,4698,74.4,2026-08-05
330,000882,华联股份,1.43,-0.69,0.65,-26.11,1.431797944112,0.446692,60.00414925,254,3841,72.8,2026-08-05
331,000883,湖北能源,4.63,-1.07,0.11,16.19,4.685896638458,0.2376008,65.89202974,27,2155,76.0,2026-08-05
332,000885,城发环境,12.79,-1.08,0.21,6.54,12.95489040028,0.2507136,70.49370061,818,983,70.8,2026-08-05
333,000886,海南高速,4.58,-1.08,0.37,-48.19,4.638938917679,0.2122872,62.68793384,-1610,3071,75.6,2026-08-05
334,000887,中鼎股份,18.75,0.59,0.89,19.17,18.693796926572,0.4155928,78.57296217,-12,103,86.4,2026-08-05
335,000888,峨眉山Ａ,9.68,-0.51,0.33,21.53,9.715746048892,0.1849892,63.76247292,-4,2765,77.6,2026-08-05
336,000889,中嘉博创,4.31,9.95,3.25,-229.41,3.906256317322,0.2449056,55.3367739,-1111,4778,81.6,2026-08-05
337,000890,法尔胜,7.42,-0.13,1.79,-84.71,7.380183137044,0.1192328,61.95623699,1075,3296,70.8,2026-08-05
338,000892,欢瑞世纪,4.06,-0.73,5.32,-24.94,4.095933099891,0.24248,57.49255497,-3324,4412,93.2,2026-08-05
339,000893,亚钾国际,48.64,-0.73,0.56,21.1,48.822817943666,0.2710304,73.04564749,159,558,79.2,2026-08-05
340,000895,双汇发展,25.39,0.24,0.07,17.02,25.319172221,0.1608384,73.61675696,329,486,88.0,2026-08-05
341,000897,津滨发展,1.75,-0.57,0.26,-441.3,1.757378000254,0.378282,58.37540077,671,4228,68.8,2026-08-05
342,000898,鞍钢股份,2.04,-0.97,0.14,-3.28,2.060784526024,0.2183536,58.65541686,-1192,4162,74.8,2026-08-05
343,000899,赣能股份,10.86,-1.9,0.59,13.11,11.025790087048,0.21993,64.74539165,-226,2490,79.2,2026-08-05
344,000900,现代投资,3.7,-0.8,0.14,8.49,3.726889683986,0.1960628,65.14567467,76,2379,66.4,2026-08-05
345,000901,航天科技,15.06,0.87,0.85,199.96,14.864539060479,0.2321176,64.92117612,745,2434,78.8,2026-08-05
346,000902,新洋丰,13.73,0.0,0.2,8.64,13.717641950059,0.2773364,70.6143783,-18,964,75.2,2026-08-05
347,000903,ST云动,1.87,-1.06,0.48,-23.31,1.908847547706,0.310746,56.19243316,-596,4633,72.8,2026-08-05
348,000905,厦门港务,8.63,-1.15,0.3,19.48,8.711308218332,0.1648076,65.88877809,1101,2157,73.2,2026-08-05
349,000906,浙商中拓,5.46,-0.55,0.16,5.18,5.485309843118,0.1276,65.02292112,-141,2411,65.6,2026-08-05
350,000908,石药景峰,6.18,-0.48,0.78,740.7,6.217492518903,0.230085294118,59.07413147,-1602,4075,74.8,2026-08-05
351,000909,*ST数源,4.53,1.57,0.28,-73.19,4.447249485619,0.2850372,60.46351842,955,3708,68.8,2026-08-05
352,000910,大亚圣象,5.22,-0.19,0.13,-7.38,5.231120152913,0.1651268,57.75346827,619,4353,62.8,2026-08-05
353,000911,*ST广糖,4.42,0.0,0.42,-17.16,4.404178832475,0.2246128,54.48019681,-669,4876,69.6,2026-08-05
354,000912,泸天化,3.61,-0.82,0.17,-809.24,3.619334019785,0.219068,55.14939048,91,4801,70.4,2026-08-05
355,000913,钱江摩托,11.71,-2.17,0.4,-39.6,12.015136142489,0.1120344,60.53019507,-175,3686,72.4,2026-08-05
356,000915,华特达因,25.32,-0.51,0.36,13.41,25.470175771156,0.1391604,66.41528862,-1311,2002,75.6,2026-08-05
357,000917,电广传媒,7.14,-0.97,0.62,-27.31,7.232361859822,0.2276756,59.83308052,-474,3890,76.0,2026-08-05
358,000919,金陵药业,6.3,-0.47,0.3,34.98,6.314144345459,0.2754632,62.99493361,-1096,2982,71.2,2026-08-05
359,000920,沃顿科技,11.41,-0.35,0.64,30.57,11.327430362608,0.222182,76.10058711,335,251,78.4,2026-08-05
360,000921,海信家电,26.94,-1.03,0.19,9.01,26.946279336205,0.2098108,69.10174953,606,1295,78.0,2026-08-05
361,000922,佳电股份,11.54,-1.2,0.33,29.91,11.510211831803,0.4011768,66.3760982,-293,2012,76.4,2026-08-05
362,000923,河钢资源,14.7,-1.8,0.98,106.03,15.003022428835,0.3240524,73.46582104,1599,506,74.0,2026-08-05
363,000925,众合科技,7.64,0.66,0.68,-38.92,7.620735033712,0.282908,63.64767282,-797,2798,72.0,2026-08-05
364,000926,福星股份,2.17,0.46,0.65,-6.49,2.139905995879,0.360934,60.72423622,185,3628,65.2,2026-08-05
365,000927,中国铁物,2.46,-1.6,0.22,36.71,2.503221479447,0.3308704,67.25511608,-98,1740,69.2,2026-08-05
366,000928,中钢国际,5.13,-0.77,0.24,9.97,5.174066639947,0.2768144,66.68049504,1171,1918,74.4,2026-08-05
367,000929,兰州黄河,8.85,-0.11,0.53,-24.65,8.837702655353,0.232181960784,56.09224166,-708,4654,71.2,2026-08-05
368,000930,中粮科技,4.72,-0.63,0.17,-18.04,4.733820337485,0.2149176,56.32059462,-1228,4612,77.2,2026-08-05
369,000931,中 关 村,4.05,-0.49,0.23,-46.91,4.065990901005,0.115178,56.18770877,173,4635,72.0,2026-08-05
370,000932,华菱钢铁,3.8,-1.04,0.41,32.92,3.84707882069,0.4569512,71.34725062,20,838,81.2,2026-08-05
371,000933,神火股份,26.3,0.38,0.96,6.19,25.950381211894,0.4078692,80.52720904,218,41,90.4,2026-08-05
372,000935,四川双马,22.57,-1.35,0.23,73.27,22.808263570475,0.2699972,59.81354882,-979,3896,76.8,2026-08-05
373,000936,华西股份,5.25,-0.57,0.27,181.85,5.25546656236,0.2155464,55.15595765,-1069,4798,72.8,2026-08-05
374,000937,冀中能源,4.64,0.65,0.18,40.47,4.611145177025,0.1581388,56.58912601,-77,4576,75.2,2026-08-05
375,000938,紫光股份,37.65,1.92,5.38,34.17,37.103297569631,0.5229764,81.88706936,183,23,88.0,2026-08-05
376,000948,南天信息,15.34,-0.97,2.23,-62.77,15.181944721894,0.2473028,75.87407662,125,267,90.0,2026-08-05
377,000949,新乡化纤,6.47,0.31,0.6,23.1,6.397855955879,0.2920388,67.03089655,-744,1803,77.6,2026-08-05
378,000950,重药控股,5.26,-2.05,0.72,13.19,5.374091887594,0.328526,67.75890861,-316,1605,72.4,2026-08-05
379,000951,中国重汽,21.79,-1.04,0.2,14.01,21.763336035536,0.2621648,72.93782349,540,578,77.6,2026-08-05
380,000952,广济药业,5.85,-0.34,0.38,-15.9,5.873720426834,0.081996,54.10546622,-514,4922,68.8,2026-08-05
381,000953,中哲精化,5.61,0.54,0.39,538.46,5.620540088422,0.1537996,58.81571085,-1219,4134,69.2,2026-08-05
382,000955,欣龙控股,4.2,1.2,0.66,-743.43,4.124383094889,0.1020668,56.14412064,-330,4641,70.4,2026-08-05
383,000957,中通客车,10.14,-1.27,0.44,15.11,10.290094069049,0.1929968,66.80712914,-1199,1875,79.6,2026-08-05
384,000958,电投产融,5.45,-0.91,0.1,22.34,5.482116552206,0.2871404,68.83563809,887,1369,82.4,2026-08-05
385,000959,首钢股份,3.79,0.0,0.11,42.21,3.776237964633,0.2418916,70.87656549,-313,923,75.6,2026-08-05
386,000960,锡业股份,39.51,2.36,2.26,18.73,38.015270870287,0.4311208,77.13036254,-88,187,86.8,2026-08-05
387,000962,东方钽业,53.68,3.97,4.69,130.25,49.832474799388,0.4802764,76.10373287,284,250,86.8,2026-08-05
388,000963,华东医药,27.83,-0.32,0.29,12.17,27.884517403301,0.3279396,69.24804444,-718,1259,88.4,2026-08-05
389,000965,天保基建,3.14,-0.95,0.27,13.63,3.155682437466,0.2914332,63.52400336,1125,2832,72.8,2026-08-05
390,000966,长源电力,4.19,-2.33,0.68,34.84,4.282910335704,0.2788884,56.27148164,-80,4619,76.8,2026-08-05
391,000967,盈峰环境,9.28,-2.01,2.17,36.37,9.267608228371,0.456714,76.84192528,-124,207,90.8,2026-08-05
392,000968,蓝焰控股,6.94,0.14,0.6,11.37,6.923307102435,0.22973,61.06802805,-269,3547,78.4,2026-08-05
393,000969,安泰科技,17.24,0.29,1.1,45.64,17.089478757016,0.28463,74.01429869,-96,443,85.6,2026-08-05
394,000970,中科三环,13.69,3.56,3.48,169.07,13.193126396166,0.3564684,63.669681,-1284,2792,83.2,2026-08-05
395,000972,中基健康,3.37,0.0,0.24,-33.1,3.423329091642,0.191833333333,50.41167267,1,5150,63.2,2026-08-05
396,000973,佛塑科技,12.47,-0.16,0.92,13.77,12.398350306015,0.2850428,71.03192011,1727,890,82.4,2026-08-05
397,000975,山金国际,25.31,4.5,2.0,12.59,23.687312982316,0.3727576,79.89292674,821,58,83.2,2026-08-05
398,000977,浪潮信息,77.12,-0.1,1.85,46.81,77.465159772304,0.4657444,77.70967652,41,154,89.2,2026-08-05
399,000978,桂林旅游,6.08,0.0,0.37,-60.14,6.075014281862,0.3021904,62.86427377,335,3023,71.6,2026-08-05
400,000980,众泰汽车,1.74,-3.33,1.09,-26.75,1.802451554978,0.3044568,51.7482343,-8,5106,76.0,2026-08-05
401,000981,山子高科,3.09,-2.52,4.6,30.77,3.100082203028,0.5098236,67.16897183,495,1763,80.8,2026-08-05
402,000983,山西焦煤,6.51,0.77,0.31,11.44,6.456407812812,0.2676084,61.91402904,-290,3304,76.8,2026-08-05
403,000985,大庆华科,14.87,1.36,0.43,85.2,14.743586800574,0.0944132,60.2444204,487,3771,65.2,2026-08-05
404,000987,越秀资本,7.83,-0.76,0.14,7.57,7.892219060711,0.367624,69.79422184,1731,1126,76.0,2026-08-05
405,000988,华工科技,101.45,1.02,2.15,39.94,97.784690084998,0.4237628,66.65782446,-1250,1931,84.0,2026-08-05
406,000989,九芝堂,9.09,0.0,1.28,11.79,9.088923635556,0.2124528,65.1616286,-7,2371,83.6,2026-08-05
407,000990,诚志股份,6.57,0.31,1.0,12.0,6.511376474499,0.2980628,60.94523528,69,3580,78.4,2026-08-05
408,000993,闽东电力,10.12,-1.56,0.66,-42.62,10.248250557504,0.204112,52.93941744,-43,5032,72.8,2026-08-05
409,000995,皇台酒业,10.91,0.09,2.82,-100.35,10.755518330262,0.1805116,66.66400057,2608,1928,78.4,2026-08-05
410,000997,新 大 陆,19.15,2.52,1.32,17.25,18.838193960193,0.219226,64.20155754,-210,2647,83.6,2026-08-05
411,000998,隆平高科,8.21,-0.85,0.31,-23.05,8.304664951782,0.2243976,58.83799534,288,4129,80.0,2026-08-05
412,000999,华润三九,25.0,-1.26,0.25,12.44,25.246410060772,0.2196228,68.43294918,-514,1461,86.8,2026-08-05
413,001201,东瑞股份,11.49,0.79,0.5,-3.93,11.392582490336,0.1941812,56.86984661,-14,4535,65.6,2026-08-05
414,001202,炬申股份,13.04,-0.38,0.38,61.71,12.976504101921,0.0782296,60.15495089,321,3797,65.6,2026-08-05
415,001203,大中矿业,28.04,0.07,0.5,68.19,27.907981430933,0.2443216,68.45077468,-738,1452,70.4,2026-08-05
416,001205,盛航股份,13.66,0.0,0.17,16.32,13.59831009858,0.152222,61.80552636,786,3339,66.8,2026-08-05
417,001206,依依股份,16.4,0.8,2.38,27.38,16.252962346327,0.1524552,58.94960001,-1076,4100,75.2,2026-08-05
418,001207,联科科技,15.46,-0.51,0.18,17.96,15.501479098245,0.2035356,61.16179642,-110,3512,67.2,2026-08-05
419,001208,华菱线缆,15.28,-0.84,3.6,80.1,15.294456331287,0.2532784,67.35720782,-1500,1713,94.0,2026-08-05
420,001209,洪兴股份,16.65,0.67,0.38,24.35,16.526954025264,0.1349344,62.43668191,69,3144,64.0,2026-08-05
421,001210,金房能源,21.51,3.46,7.24,8.9,20.469825358005,0.5275632,71.68152356,214,779,58.8,2026-08-05
422,001211,双枪科技,20.79,0.39,0.74,95.46,20.679279713306,0.1732996,59.18703575,97,4041,62.4,2026-08-05
423,001212,中旗新材,34.75,0.52,0.55,462.96,34.248059169691,0.2396744,64.48062967,448,2561,66.4,2026-08-05
424,001213,中铁特货,3.55,0.0,0.02,32.38,3.551978742779,0.159476,63.21507428,844,2907,68.4,2026-08-05
425,001215,千味央厨,32.84,-0.24,0.39,35.29,32.68788922311,0.2355744,61.56807884,-994,3391,63.6,2026-08-05
426,001216,华瓷股份,14.18,0.0,0.34,23.68,14.048947016281,0.2069248,68.77261417,2043,1382,66.8,2026-08-05
427,001217,华尔泰,9.83,0.51,0.32,109.21,9.807897732063,0.088114,55.72963796,-109,4712,70.4,2026-08-05
428,001218,丽臣实业,23.57,2.39,0.66,10.25,22.989264524034,0.048864,64.32500453,-948,2609,62.8,2026-08-05
429,001219,青岛食品,12.33,0.0,0.15,19.07,12.348187946048,0.150942,58.51554401,-176,4199,66.8,2026-08-05
430,001220,世盟股份,30.35,0.23,0.88,33.93,30.223835124377,0.1192592,67.13932995,140,1772,64.4,2026-08-05
431,001221,悍高集团,39.96,-1.33,0.78,31.09,40.520183498172,0.176412,76.23584927,294,242,70.4,2026-08-05
432,001222,源飞宠物,14.1,-0.42,0.82,29.64,14.171923232432,0.1209388,62.0238693,-269,3273,68.8,2026-08-05
433,001223,欧克科技,37.11,-3.49,1.67,39.4,37.950765231814,0.2176608,63.07089502,-2115,2955,78.8,2026-08-05
434,001225,和泰机电,44.93,-0.64,7.13,109.89,44.41883320136,0.43384,68.65682007,2164,1411,68.0,2026-08-05
435,001226,拓山重工,41.58,1.29,0.38,73.83,41.143508739308,0.1802044,65.84394516,-434,2170,66.4,2026-08-05
436,001227,兰州银行,2.16,-1.37,0.81,5.78,2.199031085719,0.3573484,62.23168993,803,3211,74.8,2026-08-05
437,001228,永泰运,27.64,-0.61,0.23,20.77,27.720462722463,0.214044,60.31567136,326,3745,62.0,2026-08-05
438,001229,魅视科技,42.5,0.43,8.79,-325.22,40.556896026608,0.358516,77.14747961,-68,184,84.8,2026-08-05
439,001230,劲旅环境,19.21,2.51,2.05,21.3,18.839852670185,0.231244,65.46867629,304,2283,68.8,2026-08-05
440,001231,农心科技,19.23,0.42,0.34,24.8,19.218292800385,0.0723248,62.37679878,722,3165,63.2,2026-08-05
441,001233,海安集团,44.29,-1.36,0.91,38.76,44.705428970979,0.1873484,67.81868772,-252,1594,65.6,2026-08-05
442,001234,泰慕士,20.45,1.44,0.39,40.2,20.265693658433,0.0809084,57.12491485,-1337,4489,65.2,2026-08-05
443,001236,弘业期货,7.67,-0.65,0.31,154.48,7.696802450134,0.152474,50.3195449,-3,5151,72.0,2026-08-05
444,001238,浙江正特,25.06,-0.79,0.08,22.85,25.274371822132,0.0806184,56.5175063,-256,4587,64.0,2026-08-05
445,001239,永达股份,11.74,0.43,0.48,273.99,11.662752626352,0.1378672,55.90411925,438,4687,65.2,2026-08-05
446,001255,博菲电气,24.81,-0.16,0.25,-338.14,24.809256581257,0.1335336,64.17234519,1822,2650,64.4,2026-08-05
447,001256,炜冈科技,27.59,3.57,1.77,26.16,26.260168070291,0.2730224,65.63072004,-1802,2238,66.0,2026-08-05
448,001257,盛龙股份,25.94,1.05,8.73,30.92,25.534702743788,0.3047984,71.83671622,-100,737,73.2,2026-08-05
449,001258,立新能源,12.73,-5.91,6.0,468.49,13.489100878435,0.2299072,60.21119347,-447,3781,87.6,2026-08-05
450,001259,利仁科技,45.92,0.28,0.51,160.8,45.77798588445,0.1301224,53.91153451,-1612,4941,58.4,2026-08-05
451,001260,坤泰股份,16.58,0.91,0.25,187.92,16.582379512988,0.052428,58.993809,-1274,4089,61.2,2026-08-05
452,001266,宏英智能,34.22,1.85,3.5,24.42,33.387127896456,0.2167708,74.83090733,-166,359,77.6,2026-08-05
453,001267,汇绿生态,36.75,4.17,4.15,485.1,33.732755181573,0.513332,71.73806601,890,762,86.4,2026-08-05
454,001268,联合精密,19.54,-0.41,0.73,-420.05,19.417977998726,0.1649204,64.08395859,-303,2675,62.0,2026-08-05
455,001269,欧晶科技,19.24,-0.41,0.32,-85.13,19.306448268858,0.1318172,53.2218632,96,5004,65.6,2026-08-05
456,001270,铖昌科技,117.58,2.76,2.21,135.47,113.179268850857,0.4580432,73.88655588,-131,458,88.0,2026-08-05
457,001277,速达股份,28.09,1.26,0.67,37.15,27.827858836403,0.0780008,61.44970499,-1235,3424,62.8,2026-08-05
458,001278,一彬科技,15.3,0.59,0.56,-11.1,15.150224445867,0.0825916,53.27631385,-943,5000,60.8,2026-08-05
459,001279,强邦新材,24.74,-0.72,0.38,153.01,24.892784825567,0.1128004,55.62698427,-270,4735,63.6,2026-08-05
460,001280,中国铀业,66.01,0.81,2.43,159.42,65.055309611803,0.3661172,77.02680715,1129,190,83.6,2026-08-05
461,001282,三联锻造,16.62,-1.66,3.48,33.73,16.406642926486,0.1583404,65.46245631,1346,2285,65.6,2026-08-05
462,001283,豪鹏科技,42.06,-0.92,0.71,34.03,42.098875386822,0.251916,62.85372844,-243,3024,66.0,2026-08-05
463,001285,瑞立科密,42.08,-0.73,0.74,22.92,42.554979275467,0.2328528,66.28519095,-174,2050,65.6,2026-08-05
464,001286,陕西能源,10.33,0.39,0.49,10.91,10.310595797749,0.3112516,66.91014646,-1089,1847,70.0,2026-08-05
465,001287,中电港,22.72,0.09,0.98,27.24,22.564766142187,0.31215,72.06262663,-464,696,83.6,2026-08-05
466,001288,运机集团,27.89,6.09,2.49,31.7,26.171351844163,0.3040576,71.06242755,-196,884,72.0,2026-08-05
467,001289,龙源电力,16.11,-1.35,0.05,20.73,16.288663021167,0.2079176,65.01588701,1014,2416,74.8,2026-08-05
468,001296,长江材料,18.08,0.5,0.52,30.97,17.860128109884,0.0806468,66.93673834,2042,1838,67.6,2026-08-05
469,001298,好上好,17.32,0.06,0.63,31.72,17.237720082332,0.1436924,69.00470427,-206,1325,74.8,2026-08-05
470,001299,美能能源,9.9,0.41,0.16,28.08,9.837116067946,0.1258312,62.56024707,-215,3107,61.6,2026-08-05
471,001300,三柏硕,10.63,0.0,0.39,-100.69,10.608859087645,0.137652,58.17242284,524,4271,64.8,2026-08-05
472,001301,尚太科技,52.68,-2.03,0.47,26.56,54.22522814614,0.2639216,69.79412054,1067,1127,66.0,2026-08-05
473,001306,夏厦精密,52.62,-0.77,1.31,-37.54,53.10202340407,0.1382724,56.19299523,-547,4632,66.4,2026-08-05
474,001308,康冠科技,19.77,3.83,0.69,22.4,18.892962114484,0.19807,72.7742789,1424,600,65.6,2026-08-05
475,001309,德明利,382.09,-1.07,4.69,6.48,378.684496090363,0.4986176,78.71217548,-23,97,95.6,2026-08-05
476,001311,多利科技,16.3,0.49,0.59,24.18,16.171217312763,0.1103876,60.84389088,792,3604,71.6,2026-08-05
477,001312,福恩股份,17.85,-0.17,1.03,25.63,17.871268387963,0.1791776,62.64463114,146,3080,64.4,2026-08-05
478,001313,粤海饲料,7.19,-0.42,0.35,111.76,7.177452003376,0.1704052,62.12148317,-516,3245,64.4,2026-08-05
479,001314,亿道信息,53.42,2.57,1.07,44.39,51.71427052406,0.1690544,64.8010696,-484,2470,77.6,2026-08-05
480,001316,润贝航科,26.8,0.41,0.27,17.82,26.606225375976,0.1652448,70.54692663,-389,974,64.0,2026-08-05
481,001317,三羊马,55.05,0.16,1.94,-3949.19,54.614991327886,0.3184748,67.99697446,865,1559,80.4,2026-08-05
482,001318,阳光乳业,10.91,-1.0,0.41,40.41,10.98121194426,0.2177888,62.39025441,-126,3160,80.8,2026-08-05
483,001319,铭科精技,19.38,0.99,0.74,29.54,19.161153985507,0.073054,61.0434098,-75,3551,66.0,2026-08-05
484,001322,箭牌家居,6.12,-1.13,0.11,-23.03,6.156029887068,0.08692,57.0614884,-291,4501,62.8,2026-08-05
485,001323,慕思股份,17.1,-1.5,0.3,21.05,17.171406298687,0.1462244,67.67410374,1097,1631,72.4,2026-08-05
486,001324,长青科技,18.83,-0.37,0.32,52.34,18.880775427522,0.1482148,60.21997959,-85,3777,64.8,2026-08-05
487,001325,元创股份,36.45,-0.41,3.57,27.94,36.161425310632,0.178018,68.05344747,1486,1544,62.8,2026-08-05
488,001326,联域股份,55.43,1.37,1.82,66.83,54.020564965669,0.2779512,72.19208825,-132,680,69.6,2026-08-05
489,001328,登康口腔,29.92,-1.51,0.32,24.87,30.232927403778,0.1415852,68.67108426,949,1405,68.4,2026-08-05
490,001330,博纳影业,5.2,-0.57,2.43,-40.36,5.221849683952,0.2486664,54.19920073,-469,4913,76.8,2026-08-05
491,001331,胜通能源,51.85,3.29,1.8,-635.72,49.682432195631,0.406868309859,67.66736862,-1024,1635,81.2,2026-08-05
492,001332,锡装股份,31.06,-0.54,0.54,13.16,31.048847875385,0.1815864,63.94251337,-267,2713,61.6,2026-08-05
493,001333,光华股份,19.76,0.71,0.24,25.72,19.388365950107,0.084198,70.97759085,483,900,60.8,2026-08-05
494,001335,信凯科技,31.7,-0.35,0.54,30.69,31.659070038911,0.14791,59.56389499,-1592,3959,59.6,2026-08-05
495,001336,楚环科技,17.49,0.17,0.63,43.14,17.527759097707,0.0563564,61.26505667,256,3482,61.6,2026-08-05
496,001337,四川黄金,45.38,4.88,4.09,17.95,42.06598032193,0.3798936,79.10151515,1678,85,80.8,2026-08-05
497,001338,永顺泰,8.74,-0.46,0.13,33.01,8.80108520841,0.1625564,63.64103723,1228,2802,66.0,2026-08-05
498,001339,智微智能,81.05,5.25,3.97,34.12,75.727894828798,0.3199808,81.85962743,114,25,89.6,2026-08-05
499,001356,富岭股份,8.67,-0.57,0.26,86.56,8.694566393112,0.0698412,55.23020774,-72,4790,64.4,2026-08-05
500,001358,兴欣新材,26.08,-0.11,3.5,37.34,25.889864289809,0.1994196,60.63201488,-2355,3656,76.8,2026-08-05
501,001359,平安电工,87.61,1.67,4.63,84.84,82.982744766895,0.4437132,76.99036845,318,196,72.4,2026-08-05
502,001360,南矿集团,15.17,-1.94,4.01,59.78,15.438102434968,0.1748152,66.69422741,490,1914,61.6,2026-08-05
503,001366,播恩集团,11.44,-0.17,0.33,50.23,11.41649922251,0.0687224,62.65105491,-179,3079,61.6,2026-08-05
504,001367,海森药业,18.23,0.28,0.39,24.02,18.201509572878,0.1970888,62.43636963,-251,3145,60.8,2026-08-05
505,001368,通达创智,21.3,0.05,0.2,18.66,21.235222968439,0.0499872,63.51868162,-1290,2833,63.6,2026-08-05
506,001369,双欣材料,12.93,-0.92,1.12,29.02,12.999709055704,0.2232988,63.12863949,395,2936,72.4,2026-08-05
507,001373,翔腾新材,27.0,0.41,1.14,-48.98,26.853657675693,0.1461848,57.46467353,-177,4417,66.0,2026-08-05
508,001376,百通能源,11.39,-0.09,3.74,30.81,11.325166505362,0.1617112,59.64660855,-893,3937,72.4,2026-08-05
509,001378,德冠新材,18.66,4.77,4.02,28.69,17.853697035831,0.1557716,63.97659104,24,2701,61.6,2026-08-05
510,001379,腾达科技,15.69,0.0,0.49,41.86,15.656628391354,0.0804904,65.95504075,-19,2133,66.8,2026-08-05
511,001380,华纬科技,16.44,-0.12,0.12,26.69,16.512246955092,0.1062684,65.09346917,-1109,2395,64.4,2026-08-05
512,001382,新亚电缆,17.26,-1.48,1.76,69.08,17.485811141073,0.158854,57.35106706,-494,4446,72.0,2026-08-05
513,001386,马可波罗,15.06,0.13,0.74,28.19,15.00763398084,0.1177644,68.96142679,999,1339,64.8,2026-08-05
514,001387,雪祺电气,11.66,0.26,0.5,45.36,11.63866168603,0.0710788,60.85751013,-101,3601,61.6,2026-08-05
515,001388,信通电子,22.8,-2.61,4.58,-108.96,23.408691078562,0.2139168,71.05583108,492,886,81.6,2026-08-05
516,001389,广合科技,159.42,-0.56,1.59,47.99,156.390090973085,0.3723716,80.59582809,-10,40,77.6,2026-08-05
517,001390,古麒绒材,17.84,0.34,0.38,22.32,17.692988573019,0.1363912,65.36113343,-289,2310,60.0,2026-08-05
518,001391,国货航,4.28,-0.93,0.31,27.67,4.32558823545,0.2661456,63.34972618,-1225,2881,69.2,2026-08-05
519,001395,亚联机械,29.77,-0.23,1.34,10.72,29.670407633187,0.1878192,64.83067611,-1342,2458,69.6,2026-08-05
520,001396,誉帆科技,35.02,0.92,1.58,518.55,34.833510739002,0.15196,65.72592139,-430,2210,66.8,2026-08-05
521,001400,江顺科技,74.79,2.06,1.65,41.8,72.526022992352,0.1651676,65.35390388,-121,2313,69.2,2026-08-05
522,001696,宗申动力,15.49,-0.26,1.76,25.83,15.496766476703,0.2674608,70.00284595,-907,1076,86.0,2026-08-05
523,001872,招商港口,21.92,-0.14,0.02,12.02,21.924108601394,0.0815016,68.48329711,-400,1440,75.6,2026-08-05
524,001896,豫能控股,13.07,-3.11,2.14,170.27,13.317107222379,0.3071284,64.9515258,518,2426,77.6,2026-08-05
525,001914,招商积余,8.73,-0.68,0.18,9.86,8.831611068703,0.142904,66.24554328,-666,2062,69.6,2026-08-05
526,001965,招商公路,9.44,-1.46,0.06,11.89,9.623190173971,0.1327924,69.09007109,-355,1299,71.2,2026-08-05
527,001979,招商蛇口,6.81,-1.02,0.2,392.39,6.807875909915,0.353066,65.6098869,1652,2246,80.8,2026-08-05
528,002001,新 和 成,30.57,2.58,0.53,12.85,29.509911503643,0.351768,78.00149375,-43,130,82.4,2026-08-05
529,002003,伟星股份,10.29,-1.15,0.4,32.86,10.386802613552,0.1224724,70.44692534,-53,989,74.0,2026-08-05
530,002004,华邦健康,4.36,-1.36,0.32,13.94,4.415206845397,0.2485712,67.39624802,-129,1701,76.0,2026-08-05
531,002005,德豪润达,2.29,-1.72,0.3,108.04,2.343674394217,0.30621,53.83421072,-307,4952,68.0,2026-08-05
532,002006,精工科技,13.87,-0.22,0.41,36.17,13.901064912695,0.2329784,64.44970152,1104,2566,73.6,2026-08-05
533,002007,华兰生物,13.13,-1.28,0.27,26.02,13.347203860239,0.1909644,65.35353242,-213,2314,85.2,2026-08-05
534,002008,大族激光,95.2,0.42,1.24,38.11,91.897647736417,0.4059384,75.73958903,231,276,82.8,2026-08-05
535,002009,天奇股份,18.01,0.22,1.56,73.6,18.071758911912,0.2265164,61.01135418,-2173,3558,76.8,2026-08-05
536,002010,传化智联,4.9,-1.41,0.39,12.75,4.992742413982,0.271222,62.39947712,-1652,3156,74.4,2026-08-05
537,002011,盾安环境,10.39,-1.52,0.36,14.23,10.508957684642,0.3060648,71.3598557,701,837,74.4,2026-08-05
538,002012,凯恩股份,6.47,0.47,0.81,183.91,6.418178351547,0.2575644,60.43816063,-2861,3716,84.0,2026-08-05
539,002014,永新股份,10.98,0.09,0.15,18.53,10.868785268034,0.1819016,71.95484379,695,715,68.4,2026-08-05
540,002015,协鑫能科,15.83,-1.8,1.53,22.32,16.103800384589,0.3085248,62.7667376,-2518,3056,86.8,2026-08-05
541,002016,世荣兆业,4.49,-1.54,0.84,44.08,4.468472465062,0.3093,73.77515995,546,470,68.0,2026-08-05
542,002017,东信和平,14.58,4.14,2.42,42.81,14.046768664931,0.194022,62.43711617,-171,3143,78.0,2026-08-05
543,002019,亿帆医药,10.14,-0.78,0.42,28.86,10.236684061752,0.2707452,65.34600984,-187,2317,76.8,2026-08-05
544,002020,京新药业,13.69,-1.01,0.79,17.84,13.775532513862,0.263536,71.93840634,864,719,72.4,2026-08-05
545,002021,中捷资源,2.68,-1.11,1.31,-135.84,2.628802473401,0.3312852,65.4448632,2600,2293,66.4,2026-08-05
546,002022,科华生物,5.18,0.0,0.27,-13.75,5.216563963572,0.0868724,55.11838597,-17,4804,72.4,2026-08-05
547,002023,海特高新,10.58,2.42,1.26,76.82,10.249932495414,0.2787664,66.66788073,90,1927,81.6,2026-08-05
548,002024,ST易购,1.24,1.64,0.19,99.36,1.227822747977,0.5617108,60.11644912,1145,3808,75.2,2026-08-05
549,002025,航天电器,66.19,-0.21,1.0,143.84,65.154840038425,0.3474492,73.51116989,191,499,79.6,2026-08-05
550,002026,山东威达,10.35,0.49,0.26,17.78,10.356977893142,0.2067104,61.88118891,-1457,3313,72.0,2026-08-05
551,002027,分众传媒,5.18,-1.89,0.4,10.45,5.284044851466,0.3546772,71.55326542,-125,807,87.6,2026-08-05
552,002028,思源电气,158.87,-1.29,0.35,41.81,159.437584748032,0.318594,79.76373554,463,62,82.8,2026-08-05
553,002029,七 匹 狼,8.88,1.25,1.02,31.41,8.74465787998,0.255526,63.72837903,38,2774,76.4,2026-08-05
554,002030,达安基因,5.59,0.72,1.17,-19.98,5.528506545163,0.2864792,58.05425391,-17,4297,74.0,2026-08-05
555,002031,巨轮智能,5.34,-0.74,1.57,-81.92,5.311937595496,0.2988136,61.06634004,701,3549,78.0,2026-08-05
556,002032,苏 泊 尔,41.05,-1.13,0.08,18.92,41.63365393701,0.10803,71.98622409,-223,710,78.0,2026-08-05
557,002033,丽江股份,8.73,-0.23,0.46,18.0,8.754530500578,0.2353172,65.58564209,-153,2252,74.4,2026-08-05
558,002034,旺能环境,14.19,-1.25,0.41,9.11,14.315254280387,0.292354,62.12857532,-181,3242,64.4,2026-08-05
559,002035,华帝股份,4.82,-0.62,0.24,10.1,4.842665532583,0.2229284,70.61974995,472,963,70.4,2026-08-05
560,002036,联创电子,7.55,-3.21,4.55,-20.62,7.639449406787,0.472365818182,64.44111661,1314,2574,81.2,2026-08-05
561,002037,保利联合,7.1,4.11,2.05,-10.51,6.822861796927,0.1723084,55.55610189,-1276,4746,83.6,2026-08-05
562,002038,双鹭药业,5.68,-0.87,0.85,-16.94,5.732387428131,0.2311944,60.43080756,-416,3719,82.0,2026-08-05
563,002039,黔源电力,19.68,-1.25,0.44,23.58,19.832793887669,0.2498212,66.0299711,-87,2115,73.2,2026-08-05
564,002040,南 京 港,8.11,-0.86,0.21,19.22,8.158065224001,0.1712328,60.52974193,-970,3687,71.2,2026-08-05
565,002041,登海种业,8.74,0.0,0.43,56.99,8.748151353615,0.187672,61.25573218,-27,3485,78.0,2026-08-05
566,002042,华孚时尚,3.86,-0.26,0.48,64.81,3.872604806998,0.217924,56.74745293,-796,4552,79.6,2026-08-05
567,002043,兔 宝 宝,12.36,-3.59,0.93,17.32,12.81291179011,0.1001904,73.74081304,-154,476,81.2,2026-08-05
568,002044,美年健康,4.86,-1.42,0.76,-18.65,4.912045205341,0.34984,71.08232315,522,880,80.0,2026-08-05
569,002045,国光电器,8.66,0.0,0.94,-47.31,8.65291929451,0.1947476,55.37309583,-158,4769,89.2,2026-08-05
570,002046,国机精工,45.93,1.28,0.66,-678.0,45.35849663413,0.37628,62.80253438,-715,3040,77.6,2026-08-05
571,002047,宝鹰股份,3.29,-1.2,0.85,-135.64,3.303491092898,0.2309956,56.15893877,-429,4638,71.2,2026-08-05
572,002048,宁波华翔,19.21,-1.03,0.64,14.29,19.319810115643,0.2846804,66.53384317,495,1965,77.6,2026-08-05
573,002049,紫光国微,66.39,-1.21,0.91,41.87,66.868475777984,0.408644,72.63645008,-65,610,87.6,2026-08-05
574,002050,三花智控,38.96,-1.14,0.54,44.18,39.082988501218,0.3744928,78.18191334,48,118,84.8,2026-08-05
575,002051,中工国际,9.39,-0.95,0.87,43.93,9.454660513188,0.3216008,69.1680066,710,1279,72.0,2026-08-05
576,002052,同洲电子,8.99,1.47,0.44,260.73,8.865267959342,0.2394792,62.91143103,-100,3011,67.6,2026-08-05
577,002053,云南能投,9.59,-1.54,0.25,10.72,9.719847504103,0.14173,56.94962251,-231,4519,70.0,2026-08-05
578,002054,德美化工,7.18,0.28,1.03,18.36,7.130924732495,0.1984956,60.07396861,752,3820,76.0,2026-08-05
579,002055,ST得润,5.58,0.72,0.49,33.39,5.515610876306,0.3002212,58.157072,-338,4275,72.4,2026-08-05
580,002056,横店东磁,21.84,-0.46,0.62,23.02,21.695893336229,0.2989684,74.80795494,280,363,77.2,2026-08-05
581,002057,中钢天源,8.57,1.66,1.27,20.13,8.418133182287,0.347708,66.17923023,916,2077,75.2,2026-08-05
582,002058,威尔泰,16.74,-1.06,0.78,79.92,16.778129166191,0.188657843137,65.52072882,-197,2266,78.0,2026-08-05
583,002059,云南旅游,4.5,0.0,0.22,-34.03,4.500980360012,0.1128268,50.89060915,-33,5134,74.4,2026-08-05
584,002060,广东建工,3.38,-0.59,0.46,28.36,3.403056002266,0.2790292,67.76144322,-47,1604,74.4,2026-08-05
585,002061,浙江交科,3.55,-0.84,0.22,10.75,3.601200318796,0.2072636,71.60018884,620,794,72.8,2026-08-05
586,002062,宏润建设,8.0,0.63,0.46,33.56,7.973205626509,0.3464248,62.89824582,-1646,3016,72.4,2026-08-05
587,002063,远光软件,5.78,-0.52,1.07,255.77,5.879989949064,0.298998,70.63537255,-808,958,82.8,2026-08-05
588,002064,华峰化学,11.74,1.65,0.47,14.69,11.320292139632,0.2766564,78.20238362,145,116,82.4,2026-08-05
589,002065,东华软件,7.57,-0.13,0.62,97.91,7.629835917904,0.2824684,69.7025862,-934,1144,89.2,2026-08-05
590,002066,瑞泰科技,20.82,0.39,0.37,-382.56,20.546526867896,0.3115624,59.15250581,551,4054,64.0,2026-08-05
591,002067,景兴纸业,4.53,-0.88,1.54,78.75,4.509587801329,0.2722812,62.40225547,-272,3155,84.4,2026-08-05
592,002068,黑猫股份,8.12,0.25,0.76,-15.7,8.052345525822,0.2447716,60.92499096,-1220,3585,73.2,2026-08-05
593,002069,獐子岛,3.24,0.31,0.46,225.13,3.221734022312,0.0927032,60.19326183,-157,3786,70.0,2026-08-05
594,002072,凯瑞德,7.25,0.97,0.39,-148.26,7.209115425406,0.2513604,57.25482273,-864,4464,59.2,2026-08-05
595,002073,软控股份,5.67,-1.05,0.42,47.8,5.72149223481,0.2332204,62.82326831,-1366,3032,75.2,2026-08-05
596,002074,国轩高科,27.85,-1.49,0.53,599.01,28.160249756534,0.3013088,61.89102729,81,3310,84.4,2026-08-05
597,002075,沙钢股份,4.09,-0.24,0.51,43.67,4.120997533565,0.268266,64.0056708,-1517,2694,84.8,2026-08-05
598,002076,星光股份,2.08,0.0,1.28,-82.05,2.094250179754,0.364764509804,58.13621033,-334,4283,72.0,2026-08-05
599,002077,大港股份,12.53,0.24,2.28,47.34,12.323962072651,0.2357232,66.31100391,599,2038,86.0,2026-08-05
600,002078,太阳纸业,13.87,-1.7,0.27,10.69,14.124339885492,0.2157464,72.79393164,-230,596,80.0,2026-08-05
601,002079,苏州固锝,9.53,0.11,1.62,25.47,9.460923947886,0.2975088,73.60528459,-82,489,81.6,2026-08-05
602,002080,中材科技,50.93,4.34,1.95,42.1,46.903667635418,0.4465524,77.47802043,627,165,85.6,2026-08-05
603,002081,金 螳 螂,3.94,-1.01,0.97,14.85,3.95588514467,0.2553412,65.75895237,-135,2197,72.8,2026-08-05
604,002082,ST万邦,10.1,-1.56,0.51,15.0,10.088739018331,0.2997756,60.88222379,878,3593,70.8,2026-08-05
605,002083,孚日股份,11.83,1.28,2.45,15.52,11.521677254313,0.3391948,76.40174398,367,232,90.0,2026-08-05
606,002084,海鸥住工,3.55,1.14,0.68,-25.47,3.535993815483,0.14502,54.65601924,-597,4852,68.8,2026-08-05
607,002085,万丰奥威,10.8,-0.28,0.38,23.59,10.827000194707,0.2801336,62.927497,-27,3006,80.8,2026-08-05
608,002086,东方海洋,1.86,-0.53,0.47,-80.83,1.862657756619,0.3043572,56.52867874,487,4584,72.0,2026-08-05
609,002088,鲁阳节能,7.6,0.26,0.17,332.01,7.656037134318,0.1146004,57.26415723,105,4462,69.6,2026-08-05
610,002090,金智科技,9.48,-0.63,0.44,43.42,9.592298224592,0.150762,58.53928333,-513,4188,76.8,2026-08-05
611,002091,江苏国泰,7.73,-0.9,0.18,14.85,7.812987301094,0.3130364,69.9193455,15,1094,73.6,2026-08-05
612,002092,中泰化学,4.47,0.68,0.79,-20.29,4.421860507867,0.3053312,60.31114133,-28,3751,78.8,2026-08-05
613,002093,国脉科技,7.12,-0.42,0.41,-95.76,7.147367179781,0.1792156,65.99200567,73,2123,78.8,2026-08-05
614,002094,青岛金王,4.79,0.21,0.98,106.26,4.77884944307,0.158046,57.37385532,-88,4443,82.0,2026-08-05
615,002095,生 意 宝,14.58,0.69,0.52,804.34,14.512811697834,0.1619932,68.8939059,930,1354,75.2,2026-08-05
616,002096,易普力,9.56,0.84,0.22,27.59,9.48372686787,0.1848144,70.02263162,-222,1069,70.8,2026-08-05
617,002097,山河智能,7.44,0.95,0.74,110.06,7.359183820087,0.2370864,57.45304628,-89,4419,77.2,2026-08-05
618,002098,浔兴股份,6.7,0.45,0.27,19.94,6.693361931538,0.1425664,66.2384431,-224,2066,67.2,2026-08-05
619,002099,海翔药业,5.36,-0.92,0.23,82.02,5.436711628102,0.1738252,52.29097083,-45,5073,66.8,2026-08-05
620,002100,天康生物,7.04,-0.14,0.3,-14.72,7.03102203621,0.2672864,66.44698427,936,1991,79.6,2026-08-05
621,002101,广东鸿图,8.88,-1.11,0.22,-209.01,8.99674665283,0.154902,62.45291664,1,3139,74.0,2026-08-05
622,002102,ST能特,2.26,0.0,0.11,58.99,2.257162785101,0.3669668,57.34690511,-31,4447,64.8,2026-08-05
623,002103,广博股份,6.65,-1.19,0.82,43.67,6.761195580216,0.1597456,66.87644597,-1728,1855,79.2,2026-08-05
624,002104,恒宝股份,11.76,10.01,3.93,-99.79,10.679047750574,0.1713288,52.83156625,60,5045,82.0,2026-08-05
625,002105,信隆健康,5.49,1.1,0.74,-258.59,5.471734744216,0.0413452,55.71735826,-897,4719,70.0,2026-08-05
626,002106,莱宝高科,10.45,-0.38,0.92,52.85,10.369171934281,0.343304,71.41575147,-11,824,74.4,2026-08-05
627,002107,沃华医药,6.08,-1.14,0.46,25.97,6.131767363466,0.1934008,67.70884176,574,1621,77.2,2026-08-05
628,002108,沧州明珠,4.37,-0.68,0.3,40.73,4.375560570079,0.3185916,58.6126812,-81,4175,72.0,2026-08-05
629,002109,ST兴化,2.57,-0.39,0.09,-118.77,2.580734208715,0.2557848,60.02328072,1037,3834,65.6,2026-08-05
630,002110,三钢闽光,3.18,-0.93,0.28,-20.09,3.211694142591,0.1801352,57.17039298,-1159,4481,72.0,2026-08-05
631,002111,威海广泰,9.59,-0.21,0.34,16.51,9.621045528327,0.1490376,64.41961634,333,2577,69.6,2026-08-05
632,002112,三变科技,16.4,-4.21,5.61,57.24,17.088595771853,0.1884192,61.40830075,-652,3438,92.4,2026-08-05
633,002114,罗平锌电,7.2,1.41,1.53,-14.75,7.06243103041,0.171166,63.90442215,2209,2720,71.6,2026-08-05
634,002115,三维通信,11.95,1.27,3.69,111.3,11.817021077237,0.2444092,66.85322891,-281,1862,92.4,2026-08-05
635,002116,中国海诚,7.07,-0.28,0.09,24.0,7.094878475999,0.1247564,69.63168524,951,1164,74.4,2026-08-05
636,002117,东港股份,8.37,1.82,0.74,22.09,8.225221872733,0.192868,66.73932677,1199,1896,73.2,2026-08-05
637,002119,康强电子,23.16,3.86,8.13,85.32,21.517680858642,0.3423848,74.04136218,855,440,79.6,2026-08-05
638,002120,韵达股份,6.75,-0.88,0.3,10.05,6.795812086893,0.3025156,72.19726269,919,678,76.0,2026-08-05
639,002121,科陆电子,5.25,-1.13,0.49,-54.36,5.297375527935,0.239044,59.25806309,-1338,4028,78.8,2026-08-05
640,002122,ST汇洲,2.5,2.04,0.45,91.69,2.451879991488,0.320224,62.90341067,1130,3014,72.0,2026-08-05
641,002123,梦网科技,8.79,1.15,1.22,-40.24,8.714971558034,0.2095912,60.59954136,164,3670,84.8,2026-08-05
642,002124,天邦食品,2.23,-1.33,0.77,-1.75,2.248895156717,0.328394,51.66480743,-56,5110,71.6,2026-08-05
643,002125,湘潭电化,12.64,-0.86,0.74,22.26,12.724199913297,0.3083944,67.8296299,1410,1591,75.6,2026-08-05
644,002126,银轮股份,40.4,-1.92,0.45,39.96,40.711436271945,0.2727764,74.59736574,87,380,75.2,2026-08-05
645,002127,南极电商,3.11,-1.27,0.73,58.49,3.155308589757,0.2522636,59.56911381,-380,3958,78.8,2026-08-05
646,002128,电投能源,27.27,0.59,0.16,10.65,26.947801960997,0.2996344,73.64896869,-195,483,80.4,2026-08-05
647,002129,TCL中环,8.91,-2.52,1.05,-5.47,9.087357542539,0.3952052,60.84572294,984,3603,79.6,2026-08-05
648,002130,沃尔核材,17.43,-0.51,0.87,26.37,17.415381891091,0.2703588,71.07021075,-842,882,85.2,2026-08-05
649,002131,利欧股份,5.54,-2.29,6.92,300.01,5.559848136744,0.3687276,72.24680261,566,668,95.6,2026-08-05
650,002132,恒星科技,4.12,1.23,1.31,25.48,4.046955115809,0.2784288,58.91503121,-875,4106,70.0,2026-08-05
651,002133,广宇集团,2.6,-0.38,0.36,-120.87,2.601322833746,0.1340492,64.38122827,-87,2590,66.4,2026-08-05
652,002134,天津普林,20.84,1.86,1.12,111.39,20.259952875303,0.2084324,67.36295629,1217,1711,72.0,2026-08-05
653,002135,东南网架,6.49,1.72,0.37,118.65,6.318547899945,0.3220376,61.14314021,1453,3518,68.0,2026-08-05
654,002136,安 纳 达,12.27,-0.24,0.68,88.98,12.202764028537,0.3389052,62.6132051,1505,3093,68.8,2026-08-05
655,002137,实益达,7.91,0.38,2.49,85.36,7.872605803118,0.2361972,65.67790374,209,2221,82.4,2026-08-05
656,002138,顺络电子,48.61,-2.0,1.59,43.83,48.708812383732,0.4223356,79.36514181,-35,73,86.4,2026-08-05
657,002139,拓邦股份,10.3,-1.25,0.71,61.87,10.433756978881,0.2355736,65.45958253,-1217,2288,87.2,2026-08-05
658,002140,东华科技,9.13,0.44,0.47,13.04,9.07240932683,0.1961808,65.07556977,-1353,2400,73.6,2026-08-05
659,002141,贤丰控股,5.79,2.84,9.25,150.35,5.590684035667,0.2363148,57.18399022,-813,4478,90.8,2026-08-05
660,002142,宁波银行,31.49,-0.51,0.06,6.35,31.517106267352,0.291112,66.64532832,-309,1936,86.8,2026-08-05
661,002144,宏达高科,10.47,0.87,0.77,38.35,10.387794073631,0.0714012,55.59147818,-247,4742,71.2,2026-08-05
662,002145,钛能化学,4.57,-1.08,0.49,20.72,4.63394258694,0.2882324,66.70747999,-36,1910,78.0,2026-08-05
663,002146,荣盛发展,1.11,-1.77,0.43,-1.83,1.129274152339,0.5083784,58.1726911,619,4270,74.4,2026-08-05
664,002148,北纬科技,6.45,1.1,1.19,372.99,6.399662507361,0.195736,57.57747963,-387,4396,77.6,2026-08-05
665,002149,西部材料,38.6,1.42,3.28,512.27,37.597595569614,0.30437,64.82904229,268,2459,79.6,2026-08-05
666,002150,正泰电源,21.36,0.19,0.4,128.05,21.235406056452,0.192288,67.03022297,90,1804,70.8,2026-08-05
667,002151,北斗星通,29.78,0.44,0.98,298.18,29.704829698966,0.2308332,58.64455678,-1174,4166,81.2,2026-08-05
668,002152,广电运通,10.49,1.25,0.64,28.78,10.383412829853,0.2939912,66.03220969,164,2114,88.0,2026-08-05
669,002153,石基信息,8.68,1.28,0.76,250.49,8.603736282058,0.210464,66.28805275,-648,2047,84.4,2026-08-05
670,002154,报 喜 鸟,4.06,-0.98,0.67,6.25,4.093987135756,0.167958,65.09658186,-501,2392,75.2,2026-08-05
671,002155,湖南黄金,25.25,2.31,3.24,16.56,24.094553615246,0.3983684,76.84441444,845,206,80.8,2026-08-05
672,002156,通富微电,60.28,3.93,3.92,69.5,57.267587530568,0.4358104,67.63137002,-1088,1648,89.6,2026-08-05
673,002157,正邦科技,2.92,-1.35,0.34,-16.3,2.949018712035,0.4018716,59.9756335,825,3855,76.4,2026-08-05
674,002158,汉钟精机,27.89,2.05,1.0,26.59,27.169030847675,0.2948564,74.82591121,1,360,76.8,2026-08-05
675,002159,三特索道,13.26,-0.08,0.43,28.43,13.303759605576,0.2025672,66.28606089,1147,2049,66.0,2026-08-05
676,002160,常铝股份,3.9,0.0,0.5,79.24,3.895855395973,0.193443818182,58.60905375,34,4177,72.4,2026-08-05
677,002161,远 望 谷,5.64,1.26,0.6,-27.22,5.581902914321,0.2041792,60.60159859,382,3669,76.0,2026-08-05
678,002162,悦心健康,3.99,-0.5,0.27,344.18,3.995853925686,0.2082628,66.73414603,-342,1904,79.2,2026-08-05
679,002163,海南发展,8.32,-0.83,0.71,-446.5,8.377408098761,0.1288892,62.21899029,826,3220,75.2,2026-08-05
680,002164,宁波东力,11.31,0.09,0.54,69.1,11.252172443673,0.3137704,63.94374952,-74,2712,76.0,2026-08-05
681,002165,红 宝 丽,6.64,-0.75,1.64,-50.83,6.635007606808,0.2169552,52.29912236,-287,5072,83.2,2026-08-05
682,002166,莱茵生物,6.64,-0.9,0.41,28.96,6.696089175355,0.2071488,62.64226968,-174,3081,78.4,2026-08-05
683,002167,东方锆业,16.82,1.51,7.58,160.9,16.367235828516,0.3207796,66.0463943,1111,2107,80.8,2026-08-05
684,002168,ST惠程,3.68,-3.16,0.66,-150.47,3.691609152721,0.305284,63.96324782,1271,2706,69.2,2026-08-05
685,002169,智光电气,12.53,0.64,1.37,107.56,12.254209394598,0.3256756,70.43959502,104,991,76.8,2026-08-05
686,002170,芭田股份,11.68,0.09,0.48,10.36,11.67877034406,0.3068292,69.48426086,331,1206,74.0,2026-08-05
687,002171,楚江新材,10.0,0.2,1.05,28.95,9.866999923179,0.2946256,71.94490229,1615,718,79.6,2026-08-05
688,002172,澳洋健康,3.24,-0.31,0.49,118.46,3.256087749574,0.1512808,60.04386862,-503,3830,76.0,2026-08-05
689,002173,创新医疗,20.95,-1.46,5.8,-91.9,21.081839406035,0.2962736,62.95562366,-1294,2996,90.0,2026-08-05
690,002174,游族网络,12.01,-1.72,1.01,28.36,12.223404808912,0.295738,59.00531582,-2411,4086,85.6,2026-08-05
691,002175,*ST东智,2.46,-0.4,0.32,-372.23,2.47189420431,0.258492727273,55.76083962,-1679,4708,71.2,2026-08-05
692,002176,江特电机,9.41,-0.63,2.22,-22.29,9.365809419119,0.3408448,65.06527771,-370,2406,92.8,2026-08-05
693,002177,御银股份,6.05,2.02,3.59,115.44,5.935648808476,0.2411784,57.9319907,-1616,4317,76.8,2026-08-05
694,002178,延华智能,4.62,0.22,0.42,-144.34,4.617273654875,0.2271532,57.63750327,-51,4377,74.0,2026-08-05
695,002179,中航光电,34.4,-1.01,0.29,45.35,34.547188517529,0.3890028,69.51906056,-641,1193,84.0,2026-08-05
696,002180,奔图科技,19.69,10.0,0.44,108.44,17.433805584075,0.3435684,68.41645632,1083,1465,78.8,2026-08-05
697,002181,粤 传 媒,9.39,-4.28,3.66,155.64,9.753144048312,0.3284996,66.80286567,372,1878,78.0,2026-08-05
698,002182,宝武镁业,12.83,-2.21,2.55,625.09,12.842361970437,0.5011764,66.44649451,3000,1992,77.6,2026-08-05
699,002183,怡 亚 通,4.68,-1.47,0.54,180.71,4.747590136422,0.311126,57.87976896,-61,4326,72.8,2026-08-05
700,002184,海得控制,9.83,-0.71,0.55,282.56,9.875577642017,0.1565108,57.54249669,-234,4403,75.2,2026-08-05
701,002185,华天科技,17.02,2.59,4.96,162.94,16.274746144017,0.3480528,68.98574313,630,1331,89.2,2026-08-05
702,002186,全 聚 德,9.23,0.44,0.4,104.44,9.194275268385,0.1005592,61.56479387,-257,3393,74.4,2026-08-05
703,002187,广百股份,5.31,-0.56,0.3,38.54,5.333309264939,0.127274,55.66359097,-88,4729,74.8,2026-08-05
704,002188,中天服务,5.25,-0.57,1.11,67.92,5.267840178397,0.0860584,60.47687241,-1416,3705,67.6,2026-08-05
705,002189,中光学,18.83,0.11,0.41,-19.63,18.767986377299,0.19708,57.41509558,214,4430,80.0,2026-08-05
706,002190,成飞集成,23.51,0.34,0.44,-102.62,23.413567528258,0.1948528,56.03544982,-367,4664,76.0,2026-08-05
707,002191,劲嘉股份,3.74,-0.27,0.14,36.19,3.747616546424,0.3011964,54.28851266,15,4895,70.8,2026-08-05
708,002192,融捷股份,67.45,-0.16,1.74,15.75,66.530597568374,0.3408828,70.92651928,1601,915,81.6,2026-08-05
709,002193,ST如意,4.03,2.81,0.6,-8.68,3.915382501145,0.1596608,49.48202003,-29,5172,66.4,2026-08-05
710,002194,武汉凡谷,10.09,10.03,7.07,-1174.27,9.16049806741,0.1749408,54.62715229,-1008,4860,73.6,2026-08-05
711,002195,岩山科技,7.03,-1.68,1.58,472.76,7.104920893582,0.3219396,70.13333372,218,1053,91.6,2026-08-05
712,002196,方正电机,11.24,0.36,1.73,119.83,11.079138293857,0.234836,65.26622477,1847,2345,76.4,2026-08-05
713,002197,证通电子,7.3,1.67,3.94,626.97,7.189897930877,0.2159044,53.11820614,-659,5012,91.2,2026-08-05
714,002198,ST嘉应,3.34,-1.47,0.26,34.02,3.366088893931,0.2785444,59.82675386,874,3892,62.4,2026-08-05
715,002199,东晶电子,13.8,0.36,4.0,-467.63,13.829863298226,0.267535882353,57.64349996,-2369,4372,87.2,2026-08-05
716,002200,交投生态,6.87,-0.87,0.62,53.98,6.905132538066,0.086286470588,54.71129565,-356,4846,64.0,2026-08-05
717,002201,九鼎新材,8.25,0.49,0.84,85.85,8.163956728901,0.166456,68.35127262,-914,1480,73.2,2026-08-05
718,002202,金风科技,21.05,4.41,2.43,24.5,20.018564005643,0.3801852,77.71581082,90,153,84.8,2026-08-05
719,002203,海亮股份,19.3,-0.67,0.34,25.36,19.468533973439,0.3177824,71.06257438,308,883,76.0,2026-08-05
720,002204,大连重工,5.36,-0.74,0.26,12.42,5.404925043557,0.2186684,65.65095124,-314,2234,75.2,2026-08-05
721,002205,国统股份,10.4,1.46,0.44,-14.13,10.292143188466,0.0897668,55.83595492,394,4697,71.6,2026-08-05
722,002206,海 利 得,5.35,-0.19,0.25,12.62,5.349058514199,0.361812,69.4108408,-110,1221,68.8,2026-08-05
723,002207,*ST准油,5.98,0.0,1.25,-24.94,5.829543541169,0.2678448,64.40404043,1922,2583,70.0,2026-08-05
724,002208,合肥城建,11.37,0.53,2.2,-91.72,11.135801757124,0.2453348,57.4859514,-361,4414,84.0,2026-08-05
725,002209,达 意 隆,10.83,0.65,0.52,30.48,10.742915762212,0.0743632,59.30953136,-221,4018,67.2,2026-08-05
726,002210,飞马国际,2.27,-2.16,0.66,130.16,2.310493728458,0.242522,59.13923154,-40,4059,70.4,2026-08-05
727,002211,ST宏达,3.85,0.0,0.55,217.07,3.824752737818,0.2003008,57.09955921,215,4495,72.8,2026-08-05
728,002212,天融信,7.36,10.01,6.16,-21.54,6.690910675851,0.2360264,65.90955289,-570,2150,88.8,2026-08-05
729,002213,大为股份,29.38,1.8,5.69,111.67,28.264174916858,0.3787076,72.31812071,1384,657,78.0,2026-08-05
730,002214,大立科技,16.34,10.03,0.3,-35.81,14.85,0.463640196078,61.48803681,1293,3413,72.8,2026-08-05
731,002215,诺 普 信,9.12,-0.65,0.46,3.04,9.158838889885,0.2207108,64.00111914,-340,2696,77.2,2026-08-05
732,002216,三全食品,12.83,-1.16,0.37,10.48,12.848382908066,0.1642156,71.84576147,501,734,80.0,2026-08-05
733,002217,ST合力泰,1.55,-0.64,0.7,3501.9,1.5505052936,0.36128372549,59.41047386,-741,3993,73.6,2026-08-05
734,002218,拓日新能,4.12,-1.67,0.85,-35.99,4.17023034154,0.2098172,52.86822028,77,5040,81.6,2026-08-05
735,002219,新里程,2.08,-0.95,0.61,87.71,2.107799349754,0.3606828,60.91113827,256,3590,76.8,2026-08-05
736,002221,东华能源,5.66,-0.88,0.32,13.87,5.697883632389,0.2510228,63.09216706,1036,2948,74.8,2026-08-05
737,002222,福晶科技,59.39,2.03,3.22,107.02,56.237615048267,0.4173384,74.5432532,831,388,81.2,2026-08-05
738,002223,鱼跃医疗,27.13,-1.6,0.47,15.87,27.603431389293,0.2622972,67.96692114,-128,1565,87.6,2026-08-05
739,002224,三 力 士,3.48,-0.29,0.24,-58.98,3.490199610763,0.1770616,55.93392828,-2,4683,69.6,2026-08-05
740,002225,濮耐股份,3.74,-0.53,0.34,57.34,3.759961061203,0.2881364,59.99576937,-21,3846,69.2,2026-08-05
741,002226,江南化工,5.1,0.2,0.28,25.14,5.064129652859,0.2815464,65.91826362,-422,2147,74.0,2026-08-05
742,002227,*ST特迅,6.25,0.32,0.25,-24.67,6.239725146409,0.1269644,58.04985635,-56,4299,70.0,2026-08-05
743,002228,合兴包装,3.11,0.0,0.38,23.18,3.113026448323,0.1761612,57.2118254,283,4472,67.6,2026-08-05
744,002229,鸿博股份,10.95,-0.54,2.12,-42.85,11.017053375883,0.2282872,59.33315328,-2885,4014,86.4,2026-08-05
745,002230,科大讯飞,44.17,0.0,0.97,-156.28,44.2961547139,0.3839656,70.28543463,-701,1013,94.4,2026-08-05
746,002232,启明信息,15.02,0.4,0.46,22737.25,15.074487190092,0.1518556,66.95249061,74,1831,77.2,2026-08-05
747,002233,塔牌集团,7.44,0.4,0.37,19.9,7.411095222088,0.1095088,63.88218507,840,2729,73.2,2026-08-05
748,002234,民和股份,7.19,0.14,0.28,-9.29,7.166513705546,0.1665228,59.85421883,703,3887,69.6,2026-08-05
749,002235,安妮股份,8.46,1.32,1.39,-1679.51,8.364346555284,0.2798764,59.38079595,-412,4002,81.6,2026-08-05
750,002236,大华股份,17.11,-0.41,0.42,20.04,17.19780164152,0.3557636,75.30872801,-33,308,90.0,2026-08-05
751,002237,恒邦股份,14.17,1.36,1.96,27.77,13.780272816559,0.3341384,70.73078522,1090,940,76.8,2026-08-05
752,002238,天威视讯,6.16,0.49,0.21,-57.38,6.180111286682,0.0728756,58.75410036,-1302,4144,73.2,2026-08-05
753,002239,奥特佳,2.52,-1.18,0.46,53.41,2.562025463474,0.2614616,60.61699024,-418,3667,74.8,2026-08-05
754,002240,盛新锂能,30.71,-0.03,1.55,15.14,30.293043047271,0.316692,74.42189905,651,402,85.6,2026-08-05
755,002241,歌尔股份,23.45,-1.1,0.72,41.4,23.485849234872,0.4538212,73.03082474,1969,562,83.6,2026-08-05
756,002242,九阳股份,9.06,-0.77,0.23,20.86,9.092932447787,0.2078248,60.40324728,-362,3729,77.6,2026-08-05
757,002243,力合科创,7.39,-0.54,0.31,-104.12,7.430292015425,0.2597256,60.4549807,-140,3710,74.4,2026-08-05
758,002244,滨江集团,8.52,-1.27,0.29,8.17,8.500540697773,0.290592,69.60050278,754,1171,80.0,2026-08-05
759,002245,蔚蓝锂芯,17.09,1.79,1.33,37.26,16.712041379329,0.314,72.26695168,113,665,86.4,2026-08-05
760,002246,北化股份,20.13,-0.64,0.48,38.21,20.236987466826,0.2955792,67.68329711,-538,1628,75.2,2026-08-05
761,002247,聚力文化,2.24,1.36,1.65,555.6,2.214145020687,0.220418,63.96899172,1167,2705,66.4,2026-08-05
762,002248,华东数控,9.0,0.33,0.74,85.12,8.915039637704,0.23741,68.39878647,1185,1473,74.0,2026-08-05
763,002249,大洋电机,7.51,-0.66,0.65,15.49,7.539027156251,0.2535936,62.58654228,-278,3100,80.4,2026-08-05
764,002250,联化科技,16.3,0.0,0.55,35.99,16.280220311038,0.2861888,72.23413795,489,671,81.6,2026-08-05
765,002251,步步高,3.71,-1.85,0.98,21.42,3.764000135973,0.3031692,58.65583215,846,4161,72.4,2026-08-05
766,002252,上海莱士,4.96,-1.98,0.35,25.88,5.087823761124,0.2927588,68.10508714,-1017,1537,80.8,2026-08-05
767,002253,川大智胜,10.23,1.19,0.79,-32.14,10.030158113588,0.203593529412,55.06327367,-581,4808,80.0,2026-08-05
768,002254,泰和新材,12.34,0.82,0.77,166.35,12.139458038897,0.2464508,59.78094091,336,3902,75.2,2026-08-05
769,002255,海陆重工,8.6,-1.49,0.95,17.26,8.715554146464,0.2834136,66.65706824,-1262,1933,76.8,2026-08-05
770,002256,兆新股份,3.37,-1.75,0.68,160.35,3.416212557765,0.308672,54.75383511,187,4843,72.8,2026-08-05
771,002258,利尔化学,14.32,-2.05,1.22,24.9,14.62374915942,0.294786,61.90604713,-596,3307,86.0,2026-08-05
772,002259,升达林业,3.86,-1.03,0.36,9.44,3.907705799619,0.2919596,65.28512531,1834,2338,64.0,2026-08-05
773,002261,拓维信息,27.71,-0.36,1.31,142.03,27.855853767414,0.2815072,67.36937834,-188,1710,89.2,2026-08-05
774,002262,恩华药业,21.39,-1.06,0.34,17.11,21.669643782093,0.2546068,69.94853684,-808,1088,81.6,2026-08-05
775,002263,大东南,3.03,-0.66,0.63,329.32,3.041293661014,0.2680824,56.60495931,64,4572,71.2,2026-08-05
776,002264,新 华 都,6.63,-1.04,0.83,14.25,6.66906267614,0.2435632,74.87471429,-57,354,78.4,2026-08-05
777,002265,建设工业,18.92,-1.61,0.53,141.69,19.205170878458,0.1972644,63.35894847,-29,2877,85.2,2026-08-05
778,002266,浙富控股,5.01,0.6,0.55,10.85,4.955900507044,0.3262964,75.67407816,-84,283,84.8,2026-08-05
779,002267,陕天然气,7.15,-0.83,0.15,5.35,7.220252591455,0.1681116,67.57506087,-89,1657,68.8,2026-08-05
780,002268,电科网安,14.84,0.75,0.65,-20.13,14.863578046945,0.210334,60.99061248,-256,3569,85.6,2026-08-05
781,002269,美邦服饰,1.43,0.0,1.27,578.06,1.430045101161,0.3970348,51.2122487,-319,5129,76.0,2026-08-05
782,002270,华明装备,20.75,-1.43,0.64,28.52,20.881771965777,0.3493656,77.69297566,275,155,84.4,2026-08-05
783,002271,东方雨虹,11.72,-0.76,0.51,17.42,11.777953706947,0.275718,69.06343703,1096,1305,82.4,2026-08-05
784,002272,川润股份,14.62,0.55,1.81,-57.39,14.345937230117,0.2967128,55.82253315,-200,4700,73.6,2026-08-05
785,002273,水晶光电,27.55,1.51,1.19,38.83,26.618293093037,0.3992748,76.19544031,19,244,80.4,2026-08-05
786,002274,华昌化工,5.54,0.0,0.58,27.24,5.50770114304,0.2739256,59.51898799,-421,3973,78.8,2026-08-05
787,002275,桂林三金,13.08,-0.53,0.07,15.45,13.182280898373,0.0653236,65.47021533,-1395,2282,69.6,2026-08-05
788,002276,万马股份,10.52,-1.31,0.57,42.05,10.627473819445,0.1894892,64.59013939,-442,2528,79.6,2026-08-05
789,002277,友阿股份,5.78,-0.69,0.33,47.52,5.810067531051,0.2972704,53.01782798,-656,5021,75.2,2026-08-05
790,002278,神开股份,7.95,-0.25,0.44,-355.2,7.924988410262,0.1229732,61.41269724,-163,3434,72.8,2026-08-05
791,002279,久其软件,7.09,1.43,3.78,-17.83,7.054160841857,0.231984,68.00549326,-921,1554,91.2,2026-08-05
792,002281,光迅科技,171.56,0.01,1.83,147.99,167.536913339988,0.432512,72.13141819,-617,687,93.2,2026-08-05
793,002282,博深股份,5.85,-0.34,0.19,21.41,5.880102810261,0.1422088,66.21748617,-100,2069,66.8,2026-08-05
794,002283,天润工业,8.96,-0.22,0.64,17.55,8.918801032845,0.2279156,73.87191334,1364,461,67.6,2026-08-05
795,002284,亚太股份,9.51,-1.96,1.06,12.37,9.760072988659,0.232662,71.7059652,828,770,76.0,2026-08-05
796,002285,世联行,2.13,-1.39,0.46,-262.79,2.149520560308,0.2230264,56.0607864,-841,4660,70.4,2026-08-05
797,002286,保龄宝,7.95,-1.24,0.78,13.95,8.001493806392,0.2871316,63.87801472,507,2730,80.0,2026-08-05
798,002287,奇正藏药,20.44,-0.78,0.1,30.72,20.613815003601,0.1061672,63.50239618,-282,2838,74.8,2026-08-05
799,002289,宇顺电子,32.92,1.73,0.56,46.83,32.766272896014,0.319672941176,69.67529936,537,1156,79.2,2026-08-05
800,002290,禾盛新材,56.6,0.44,0.91,51.55,55.755503022703,0.3107352,69.85086583,189,1107,68.4,2026-08-05
801,002291,遥望科技,5.78,-2.03,3.72,5.94,5.855407609155,0.3190884,74.892209,756,352,90.0,2026-08-05
802,002292,奥飞娱乐,8.26,-0.6,1.48,55.8,8.304222356693,0.2378296,57.70309704,-404,4360,85.6,2026-08-05
803,002293,罗莱生活,11.18,-0.27,0.15,15.86,11.116959334674,0.1900612,70.06096062,211,1064,68.8,2026-08-05
804,002294,信立泰,33.94,-1.19,0.77,41.99,34.106952223442,0.3282424,66.42107904,-1445,1999,82.4,2026-08-05
805,002295,精艺股份,8.62,0.58,0.33,74.96,8.524634970613,0.0864484,63.40565503,232,2864,66.4,2026-08-05
806,002296,辉煌科技,9.03,-0.11,0.76,14.9,9.029772518017,0.2204984,64.44705135,1089,2569,72.8,2026-08-05
807,002297,博云新材,18.54,3.81,5.12,20.08,17.602465793582,0.269368,75.84650906,38,268,80.0,2026-08-05
808,002298,中电鑫龙,8.7,-0.91,3.1,37.48,8.698642817515,0.2287856,60.29999523,749,3755,92.4,2026-08-05
809,002299,圣农发展,16.62,-0.12,0.15,20.42,16.672077299815,0.2281428,67.44940447,-201,1685,78.0,2026-08-05
810,002300,太阳电缆,7.25,-1.89,1.41,81.29,7.317356174728,0.1943396,64.14866565,-1602,2656,84.0,2026-08-05
811,002301,齐心集团,7.08,2.31,0.71,30.0,6.947063023569,0.2516556,63.49114805,-1078,2843,68.8,2026-08-05
812,002302,西部建设,5.08,9.96,1.08,-7.11,4.620536720996,0.1352008,57.59352559,-936,4390,74.0,2026-08-05
813,002303,美盈森,5.24,0.19,4.04,32.69,5.150374577808,0.332802,63.3517958,-2119,2879,86.0,2026-08-05
814,002304,洋河股份,40.93,-0.87,0.16,6.3,41.356512512308,0.2414396,67.19885068,980,1754,87.2,2026-08-05
815,002305,*ST南置,2.06,0.0,0.42,56.56,2.047906567392,0.4715312,60.51693656,1359,3691,69.6,2026-08-05
816,002306,ST云网,1.88,1.62,0.48,-55.91,1.832236974191,0.267023137255,61.27031932,694,3481,67.6,2026-08-05
817,002307,北新路桥,3.15,1.61,1.24,-21.05,3.086370248642,0.3710308,58.82948306,488,4130,72.8,2026-08-05
818,002309,中利集团,3.24,-2.11,2.42,156.01,3.262334608689,0.2712176,54.65101038,185,4853,84.0,2026-08-05
819,002310,东方新能,2.47,-3.14,1.13,-267.84,2.524998034559,0.3010472,50.79811746,-85,5137,83.6,2026-08-05
820,002311,海大集团,47.22,0.49,0.09,22.03,47.14814185015,0.2408756,72.92673599,-209,581,78.4,2026-08-05
821,002312,川发龙蟒,8.51,-0.82,0.32,44.31,8.487911376002,0.227472,65.40626454,1391,2300,78.4,2026-08-05
822,002313,日海智能,8.3,1.47,0.86,78.79,8.216628489006,0.1767428,60.9765147,1095,3574,71.6,2026-08-05
823,002314,南山控股,2.11,0.0,0.47,-9.99,2.107989920848,0.1898572,55.16754137,-47,4796,67.6,2026-08-05
824,002315,焦点科技,27.9,-0.89,1.82,29.37,28.189375857979,0.2578412,77.84725515,127,144,86.4,2026-08-05
825,002316,亚联发展,4.41,1.61,1.03,303.44,4.377387518502,0.10282,58.66192448,-187,4160,71.2,2026-08-05
826,002317,众生药业,27.45,-0.25,1.31,58.43,27.523593697062,0.314226,76.03176879,268,256,85.6,2026-08-05
827,002318,久立特材,20.02,-1.52,0.42,12.39,20.28183244683,0.2952948,69.02887229,-492,1313,81.6,2026-08-05
828,002319,乐通股份,11.14,3.82,2.01,110.65,10.704956669369,0.3154328,53.61662758,16,4968,66.8,2026-08-05
829,002320,海峡股份,6.79,-1.31,0.2,31.09,6.871291032498,0.172572,62.15423441,-1383,3232,74.8,2026-08-05
830,002321,华英农业,1.89,-1.05,0.18,-66.79,1.913386989977,0.2756464,66.06957035,1054,2101,69.2,2026-08-05
831,002322,理工能科,10.71,0.0,0.25,42.32,10.707714077738,0.1335288,67.27180201,43,1735,70.4,2026-08-05
832,002323,*ST雅博,1.32,-2.94,1.07,-62.84,1.372238576391,0.4760068,60.86688401,1404,3597,68.4,2026-08-05
833,002324,普利特,9.4,-0.53,0.58,54.97,9.486039153001,0.168414,63.77193882,-300,2762,72.4,2026-08-05
834,002326,永太科技,19.19,-0.05,1.18,42.41,19.112489276061,0.309218,66.6980046,1251,1912,78.4,2026-08-05
835,002327,富安娜,6.49,-0.31,0.11,20.94,6.487642190885,0.0765672,69.68304804,666,1154,68.4,2026-08-05
836,002328,新朋股份,6.91,-0.14,0.87,12.7,6.907558608794,0.2357536,60.54010578,119,3681,70.4,2026-08-05
837,002329,皇氏集团,3.21,-2.43,2.44,164.06,3.305341457052,0.2788208,46.32241323,-1032,5194,84.8,2026-08-05
838,002330,得利斯,3.8,-0.52,0.39,65.75,3.824613216151,0.1270044,53.10346476,82,5015,72.4,2026-08-05
839,002331,皖通科技,7.05,0.86,0.55,-26.18,7.014054709385,0.1612464,55.51402967,-1382,4754,68.8,2026-08-05
840,002332,仙琚制药,8.52,-0.93,0.32,22.44,8.613071217822,0.295432,69.00978444,-243,1322,73.2,2026-08-05
841,002333,罗普斯金,5.46,1.87,0.76,88.22,5.320368721179,0.304054,67.01439065,41,1809,66.0,2026-08-05
842,002334,英威腾,6.74,-0.3,0.23,-45.47,6.765726765691,0.2002336,60.52216221,-1258,3690,72.8,2026-08-05
843,002335,科华数据,31.29,-0.98,1.08,75.65,31.33665390403,0.31549,73.77129346,-5,471,82.0,2026-08-05
844,002337,赛象科技,4.58,0.66,0.3,90.42,4.572745267747,0.096318,61.91201545,727,3305,70.4,2026-08-05
845,002338,奥普光电,41.75,-0.41,0.85,80.55,41.313603084626,0.2595576,73.02254008,909,565,81.6,2026-08-05
846,002339,积成电子,7.3,-1.08,0.86,-12.54,7.366901055892,0.1724096,58.24000634,-548,4262,79.2,2026-08-05
847,002340,格林美,6.86,0.29,1.41,16.75,6.791980894449,0.4366024,71.13158637,452,873,84.8,2026-08-05
848,002342,巨力索具,8.18,1.24,2.1,528.94,8.031558906966,0.1719624,59.06812869,-52,4078,75.2,2026-08-05
849,002343,慈文传媒,5.2,0.0,0.95,-46.89,5.188706668343,0.2529916,64.34911675,-776,2598,75.2,2026-08-05
850,002344,海宁皮城,3.73,-0.53,0.14,32.11,3.750347329649,0.156098,57.46920597,-1016,4416,67.2,2026-08-05
851,002345,潮宏基,11.01,3.38,2.32,9.28,10.524212297344,0.2416172,76.88702771,1207,204,75.2,2026-08-05
852,002346,柘中股份,20.03,0.15,1.05,3293.27,19.392472351091,0.3746896,71.44721709,578,820,82.0,2026-08-05
853,002347,泰尔股份,5.93,0.34,0.54,-98.0,5.911430844786,0.1213136,55.55255886,24,4748,74.4,2026-08-05
854,002348,高乐股份,11.74,-3.14,4.63,-208.07,12.016841191803,0.4566764,57.77516622,-2335,4349,88.0,2026-08-05
855,002349,精华制药,6.67,-0.15,0.29,21.04,6.703687355384,0.2150252,63.8555181,-1625,2738,78.4,2026-08-05
856,002350,北京科锐,16.08,-0.37,1.09,-91.26,15.83067225966,0.350524,62.96360462,-1323,2991,77.2,2026-08-05
857,002351,漫步者,10.31,-0.48,0.45,22.42,10.368793375429,0.1822772,68.18709614,-153,1517,80.0,2026-08-05
858,002352,顺丰控股,33.91,-0.29,0.08,17.67,33.914647335081,0.3151612,70.31116274,3,1008,87.6,2026-08-05
859,002353,杰瑞股份,147.5,-1.0,0.58,64.18,146.582832202084,0.4008816,80.47833387,13,43,85.2,2026-08-05
860,002354,天娱数科,7.99,0.88,13.53,109.29,7.929839500972,0.3368796,70.2064178,-1013,1031,95.6,2026-08-05
861,002355,兴民智通,5.43,9.92,4.68,-5.43,4.927737503491,0.4589344,60.84030227,1519,3605,71.6,2026-08-05
862,002356,鹏飞绿能,2.69,-0.37,0.3,-117.57,2.707744967874,0.2088236,58.90766959,-1204,4108,66.8,2026-08-05
863,002357,富临运业,8.9,-0.45,0.54,10.64,8.934707796371,0.1701844,61.24456871,6,3490,70.4,2026-08-05
864,002358,森源电气,5.63,-1.75,0.7,24.6,5.696792493108,0.2301464,58.43125811,-1844,4214,76.8,2026-08-05
865,002360,ST同德,5.15,-0.39,0.29,-46.61,5.229312947007,0.3027536,49.36883798,-429,5174,62.0,2026-08-05
866,002361,神剑股份,11.82,3.59,11.83,-533.47,11.423098304731,0.3179768,67.51603971,-298,1673,93.2,2026-08-05
867,002362,汉王科技,16.31,0.49,0.95,-23.58,16.276739479992,0.1226716,56.13887589,-2431,4643,83.6,2026-08-05
868,002363,隆基机械,6.4,-0.16,0.25,38.04,6.409804494335,0.1064008,58.06699711,-168,4296,69.2,2026-08-05
869,002364,中恒电气,38.77,-0.62,1.35,219.06,38.604826616982,0.3283364,67.61729118,-1080,1650,82.4,2026-08-05
870,002365,永安药业,12.69,-0.47,3.49,120.84,12.665426469241,0.1988816,66.11996969,1086,2092,83.2,2026-08-05
871,002366,融发核电,6.42,-4.75,2.82,330.96,6.520130827416,0.2830764,74.8515362,1630,355,94.0,2026-08-05
872,002367,康力电梯,5.41,0.0,0.21,29.31,5.393532470168,0.2082516,61.7108269,-365,3363,68.0,2026-08-05
873,002368,太极股份,15.0,0.13,0.61,-19.53,15.10364423725,0.2085024,60.16232923,-1442,3794,84.8,2026-08-05
874,002369,卓翼科技,6.27,10.0,4.29,-42.93,5.682121214469,0.1794732,60.87945029,-123,3594,80.4,2026-08-05
875,002370,亚太药业,5.09,0.0,0.61,-366.71,5.09274918503,0.231466,57.65004723,-534,4371,76.0,2026-08-05
876,002371,北方华创,746.76,1.71,0.48,82.87,722.191830151525,0.5882664,80.951758,49,31,89.2,2026-08-05
877,002372,伟星新材,8.6,-0.58,0.27,28.65,8.659240859705,0.1649136,67.27228957,-1116,1734,77.6,2026-08-05
878,002373,千方科技,8.1,-0.61,0.52,856.53,8.165268235338,0.2219772,67.20855757,-1118,1749,80.0,2026-08-05
879,002374,中锐股份,3.09,-0.32,0.35,-6.94,3.080266189049,0.2850388,53.60036905,219,4971,71.6,2026-08-05
880,002375,亚厦股份,3.5,-0.85,0.23,17.85,3.532853806438,0.3145404,69.01972554,885,1315,63.2,2026-08-05
881,002376,新北洋,6.99,10.08,4.24,150.82,6.373488323603,0.1336828,63.66934389,-148,2793,73.2,2026-08-05
882,002377,国创高新,2.59,-0.38,0.7,86.89,2.588092601034,0.1635308,60.3147178,135,3749,66.4,2026-08-05
883,002378,章源钨业,25.88,2.66,3.47,20.39,24.646692081909,0.3059068,76.83699943,269,209,81.2,2026-08-05
884,002379,宏桥控股,18.81,-0.16,1.89,9.07,18.967692804732,0.3083908,73.16029785,-410,545,85.2,2026-08-05
885,002380,科远智慧,29.53,0.14,1.08,23.24,29.675880162694,0.1709656,68.62811172,-1220,1412,74.4,2026-08-05
886,002381,双箭股份,5.3,0.0,0.32,31.74,5.318355066771,0.1199008,56.13048713,26,4647,66.4,2026-08-05
887,002382,蓝帆医疗,5.9,-0.51,0.36,1543.55,5.914414481615,0.2088576,62.71505387,1365,3066,79.2,2026-08-05
888,002383,合众思壮,7.1,1.28,0.59,3104.9,7.015051695442,0.2213716,57.43683243,-153,4423,74.4,2026-08-05
889,002384,东山精密,187.5,-0.7,2.11,77.36,180.899016207538,0.574448,74.53384616,-331,389,95.6,2026-08-05
890,002385,大北农,3.01,-0.99,0.33,-18.5,3.040233361818,0.3145464,54.80332753,58,4838,79.2,2026-08-05
891,002386,天原股份,5.94,1.54,0.67,25.24,5.83631334295,0.3610636,59.09257101,126,4070,74.0,2026-08-05
892,002387,维信诺,7.12,0.0,0.25,-3.97,7.10279520822,0.3048268,57.05168459,-186,4505,74.8,2026-08-05
893,002388,新亚制程,5.0,1.83,2.45,138.98,4.90892833416,0.1970636,63.89639299,1338,2725,79.6,2026-08-05
894,002389,航天彩虹,19.13,3.57,2.27,46.6,18.421801398955,0.2621764,56.05899251,37,4662,85.6,2026-08-05
895,002390,信邦制药,2.92,-0.68,0.24,29.16,2.938526847055,0.233292,66.04421575,-1242,2108,72.8,2026-08-05
896,002391,长青股份,5.27,0.19,0.25,27.85,5.242892451717,0.1743448,59.36487003,617,4006,67.2,2026-08-05
897,002392,北京利尔,7.45,0.27,0.26,17.0,7.452481498851,0.258274,66.74697352,39,1892,71.6,2026-08-05
898,002393,力生制药,14.3,-0.9,0.15,21.24,14.43127950589,0.1239412,62.43427426,-128,3146,71.6,2026-08-05
899,002394,联发股份,9.39,2.74,0.62,67.85,9.106648776714,0.0970264,59.15408561,-434,4053,65.6,2026-08-05
900,002395,双象股份,12.35,0.16,0.16,27.37,12.303536450344,0.1718392,65.01946865,-1,2414,66.4,2026-08-05
901,002396,星网锐捷,28.92,0.77,5.55,147.71,28.066039343905,0.46783,73.08101197,470,554,86.0,2026-08-05
902,002397,梦洁股份,3.52,0.0,0.64,41.56,3.509786232935,0.1497708,59.80350044,-293,3898,64.4,2026-08-05
903,002398,垒知集团,4.04,0.25,0.48,24.69,4.047815945074,0.1955952,55.80137414,-253,4703,71.6,2026-08-05
904,002399,海普瑞,9.79,0.82,0.14,19.15,9.697376785627,0.1568336,65.59802547,919,2249,72.0,2026-08-05
905,002400,省广集团,7.04,-1.26,2.26,200.43,7.087952567279,0.3082996,71.38500661,-679,831,86.4,2026-08-05
906,002401,中远海科,12.8,1.59,0.48,162.93,12.743167893935,0.1468964,66.51257551,1204,1969,75.6,2026-08-05
907,002402,和而泰,21.53,-0.55,1.01,29.24,21.510548627247,0.35814,75.29379389,154,309,79.6,2026-08-05
908,002403,爱仕达,9.58,2.02,0.62,-77.82,9.338395070678,0.0829492,52.0326345,-31,5089,75.6,2026-08-05
909,002404,嘉欣丝绸,5.92,0.51,0.41,15.1,5.864386538946,0.179658,63.25785391,-48,2900,63.2,2026-08-05
910,002405,四维图新,6.83,-0.73,1.01,-28.01,6.947248399498,0.2486456,60.86163511,-288,3598,80.8,2026-08-05
911,002406,远东传动,6.83,0.44,0.6,27.69,6.816287349961,0.1898432,60.99308406,-331,3567,71.6,2026-08-05
912,002407,多氟多,33.76,2.9,5.84,26.75,32.221242850209,0.3371748,69.94368482,505,1090,81.2,2026-08-05
913,002408,齐翔腾达,5.07,-0.2,0.22,-39.32,5.076190961806,0.2686456,62.39654342,568,3158,75.6,2026-08-05
914,002409,雅克科技,144.46,2.73,4.91,64.45,137.63920667154,0.474552,77.79289941,133,148,88.4,2026-08-05
915,002410,广联达,9.71,-0.31,0.66,117.26,9.811897966285,0.2271196,70.66460406,-335,951,85.2,2026-08-05
916,002412,汉森制药,6.91,-1.29,1.16,22.63,6.956733552083,0.2132456,62.83214744,-1367,3027,79.2,2026-08-05
917,002413,雷科防务,8.7,2.96,4.59,-316.72,8.458078912018,0.2075388,60.00117333,-69,3843,74.8,2026-08-05
918,002414,高德红外,13.6,0.15,0.91,39.68,13.475066211724,0.3514384,74.57940219,371,384,86.4,2026-08-05
919,002415,海康威视,37.64,-2.08,0.45,21.85,38.519620996615,0.4356516,78.81076305,-87,92,94.8,2026-08-05
920,002416,爱施德,9.74,-1.02,0.36,23.58,9.832763858573,0.2185016,64.54650344,-411,2539,80.0,2026-08-05
921,002418,康盛股份,3.71,0.54,1.14,218.07,3.660088178213,0.1965768,64.76657156,1295,2483,71.6,2026-08-05
922,002419,天虹股份,4.54,-0.66,0.18,8.75,4.579470371163,0.1914628,61.3091669,-1386,3468,73.2,2026-08-05
923,002420,毅昌科技,5.67,0.71,0.9,27.8,5.632466634849,0.083766,59.52930689,-1495,3970,70.8,2026-08-05
924,002421,达实智能,3.45,-2.27,8.99,-112.75,3.559043672088,0.3170672,63.81267604,-2151,2753,92.8,2026-08-05
925,002422,科伦药业,42.44,-1.07,0.74,37.2,42.884673709047,0.3276684,69.299054,-642,1245,84.4,2026-08-05
926,002423,中粮资本,9.21,0.22,0.16,19.65,9.208940578492,0.1971024,63.93162923,-260,2716,77.2,2026-08-05
927,002424,ST百灵,4.56,-0.87,0.17,56.52,4.570548595837,0.3285316,61.8965566,1070,3308,73.6,2026-08-05
928,002425,凯撒文化,3.82,10.09,1.26,77.07,3.47,0.4317604,66.87190525,12,1857,88.0,2026-08-05
929,002426,胜利精密,2.78,1.46,0.76,-31.33,2.720032152321,0.378864,56.97750445,18,4516,73.2,2026-08-05
930,002427,尤夫股份,4.35,-0.23,0.21,-53.44,4.3218813663,0.2509952,56.09113044,478,4655,71.6,2026-08-05
931,002428,云南锗业,90.98,10.0,10.05,1631.17,82.691209232782,0.594376,68.66187814,76,1407,94.0,2026-08-05
932,002429,兆驰股份,8.0,0.13,0.48,43.19,7.870027462104,0.3859472,71.48166711,70,816,77.2,2026-08-05
933,002430,杭氧股份,24.07,-0.33,0.39,22.21,23.971486006309,0.326876,74.80140321,-46,364,82.0,2026-08-05
934,002431,ST棕榈,1.34,-2.19,0.43,-4.76,1.354890471653,0.5103696,57.15433706,618,4484,70.4,2026-08-05
935,002432,九安医疗,69.77,0.11,2.15,27.68,69.185613887198,0.40735,78.77323333,244,94,93.6,2026-08-05
936,002434,万里扬,5.8,-1.69,0.56,26.47,5.874202640249,0.3288676,59.13240068,796,4062,73.6,2026-08-05
937,002436,兴森科技,31.16,2.13,2.67,706.36,29.786894240448,0.3796156,60.11037128,-1591,3811,82.4,2026-08-05
938,002437,誉衡药业,2.87,-1.71,1.03,16.85,2.922239505559,0.284704,68.95373756,-89,1342,75.6,2026-08-05
939,002438,江苏神通,14.7,-3.86,1.9,21.82,14.547705738234,0.3359916,77.13518091,906,185,86.8,2026-08-05
940,002439,启明星辰,14.41,0.84,1.89,89.59,14.32005778903,0.3099856,62.33681725,-2011,3178,89.2,2026-08-05
941,002440,闰土股份,13.05,0.0,2.04,19.96,12.908628436932,0.3199848,71.41281751,-201,826,87.6,2026-08-05
942,002441,众业达,7.97,-0.62,0.26,11.32,8.02650845086,0.1321,60.58284212,-248,3676,69.6,2026-08-05
943,002442,龙星科技,4.96,-0.2,0.59,70.67,4.943076568429,0.2694528,57.1434463,653,4487,64.8,2026-08-05
944,002443,金洲管道,8.47,0.83,0.87,27.61,8.332514634374,0.2845864,69.11006985,1703,1294,68.0,2026-08-05
945,002444,巨星科技,30.23,0.03,0.22,17.52,30.010024813547,0.2832688,73.26647919,1329,534,77.2,2026-08-05
946,002445,中南文化,2.99,0.34,0.8,67.46,2.967672149167,0.29434,57.58772839,-208,4393,68.8,2026-08-05
947,002446,盛路通信,8.57,3.63,1.75,78.42,8.228842166894,0.2828432,66.26744445,1158,2056,76.4,2026-08-05
948,002448,中原内配,12.21,-0.08,0.92,9.06,12.131891953076,0.29811,73.81214908,2011,467,76.8,2026-08-05
949,002449,国星光电,6.41,-0.16,0.3,-29.52,6.424108301208,0.1771568,56.77975352,-1,4545,72.0,2026-08-05
950,002451,摩恩电气,7.31,-0.14,0.55,135.29,7.31029755387,0.1309752,58.55361647,-274,4184,78.8,2026-08-05
951,002452,长高电气,11.4,-0.87,0.59,31.22,11.436957212848,0.36159,68.74988713,-1089,1385,75.6,2026-08-05
952,002453,华软科技,4.35,0.46,0.52,-23.07,4.296274830138,0.1515144,48.26027712,10,5185,69.6,2026-08-05
953,002454,松芝股份,5.05,0.2,0.26,15.55,5.067401633259,0.181782,61.41128394,-1098,3435,69.2,2026-08-05
954,002455,百川股份,6.96,0.29,1.55,67.79,6.901913379896,0.2235108,55.98133515,-887,4675,73.2,2026-08-05
955,002456,欧菲光,7.76,-1.4,1.28,-27.41,7.911356066334,0.3490024,67.33431985,-329,1720,79.2,2026-08-05
956,002457,青龙管业,10.9,-1.89,2.51,-143.31,10.960341943456,0.2626172,67.94876645,1035,1566,86.4,2026-08-05
957,002458,益生股份,8.99,0.45,0.9,20.92,8.904071873134,0.2487356,68.39504928,427,1475,79.6,2026-08-05
958,002459,晶澳科技,7.75,-0.39,0.28,-6.01,7.777225624365,0.2608548,59.71832925,594,3914,81.6,2026-08-05
959,002460,赣锋锂业,52.44,-1.02,1.1,14.96,52.49583534574,0.3866684,76.30236902,36,237,88.8,2026-08-05
960,002461,珠江啤酒,8.8,-0.45,0.07,27.18,8.88773712853,0.1132904,65.61577689,-419,2242,73.6,2026-08-05
961,002462,嘉事堂,11.82,0.0,0.22,22.64,11.843635156579,0.1718468,61.38947407,-265,3446,66.8,2026-08-05
962,002463,沪电股份,117.61,1.74,1.05,45.55,114.481233102937,0.4802412,82.39295909,-1,17,94.0,2026-08-05
963,002465,海格通信,10.7,0.66,0.8,1139.23,10.62030189895,0.2965292,56.32432293,-1343,4611,76.0,2026-08-05
964,002466,天齐锂业,47.37,-0.84,0.88,10.81,47.409075596851,0.3699644,73.15144266,-89,547,90.8,2026-08-05
965,002467,二六三,4.89,0.2,0.84,-137.93,4.873615388363,0.2280708,55.12011294,-670,4803,80.8,2026-08-05
966,002468,申通快递,13.74,-1.93,0.73,11.47,13.893759463177,0.3713696,73.5469242,469,495,78.0,2026-08-05
967,002469,三维化学,5.84,0.17,0.16,-983.63,5.825665567468,0.1821456,66.06084222,970,2102,73.2,2026-08-05
968,002470,金正大,1.94,-2.02,0.76,139.3,1.960919049025,0.3214996,56.60960581,-775,4570,72.0,2026-08-05
969,002471,中超控股,5.76,-0.35,1.8,-416.19,5.77504202419,0.2241388,56.84898611,-1104,4537,79.2,2026-08-05
970,002472,双环传动,39.57,-0.38,0.93,29.6,39.435301667903,0.3597444,74.2973741,959,415,84.4,2026-08-05
971,002474,榕基软件,6.48,0.62,1.26,-129.31,6.462774500943,0.2131164,59.62259307,692,3942,74.8,2026-08-05
972,002475,立讯精密,55.29,-1.04,0.68,29.18,54.509974537912,0.4593684,71.9645829,-585,714,85.2,2026-08-05
973,002476,新叶股份,4.53,0.44,0.27,56.96,4.510188559439,0.1496172,61.26432272,99,3483,66.8,2026-08-05
974,002478,常宝股份,6.36,-0.78,0.49,21.41,6.377198864861,0.1800552,63.61563765,-168,2810,68.8,2026-08-05
975,002479,富春环保,5.62,1.44,1.09,11.76,5.542006660754,0.1687528,63.27420461,-213,2898,75.6,2026-08-05
976,002480,新筑股份,5.57,-0.89,0.35,-28.23,5.66899294527,0.3072632,56.28254565,-940,4616,74.8,2026-08-05
977,002481,双塔食品,4.13,-0.72,0.18,85.06,4.153684546241,0.1117388,56.51267218,-48,4588,74.0,2026-08-05
978,002482,广田集团,1.25,-1.57,0.21,-46.27,1.268942578325,0.5076668,56.39100447,153,4604,68.8,2026-08-05
979,002483,润邦股份,5.18,-1.52,0.48,16.78,5.251787079463,0.2859284,71.30875366,-53,848,68.4,2026-08-05
980,002484,江海股份,64.4,0.25,1.6,84.52,62.934991286847,0.4397856,73.87985359,409,459,81.2,2026-08-05
981,002485,ST雪发,5.31,-0.93,0.06,-46.05,5.352427881386,0.181658,54.27779388,-433,4899,62.8,2026-08-05
982,002486,嘉麟杰,2.33,0.87,0.66,315.22,2.313461586795,0.1832096,56.13469127,-2,4644,69.6,2026-08-05
983,002487,大金重工,41.77,-1.86,1.41,17.78,42.326999529105,0.3031952,78.85138098,-12,91,86.0,2026-08-05
984,002488,金固股份,9.24,0.65,0.82,99.09,9.078884962014,0.24883,58.29774597,-69,4248,78.4,2026-08-05
985,002489,浙江永强,2.73,-0.73,0.21,9.55,2.755462062966,0.2168188,61.86757752,851,3319,68.8,2026-08-05
986,002490,山东墨龙,7.61,1.33,2.56,280.58,7.47013377248,0.1820432,50.96817571,-65,5132,85.2,2026-08-05
987,002491,通鼎互联,16.34,1.74,7.14,97.99,15.2550871548,0.391302,65.95834245,2471,2131,79.2,2026-08-05
988,002492,恒基达鑫,5.57,0.72,0.41,28.73,5.514867302963,0.1607908,55.91412714,441,4686,64.4,2026-08-05
989,002493,荣盛石化,13.05,5.33,0.37,11.58,12.219374984883,0.3492876,77.82299706,890,146,85.2,2026-08-05
990,002494,华斯股份,4.63,0.87,0.72,52.31,4.601554264057,0.11753,62.12913412,772,3241,67.6,2026-08-05
991,002495,佳隆股份,2.28,-0.44,0.84,217.44,2.284483281969,0.2383984,61.07423087,1106,3543,68.8,2026-08-05
992,002496,辉丰股份,2.04,0.0,0.55,1330.01,2.031242988696,0.425873529412,57.63445251,684,4379,66.8,2026-08-05
993,002497,雅化集团,18.32,-0.43,1.03,15.58,18.264407368542,0.3278136,74.80926893,906,362,86.0,2026-08-05
994,002498,汉缆股份,6.86,-5.38,2.73,35.57,7.158291772918,0.2297016,65.789511,-1340,2188,94.8,2026-08-05
995,002500,山西证券,5.39,-0.55,0.12,18.97,5.429490180666,0.3083912,62.47113983,12,3135,76.4,2026-08-05
996,002501,*ST利源,1.34,0.75,0.49,-92.19,1.335299490061,0.4054072,49.34170617,-1139,5175,74.8,2026-08-05
997,002506,协鑫集成,2.71,-1.81,1.16,-21.21,2.753240594388,0.291052,59.57017968,803,3957,76.4,2026-08-05
998,002507,涪陵榨菜,11.63,-1.02,0.39,12.31,11.765130743785,0.2632012,72.44299091,952,641,83.2,2026-08-05
999,002508,老板电器,15.55,-1.02,0.28,11.98,15.700165521321,0.1987236,71.13946423,620,870,79.2,2026-08-05
1000,002510,天汽模,5.67,-1.56,0.54,97.98,5.7554147358,0.2538156,59.98563782,1184,3852,73.6,2026-08-05
1001,002511,中顺洁柔,7.25,-1.23,0.24,22.62,7.319988094221,0.230306,70.21109897,649,1029,77.6,2026-08-05
1002,002512,ST达华,3.73,-2.36,1.02,28.22,3.834335299406,0.2776384,62.7160288,632,3065,76.0,2026-08-05
1003,002513,蓝丰生化,5.02,0.8,0.65,-31.76,4.969213443793,0.1118748,55.81070076,-243,4702,69.2,2026-08-05
1004,002514,*ST宝馨,2.07,-0.96,3.1,-29.69,2.015174253071,0.2959868,56.19496022,369,4630,77.6,2026-08-05
1005,002515,金字火腿,7.09,2.6,1.82,-527.96,6.8091390071,0.34009,52.32454799,-1489,5069,73.6,2026-08-05
1006,002516,旷达科技,5.4,-2.0,0.62,36.3,5.5262862849,0.306734,69.5972551,2268,1173,70.0,2026-08-05
1007,002517,恺英网络,18.24,-0.76,1.61,12.48,18.413058383522,0.3350796,72.58435429,-615,622,93.6,2026-08-05
1008,002518,科士达,33.34,-0.92,0.59,35.0,33.051466218579,0.2407172,73.4123777,64,513,75.2,2026-08-05
1009,002519,银河电子,5.55,0.18,0.93,974.74,5.533186547741,0.20009,58.29292078,-286,4250,74.8,2026-08-05
1010,002520,日发精机,5.72,0.7,1.08,31.72,5.713914978156,0.2303072,56.37623861,-1228,4609,76.4,2026-08-05
1011,002521,齐峰新材,6.97,0.14,0.25,24.33,6.92986169346,0.2468876,67.17352318,1246,1760,62.8,2026-08-05
1012,002522,浙江众成,5.02,-0.4,0.95,74.37,5.024298501492,0.2794252,59.09269972,-93,4069,70.4,2026-08-05
1013,002523,天桥起重,3.3,-0.6,0.36,64.46,3.312149165193,0.2718524,64.88190937,-153,2446,75.6,2026-08-05
1014,002524,光正眼科,3.8,0.0,1.16,-127.65,3.806084047986,0.2157796,62.00078639,1620,3280,72.0,2026-08-05
1015,002526,山东矿机,2.67,-0.74,0.58,118.3,2.684431780989,0.2751652,62.3532629,1007,3173,73.2,2026-08-05
1016,002527,新时达,11.83,0.17,0.44,-261.03,11.872447139782,0.2457032,59.74560811,-229,3908,74.0,2026-08-05
1017,002528,*ST英飞,4.6,-0.65,0.16,-70.51,4.673237715803,0.3523468,54.01564276,-639,4932,72.8,2026-08-05
1018,002529,海源复材,6.88,0.88,0.62,-22.02,6.871656978374,0.071752941176,54.21233114,-458,4909,72.0,2026-08-05
1019,002530,金财互联,7.53,-1.95,1.97,91.0,7.585657587751,0.239906,70.9649077,3044,903,75.6,2026-08-05
1020,002531,天顺风能,6.78,-1.74,0.71,73.56,6.904803936325,0.2724952,59.8416939,-1990,3889,82.0,2026-08-05
1021,002532,天山铝业,13.73,2.01,0.97,7.16,13.3519811669,0.3672964,75.3494078,990,303,86.4,2026-08-05
1022,002533,金杯电工,11.55,-1.7,0.68,13.37,11.7113709016,0.3003092,74.59239738,668,381,79.2,2026-08-05
1023,002534,西子洁能,15.7,3.15,0.82,54.53,15.258386955042,0.2570812,74.97646611,-181,344,84.8,2026-08-05
1024,002535,林州重机,2.42,0.41,0.53,92.08,2.416454655791,0.068774,49.48607029,0,5171,70.8,2026-08-05
1025,002536,飞龙股份,37.5,-1.76,3.18,93.17,37.057779395295,0.4671364,72.2398393,671,669,84.4,2026-08-05
1026,002537,海联金汇,5.99,1.53,1.36,33.82,5.916644162747,0.1989824,58.38994665,-252,4222,77.6,2026-08-05
1027,002538,ST司特,6.88,0.44,0.33,21.24,6.903510052436,0.41918,67.02412266,-1172,1807,71.6,2026-08-05
1028,002539,云图控股,12.24,-0.41,0.38,12.17,12.193594402296,0.2993672,71.6047111,1827,793,77.6,2026-08-05
1029,002540,亚太科技,5.15,-0.19,0.3,40.51,5.175948819549,0.0966564,61.876801,-295,3316,72.8,2026-08-05
1030,002541,鸿路钢构,19.01,-1.71,0.92,22.22,19.388634228764,0.186032,65.26850478,342,2344,74.0,2026-08-05
1031,002542,*ST中岩,1.74,-1.69,0.59,-18.63,1.786256986856,0.3718356,61.52774433,-1032,3405,73.6,2026-08-05
1032,002543,万和电气,6.62,-0.75,0.13,15.46,6.677163292101,0.0980456,60.29382007,-242,3756,69.6,2026-08-05
1033,002544,普天科技,16.88,0.06,0.69,-173.31,16.691380286991,0.269934,67.44000603,1617,1688,78.8,2026-08-05
1034,002545,东方铁塔,18.87,1.45,0.74,14.6,18.463637402529,0.2294604,75.09975815,1281,328,76.8,2026-08-05
1035,002546,新联电子,8.74,-2.67,1.88,19.99,8.825515654497,0.2243476,70.39408456,-11,997,90.0,2026-08-05
1036,002547,*ST春兴,2.52,-0.79,0.91,-14.2,2.551598736666,0.3730728,62.90831476,1041,3013,75.6,2026-08-05
1037,002548,金新农,3.94,-1.01,0.76,-4.42,3.970447735807,0.2463644,59.86386328,1106,3882,73.2,2026-08-05
1038,002549,凯美特气,14.12,0.79,1.61,223.94,13.838903417949,0.2383504,64.43236279,916,2576,79.2,2026-08-05
1039,002550,千红制药,6.86,-0.87,0.59,25.81,6.931213574036,0.224384,66.2624217,-249,2058,79.2,2026-08-05
1040,002551,尚荣医疗,3.03,-0.33,0.64,-354.58,3.054566752753,0.1545996,54.88410012,5,4828,72.4,2026-08-05
1041,002552,宝鼎科技,43.27,9.99,4.55,63.55,37.566413207748,0.3037404,70.21407618,936,1028,84.0,2026-08-05
1042,002553,南方精工,16.16,-0.62,0.79,5520.19,16.249633757506,0.181522,62.5138304,-545,3121,78.0,2026-08-05
1043,002554,惠博普,2.86,0.0,0.34,-35.13,2.849256585453,0.2746876,55.2456144,171,4789,69.2,2026-08-05
1044,002555,三七互娱,20.06,-0.84,1.03,12.7,20.234015314026,0.38931,70.81663885,-219,926,93.2,2026-08-05
1045,002556,辉隆股份,4.95,0.0,0.2,21.59,4.945099989611,0.3444848,69.49332681,967,1204,70.8,2026-08-05
1046,002557,洽洽食品,19.79,-0.25,0.47,14.87,19.684417819659,0.1881604,63.69359378,-174,2786,81.2,2026-08-05
1047,002558,巨人网络,30.07,0.0,1.92,13.22,30.145751630897,0.3762196,77.77041304,-137,150,94.4,2026-08-05
1048,002559,亚威股份,9.49,0.32,1.73,47.37,9.370114439313,0.2985812,71.43846347,127,822,77.6,2026-08-05
1049,002560,通达股份,6.45,-0.62,1.15,41.01,6.454671885419,0.1947068,67.1058811,-136,1780,74.4,2026-08-05
1050,002561,徐家汇,6.61,-0.45,0.15,-1134.55,6.655779161719,0.1265664,52.65109985,-41,5052,73.2,2026-08-05
1051,002562,兄弟科技,4.54,-0.66,0.38,36.82,4.546737326151,0.2529988,61.86541512,-120,3322,73.6,2026-08-05
1052,002563,森马服饰,6.06,-0.98,0.23,13.11,6.078863990727,0.1240888,65.85303051,-473,2167,76.8,2026-08-05
1053,002564,天沃科技,4.44,0.0,0.44,292.42,4.421496929738,0.2328836,57.49238483,-46,4413,72.8,2026-08-05
1054,002565,顺灏股份,9.85,4.12,5.82,130.62,9.443531867836,0.1864524,59.5777822,46,3955,73.6,2026-08-05
1055,002566,益盛药业,6.46,0.16,1.06,33.11,6.441719632886,0.1578728,53.79363021,95,4953,70.8,2026-08-05
1056,002567,唐人神,3.6,-0.83,0.24,-2.06,3.616701024209,0.274936,65.19263506,1517,2364,74.0,2026-08-05
1057,002568,百润股份,19.43,-1.47,0.59,21.13,19.563698648803,0.2289348,71.84292172,227,736,85.6,2026-08-05
1058,002569,*ST步森,12.65,-0.39,0.29,-109.18,12.718184583115,0.1923448,56.44753041,-714,4592,62.0,2026-08-05
1059,002570,贝因美,4.41,-0.45,0.43,30.57,4.414922794032,0.2435072,59.37830339,-38,4003,76.8,2026-08-05
1060,002571,德力股份,10.92,1.87,0.75,-59.22,10.691765350314,0.3322996,55.19106469,-1484,4793,67.6,2026-08-05
1061,002572,索菲亚,8.32,-1.77,0.49,-52.12,8.468610883298,0.1380068,62.00344166,-827,3279,78.4,2026-08-05
1062,002573,清新环境,3.23,0.0,0.1,52.98,3.245233010011,0.179734,58.89995418,-138,4112,68.4,2026-08-05
1063,002574,明牌珠宝,4.55,0.0,0.8,48.78,4.545601888277,0.1861584,58.88555471,866,4117,67.6,2026-08-05
1064,002575,群兴玩具,5.29,-0.56,1.42,-915.71,5.323151663962,0.191058,57.63569591,-1826,4378,78.0,2026-08-05
1065,002576,通达动力,14.59,-0.41,0.67,27.48,14.712840839917,0.1761172,59.41334377,-1677,3992,72.0,2026-08-05
1066,002577,雷柏科技,18.89,1.02,0.35,177.74,18.80407532635,0.1762788,59.44342843,-487,3985,78.8,2026-08-05
1067,002578,闽发铝业,3.2,0.95,0.88,71.28,3.163067155323,0.199102,58.52220799,-1335,4195,70.8,2026-08-05
1068,002579,中京电子,13.81,6.39,15.19,376.36,12.7449289371,0.4731308,70.6503054,1589,954,87.2,2026-08-05
1069,002580,圣阳股份,19.61,-3.83,6.72,36.51,19.823052395001,0.2840032,71.45611767,-284,819,95.2,2026-08-05
1070,002581,*ST未名,3.43,-0.58,0.35,-10.43,3.468190680961,0.155866,52.87933347,-1258,5038,73.6,2026-08-05
1071,002582,好想你,10.11,-0.59,2.18,1.02,10.135243118761,0.2545328,65.87486152,2457,2163,87.6,2026-08-05
1072,002583,海能达,8.62,-0.23,0.49,-126.13,8.673634675092,0.1882832,57.36159237,-2062,4445,80.8,2026-08-05
1073,002584,西陇科学,7.82,0.39,2.2,95.5,7.712525133121,0.2523476,69.86101976,972,1102,79.2,2026-08-05
1074,002585,双星新材,9.2,-2.23,4.18,646.88,9.200544813349,0.2724544,71.55888484,773,804,89.6,2026-08-05
1075,002586,ST围海,3.83,6.69,0.36,-291.36,3.558692382389,0.347106,62.34179805,1531,3176,63.2,2026-08-05
1076,002587,奥拓电子,5.59,0.54,0.85,60.12,5.539371388384,0.2470968,65.65153155,-453,2232,75.2,2026-08-05
1077,002588,史丹利,8.7,-0.68,0.32,7.33,8.741352222415,0.21957,68.17375289,-24,1521,73.2,2026-08-05
1078,002589,瑞康医药,2.74,-1.08,0.29,99.37,2.761952636943,0.2227884,58.37680029,266,4226,71.6,2026-08-05
1079,002590,万安科技,9.69,-0.92,0.51,40.87,9.816924091932,0.156868,67.33268756,1701,1722,73.2,2026-08-05
1080,002591,恒大高新,6.16,0.98,0.99,74.36,6.123227457859,0.0883616,59.93940663,689,3862,69.2,2026-08-05
1081,002592,ST八菱,6.12,1.32,0.42,15.06,6.017730661998,0.20131,59.24728615,44,4034,66.0,2026-08-05
1082,002593,日上集团,4.37,0.23,0.67,27.24,4.351235555475,0.1301724,62.46898807,-154,3136,72.4,2026-08-05
1083,002594,比亚迪,89.74,-1.19,0.36,50.08,90.264960582634,0.4109164,74.50015377,-102,393,91.2,2026-08-05
1084,002595,豪迈科技,53.17,0.04,0.06,29.92,52.351961559464,0.3474472,78.1973783,-58,117,76.8,2026-08-05
1085,002596,海南瑞泽,3.2,-0.93,0.38,-284.64,3.211520678041,0.2634988,60.53885842,716,3683,72.0,2026-08-05
1086,002597,金禾实业,20.2,-1.94,0.37,29.92,20.435254015453,0.2258172,58.79643342,-143,4136,80.4,2026-08-05
1087,002598,ST章鼓,6.6,-0.3,0.14,29.95,6.615434913017,0.1792,60.4078426,-1286,3725,70.0,2026-08-05
1088,002599,盛通股份,6.3,-0.79,0.96,-109.26,6.323363376676,0.2188632,61.2935571,-1283,3474,80.0,2026-08-05
1089,002600,领益智造,12.82,-1.16,0.44,66.45,12.883817624471,0.3238996,73.3634658,-58,519,80.4,2026-08-05
1090,002601,龙佰集团,16.66,-0.24,0.33,53.1,16.607482390575,0.2211612,66.89170275,65,1850,78.0,2026-08-05
1091,002602,世纪华通,14.08,-0.28,0.39,12.8,14.172435252685,0.4441,72.5925582,-537,621,90.8,2026-08-05
1092,002603,以岭药业,16.33,-0.67,0.58,16.68,16.478172809122,0.2647592,66.06083988,-632,2103,88.4,2026-08-05
1093,002605,姚记科技,18.57,-1.12,0.88,13.86,18.866074721221,0.1414608,61.12258228,-439,3523,83.6,2026-08-05
1094,002606,大连电瓷,14.45,-1.63,2.18,26.66,14.633734250073,0.290258,71.66860649,-610,782,88.4,2026-08-05
1095,002607,中公教育,2.21,-5.96,4.69,72.0,2.265145693784,0.4157856,76.66618083,1045,218,92.0,2026-08-05
1096,002608,江苏国信,7.3,-1.35,0.13,8.84,7.400382005045,0.2548792,63.1419877,-210,2929,66.4,2026-08-05
1097,002609,捷顺科技,7.95,1.53,0.51,692.0,7.869268292683,0.1524776,68.07707438,-776,1539,72.8,2026-08-05
1098,002611,东方精工,16.43,-0.48,0.82,2.6,16.550768890451,0.2892664,67.71554058,-246,1618,80.8,2026-08-05
1099,002612,朗姿股份,15.05,1.01,2.11,33.74,14.897694749473,0.1484468,68.45609242,-725,1450,88.0,2026-08-05
1100,002613,北玻股份,3.32,-0.6,0.93,529.93,3.335398809297,0.2026432,60.45350227,-577,3711,70.8,2026-08-05
1101,002614,奥佳华,4.75,-0.42,0.37,-11.2,4.761567089757,0.1472788,67.02710903,-255,1806,71.6,2026-08-05
1102,002615,哈尔斯,6.63,-0.6,0.45,768.09,6.678248215523,0.181658,61.69181815,-350,3365,68.0,2026-08-05
1103,002616,长青集团,4.72,-0.84,0.33,10.2,4.741890752292,0.2220084,61.44937277,-59,3425,70.8,2026-08-05
1104,002617,露笑科技,6.33,-1.25,1.44,42.6,6.370256555098,0.3126428,65.06549906,20,2405,80.4,2026-08-05
1105,002620,*ST瑞和,5.23,-0.57,0.54,-22.52,5.183040711649,0.2736948,59.14254773,-703,4057,72.0,2026-08-05
1106,002622,皓宸医疗,2.32,0.0,0.63,-58.41,2.330182863437,0.1308188,56.55999956,-159,4580,72.8,2026-08-05
1107,002623,亚玛顿,15.89,-0.69,0.55,-19.79,16.076486519618,0.1085848,57.21791936,-1724,4470,74.4,2026-08-05
1108,002624,完美世界,11.46,-0.69,1.01,54.13,11.618824250185,0.3052744,63.83655781,-2156,2748,86.4,2026-08-05
1109,002625,光启技术,31.06,0.52,0.32,94.98,30.934510766039,0.3408116,66.33742109,-117,2025,78.8,2026-08-05
1110,002626,金达威,14.02,-0.85,0.21,32.58,14.190506462521,0.1851756,65.34797162,-94,2315,75.6,2026-08-05
1111,002627,三峡旅游,6.44,0.31,0.36,80.07,6.462594017222,0.158832,55.97306618,7,4677,68.4,2026-08-05
1112,002628,成都路桥,4.63,0.22,0.41,65.04,4.613365295178,0.3778024,59.57185861,800,3956,70.8,2026-08-05
1113,002629,仁智股份,4.58,0.22,0.56,-122.95,4.563999140292,0.136928,64.86069893,1043,2452,68.4,2026-08-05
1114,002630,*ST华西,1.67,-0.6,0.22,-26.83,1.690722035003,0.422736,55.99261581,1,4674,70.8,2026-08-05
1115,002631,德尔未来,7.54,1.48,1.06,-107.0,7.319805370209,0.382736,67.40562029,38,1699,74.8,2026-08-05
1116,002632,道明光学,8.27,-0.12,0.56,31.5,8.25263241488,0.2170708,63.01920382,-1791,2973,82.4,2026-08-05
1117,002633,申科股份,14.68,-0.27,0.3,105.81,14.63400225184,0.1071188,66.7373871,-69,1899,65.2,2026-08-05
1118,002634,*ST棒杰,4.11,0.49,0.35,-8.4,4.089954974616,0.2388008,51.36914212,-4,5123,62.8,2026-08-05
1119,002635,安洁科技,14.78,0.89,1.53,69.86,14.485239108328,0.249376,70.39191065,750,999,76.8,2026-08-05
1120,002636,金安国纪,59.05,5.11,5.13,53.25,53.684261399811,0.4396388,71.60849325,960,792,81.2,2026-08-05
1121,002637,赞宇科技,10.76,1.03,0.82,12.51,10.574385856046,0.2549512,63.53848954,-1280,2830,69.6,2026-08-05
1122,002638,勤上股份,3.73,1.91,0.5,-57.33,3.622529925337,0.2794104,55.71082253,19,4721,66.4,2026-08-05
1123,002639,雪人集团,12.68,-1.48,2.39,688.79,12.830534367111,0.241794,67.02178896,-387,1808,79.6,2026-08-05
1124,002640,跨境通,3.4,-2.02,1.98,8.42,3.448901306223,0.264204,54.36309465,156,4885,80.8,2026-08-05
1125,002641,公元股份,3.87,-0.51,0.15,-37.27,3.885799456274,0.1390956,59.59668883,-200,3948,70.0,2026-08-05
1126,002642,荣联科技,7.49,-0.13,0.93,1518.67,7.501023694604,0.2088264,61.29736889,-1019,3473,84.4,2026-08-05
1127,002643,万润股份,13.79,0.07,0.92,35.95,13.679622137026,0.2861496,73.90985101,94,453,78.4,2026-08-05
1128,002644,佛慈制药,7.7,-0.39,0.13,43.38,7.750102790752,0.0610248,61.73416199,-533,3357,72.0,2026-08-05
1129,002645,华宏科技,18.9,4.83,4.06,16.44,17.879185448156,0.3493552,77.01257111,278,191,73.2,2026-08-05
1130,002646,天佑德酒,6.8,-0.29,0.33,16.8,6.826792364872,0.1031236,57.57768295,-11,4395,77.2,2026-08-05
1131,002647,仁东控股,9.92,0.51,0.68,59.61,9.852472620877,0.3308008,58.88501846,-1990,4119,76.0,2026-08-05
1132,002648,卫星化学,25.56,1.19,0.46,10.17,24.97624051311,0.3662336,69.41279834,-3,1219,80.8,2026-08-05
1133,002649,博彦科技,11.29,10.04,9.73,143.6,10.069045578449,0.4434984,77.33923028,1844,175,82.0,2026-08-05
1134,002650,ST加加,6.06,0.33,0.06,49.58,5.995336035251,0.231828,61.3842553,1191,3447,66.8,2026-08-05
1135,002651,利君股份,7.85,-0.13,0.48,64.38,7.868600137804,0.0823024,58.07783921,314,4293,73.6,2026-08-05
1136,002652,扬子新材,3.81,1.06,0.99,-151.76,3.791713909551,0.1102144,56.71114885,-174,4557,64.8,2026-08-05
1137,002653,海思科,65.3,1.89,0.66,32.96,62.845383578265,0.2913828,79.28311625,7,79,80.8,2026-08-05
1138,002654,万润科技,12.44,-1.03,2.05,-489.54,12.533212866629,0.3696892,72.77446244,235,599,79.6,2026-08-05
1139,002655,共达电声,27.6,1.96,3.84,481.08,26.149243244942,0.4298576,70.98681788,378,898,78.0,2026-08-05
1140,002656,摩登大道,2.99,1.7,1.15,-380.76,2.939477656564,0.229857647059,54.48119939,-358,4875,68.0,2026-08-05
1141,002657,中科金财,16.16,1.83,2.34,-19.18,15.910282131812,0.198362,59.58252856,-2693,3952,82.8,2026-08-05
1142,002658,雪迪龙,7.33,-0.14,0.2,81.74,7.313699510717,0.2281632,66.27055612,1128,2055,68.4,2026-08-05
1143,002659,凯文教育,4.75,-5.0,4.4,3682.63,4.980879536609,0.3071852,74.44876733,-203,399,84.8,2026-08-05
1144,002660,茂硕电源,7.04,4.14,1.83,-21.58,6.784611659153,0.0622308,52.99538,-15,5025,71.2,2026-08-05
1145,002661,克明食品,7.48,-0.66,0.31,17.84,7.518388747787,0.0841872,60.38009812,459,3734,72.8,2026-08-05
1146,002662,峰璟股份,3.22,0.0,0.14,57.96,3.214224957215,0.2270724,62.00614731,-1417,3278,69.2,2026-08-05
1147,002663,普邦股份,1.6,-0.62,0.59,-115.73,1.604237495216,0.3090684,54.48885298,-42,4874,67.2,2026-08-05
1148,002664,信质集团,16.09,-1.65,0.64,58.97,16.312414973772,0.2074392,59.7990432,-92,3899,70.0,2026-08-05
1149,002666,德联集团,4.11,-0.24,0.43,25.85,4.118909188474,0.1180084,57.81834301,-1536,4340,68.0,2026-08-05
1150,002667,*ST威领,12.98,5.96,3.25,50.65,12.095838277224,0.3609604,61.07920017,1154,3541,76.8,2026-08-05
1151,002668,TCL智家,10.68,1.04,0.88,9.44,10.385247648115,0.3296128,71.79997461,767,744,74.4,2026-08-05
1152,002669,康达新材,12.19,0.16,1.36,134.7,12.061462357485,0.2445652,66.67377459,149,1923,75.2,2026-08-05
1153,002670,国盛证券,11.46,0.0,0.6,3774.88,11.471982553667,0.2945236,59.6679837,1023,3925,81.6,2026-08-05
1154,002671,龙泉股份,3.85,0.79,0.65,-73.5,3.813360399853,0.2009716,64.65750283,182,2514,70.0,2026-08-05
1155,002672,东江环保,3.55,-1.11,0.67,-6.53,3.608595281787,0.2035984,62.35426395,1708,3172,67.2,2026-08-05
1156,002673,西部证券,6.73,-0.88,0.17,26.43,6.804349155335,0.2903816,66.20084598,-83,2073,79.6,2026-08-05
1157,002674,兴业科技,29.06,7.91,7.54,95.03,26.155048028031,0.4008676,74.5706259,-228,385,83.2,2026-08-05
1158,002675,东诚药业,12.88,0.31,0.44,79.41,12.82327262239,0.1973468,64.94216454,-223,2428,70.4,2026-08-05
1159,002676,顺威股份,5.02,-0.4,0.26,34.4,5.035560902792,0.1529172,59.92847248,41,3866,68.8,2026-08-05
1160,002677,浙江美大,6.63,-0.45,0.32,368.01,6.645115777985,0.102141636364,58.50840375,-644,4202,75.6,2026-08-05
1161,002678,珠江钢琴,4.45,-0.22,0.12,-33.25,4.470707289772,0.1282504,53.86623021,-25,4950,64.4,2026-08-05
1162,002679,福建金森,8.72,0.46,0.28,-23.86,8.701083971601,0.0398784,61.49460069,-428,3409,68.0,2026-08-05
1163,002681,奋达科技,4.7,-1.05,0.64,-132.82,4.734654323064,0.2606044,55.50914481,72,4755,89.2,2026-08-05
1164,002682,龙洲股份,4.48,0.45,0.84,-13.68,4.439551969076,0.161724,54.90660756,91,4826,74.8,2026-08-05
1165,002683,广东宏大,28.3,-0.81,0.2,51.95,28.482303820996,0.2673988,67.06158813,-628,1793,71.2,2026-08-05
1166,002685,华东重机,5.38,-0.55,0.65,25.04,5.393276937182,0.2474288,59.86100114,-200,3884,73.2,2026-08-05
1167,002686,亿利达,6.16,3.18,3.15,535.07,5.998755254045,0.2224096,63.75584309,1383,2767,80.8,2026-08-05
1168,002687,乔治白,5.0,0.2,0.88,56.95,4.976949056125,0.2543592,64.56252351,440,2533,63.6,2026-08-05
1169,002688,金河生物,5.15,1.58,0.94,15.9,5.064313069016,0.1973668,61.06754597,-1300,3548,70.0,2026-08-05
1170,002689,ST远智,2.7,1.5,0.39,-22.65,2.647789013761,0.2306844,61.19902537,66,3500,71.2,2026-08-05
1171,002690,美亚光电,15.32,-1.42,0.42,29.14,15.539853036292,0.1318608,69.67132217,-312,1157,75.6,2026-08-05
1172,002691,*ST冀凯,4.19,-1.18,0.13,-13.76,4.160839502724,0.085448,55.66817281,241,4728,66.0,2026-08-05
1173,002692,远程股份,4.01,-0.99,0.54,-19.57,4.037814590288,0.2116228,62.16843461,998,3228,68.8,2026-08-05
1174,002693,双成药业,9.47,-0.42,2.28,284.72,9.547442147114,0.2761664,61.79980547,-2897,3341,91.2,2026-08-05
1175,002694,*ST顾地,2.14,0.47,0.07,-43.49,2.12289389189,0.2361588,61.14969699,-335,3515,63.2,2026-08-05
1176,002695,煌上煌,10.03,-0.4,0.74,30.77,10.119327638082,0.2443996,59.92750056,-1506,3867,84.0,2026-08-05
1177,002696,百洋股份,5.46,0.55,0.34,-24.57,5.431080959921,0.1299152,60.66454517,843,3643,65.6,2026-08-05
1178,002697,红旗连锁,4.6,-0.86,0.32,10.97,4.641254516502,0.2012008,68.71643511,298,1393,73.6,2026-08-05
1179,002698,博实股份,12.97,-1.14,0.5,42.29,13.163004838161,0.3204144,62.96452605,-328,2990,75.6,2026-08-05
1180,002700,万憬能源,5.93,0.51,0.35,50.99,5.892370580121,0.0958784,60.58005997,223,3677,58.4,2026-08-05
1181,002701,奥瑞金,4.82,-1.83,0.29,5.96,4.866236158171,0.3048736,74.83096139,-34,358,73.2,2026-08-05
1182,002702,海欣食品,4.73,-1.87,3.96,57.43,4.822631819276,0.2038872,60.7491495,-2236,3625,90.0,2026-08-05
1183,002703,浙江世宝,16.38,0.61,11.18,80.46,16.28,0.5140384,77.38698325,144,172,86.4,2026-08-05
1184,002705,新宝股份,11.96,2.84,1.2,30.81,11.588613052823,0.2231652,61.63262523,415,3378,70.4,2026-08-05
1185,002706,良信股份,9.0,-3.64,1.95,44.73,9.350832542018,0.2656092,64.44821807,-1416,2567,69.6,2026-08-05
1186,002707,众信旅游,5.16,-0.39,0.31,128.13,5.182594631461,0.1694168,57.62932096,-78,4381,75.6,2026-08-05
1187,002708,光洋股份,10.47,-1.23,0.79,45.9,10.530488865292,0.3123396,65.9904319,-1051,2124,75.6,2026-08-05
1188,002709,天赐材料,38.94,-0.28,1.3,12.0,38.55883384136,0.3693868,79.90344188,113,57,82.8,2026-08-05
1189,002712,思美传媒,4.83,0.21,1.07,201.39,4.839920286672,0.1661984,67.9693547,-898,1563,78.4,2026-08-05
1190,002713,东易日盛,9.75,-2.5,1.29,-136.23,10.037229659027,0.322682745098,58.22807285,60,4264,76.0,2026-08-05
1191,002714,牧原股份,38.08,-0.73,0.33,-45.24,38.217700188916,0.4302112,73.48674362,817,503,90.4,2026-08-05
1192,002715,登云股份,13.61,1.04,0.63,70.94,13.467363232909,0.0859204,57.59166632,-845,4391,62.4,2026-08-05
1193,002716,湖南白银,8.88,1.25,6.03,40.3,8.585888450208,0.3044688,75.82327047,308,272,81.6,2026-08-05
1194,002717,*ST岭南,1.04,-1.89,0.91,-3.54,1.052506979795,0.5211052,56.09453039,508,4653,74.0,2026-08-05
1195,002718,友邦吊顶,84.23,0.57,0.32,2975.71,82.488613066041,0.2860772,57.68177331,407,4363,60.8,2026-08-05
1196,002719,ST麦趣,5.94,1.02,0.64,-19.62,5.857332640785,0.2573008,48.98643263,-20,5180,68.4,2026-08-05
1197,002721,金一文化,2.94,10.11,0.9,57.77,2.540136539649,0.5191496,74.99224917,2243,342,72.8,2026-08-05
1198,002722,物产金轮,12.72,-0.47,0.29,17.15,12.639803364824,0.1831928,66.94774604,-345,1832,70.8,2026-08-05
1199,002723,小崧股份,7.18,-0.97,0.63,-19.86,7.216120007428,0.2501084,57.24109433,643,4467,63.2,2026-08-05
1200,002724,海洋王,5.35,0.0,0.28,-43.09,5.36734204876,0.181392,65.95233068,1126,2135,69.6,2026-08-05
1201,002725,跃岭股份,11.52,1.77,0.82,-136.11,11.33529491337,0.178644,60.33439085,-216,3741,74.4,2026-08-05
1202,002726,ST龙大,2.04,0.0,1.88,-698.69,2.020938571172,0.2987532,51.10444504,26,5130,80.8,2026-08-05
1203,002727,一心堂,11.23,-0.8,0.61,9.35,11.335999553811,0.125638,67.22574852,-328,1746,75.2,2026-08-05
1204,002728,特一药业,9.12,-0.76,0.7,45.43,9.164354227727,0.1943772,63.19326535,-217,2914,81.2,2026-08-05
1205,002729,好利科技,13.85,1.02,0.67,66.03,13.769138475872,0.165493272727,60.24846375,-2066,3769,65.6,2026-08-05
1206,002730,电光科技,21.96,0.92,0.65,90.94,21.832002210868,0.2839776,64.04302246,449,2684,71.6,2026-08-05
1207,002731,*ST萃华,1.93,-3.02,7.01,2.13,1.887630286146,0.199488602151,60.62348934,1049,3660,74.4,2026-08-05
1208,002732,燕塘乳业,13.37,0.15,0.35,10625.06,13.409108092455,0.1070112,57.66039054,650,4367,71.2,2026-08-05
1209,002733,雄韬股份,19.01,0.9,1.02,86.31,18.670142758967,0.2408676,64.78373681,637,2476,72.8,2026-08-05
1210,002734,利民股份,15.91,4.95,4.5,14.32,14.875901732006,0.4720224,76.1398351,623,247,72.4,2026-08-05
1211,002735,王子新材,11.78,0.94,1.81,109.6,11.595620397573,0.1785356,61.08050389,-1296,3540,74.4,2026-08-05
1212,002736,国信证券,10.18,-1.17,0.08,12.38,10.307610162723,0.4093512,73.53079401,640,496,79.6,2026-08-05
1213,002737,葵花药业,13.09,-1.06,0.29,17.33,13.231226299637,0.0917488,61.2480005,-1526,3489,78.4,2026-08-05
1214,002738,中矿资源,53.49,3.74,2.03,19.0,51.057668726215,0.3201048,78.42876744,104,111,79.6,2026-08-05
1215,002739,儒意电影,8.97,0.79,2.66,54.49,8.90387489452,0.389776,64.98575749,-226,2423,85.6,2026-08-05
1216,002741,光华科技,23.8,3.88,3.17,67.76,22.607113530786,0.2805536,67.73262111,625,1614,79.2,2026-08-05
1217,002742,冀衡医药,3.69,-1.34,0.74,-78.17,3.698315034448,0.1686972,53.32317994,-1265,4993,66.8,2026-08-05
1218,002743,富煌钢构,3.85,0.26,0.5,-9.29,3.871185896679,0.1179496,52.95700594,149,5031,67.6,2026-08-05
1219,002745,木林森,10.88,1.78,2.38,9.64,10.501224975976,0.3747868,66.77636959,834,1884,80.8,2026-08-05
1220,002746,仙坛股份,6.16,0.65,0.43,19.99,6.090089861251,0.1526328,68.57527407,-428,1424,75.6,2026-08-05
1221,002747,埃斯顿,35.05,2.28,4.53,86.68,33.828683003101,0.340302,73.50383775,15,501,91.6,2026-08-05
1222,002748,世龙实业,10.95,1.86,0.96,17.07,10.570680491552,0.1266352,62.55679318,373,3109,69.2,2026-08-05
1223,002749,国光股份,8.59,-0.81,0.13,19.87,8.638372249677,0.0963796,66.56571305,-500,1960,71.2,2026-08-05
1224,002752,昇兴股份,5.99,-0.33,0.38,9.65,5.983865842514,0.2090748,64.05140211,-1250,2682,67.2,2026-08-05
1225,002753,永东股份,6.1,-0.16,0.21,490.01,6.097398635913,0.123972,60.2228314,762,3776,64.0,2026-08-05
1226,002755,奥赛康,13.24,-0.68,0.28,36.37,13.360941248222,0.1658148,65.48636074,-189,2276,68.8,2026-08-05
1227,002756,永兴材料,48.29,0.48,1.04,13.31,47.763831265054,0.2658144,73.03327433,595,561,79.2,2026-08-05
1228,002757,南兴股份,17.49,-0.11,1.97,29.75,17.438691375091,0.2133504,73.95572094,-302,448,83.6,2026-08-05
1229,002758,浙农股份,7.84,-0.51,0.21,18.78,7.864058379241,0.1414904,63.57246023,-1114,2822,71.6,2026-08-05
1230,002759,ST天际,15.57,2.7,3.32,9.89,15.102074242394,0.289584705882,59.44064008,-73,3986,71.2,2026-08-05
1231,002760,凤形股份,17.19,-0.52,1.51,69.66,17.228776841832,0.1477156,61.56259494,1199,3394,68.8,2026-08-05
1232,002761,浙江建投,7.3,0.0,0.26,8.28,7.321836401569,0.18902,64.23405836,-410,2634,77.2,2026-08-05
1233,002762,金发拉比,9.37,1.19,0.93,6997.77,9.144990509291,0.257909607843,60.74563772,35,3626,80.0,2026-08-05
1234,002763,汇洁股份,7.26,-0.27,0.35,8.11,7.261651618671,0.18286,62.27019686,-222,3199,69.2,2026-08-05
1235,002765,蓝黛科技,7.13,0.14,0.26,61.01,7.104947176287,0.1980712,64.82135052,1575,2464,74.8,2026-08-05
1236,002766,索菱股份,4.53,3.19,8.99,-53.58,4.39,0.4980556,60.91628688,1566,3588,74.4,2026-08-05
1237,002767,先锋电子,17.52,1.39,0.48,1973.1,17.219161176808,0.0748608,64.20331418,1274,2645,73.2,2026-08-05
1238,002768,国恩股份,57.49,0.68,1.1,24.45,55.494661740545,0.45884,78.94224016,-83,89,81.6,2026-08-05
1239,002769,普路通,6.89,-0.14,0.27,172.43,6.88252816608,0.1161364,51.91636901,-17,5094,70.0,2026-08-05
1240,002771,真视通,13.06,0.38,1.39,-51.73,13.105928466772,0.1607832,57.05252022,-837,4503,72.4,2026-08-05
1241,002772,众兴菌业,10.61,1.05,0.64,6.11,10.461580077558,0.1288272,60.62488593,-208,3658,72.4,2026-08-05
1242,002773,康弘药业,21.22,-0.84,0.34,15.9,21.431827395109,0.2336548,71.59689962,-300,795,78.0,2026-08-05
1243,002774,快意电梯,15.85,2.26,1.14,-674.93,15.282865748541,0.2101228,64.71824148,-1433,2499,73.6,2026-08-05
1244,002775,文科股份,3.88,0.78,0.98,-48.86,3.846333319214,0.227754,51.85652715,17,5099,76.4,2026-08-05
1245,002777,久远银海,13.47,0.52,0.92,117.15,13.46635595368,0.2047232,62.27388727,-708,3196,78.4,2026-08-05
1246,002778,中晟高科,15.14,0.4,0.4,-83.56,15.135494855818,0.073014,52.13113521,30,5082,63.6,2026-08-05
1247,002779,中坚科技,70.11,0.56,0.83,113.06,69.428255170224,0.3348072,72.77710368,-159,598,82.8,2026-08-05
1248,002780,三夫户外,13.16,0.38,0.97,17.74,13.117540664962,0.1089884,64.810191,-1606,2466,73.2,2026-08-05
1249,002782,可立克,14.99,0.07,0.6,72.97,14.852980890735,0.1468348,68.68869331,-921,1401,70.4,2026-08-05
1250,002783,凯龙股份,7.53,0.67,0.53,97.45,7.454001542752,0.3072604,57.87712759,-22,4327,70.4,2026-08-05
1251,002785,万里石,34.15,-0.23,0.5,3220.22,34.506747010772,0.3436204,60.31554353,-1207,3746,70.8,2026-08-05
1252,002786,银宝山新,7.75,0.26,0.42,66.83,7.721099904245,0.1322416,55.07000941,-40,4807,72.8,2026-08-05
1253,002787,华源控股,20.87,0.19,1.95,46.2,20.483048689929,0.3397756,73.87378769,141,460,67.6,2026-08-05
1254,002788,鹭燕医药,10.64,-1.12,1.0,15.21,10.749551265642,0.155664,58.66393104,-285,4159,74.4,2026-08-05
1255,002789,*ST建艺,10.38,4.53,0.53,-7.8,10.037995201278,0.3346136,55.74167301,-1659,4710,65.2,2026-08-05
1256,002790,瑞尔特,5.68,-0.35,0.28,665.83,5.705230218269,0.1300136,55.36778114,-124,4771,64.0,2026-08-05
1257,002791,坚朗五金,15.18,-0.72,0.51,-27.87,15.301193192459,0.1564772,64.4899798,-295,2557,80.0,2026-08-05
1258,002792,通宇通讯,33.81,9.99,6.41,-342.51,30.919672389942,0.3560152,67.67402872,-522,1632,87.6,2026-08-05
1259,002793,罗欣药业,5.02,-1.18,1.64,56.52,5.051089615057,0.2699592,71.66955463,-477,781,88.0,2026-08-05
1260,002795,永和智控,6.61,0.76,0.68,10.73,6.562689370919,0.2853544,58.26335816,-2325,4259,72.0,2026-08-05
1261,002796,世嘉科技,28.51,2.41,3.04,-76.57,27.13712235875,0.2463808,61.47374416,1044,3418,82.8,2026-08-05
1262,002797,第一创业,6.73,0.75,0.74,20.56,6.681886472679,0.3893348,61.00916942,-98,3561,76.4,2026-08-05
1263,002798,帝欧水华,5.51,0.18,0.35,-55.34,5.467891956509,0.2015764,56.15749212,-445,4640,61.6,2026-08-05
1264,002799,环球印务,6.57,-0.15,0.41,224.88,6.585921065679,0.1015732,57.24887889,488,4466,68.4,2026-08-05
1265,002800,天顺股份,13.32,1.06,0.52,286.88,13.133075248121,0.1332056,57.30888877,448,4453,72.4,2026-08-05
1266,002801,微光股份,28.27,-0.04,0.17,11.75,28.299955424496,0.1817468,64.41260451,-1220,2580,68.0,2026-08-05
1267,002802,洪汇新材,11.13,0.45,0.28,39.45,11.099984464706,0.1146656,63.89786701,938,2724,62.8,2026-08-05
1268,002803,吉宏股份,20.12,2.76,2.62,31.83,19.717049467292,0.3222612,66.83749313,-1771,1868,86.4,2026-08-05
1269,002805,丰元股份,18.51,1.2,2.07,16.85,18.053180266706,0.2142416,63.24904007,1000,2904,75.6,2026-08-05
1270,002806,华锋股份,13.69,0.96,1.14,-45.77,13.394383051676,0.2578392,62.27952217,1652,3193,66.8,2026-08-05
1271,002807,江阴银行,3.99,-1.24,0.39,7.37,4.052623531359,0.2831744,64.68991715,448,2506,71.6,2026-08-05
1272,002809,红墙股份,8.01,0.63,0.72,-43.0,7.973456969226,0.063344,51.80582091,-37,5103,68.8,2026-08-05
1273,002810,山东赫达,20.44,0.54,0.3,17.31,20.409671382272,0.1622548,68.87741377,530,1357,65.6,2026-08-05
1274,002811,郑中设计,10.37,0.58,0.53,22.35,10.213074703246,0.1284816,67.13043654,-742,1774,65.6,2026-08-05
1275,002812,恩捷股份,54.21,-0.99,0.57,51.09,54.357051035814,0.3222928,65.67380191,456,2222,79.2,2026-08-05
1276,002813,路畅科技,21.13,-0.14,1.22,-34.31,21.295316999518,0.1056308,59.74619442,1132,3907,73.2,2026-08-05
1277,002815,崇达技术,12.48,1.38,1.79,118.77,12.193940547555,0.2820196,61.5607275,-1377,3397,82.8,2026-08-05
1278,002816,*ST和科,25.49,0.35,0.33,-155.21,25.312171269462,0.3380664,57.17287307,-626,4480,64.0,2026-08-05
1279,002817,黄山胶囊,6.25,0.16,0.53,26.92,6.245158309172,0.0502268,60.71286284,-262,3630,66.4,2026-08-05
1280,002818,富森美,10.78,-0.37,0.18,5.21,10.817069129499,0.1849748,60.74549643,-761,3627,67.2,2026-08-05
1281,002819,东方中科,21.01,0.0,0.2,-43.9,20.969404391574,0.113944,57.88362692,87,4324,74.0,2026-08-05
1282,002820,桂发祥,9.16,0.11,0.68,62.85,9.155028766611,0.0509308,53.50658004,-490,4981,74.0,2026-08-05
1283,002821,凯莱英,159.86,-2.15,1.61,47.38,165.807278891477,0.3674684,76.69781452,-85,216,93.2,2026-08-05
1284,002822,ST中装,3.21,0.94,0.15,-213.63,3.170106488682,0.4147,65.94468823,-16,2137,67.2,2026-08-05
1285,002823,凯中精密,13.32,-0.22,0.44,20.91,13.329888485325,0.1413996,60.53471917,-314,3685,68.4,2026-08-05
1286,002824,和胜股份,22.66,3.0,3.41,71.69,21.569757588165,0.2965348,69.95205741,197,1086,70.0,2026-08-05
1287,002825,纳尔股份,8.59,1.78,0.58,42.37,8.355519585314,0.223812,65.94680098,-549,2136,65.2,2026-08-05
1288,002826,易明医药,16.58,0.48,0.44,40.23,16.502579662263,0.1870908,68.23128835,-291,1506,67.2,2026-08-05
1289,002827,高争民爆,49.24,10.01,5.99,360.13,44.203189045751,0.4098752,66.67635212,73,1921,91.6,2026-08-05
1290,002828,贝肯能源,12.33,-0.56,2.45,-8.46,12.278746905244,0.267562909091,62.28353242,-2603,3192,80.8,2026-08-05
1291,002829,星网宇达,20.9,0.67,2.85,-40.92,20.714999587472,0.1976348,61.5559756,1486,3399,83.2,2026-08-05
1292,002830,名雕股份,13.26,1.07,0.77,182.97,12.992818128184,0.0879896,63.39120031,957,2867,62.4,2026-08-05
1293,002831,裕同科技,28.0,0.14,0.56,36.69,27.713196711678,0.2912392,68.76351932,-683,1383,67.6,2026-08-05
1294,002832,比音勒芬,25.3,-2.28,1.56,9.35,25.912125780888,0.229734,72.02474246,101,701,79.6,2026-08-05
1295,002833,弘亚数控,18.07,0.22,0.33,13.35,18.04277506252,0.1488264,71.09002496,781,878,74.4,2026-08-05
1296,002835,同为股份,12.18,0.33,0.53,24.08,12.118373570521,0.0833132,62.52045177,90,3120,70.0,2026-08-05
1297,002836,新宏泽,9.6,1.8,0.49,33.35,9.413280780065,0.0421204,63.51211161,307,2835,63.6,2026-08-05
1298,002837,英维克,52.5,0.32,1.17,1931.93,51.503048730705,0.3296844,72.28213115,235,663,83.2,2026-08-05
1299,002838,道恩股份,26.25,-0.38,0.62,26.36,25.909474317433,0.2317836,68.68776524,305,1402,76.8,2026-08-05
1300,002839,张家港行,4.39,-1.57,0.39,4.65,4.469983701444,0.280264,68.20995288,-241,1513,74.4,2026-08-05
1301,002840,华统股份,8.28,-0.6,0.75,-6.9,8.240856225815,0.2480548,55.47475187,210,4757,70.0,2026-08-05
1302,002841,视源股份,49.69,1.35,1.04,35.18,48.250936001748,0.2538844,77.95629881,894,136,82.8,2026-08-05
1303,002842,翔鹭钨业,35.68,3.24,14.53,11.65,33.163034906225,0.437374,76.5771151,712,220,80.0,2026-08-05
1304,002843,泰嘉股份,16.31,0.25,0.83,41.96,16.154990268915,0.1454152,60.3422385,70,3739,69.2,2026-08-05
1305,002845,同兴达,12.77,0.95,1.12,-24.56,12.603513345419,0.2013492,63.09375975,-1116,2947,78.8,2026-08-05
1306,002846,英联股份,10.74,0.47,1.31,90.04,10.638894613012,0.1744344,69.2784905,-250,1251,85.2,2026-08-05
1307,002847,盐津铺子,50.09,-0.95,0.44,14.66,50.359372891486,0.1995612,68.22120326,-281,1511,79.6,2026-08-05
1308,002848,高斯贝尔,12.88,1.18,1.44,-205.36,12.738164653767,0.317929803922,58.95117485,-1130,4098,70.8,2026-08-05
1309,002849,威星智能,15.74,1.88,1.93,34.11,15.134090801748,0.281164,68.53046001,266,1431,66.8,2026-08-05
1310,002850,科达利,179.5,-2.42,0.71,27.86,183.479294823354,0.3069736,74.42209947,-28,401,75.6,2026-08-05
1311,002851,麦格米特,119.12,2.25,2.68,151.9,112.964633489768,0.4783216,72.08264399,568,693,88.8,2026-08-05
1312,002852,道道全,7.68,-0.52,0.25,46.74,7.715872576177,0.0945048,59.15004405,277,4056,67.2,2026-08-05
1313,002853,皮阿诺,21.0,1.01,0.29,-86.17,20.747163974152,0.1384276,54.66439943,-264,4850,65.2,2026-08-05
1314,002855,捷荣技术,9.92,1.12,0.25,-33.15,9.792545416139,0.0377932,57.4099596,561,4432,73.2,2026-08-05
1315,002856,*ST美芝,14.74,-2.25,1.13,-200.56,14.992957617008,0.246038,56.43541064,-192,4596,66.0,2026-08-05
1316,002857,三晖电气,16.44,-0.54,0.53,-21.73,16.595039261877,0.1297836,51.566712,-626,5115,68.0,2026-08-05
1317,002858,力盛体育,11.58,-0.43,0.41,89.59,11.618938032305,0.1688268,68.44899904,1418,1453,70.8,2026-08-05
1318,002859,洁美科技,66.71,2.07,1.83,158.43,63.847246875032,0.4038272,77.46604439,55,166,80.8,2026-08-05
1319,002860,星帅尔,16.42,-1.68,1.17,25.28,16.651899347679,0.3056692,63.0810064,-1175,2951,76.4,2026-08-05
1320,002861,瀛通通讯,16.6,2.79,1.42,-28.55,16.029768020793,0.2608608,56.13209765,-1536,4646,70.0,2026-08-05
1321,002862,实丰文化,13.72,-0.22,0.95,87.02,13.634581760463,0.1237928,60.64650197,-702,3648,72.0,2026-08-05
1322,002863,今飞凯达,4.41,0.23,0.39,22.48,4.40906078625,0.1659744,56.56853157,159,4577,66.4,2026-08-05
1323,002864,盘龙药业,21.12,-0.61,0.5,33.17,21.099802546465,0.2227044,67.22534912,538,1747,79.6,2026-08-05
1324,002865,钧达股份,44.23,-0.16,1.07,243.0,43.868900652088,0.2218388,61.00993172,145,3560,74.0,2026-08-05
1325,002866,传艺科技,15.49,-0.45,1.92,73.29,15.514795220636,0.2091336,61.15424729,1103,3513,80.0,2026-08-05
1326,002867,周大生,12.73,-0.31,0.19,11.77,12.724515138223,0.1052896,67.61846821,-187,1649,75.2,2026-08-05
1327,002868,绿康生化,23.07,1.23,0.77,245.04,22.7433066646,0.1061076,57.40940038,-310,4433,61.6,2026-08-05
1328,002869,金溢科技,16.33,1.81,1.28,-28.64,16.260235057416,0.1056768,51.94893965,3,5092,76.4,2026-08-05
1329,002870,香山股份,40.05,1.11,0.64,-126.28,39.661246665543,0.3230804,57.20057162,-275,4476,66.0,2026-08-05
1330,002871,伟隆股份,16.61,-0.18,0.58,46.38,16.474937678998,0.2597816,69.69514799,150,1147,62.8,2026-08-05
1331,002872,ST天圣,5.08,0.4,0.16,-41.27,5.078472208655,0.3196204,58.85631967,715,4127,62.8,2026-08-05
1332,002873,新天药业,7.83,0.38,0.79,136.71,7.825053620185,0.1132036,54.8756604,12,4831,70.4,2026-08-05
1333,002875,安奈儿,13.7,1.63,1.29,48.45,13.210701644437,0.226142,64.59768141,1949,2524,68.0,2026-08-05
1334,002876,三利谱,27.8,0.65,0.57,36.27,27.409814333106,0.2336776,71.7174648,-54,766,64.8,2026-08-05
1335,002877,智能自控,7.21,0.28,0.45,105.58,7.181594494862,0.1366816,61.90941813,912,3306,67.2,2026-08-05
1336,002878,元隆雅图,12.54,-0.48,0.98,-271.69,12.60473208144,0.1286436,57.79617192,-799,4344,75.6,2026-08-05
1337,002879,长缆科技,18.04,-5.1,7.66,642.73,18.6680069124,0.214776,66.30708472,-381,2039,90.0,2026-08-05
1338,002880,卫光生物,20.2,-3.53,0.58,36.97,20.763805579626,0.1355088,66.66323075,397,1929,65.6,2026-08-05
1339,002881,美格智能,38.12,0.66,1.27,61.7,37.743270204468,0.2378576,67.05387553,-700,1796,81.6,2026-08-05
1340,002882,金龙羽,22.2,-3.23,3.88,314.64,22.583962644239,0.1976292,71.36807223,794,835,89.6,2026-08-05
1341,002883,*ST中设,8.55,0.0,0.17,326.45,8.530207128818,0.1567044,52.78043082,-64,5049,63.6,2026-08-05
1342,002884,凌霄泵业,16.18,-0.43,0.07,14.78,16.18758478716,0.0885556,66.68777112,-52,1916,68.8,2026-08-05
1343,002885,京泉华,26.54,1.34,1.73,58.4,25.803487696555,0.2613756,73.55584089,244,492,72.8,2026-08-05
1344,002886,沃特股份,19.06,0.79,1.5,96.43,18.731032378218,0.1755488,69.02598898,86,1314,71.6,2026-08-05
1345,002887,绿茵生态,10.68,4.4,2.61,20.29,10.311388670303,0.1478652,66.73846835,1293,1897,68.8,2026-08-05
1346,002888,惠威科技,17.33,0.35,0.93,-277.91,16.887136081983,0.1176796,63.40020448,-1233,2866,67.6,2026-08-05
1347,002889,东方嘉盛,12.15,-1.06,0.94,29.66,12.136752983903,0.1797416,68.1074945,2189,1535,78.0,2026-08-05
1348,002890,弘宇股份,13.9,3.42,0.84,106.71,13.412639460232,0.0936772,54.86838461,99,4832,60.8,2026-08-05
1349,002891,中宠股份,31.07,-1.8,1.42,34.2,31.537367088832,0.2227612,69.60461805,-476,1169,83.6,2026-08-05
1350,002892,科力尔,9.79,-1.01,0.49,-156.21,9.908861850677,0.1540784,54.92761892,-697,4824,73.2,2026-08-05
1351,002893,京能热力,9.71,-0.21,0.7,3.37,9.699741015079,0.1872812,57.21244132,-41,4471,69.2,2026-08-05
1352,002895,川恒股份,35.18,1.27,0.36,28.25,34.373632728265,0.250418,73.02834851,-121,563,74.4,2026-08-05
1353,002896,中大力德,78.55,-0.47,3.58,348.87,77.323283325152,0.3854472,72.19425202,-160,679,95.2,2026-08-05
1354,002897,意华股份,56.13,0.95,1.7,67.56,54.561656291651,0.2890468,69.55016876,-53,1186,71.6,2026-08-05
1355,002899,英派斯,20.27,3.84,1.0,49.92,19.549193110873,0.1902456,56.68628394,-36,4559,64.8,2026-08-05
1356,002900,哈三联,12.24,-3.7,7.54,-137.18,12.583979285652,0.2238168,70.18659785,112,1034,88.8,2026-08-05
1357,002901,大博医疗,43.16,-0.6,0.2,30.48,43.234380562239,0.2110544,66.84877636,115,1864,73.2,2026-08-05
1358,002902,铭普光磁,23.65,0.08,4.46,-60.79,23.148691868081,0.2526732,63.89961468,-1710,2722,90.0,2026-08-05
1359,002903,宇环数控,27.32,4.47,6.71,-123.78,25.878970816699,0.2389588,61.00514956,645,3563,76.0,2026-08-05
1360,002905,金逸影视,7.62,0.26,0.54,-33.13,7.593873241113,0.1127084,61.36158223,898,3454,70.8,2026-08-05
1361,002906,华阳集团,26.6,-0.37,0.36,21.06,26.69039085778,0.223438,69.17674043,514,1275,76.8,2026-08-05
1362,002907,华森制药,13.0,-0.46,0.29,41.39,13.049170387961,0.1049932,59.13902596,-1743,4060,79.2,2026-08-05
1363,002908,德生科技,7.38,-2.64,4.23,-82.52,7.34122743812,0.4170768,68.70462284,3002,1396,73.6,2026-08-05
1364,002909,集泰股份,5.03,1.41,0.45,-38.83,4.985202700296,0.0403828,52.31320926,-547,5071,68.0,2026-08-05
1365,002910,庄园牧场,9.03,0.33,1.06,-14.01,8.998257167087,0.0767584,49.47922299,-34,5173,74.4,2026-08-05
1366,002911,佛燃能源,11.29,-0.18,0.12,22.23,11.195238466764,0.128088,70.21007651,-25,1030,71.6,2026-08-05
1367,002912,中新赛克,21.41,-3.56,2.32,-11.14,21.863528044638,0.199954,66.44746038,-1362,1989,82.8,2026-08-05
1368,002913,奥士康,49.44,3.17,1.12,224.78,46.789678525212,0.4174388,71.81367724,-63,740,82.8,2026-08-05
1369,002915,中欣氟材,17.04,0.53,0.99,-286.13,16.774926538041,0.281544,63.83576032,1806,2749,74.8,2026-08-05
1370,002916,深南电路,352.89,1.06,0.55,70.68,344.317394906119,0.5022904,79.14020488,-37,83,92.0,2026-08-05
1371,002917,金奥博,10.51,0.86,0.41,23.81,10.42629871669,0.1290576,63.68572754,-1284,2789,68.8,2026-08-05
1372,002918,蒙娜丽莎,9.6,-0.31,1.14,-54.14,9.617338086162,0.1328756,64.07467498,-1348,2679,69.2,2026-08-05
1373,002919,名臣健康,17.49,-0.06,0.35,126.88,17.630877764444,0.1665916,59.51306672,-576,3974,70.8,2026-08-05
1374,002920,德赛西威,94.8,-1.23,0.67,30.65,95.025791646086,0.3849256,80.46486781,656,45,82.0,2026-08-05
1375,002921,联诚精密,23.06,0.04,1.47,-904.86,23.007607692665,0.2579872,63.85352716,-1647,2741,79.2,2026-08-05
1376,002922,伊戈尔,25.33,-1.4,1.27,38.97,25.405665831374,0.2640924,76.90501662,48,203,74.0,2026-08-05
1377,002923,润都股份,10.85,-0.37,0.95,58.22,10.896655431204,0.122956,59.90837536,-2432,3871,76.4,2026-08-05
1378,002925,盈趣科技,23.47,-0.04,0.65,48.55,23.20394223948,0.330094,76.39957524,88,233,82.0,2026-08-05
1379,002926,华西证券,8.33,-0.83,0.13,13.89,8.401754130715,0.3181716,68.40452635,965,1470,76.8,2026-08-05
1380,002927,泰永长征,15.52,-0.06,0.52,80.83,15.494887009566,0.1598008,56.27283604,-531,4617,68.8,2026-08-05
1381,002928,华夏航空,6.7,-1.03,0.65,15.97,6.744171499391,0.312916,64.12550296,591,2660,66.4,2026-08-05
1382,002929,润建股份,58.23,0.8,3.69,330.82,57.105455520368,0.3326832,70.8442797,-484,925,88.4,2026-08-05
1383,002930,宏川智慧,8.95,-0.11,0.38,55.72,8.903808501459,0.1585408,51.90156781,-773,5095,67.2,2026-08-05
1384,002931,锋龙股份,49.75,0.51,1.86,820.22,49.099194672303,0.2611288,63.01606607,-1249,2975,82.4,2026-08-05
1385,002932,*ST明德,14.82,-0.47,0.1,-2282.69,14.821501581649,0.293458,56.52846634,76,4585,69.6,2026-08-05
1386,002933,新兴装备,26.61,1.03,0.38,-351.74,26.22121051586,0.125232,56.55957045,276,4581,68.0,2026-08-05
1387,002935,天奥电子,16.89,5.63,1.26,-349.95,16.042731212067,0.1780644,61.25682496,-1501,3484,72.0,2026-08-05
1388,002936,郑州银行,1.78,-1.66,0.58,3.78,1.813581727261,0.4807548,58.45566069,-763,4208,72.4,2026-08-05
1389,002937,兴瑞科技,28.71,0.67,0.66,62.7,28.305315459952,0.348854,65.34579743,1267,2318,66.8,2026-08-05
1390,002938,鹏鼎控股,91.64,0.56,0.36,114.74,90.153116978694,0.3966208,74.67099507,-19,373,90.0,2026-08-05
1391,002939,长城证券,8.24,-0.84,0.16,13.39,8.31103340299,0.291864,63.47824939,160,2847,76.0,2026-08-05
1392,002940,昂利康,25.41,-0.63,1.85,72.59,25.416788279383,0.2712668,65.13708024,1030,2381,75.2,2026-08-05
1393,002941,新疆交建,11.05,1.1,0.96,-126.86,10.882521485296,0.2303424,63.47171834,44,2849,77.2,2026-08-05
1394,002942,新农股份,15.17,0.86,0.31,12.79,15.043204641775,0.0615056,63.64342167,-85,2801,64.4,2026-08-05
1395,002943,宇晶股份,32.1,3.78,2.15,-109.84,30.701792477546,0.2167472,62.96012063,213,2993,68.8,2026-08-05
1396,002945,华林证券,14.85,-1.2,0.2,106.91,15.009542885251,0.226112,59.40276666,-1181,3997,87.6,2026-08-05
1397,002946,新乳业,16.96,-1.97,0.23,19.58,17.21123482613,0.1080268,65.09554099,-349,2393,76.0,2026-08-05
1398,002947,恒铭达,57.25,1.17,1.16,24.18,56.043544343763,0.31478,75.29063217,533,310,65.6,2026-08-05
1399,002948,青岛银行,5.71,-0.35,0.32,5.45,5.718060150045,0.285282,67.86228666,964,1581,74.4,2026-08-05
1400,002949,华阳国际,10.39,1.27,0.61,114.02,10.321011173767,0.0759164,56.12074531,-1012,4649,65.6,2026-08-05
1401,002950,奥美医疗,9.23,-0.97,0.29,13.41,9.3000746437,0.1506556,59.69200857,-34,3920,70.0,2026-08-05
1402,002951,金时科技,14.02,1.37,0.51,-122.22,13.713426979764,0.1655792,61.47820395,694,3416,71.2,2026-08-05
1403,002952,亚世光电,19.76,2.54,1.19,90.9,19.182869231897,0.1111248,69.19893589,1635,1271,68.0,2026-08-05
1404,002953,日丰股份,9.65,-0.62,0.53,26.49,9.703827246722,0.1175904,60.14204257,-585,3801,76.8,2026-08-05
1405,002955,鸿合科技,33.55,-0.68,1.07,-54.38,33.391048823626,0.3085264,69.42515342,1495,1217,67.2,2026-08-05
1406,002956,西麦食品,18.27,0.94,0.4,14.09,18.085333490634,0.1089836,67.23214964,-536,1744,74.8,2026-08-05
1407,002957,科瑞技术,39.05,1.51,3.23,59.06,37.146718261642,0.4648612,72.02413518,35,702,79.2,2026-08-05
1408,002958,青农商行,3.04,-1.94,0.41,3.38,3.109789933224,0.3439656,61.69887815,-511,3364,73.2,2026-08-05
1409,002959,小熊电器,34.24,-0.17,0.09,16.76,34.162793680107,0.2381188,70.29435159,800,1010,74.0,2026-08-05
1410,002960,青鸟智控,8.22,-0.36,0.22,33.46,8.24370635272,0.2777228,66.46053431,1137,1986,64.8,2026-08-05
1411,002961,瑞达期货,20.13,0.5,0.32,11.79,19.945096363151,0.1979292,64.4926374,842,2555,70.0,2026-08-05
1412,002962,五方光电,13.12,1.16,1.54,236.73,12.873726447444,0.1705592,63.87321216,-985,2731,71.2,2026-08-05
1413,002963,豪尔赛,19.35,10.01,10.62,-154.92,17.136170502873,0.3208116,67.47389582,-180,1681,80.0,2026-08-05
1414,002965,祥鑫科技,30.89,0.13,2.93,-120.09,30.361362502404,0.2766532,60.43872955,1077,3715,74.0,2026-08-05
1415,002966,苏州银行,8.16,-1.09,0.27,5.42,8.270119292979,0.2351144,63.77170035,-688,2763,76.8,2026-08-05
1416,002967,广电计量,17.62,1.32,0.65,166.41,17.409285007937,0.1951896,66.97815801,-107,1823,69.6,2026-08-05
1417,002968,新大正,8.88,0.11,0.32,14.74,8.83457674757,0.0299292,62.43865187,-200,3142,64.4,2026-08-05
1418,002969,嘉美包装,13.54,1.58,2.65,55.55,13.191799840593,0.206308518519,64.91531852,451,2438,86.4,2026-08-05
1419,002970,锐明技术,53.74,1.17,0.95,56.86,52.749489776909,0.3328344,76.72568163,-14,215,76.0,2026-08-05
1420,002971,和远气体,39.13,4.35,8.24,114.19,35.856343109604,0.3254576,65.88818169,1363,2158,74.8,2026-08-05
1421,002972,科安达,13.76,5.93,4.41,22.69,12.74740001743,0.1166308,61.34001135,-1151,3460,62.8,2026-08-05
1422,002973,侨银股份,10.99,10.01,3.35,32.24,9.88477636896,0.1945432,65.48819385,317,2275,64.8,2026-08-05
1423,002975,博杰股份,93.07,10.0,8.03,73.48,83.166833421785,0.5759044,77.52033732,364,162,83.2,2026-08-05
1424,002976,瑞玛精密,21.62,0.28,0.63,-76.18,21.067943723515,0.2540244,64.08233553,136,2677,66.0,2026-08-05
1425,002977,*ST天箭,21.9,-1.75,0.52,168.71,22.399722977576,0.207544,61.5915453,1547,3387,67.2,2026-08-05
1426,002978,安宁股份,26.85,-0.7,0.35,20.71,26.950796546088,0.1974728,60.10539381,238,3812,69.6,2026-08-05
1427,002979,雷赛智能,61.28,2.1,2.53,67.13,59.457704518112,0.3033016,77.93564196,157,137,81.6,2026-08-05
1428,002980,华盛昌,78.62,3.26,5.37,209.61,73.008366055379,0.322014,68.91276171,1596,1347,76.4,2026-08-05
1429,002981,朝阳科技,23.62,-0.42,0.38,217.63,23.399578123017,0.1523364,62.83177925,215,3028,62.8,2026-08-05
1430,002982,湘佳股份,11.82,-0.59,0.97,38.35,11.807239192666,0.1566848,65.48622589,1317,2277,66.8,2026-08-05
1431,002983,芯瑞达,19.46,0.31,0.6,35.63,19.261760472698,0.1034224,67.17233099,1228,1762,66.8,2026-08-05
1432,002984,森麒麟,14.53,0.21,0.41,17.95,14.51380780632,0.289046,66.63785783,-1088,1939,73.2,2026-08-05
1433,002985,北摩高科,26.23,-0.53,0.33,32.37,26.304587084316,0.2032188,63.57858724,1020,2821,71.6,2026-08-05
1434,002986,宇新股份,12.41,1.47,0.53,-19.76,12.156672604489,0.229948,59.09286134,-130,4068,64.4,2026-08-05
1435,002987,京北方,11.88,1.63,2.04,122.81,12.040443495522,0.2523376,75.08174119,-262,334,87.2,2026-08-05
1436,002988,豪美新材,21.15,0.05,0.39,33.21,20.919874758022,0.1713144,60.17555457,528,3793,62.0,2026-08-05
1437,002989,中天精装,22.59,-0.7,1.77,-127.04,22.318838127306,0.3128756,64.80930208,881,2467,80.0,2026-08-05
1438,002990,盛视科技,50.63,2.72,7.19,870.04,48.05741164004,0.4277052,73.27914288,226,531,80.4,2026-08-05
1439,002991,甘源食品,42.58,-0.75,0.32,14.96,42.995780533168,0.1219576,67.55308701,714,1662,67.6,2026-08-05
1440,002992,宝明科技,36.2,0.03,0.93,-116.66,34.712807329383,0.41678,66.58790152,800,1951,69.2,2026-08-05
1441,002993,奥海科技,37.18,-0.46,0.99,55.0,36.820328033923,0.2007672,65.9250197,-901,2145,67.2,2026-08-05
1442,002995,天地在线,18.32,0.22,4.6,-2387.59,18.176673058246,0.1663872,62.78215538,-1870,3050,79.6,2026-08-05
1443,002996,顺博合金,6.27,-0.16,0.34,8.3,6.283343880465,0.142436,63.14546072,-3,2928,67.6,2026-08-05
1444,002997,瑞鹄模具,27.22,-0.22,0.2,13.34,27.220444774246,0.2235492,69.61856508,-55,1167,67.6,2026-08-05
1445,002998,优彩资源,7.88,-0.25,3.8,16.93,7.570127557871,0.2370544,71.68297211,2801,778,64.8,2026-08-05
1446,002999,天禾股份,5.68,0.18,0.36,58.54,5.675312214317,0.0471428,57.38622865,-925,4441,68.4,2026-08-05
1447,003000,劲仔食品,10.65,-0.56,0.16,16.85,10.669623490381,0.1470572,67.49918646,921,1678,70.8,2026-08-05
1448,003001,中岩大地,20.1,-3.13,7.67,132.61,20.436402850655,0.268154,66.37531981,890,2013,83.6,2026-08-05
1449,003002,壶化股份,16.79,0.54,0.35,52.5,16.512507030067,0.1286672,67.65848024,2077,1639,66.0,2026-08-05
1450,003003,天元股份,10.57,1.05,0.73,29.59,10.520537096493,0.1035064,62.25107389,-183,3206,65.2,2026-08-05
1451,003004,声迅股份,64.97,1.33,0.71,-394.55,63.322487573304,0.285854,64.29312845,1187,2615,63.2,2026-08-05
1452,003005,竞业达,14.21,-0.56,5.42,-21.32,14.409572204258,0.1626304,70.67524393,583,949,84.4,2026-08-05
1453,003006,百亚股份,14.53,-0.62,0.26,10.86,14.62791430356,0.0812824,61.58759871,-429,3388,64.0,2026-08-05
1454,003007,直真科技,38.35,-1.08,1.14,-48.6,38.238899121147,0.1936184,62.36582548,-2608,3167,74.0,2026-08-05
1455,003008,开普检测,18.44,0.27,0.54,68.74,18.310520059538,0.1152184,61.39341623,183,3445,64.8,2026-08-05
1456,003009,中天火箭,49.74,1.26,0.93,432.41,49.027416974278,0.227362,60.70577117,-1578,3632,78.4,2026-08-05
1457,003010,若羽臣,26.2,-1.17,1.0,28.17,26.321878794192,0.178232,69.57963289,729,1180,81.2,2026-08-05
1458,003011,海象新材,18.7,0.27,0.75,42.37,18.600445552219,0.148844,61.29886497,981,3472,56.8,2026-08-05
1459,003012,东鹏控股,4.69,-0.42,0.2,-27.14,4.726440629855,0.1367676,66.57845827,832,1955,68.8,2026-08-05
1460,003013,地铁设计,17.5,-3.85,0.86,28.67,18.024348130685,0.38072,78.07714569,-75,124,74.8,2026-08-05
1461,003015,日久光电,11.12,1.0,0.71,75.4,10.950628193967,0.183892,66.47380361,1468,1980,72.0,2026-08-05
1462,003016,欣贺股份,6.75,0.0,0.17,39.32,6.736116768311,0.0230764,57.91169675,-209,4321,65.6,2026-08-05
1463,003017,大洋生物,21.46,-0.19,0.32,17.52,21.503097150404,0.1637508,62.3975286,62,3157,64.4,2026-08-05
1464,003018,金富科技,38.87,1.65,2.46,148.07,36.926604782707,0.3435296,72.04863483,383,698,80.4,2026-08-05
1465,003019,宸展光电,23.75,0.89,0.68,37.92,23.316930201729,0.2482872,71.32387642,155,845,62.8,2026-08-05
1466,003020,立方制药,17.14,-1.27,1.51,27.71,17.276963258157,0.1693952,60.64026747,-885,3654,76.8,2026-08-05
1467,003021,兆威机电,80.75,-0.52,0.49,131.9,80.467248521605,0.3076392,71.38531907,1659,830,80.0,2026-08-05
1468,003022,联泓新科,19.87,0.2,0.22,45.84,19.826145125633,0.2001064,61.94165032,-1768,3301,74.4,2026-08-05
1469,003023,彩虹集团,21.69,0.14,0.96,29.92,21.521252626403,0.30572,66.08041876,1039,2098,67.2,2026-08-05
1470,003025,思进智能,12.04,0.17,0.4,21.95,12.016304498388,0.124136,65.1631104,-373,2370,66.4,2026-08-05
1471,003026,中晶科技,28.43,1.54,3.0,96.36,27.613876546273,0.2235036,69.82137906,494,1117,77.2,2026-08-05
1472,003027,同兴科技,16.63,1.28,0.57,52.39,16.336213618428,0.1147968,64.30947015,514,2612,65.6,2026-08-05
1473,003028,振邦智能,23.1,2.71,1.14,146.06,22.372087369045,0.2046456,62.25740754,1221,3205,63.6,2026-08-05
1474,003029,吉大正元,17.45,2.35,1.24,-62.9,17.162132462857,0.1119008,56.30237478,-335,4614,72.8,2026-08-05
1475,003030,祖名股份,21.77,0.18,1.63,-203.03,21.399015994978,0.2251396,67.14751833,1524,1769,65.2,2026-08-05
1476,003031,中瓷电子,110.53,1.75,1.11,64.48,105.089293974079,0.3079764,75.33763732,115,304,84.0,2026-08-05
1477,003032,传智教育,11.34,-3.32,16.59,782.57,11.713723416724,0.461107058824,69.81439364,-1032,1120,91.6,2026-08-05
1478,003033,征和工业,61.92,0.03,0.57,38.45,59.595497022842,0.314438,74.39514243,2089,405,69.6,2026-08-05
1479,003035,南网能源,5.64,-1.05,0.22,62.41,5.698549767215,0.1988576,59.49407811,-427,3977,74.4,2026-08-05
1480,003036,泰坦股份,50.17,5.62,2.1,132.45,46.969551389678,0.2552552,67.67306493,249,1634,74.4,2026-08-05
1481,003037,三和管桩,5.66,0.35,0.09,38.68,5.627903033661,0.1074832,62.86675635,1007,3022,68.8,2026-08-05
1482,003038,鑫铂股份,10.76,0.0,0.76,-82.56,10.779051480087,0.1009488,52.86568674,-66,5041,65.6,2026-08-05
1483,003039,顺控发展,11.93,-0.33,0.13,28.26,12.020883184294,0.0905016,65.40569194,-14,2301,72.0,2026-08-05
1484,003040,楚天龙,12.46,9.97,2.33,-116.98,11.342357786205,0.142682,53.38010451,-43,4989,80.0,2026-08-05
1485,003041,真爱美家,44.08,-1.74,0.81,338.46,43.560305129756,0.329144,66.00200838,-97,2120,64.0,2026-08-05
1486,003042,中农联合,12.91,0.7,1.09,230.17,12.82907056587,0.1155272,52.98958859,-6,5026,68.8,2026-08-05
1487,003043,华亚智能,68.28,2.52,1.69,315.1,64.549870003994,0.383366,71.8278801,9,739,70.4,2026-08-05
1488,003816,中国广核,3.95,-1.0,0.06,18.19,4.002662946095,0.3200564,66.91640539,-1274,1846,88.8,2026-08-05
1489,300001,特锐德,35.13,-1.93,0.61,128.85,35.880830878476,0.3373732,67.07274607,-1469,1789,87.2,2026-08-05
1490,300002,神州泰岳,8.79,-1.12,1.14,25.26,8.903745789078,0.3370848,73.62923291,247,485,88.4,2026-08-05
1491,300003,乐普医疗,12.74,-1.62,0.66,23.79,12.907999109372,0.3065244,69.5554683,1113,1183,84.0,2026-08-05
1492,300004,南风股份,8.32,-0.12,0.8,-191.45,8.258612411903,0.239506,62.94504319,1337,2998,67.6,2026-08-05
1493,300005,探路者,10.65,1.43,1.67,41.68,10.413488448761,0.3608372,63.25370967,-481,2901,76.4,2026-08-05
1494,300006,莱美药业,4.98,-1.19,0.47,-87.57,5.051370562144,0.284028,57.33040615,-777,4450,72.0,2026-08-05
1495,300007,汉威科技,35.21,0.23,1.56,116.5,35.155623813176,0.2723,63.05566035,-2153,2959,78.8,2026-08-05
1496,300008,天海防务,6.3,0.16,0.8,32.06,6.274397077249,0.2699892,65.80421537,-267,2183,82.8,2026-08-05
1497,300009,安科生物,8.18,-1.33,0.55,20.39,8.326971509092,0.279552,66.6756061,-1099,1922,78.4,2026-08-05
1498,300010,ST豆神,2.38,-1.65,1.67,-21.68,2.361346893781,0.2996556,65.83698878,235,2174,79.6,2026-08-05
1499,300011,鼎汉技术,5.95,0.0,0.15,-59.76,5.953457436303,0.1558388,57.38773963,87,4440,67.6,2026-08-05
1500,300012,华测检测,14.22,-0.07,1.43,33.55,14.243903442551,0.2783788,71.2345156,224,862,83.6,2026-08-05
1501,300013,新宁物流,3.79,-0.79,0.96,89.01,3.719088297177,0.3546164,64.02397877,1967,2689,64.8,2026-08-05
1502,300014,亿纬锂能,54.97,-1.51,0.68,20.65,55.50118045019,0.428852,71.34644765,355,839,82.0,2026-08-05
1503,300015,爱尔眼科,8.8,-0.9,0.27,17.33,8.888682359056,0.2901512,70.56619925,-307,969,88.8,2026-08-05
1504,300016,北陆药业,7.96,-0.87,0.76,25.74,8.011115827178,0.2290252,61.07058212,-1831,3546,73.2,2026-08-05
1505,300017,网宿科技,15.03,0.33,1.96,77.66,15.044206839741,0.342754,65.79374945,-1750,2187,94.0,2026-08-05
1506,300018,中元股份,11.98,-1.16,0.85,50.01,12.126109836735,0.3714064,68.30896168,-899,1486,68.8,2026-08-05
1507,300019,硅宝科技,15.15,-0.2,0.51,32.37,15.195120133401,0.2383196,66.953686,-1288,1830,80.4,2026-08-05
1508,300020,ST银江,3.45,-1.43,0.39,-9.63,3.48411067516,0.3040164,49.63417595,-25,5169,68.0,2026-08-05
1509,300021,大禹节水,3.89,-0.77,0.24,101.69,3.902140462684,0.211882,63.98335558,-203,2700,71.6,2026-08-05
1510,300022,吉峰科技,8.12,1.88,0.59,237.61,7.900790243288,0.2789436,62.93977208,-10,3001,66.8,2026-08-05
1511,300024,机器人,15.87,-1.31,0.89,-67.15,15.860860145235,0.320974,62.0666952,342,3262,83.6,2026-08-05
1512,300025,华星创业,4.94,3.56,2.5,-134.06,4.781337542524,0.180456,62.68990906,-892,3070,69.6,2026-08-05
1513,300026,红日药业,3.34,-1.47,0.66,38.17,3.396173566258,0.291034,63.03775316,-1333,2970,80.0,2026-08-05
1514,300027,ST华谊,1.88,1.08,0.63,-45.39,1.850031759838,0.3902692,60.6461352,-187,3649,72.0,2026-08-05
1515,300030,阳普医疗,6.52,0.46,0.63,23.25,6.529730285857,0.0554504,58.26393627,-254,4258,68.8,2026-08-05
1516,300031,宝通科技,21.54,-1.73,2.36,20.38,21.975162643062,0.313346,65.53584488,-1775,2264,81.6,2026-08-05
1517,300032,金龙机电,3.71,-0.27,0.65,-36.99,3.680720634252,0.2170408,63.59078548,1269,2819,69.6,2026-08-05
1518,300033,同花顺,241.4,-0.38,1.08,177.47,240.996985509816,0.5321488,82.21996797,81,19,90.0,2026-08-05
1519,300034,钢研高纳,16.13,-0.37,0.29,47.69,16.191301167117,0.23719,60.98042244,-1278,3573,74.0,2026-08-05
1520,300035,中科电气,13.98,-1.41,0.81,37.06,14.100418320196,0.2864324,66.63782735,1362,1940,74.0,2026-08-05
1521,300036,超图软件,12.08,0.67,1.02,-35.43,12.051879678914,0.2322184,59.85941602,-379,3885,79.6,2026-08-05
1522,300037,新宙邦,66.71,-0.43,0.77,26.17,66.049351521211,0.316232,71.65984273,-396,784,79.2,2026-08-05
1523,300039,上海凯宝,5.36,-3.42,1.96,21.61,5.549371721994,0.2580272,64.34915141,-1090,2597,78.4,2026-08-05
1524,300040,九洲集团,6.41,-3.32,3.7,40.15,6.573358838221,0.24819,59.70192182,663,3917,80.8,2026-08-05
1525,300041,回天新材,10.96,-0.09,1.04,18.29,10.877521588951,0.3525332,73.05022391,1013,557,73.6,2026-08-05
1526,300042,朗科科技,43.77,-0.73,3.01,26.78,43.369816813117,0.3415016,75.2873396,1133,312,72.4,2026-08-05
1527,300043,星辉娱乐,4.94,0.0,1.63,29.65,4.935702356607,0.2572196,67.09092097,-895,1784,85.6,2026-08-05
1528,300044,*ST赛为,5.21,-1.88,1.23,-92.78,5.383739385012,0.2825896,58.87159229,746,4122,73.2,2026-08-05
1529,300045,华力创通,13.56,1.27,1.08,-187.88,13.39537967293,0.1409336,59.61295629,416,3945,74.8,2026-08-05
1530,300046,台基股份,24.52,0.04,0.74,106.24,24.358421619194,0.2154532,66.46422984,257,1983,76.8,2026-08-05
1531,300047,天源迪科,10.41,1.07,1.32,107.06,10.36921738252,0.2047172,60.31991416,-589,3743,81.2,2026-08-05
1532,300048,合康新能,5.38,-1.47,0.29,-131.59,5.491273571059,0.2704324,63.01056687,-2144,2977,72.4,2026-08-05
1533,300049,福瑞医科,45.62,-2.27,1.01,94.7,46.975274972556,0.2858144,73.2735108,436,533,72.8,2026-08-05
1534,300050,世纪鼎利,5.85,0.52,1.03,249.16,5.772809015551,0.3081744,69.53656579,973,1189,68.8,2026-08-05
1535,300051,琏升科技,7.99,0.38,1.22,-35.74,7.973821368671,0.1686328,59.65423421,994,3934,68.4,2026-08-05
1536,300052,中青宝,11.56,-2.2,4.29,-52.73,11.82506999191,0.3101044,57.04115964,-2815,4507,88.8,2026-08-05
1537,300053,航宇微,13.12,0.0,1.31,-122.16,13.156114954062,0.2538464,58.52539887,501,4193,74.0,2026-08-05
1538,300054,鼎龙股份,76.3,3.08,2.01,72.55,73.42124155707,0.3989488,80.01708548,73,53,87.6,2026-08-05
1539,300055,万邦达,5.98,-0.17,0.51,34.77,5.997135755233,0.215438,59.64809399,-1304,3936,68.4,2026-08-05
1540,300056,中创环保,8.68,0.23,1.06,-62.6,8.638949503179,0.3319196,59.45423235,-797,3982,70.0,2026-08-05
1541,300057,万顺新材,6.35,0.0,0.85,72.62,6.310578917657,0.2805568,60.80261589,-296,3614,69.6,2026-08-05
1542,300058,蓝色光标,15.52,-1.34,5.8,110.46,15.764521103634,0.414648,71.4315001,-797,823,95.6,2026-08-05
1543,300059,东方财富,20.07,-1.42,0.69,21.24,20.300151996278,0.5277732,76.75910378,793,213,94.8,2026-08-05
1544,300061,旗天科技,6.8,0.44,0.99,108.59,6.750504230251,0.1575508,58.68087299,-1333,4154,73.6,2026-08-05
1545,300062,中能电气,6.67,-2.2,2.84,374.67,6.769407566207,0.2131908,56.79753602,-183,4543,82.0,2026-08-05
1546,300063,天龙集团,9.74,0.62,6.84,106.81,9.632074779491,0.258924,71.56091104,-222,803,88.4,2026-08-05
1547,300065,海兰信,16.93,1.32,2.15,1817.84,16.641305638335,0.277534,66.60044571,711,1945,86.4,2026-08-05
1548,300066,三川智慧,5.45,1.11,1.22,94.53,5.421518672429,0.2556688,61.02921995,-14,3553,74.4,2026-08-05
1549,300067,安诺其,5.72,-0.52,1.93,163.96,5.716813507883,0.2365864,59.63099986,-2676,3941,85.2,2026-08-05
1550,300068,ST南都,4.37,0.69,1.93,-3.22,4.341715463602,0.3411772,50.41970321,15,5149,74.4,2026-08-05
1551,300069,金利华电,28.91,2.48,2.25,278.2,27.658369837866,0.2015152,56.89205461,86,4529,67.2,2026-08-05
1552,300070,碧水源,3.52,-0.85,0.24,52.72,3.571275331044,0.2852604,58.87194874,133,4121,76.8,2026-08-05
1553,300071,福石控股,4.58,-0.65,3.92,-1668.37,4.604141941383,0.2538784,62.66074558,-2718,3076,88.8,2026-08-05
1554,300072,海新能科,3.53,-0.84,0.22,-43.41,3.544910083945,0.25822,55.89498509,-177,4691,70.0,2026-08-05
1555,300073,当升科技,42.0,-1.41,0.79,20.64,42.424336919814,0.330734,69.58354417,71,1178,79.6,2026-08-05
1556,300074,华平股份,3.71,0.27,0.92,-160.25,3.689873212015,0.122588,53.7899277,-562,4956,68.0,2026-08-05
1557,300075,数字政通,11.45,-0.35,0.96,166.94,11.509072734874,0.2001172,55.69407088,-58,4723,79.2,2026-08-05
1558,300076,*ST宁视,4.24,0.47,0.49,-50.61,4.241627599335,0.2287328,50.7017644,-8,5143,64.4,2026-08-05
1559,300077,国民技术,18.86,2.06,3.99,-203.07,18.213896765182,0.311294,68.72805538,26,1390,84.4,2026-08-05
1560,300078,思创智联,3.06,0.0,0.71,-94.1,3.06432774327,0.2375148,58.77864311,739,4138,71.6,2026-08-05
1561,300079,数码视讯,4.65,0.22,0.71,161.11,4.655608397166,0.3123916,62.32529281,-1715,3184,78.8,2026-08-05
1562,300080,易成新能,3.73,-1.58,0.26,-14.41,3.796350081663,0.173808,50.16106462,-4,5154,68.8,2026-08-05
1563,300081,ST恒信,3.2,2.89,0.9,-11.33,3.127783746801,0.2947716,52.15491676,-963,5080,70.8,2026-08-05
1564,300082,奥克股份,7.87,0.13,0.25,647.61,7.833071866784,0.2002296,60.85891771,814,3600,66.8,2026-08-05
1565,300083,创世纪,13.4,3.32,3.12,77.3,12.432638348141,0.4855812,74.58251874,-33,383,82.0,2026-08-05
1566,300084,海默科技,12.19,7.5,2.02,-102.45,11.293429283772,0.3494896,62.70654517,1520,3068,67.2,2026-08-05
1567,300085,银之杰,31.78,-0.13,3.24,-260.0,31.859829426957,0.3724396,66.39037541,1600,2011,85.2,2026-08-05
1568,300086,康芝药业,6.53,-0.61,1.01,-63.23,6.556211139248,0.1751568,49.12661949,5,5179,72.8,2026-08-05
1569,300087,ST荃银,5.16,0.0,0.19,107.34,5.151274421392,0.337430392157,54.27639757,52,4900,69.2,2026-08-05
1570,300088,长信科技,7.4,-1.99,2.6,96.43,7.423683999043,0.397482,77.44344577,234,169,81.2,2026-08-05
1571,300091,*ST金灵,2.52,1.61,0.18,-2.08,2.492454195152,0.2146788,55.38628174,-900,4768,66.4,2026-08-05
1572,300092,科新机电,11.57,-0.17,0.41,31.0,11.548654941513,0.1454524,56.89269406,18,4528,67.2,2026-08-05
1573,300093,金刚光伏,23.01,-1.07,0.79,-48.79,23.409501884043,0.382049019608,65.02941613,901,2410,80.8,2026-08-05
1574,300094,国联水产,2.79,-0.36,0.64,181.99,2.795284340855,0.2138136,62.54876201,1505,3112,72.8,2026-08-05
1575,300095,华伍股份,8.53,0.59,0.49,49.75,8.475958641064,0.208462,59.88051781,800,3874,68.4,2026-08-05
1576,300096,ST易联众,8.71,1.16,0.18,-33.63,8.561052427273,0.3099692,68.4647097,1809,1446,66.8,2026-08-05
1577,300097,智云股份,9.16,4.33,1.59,-39.34,8.594233187601,0.2237684,56.92876913,-1356,4522,69.6,2026-08-05
1578,300098,高新兴,4.82,0.0,1.11,90.43,4.859545785252,0.2348336,56.09022794,-1980,4656,76.4,2026-08-05
1579,300099,尤洛卡,6.15,0.0,0.55,80.03,6.133288777589,0.3010864,60.8012945,-1407,3615,70.8,2026-08-05
1580,300100,双林股份,23.53,-0.55,0.37,40.32,23.620473899091,0.2439716,68.87091503,-50,1359,74.0,2026-08-05
1581,300101,振芯科技,15.1,-0.66,0.53,-525.63,15.230194723945,0.2362856,61.81462051,505,3333,75.2,2026-08-05
1582,300102,乾照光电,18.72,1.35,1.23,145.31,18.393126660631,0.2795844,67.92158753,-26,1571,75.6,2026-08-05
1583,300103,达刚控股,7.77,3.74,0.96,-343.78,7.354854485221,0.1855488,59.13486636,-340,4061,62.8,2026-08-05
1584,300105,龙源技术,7.89,-1.74,1.73,83.69,7.974150341093,0.2236856,53.2832547,-275,4999,76.0,2026-08-05
1585,300106,西部牧业,9.48,-0.42,2.27,101.02,9.429043745977,0.2069092,63.09536356,1179,2945,74.4,2026-08-05
1586,300107,建新股份,6.32,-0.47,0.5,135.25,6.340853653239,0.1477688,55.18801778,29,4794,72.8,2026-08-05
1587,300109,新开源,12.9,-1.3,0.33,28.73,13.02723529255,0.26359,61.77522142,-549,3346,68.0,2026-08-05
1588,300110,华仁药业,2.67,-1.11,0.46,49.45,2.708980819258,0.2049816,55.56740581,-895,4745,70.0,2026-08-05
1589,300111,向日葵,2.98,-0.33,0.69,-183.89,2.987061872088,0.1755616,52.57456133,-149,5058,70.4,2026-08-05
1590,300112,万讯自控,8.42,1.32,2.36,-826.77,8.312721192332,0.1954944,60.6413374,-2484,3653,79.6,2026-08-05
1591,300113,顺网科技,18.92,-0.53,1.6,39.62,19.093336525094,0.2784892,63.95796743,-2376,2708,83.2,2026-08-05
1592,300115,长盈精密,28.15,-1.57,0.88,76.5,28.341543890319,0.3539112,69.59245237,2040,1175,79.6,2026-08-05
1593,300118,东方日升,10.22,-0.49,0.99,-8.07,10.252578755365,0.2406204,56.16408448,-53,4636,76.8,2026-08-05
1594,300119,瑞普生物,18.53,2.32,1.06,19.98,18.176480286226,0.2407248,77.78428086,-41,149,74.8,2026-08-05
1595,300120,经纬辉开,6.77,0.74,1.04,312.27,6.689774349644,0.249406,56.97765732,-1089,4515,71.2,2026-08-05
1596,300121,阳谷华泰,9.68,-0.21,0.59,17.95,9.634465497876,0.2841556,66.82913023,1718,1870,70.0,2026-08-05
1597,300122,智飞生物,12.95,-1.52,0.61,-19.96,13.214115039959,0.2491052,56.40768226,-168,4600,85.6,2026-08-05
1598,300123,ST亚光,4.44,0.91,1.96,-38.4,4.576339909351,0.3073084,54.38365746,-1153,4884,73.2,2026-08-05
1599,300124,汇川技术,64.05,-0.53,0.32,42.78,64.130663419932,0.4147576,70.12529614,-567,1055,85.2,2026-08-05
1600,300125,*ST聆达,,,0.0,-182.42,8.820842557084,0.3037044,65.59286749,2155,2251,64.4,2026-08-05
1601,300126,锐奇股份,6.09,1.67,0.62,-25.11,6.018686749035,0.1227968,52.60602614,-201,5057,65.2,2026-08-05
1602,300127,银河磁体,27.32,10.56,4.01,41.03,24.763255740262,0.1958728,71.70249637,1782,772,72.4,2026-08-05
1603,300128,锦富技术,4.67,0.21,0.59,-27.73,4.638382742093,0.307276,63.97059031,1658,2704,68.8,2026-08-05
1604,300129,泰胜风能,8.22,1.48,1.65,167.39,8.082131343104,0.275988,64.41520566,-274,2578,73.2,2026-08-05
1605,300130,新国都,20.75,4.53,2.93,27.59,19.783384627761,0.3025732,67.94465332,1769,1568,76.4,2026-08-05
1606,300131,英唐智控,15.07,1.82,2.05,1049.62,14.672035973056,0.341712,58.8605847,-2067,4125,84.4,2026-08-05
1607,300132,青松股份,6.57,-0.9,0.86,38.7,6.597288280205,0.2785724,71.05232061,952,888,73.2,2026-08-05
1608,300133,华策影视,7.48,-1.71,1.68,43.14,7.606700196256,0.3439608,60.50819546,-2802,3694,83.2,2026-08-05
1609,300134,大富科技,8.51,2.28,0.71,-30.78,8.321459982874,0.1430852,60.49507068,578,3700,74.4,2026-08-05
1610,300135,宝利国际,3.3,0.3,0.35,86.3,3.29311715721,0.1990584,57.33960905,-1199,4449,70.4,2026-08-05
1611,300136,信维通信,65.46,2.36,2.82,150.96,62.551221076575,0.3915772,71.88271913,558,727,78.8,2026-08-05
1612,300137,先河环保,12.0,-1.07,1.74,1237.89,11.970044927116,0.4386684,57.76957395,-1597,4351,74.4,2026-08-05
1613,300138,晨光生物,11.59,-0.26,0.3,14.47,11.564539620987,0.2112372,64.79017417,-274,2472,73.6,2026-08-05
1614,300139,晓程科技,46.78,4.63,18.17,71.36,42.655796058877,0.3607676,77.90066655,1063,141,86.8,2026-08-05
1615,300140,节能环境,5.48,-0.9,0.09,13.24,5.550935903032,0.1848188,62.26161348,451,3202,70.4,2026-08-05
1616,300141,和顺电气,10.28,-1.72,1.73,-99.2,10.436308043734,0.1550308,57.20825744,-2578,4473,81.2,2026-08-05
1617,300142,沃森生物,12.19,-2.95,1.72,44.04,12.505497767871,0.3710624,66.98195543,1785,1821,82.8,2026-08-05
1618,300143,盈康生命,7.42,-1.2,0.3,70.07,7.502636986983,0.222186,64.08374673,-509,2676,70.0,2026-08-05
1619,300144,宋城演艺,6.16,-0.48,0.33,19.01,6.204894456582,0.2575976,64.50962155,13,2550,79.2,2026-08-05
1620,300145,南方泵业,4.4,-1.12,0.86,26.12,4.431451500257,0.3766628,69.8301018,-738,1115,74.0,2026-08-05
1621,300146,汤臣倍健,10.14,-1.55,0.45,10.68,10.247468415657,0.3207812,69.14457448,1306,1283,83.6,2026-08-05
1622,300147,*ST香雪,7.25,-0.14,0.65,-10.76,7.073477798013,0.2686628,62.54941084,1141,3111,73.2,2026-08-05
1623,300148,天舟文化,3.58,1.42,3.3,74.96,3.53330445872,0.2385964,57.2298533,-1606,4469,73.2,2026-08-05
1624,300149,睿智医药,9.81,1.13,6.62,-68.21,9.580465098353,0.2265984,66.94764709,-15,1833,82.4,2026-08-05
1625,300150,世纪瑞尔,4.15,1.22,0.45,-49.61,4.127100777426,0.0732288,60.51095834,-346,3693,63.6,2026-08-05
1626,300151,昌红科技,15.41,2.26,1.72,121.0,14.878483822227,0.2992724,64.82661843,502,2461,64.4,2026-08-05
1627,300152,*ST动力,1.55,0.65,0.82,-81.5,1.529579234274,0.3475208,59.93001302,797,3865,68.8,2026-08-05
1628,300153,科泰电源,21.56,-0.19,0.66,84.79,21.454461791871,0.1831604,67.4056364,-992,1698,73.2,2026-08-05
1629,300154,瑞凌股份,8.69,2.48,1.13,35.04,8.336363375087,0.1498284,62.49538831,-1726,3129,64.0,2026-08-05
1630,300155,安居宝,4.15,0.48,0.6,-68.35,4.147582538223,0.1599664,56.41109128,438,4599,66.0,2026-08-05
1631,300157,新锦动力,4.32,-1.37,2.27,-20.16,4.361503706291,0.23171,54.82274368,-858,4836,79.2,2026-08-05
1632,300158,振东制药,5.01,-0.4,0.33,-1188.3,5.019267855788,0.2489204,53.36782453,-21,4991,72.8,2026-08-05
1633,300159,新研股份,3.12,-0.95,1.02,50.5,3.153192711331,0.267519803922,58.95214633,-250,4097,82.4,2026-08-05
1634,300160,秀强股份,4.33,-0.23,0.18,22.35,4.34506871004,0.265166,63.8480135,1116,2744,68.8,2026-08-05
1635,300161,华中数控,25.95,-0.69,0.56,-16.3,26.192511545053,0.2137364,62.34754615,595,3175,74.8,2026-08-05
1636,300162,雷曼光电,7.75,0.13,1.59,-58.59,7.689079414853,0.2448084,64.03255289,90,2686,73.2,2026-08-05
1637,300163,先锋新材,6.21,-0.16,1.37,-69.26,6.203584299585,0.289396,56.38598459,-2468,4607,70.4,2026-08-05
1638,300164,通源石油,10.75,0.84,9.22,-122.59,10.673726609785,0.2655784,57.6655933,-1207,4366,87.6,2026-08-05
1639,300165,天瑞仪器,5.13,0.98,0.74,50.55,5.051965461524,0.205186,54.97783696,178,4816,65.2,2026-08-05
1640,300166,东方国信,14.41,0.07,1.91,-151.8,14.390878471803,0.2969012,61.11307746,-2729,3526,81.6,2026-08-05
1641,300167,ST迪威迅,4.23,-2.08,0.55,-19.98,4.310946417297,0.3068872,64.51042461,-107,2549,64.8,2026-08-05
1642,300168,万达信息,5.35,1.52,0.82,-48.59,5.311136127658,0.2482156,59.83146517,-1784,3891,80.4,2026-08-05
1643,300169,天晟新材,5.49,-0.9,1.12,-728.62,5.497980194805,0.1474092,55.97022087,-370,4678,79.6,2026-08-05
1644,300170,汉得信息,18.42,4.78,5.25,122.76,17.648956809604,0.3434404,80.01401779,11,54,87.6,2026-08-05
1645,300171,东富龙,12.53,0.08,0.62,87.19,12.603328679443,0.2011484,62.78729946,-2205,3047,76.4,2026-08-05
1646,300172,中电环保,4.49,-0.88,1.62,28.24,4.501905115183,0.3171764,60.07164445,990,3821,71.2,2026-08-05
1647,300173,ST福能,3.48,5.14,1.46,-25.02,3.27655156925,0.3248736,58.38537195,522,4224,68.0,2026-08-05
1648,300174,元力股份,19.05,0.32,1.26,41.65,18.805112155695,0.3150936,73.08069484,51,555,63.6,2026-08-05
1649,300175,朗源股份,6.0,1.69,0.66,-125.77,5.889802634352,0.214761176471,56.21029326,315,4628,66.0,2026-08-05
1650,300176,鸿特科技,5.2,0.19,0.44,67.89,5.192698310918,0.1806272,61.19582561,1036,3501,66.0,2026-08-05
1651,300177,中海达,6.43,0.94,0.68,-41.01,6.410581474107,0.1617084,55.74113302,-39,4711,74.4,2026-08-05
1652,300179,四方达,34.38,1.93,4.24,97.25,32.698468703865,0.2943028,69.92191611,1364,1093,77.2,2026-08-05
1653,300180,华峰超纤,4.6,2.22,1.18,-1048.59,4.506173012209,0.1975668,56.02314395,-20,4666,73.2,2026-08-05
1654,300181,佐力药业,13.87,-1.7,1.22,12.19,14.107124022161,0.2877028,70.08891618,-797,1059,80.4,2026-08-05
1655,300182,捷成股份,5.53,-1.43,3.13,32.62,5.570086193871,0.38453,62.2350983,-2982,3209,88.4,2026-08-05
1656,300183,东软载波,10.75,0.47,0.31,-55.04,10.678946587626,0.1942696,59.693394,721,3919,71.6,2026-08-05
1657,300184,力源信息,12.45,-1.03,2.09,26.04,12.431443874089,0.3110124,70.94212364,233,909,74.0,2026-08-05
1658,300185,通裕重工,2.81,-1.4,0.58,68.67,2.854902312809,0.3422264,60.30053421,-76,3753,73.2,2026-08-05
1659,300187,永清环保,4.71,-0.42,0.56,17.08,4.717974308662,0.2626548,65.43479685,1862,2295,63.6,2026-08-05
1660,300188,国投智能,11.73,-3.3,1.64,-16.59,12.019196260915,0.3054188,64.55235373,-1106,2536,86.0,2026-08-05
1661,300189,神农种业,4.65,-0.43,3.16,-183.2,4.643260276888,0.2986868,63.45455585,1921,2856,75.6,2026-08-05
1662,300190,维尔利,3.71,-1.07,0.21,139.63,3.698943547634,0.4125532,64.34750008,1618,2601,63.2,2026-08-05
1663,300191,潜能恒信,32.97,8.81,5.96,44.86,29.767051611387,0.2661604,62.9847706,428,2984,80.0,2026-08-05
1664,300192,科德教育,13.27,-1.48,0.99,62.42,13.435323582902,0.2844392,73.13260827,-475,548,80.8,2026-08-05
1665,300193,佳士科技,7.63,0.0,0.2,35.11,7.6204919421,0.201884,66.28699034,864,2048,66.0,2026-08-05
1666,300194,福安药业,3.7,-0.54,0.32,20.04,3.721637593898,0.2448768,61.49272572,-312,3410,70.8,2026-08-05
1667,300195,长荣股份,5.49,-0.72,2.42,-17.52,5.515567082519,0.19487,61.73097841,1794,3358,67.6,2026-08-05
1668,300196,长海股份,17.66,2.08,3.05,22.27,17.070031353289,0.2401336,68.06312004,-921,1541,69.6,2026-08-05
1669,300197,节能铁汉,1.86,-1.59,0.96,-11.36,1.887653076145,0.3150536,51.274825,11,5125,65.6,2026-08-05
1670,300198,*ST纳川,2.35,3.07,0.51,-16.72,2.272540484691,0.3217008,62.54742753,796,3113,66.0,2026-08-05
1671,300199,翰宇药业,22.66,1.43,2.36,39.15,22.092198771987,0.4104076,71.68858651,179,777,81.6,2026-08-05
1672,300200,高盟新材,8.61,-0.35,0.53,37.65,8.578289401252,0.2265992,69.81027287,1578,1122,70.8,2026-08-05
1673,300201,海伦哲,15.5,0.78,0.82,90.93,15.377834876581,0.4708744,72.25563454,-555,667,69.2,2026-08-05
1674,300203,聚光科技,12.86,0.86,0.56,-19.85,12.601872764358,0.3192932,60.29089858,-18,3758,67.6,2026-08-05
1675,300204,舒泰神,22.8,-0.65,2.19,-365.96,22.727993572209,0.3058832,57.41660653,658,4429,81.6,2026-08-05
1676,300205,*ST天喻,5.16,0.19,0.05,-13.02,5.104295936282,0.3407616,56.90069848,364,4527,66.8,2026-08-05
1677,300206,理邦仪器,12.19,0.41,0.34,16.82,12.067694811533,0.1976248,70.79632576,956,929,68.4,2026-08-05
1678,300207,欣旺达,18.73,-1.06,1.03,75.87,18.838325504877,0.3378688,69.26365266,1837,1253,87.2,2026-08-05
1679,300209,行云科技,36.88,-0.24,8.31,1425.18,36.013293936645,0.5429832,63.21333738,-2841,2908,90.8,2026-08-05
1680,300210,森远股份,9.06,-0.66,0.55,-93.63,9.064903774307,0.2501436,52.16949214,-56,5078,67.2,2026-08-05
1681,300211,*ST亿通,7.57,1.34,0.53,-48.52,7.281439986127,0.2446508,60.21486604,-252,3779,65.6,2026-08-05
1682,300212,*ST易录,8.2,0.61,0.72,-30.7,8.108755714945,0.28647,52.97844627,-40,5027,71.6,2026-08-05
1683,300213,佳讯飞鸿,6.4,1.43,0.74,1216.72,6.332049821751,0.157602,54.20127248,-115,4912,71.2,2026-08-05
1684,300214,日科化学,13.03,-1.51,3.64,728.9,13.162705218364,0.289970333333,69.39964518,-437,1225,75.6,2026-08-05
1685,300215,电科院,6.37,-0.31,0.52,586.9,6.368863058447,0.210378,58.30634529,-107,4244,67.6,2026-08-05
1686,300217,东方电热,4.75,1.5,0.95,61.41,4.649899230279,0.380744,68.58866682,-537,1421,77.2,2026-08-05
1687,300218,安利股份,12.06,0.33,0.32,116.75,12.031256475619,0.18869,64.52063182,775,2545,64.4,2026-08-05
1688,300219,鸿利智汇,6.89,0.0,0.52,120.85,6.833605908367,0.2627844,72.96522826,1295,573,68.0,2026-08-05
1689,300220,金运激光,10.49,0.58,0.55,-148.83,10.436971548456,0.0387596,53.62655223,-746,4967,67.6,2026-08-05
1690,300221,银禧科技,12.42,0.65,1.15,38.29,12.339468837272,0.2819672,66.13399756,-1580,2090,74.8,2026-08-05
1691,300222,科大智能,10.66,-0.65,0.97,44.44,10.657092934653,0.266742,64.75762932,-1349,2487,77.2,2026-08-05
1692,300223,北京君正,134.31,-1.26,3.44,50.91,133.836111095943,0.428584,75.89506629,122,265,86.4,2026-08-05
1693,300224,正海磁材,11.81,2.96,1.53,58.4,11.537474699297,0.253816,69.2953442,1075,1247,76.4,2026-08-05
1694,300225,金力泰,7.07,3.51,1.6,58.42,6.82252731632,0.265255686275,56.72892297,-1280,4553,68.4,2026-08-05
1695,300226,上海钢联,17.23,0.06,0.85,31.07,17.187523923881,0.3008012,68.78604981,1559,1378,76.0,2026-08-05
1696,300227,光韵达,10.58,1.24,1.03,-54.96,10.372753030582,0.3173892,62.63563538,-1833,3085,73.6,2026-08-05
1697,300228,富瑞特装,7.47,0.13,0.75,19.58,7.459747679889,0.2097832,64.46681534,-399,2562,73.6,2026-08-05
1698,300229,拓尔思,15.96,-1.18,2.31,-45.03,16.134740115858,0.2832676,61.1644722,-1778,3511,90.0,2026-08-05
1699,300230,永利股份,4.21,-0.47,0.38,20.9,4.225001227682,0.2539116,63.07452664,-246,2953,65.2,2026-08-05
1700,300231,银信科技,8.85,-0.34,1.63,76.94,8.87307294704,0.2431752,69.58232465,1004,1179,81.6,2026-08-05
1701,300232,洲明科技,5.38,-0.37,0.45,-17.68,5.401605161571,0.2490716,56.5053993,-1641,4590,70.8,2026-08-05
1702,300233,金城医药,13.17,0.3,0.81,21.87,13.162317358195,0.2063532,57.61415794,-555,4387,75.6,2026-08-05
1703,300234,开尔新材,9.62,2.45,0.81,311.36,9.254967377582,0.2508536,56.29743439,-351,4615,65.6,2026-08-05
1704,300235,方直科技,11.62,-1.78,1.06,352.09,11.578830937279,0.2785068,60.21162712,248,3780,70.4,2026-08-05
1705,300236,上海新阳,90.35,0.38,1.03,68.27,88.848544666525,0.3824008,78.41925419,20,112,80.8,2026-08-05
1706,300237,ST美晨,1.98,-0.5,0.29,-71.37,1.979887906653,0.3548908,53.64467907,54,4965,66.8,2026-08-05
1707,300238,冠昊生物,11.25,-0.88,0.38,73.38,11.309552336347,0.1907484,57.51630073,-850,4406,71.2,2026-08-05
1708,300239,东宝生物,4.84,-0.62,0.26,36.47,4.885858798126,0.1523524,59.16663352,-264,4047,66.4,2026-08-05
1709,300240,飞力达,5.57,0.0,0.35,-74.46,5.567575111087,0.1443092,54.7693717,-42,4842,66.4,2026-08-05
1710,300241,瑞丰光电,5.55,-0.18,0.95,34.2,5.491574834213,0.2682092,68.77329034,5,1381,64.4,2026-08-05
1711,300242,佳云科技,4.61,1.99,2.03,-122.08,4.505880118588,0.239712181818,59.17094981,-1218,4046,78.4,2026-08-05
1712,300243,瑞丰高材,14.21,1.5,2.13,33.7,13.854277099571,0.2561564,69.98002843,959,1081,68.0,2026-08-05
1713,300244,迪安诊断,19.82,0.35,2.71,48.11,19.782313375175,0.3033132,66.84906281,-1408,1863,86.0,2026-08-05
1714,300245,ST天玑,5.78,-0.34,0.74,-24.76,5.743487454358,0.2461044,63.1680269,1805,2920,70.0,2026-08-05
1715,300246,宝莱特,,,0.0,-174.08,19.196118456714,0.18138,62.77699489,-275,3052,73.6,2026-08-05
1716,300247,融捷健康,3.8,-1.81,0.47,32.18,3.856936266903,0.2332848,64.48592291,-32,2558,65.6,2026-08-05
1717,300248,新开普,10.09,0.2,7.67,-22.53,9.686641024914,0.4076512,73.36256827,1056,520,74.4,2026-08-05
1718,300249,依米康,12.91,0.08,0.93,157.66,12.826627625632,0.2309348,64.49868505,-1325,2554,76.0,2026-08-05
1719,300250,初灵信息,16.16,-0.55,4.97,-359.43,16.342592458429,0.2075712,71.05393659,2008,887,81.2,2026-08-05
1720,300251,光线传媒,12.07,-1.39,0.77,380.32,12.224244731274,0.3000556,61.2829809,-1942,3478,87.2,2026-08-05
1721,300252,金信诺,11.78,1.03,1.47,95.37,11.558893941294,0.25614,67.68364355,-495,1627,72.4,2026-08-05
1722,300253,卫宁健康,7.8,0.0,1.52,305.93,7.85726759069,0.3047036,61.27245486,-1554,3480,86.4,2026-08-05
1723,300254,仟源医药,8.33,0.85,1.03,160.26,8.26959337551,0.1508228,57.58845655,-6,4392,66.8,2026-08-05
1724,300255,常山药业,26.33,-0.94,2.31,1030.44,26.439308332513,0.31923,60.44744303,492,3713,84.4,2026-08-05
1725,300256,星星科技,2.73,0.0,0.37,-83.64,2.737982229186,0.2379488,65.74855663,847,2203,73.6,2026-08-05
1726,300257,开山股份,19.04,-1.6,0.31,59.38,19.01833711315,0.2022648,67.56923786,1931,1658,62.4,2026-08-05
1727,300258,精锻科技,10.32,-0.86,0.4,513.62,10.343874317451,0.3003828,62.96319016,1464,2992,67.2,2026-08-05
1728,300259,新天科技,4.13,0.24,0.98,61.38,4.072327423365,0.2842904,60.4823968,455,3704,62.0,2026-08-05
1729,300260,新莱应材,53.87,2.61,3.21,103.92,50.992559237515,0.3162148,69.25991788,892,1256,79.2,2026-08-05
1730,300261,雅本化学,5.14,-1.53,0.76,-21.5,5.198782018781,0.2523612,58.72914148,701,4149,77.6,2026-08-05
1731,300263,隆华科技,9.54,1.38,2.7,38.27,9.2691431055,0.3452396,75.0704901,-24,335,77.2,2026-08-05
1732,300264,佳创视讯,6.76,-0.29,1.02,-183.1,6.758039412819,0.2885008,59.68813575,1148,3921,72.8,2026-08-05
1733,300265,通光线缆,14.74,0.14,1.96,429.4,14.602239690308,0.269036,61.7223284,-2044,3360,74.4,2026-08-05
1734,300266,兴源环境,1.86,0.0,0.29,-22.68,1.857082619297,0.2315016,48.25427293,7,5186,64.8,2026-08-05
1735,300267,尔康制药,3.13,-0.32,0.49,123.12,3.142391005006,0.2790844,52.27731956,-61,5074,69.2,2026-08-05
1736,300268,佳沃食品,10.95,-0.36,0.29,-60.84,11.121825982092,0.1922392,53.73645402,-333,4958,64.0,2026-08-05
1737,300269,联建光电,4.78,0.84,0.96,-37.92,4.734397389244,0.1691496,53.20352987,-26,5006,70.0,2026-08-05
1738,300270,中威电子,13.91,4.98,5.86,519.23,12.871480769737,0.33486,64.28737847,-670,2618,82.0,2026-08-05
1739,300271,华宇软件,5.88,1.2,0.99,-21.22,5.795760754338,0.2432716,64.32509724,664,2608,81.2,2026-08-05
1740,300272,开能健康,5.61,0.18,0.36,160.5,5.60126924019,0.215706,61.82242849,952,3331,65.6,2026-08-05
1741,300274,阳光电源,107.4,-0.79,0.76,24.29,107.092007822404,0.4727988,79.41935793,40,71,86.4,2026-08-05
1742,300275,梅安森,8.69,1.05,0.66,60.29,8.609289005465,0.1535844,59.48160311,-163,3979,64.8,2026-08-05
1743,300276,三丰智能,7.03,-0.99,1.34,-199.97,7.081671847558,0.2494724,62.54583133,1543,3114,73.2,2026-08-05
1744,300277,汽轮科技,12.49,-0.08,0.44,55.79,12.453070544883,0.3065436,69.72286653,65,1138,68.8,2026-08-05
1745,300278,华昌达,3.91,0.0,0.36,868.85,3.92954249948,0.1943276,53.59122497,-13,4972,69.6,2026-08-05
1746,300279,和晶科技,5.59,-0.53,0.65,66.45,5.60958031297,0.2581368,64.26556181,1139,2628,67.2,2026-08-05
1747,300281,金明精机,5.95,1.54,0.48,127.54,5.883311756983,0.0834912,56.21322064,-114,4626,63.6,2026-08-05
1748,300283,温州宏丰,14.65,1.45,3.3,32.33,14.106467373953,0.2793928,68.93478836,1261,1345,71.6,2026-08-05
1749,300284,苏交科,5.5,-0.36,0.36,43.62,5.547293369481,0.162252,54.14328493,-144,4917,73.6,2026-08-05
1750,300285,国瓷材料,67.93,0.98,9.2,93.35,64.332006047386,0.4786348,80.9694388,239,30,91.2,2026-08-05
1751,300286,安科瑞,21.11,-1.03,0.78,26.33,21.350650772339,0.287428,63.53843973,-2046,2831,66.0,2026-08-05
1752,300287,飞利信,3.98,0.25,0.93,-49.94,3.972397360283,0.241604,54.66124284,-2271,4851,87.2,2026-08-05
1753,300288,朗玛信息,10.12,1.2,1.01,-205.18,10.081086103915,0.1237008,57.28755175,223,4459,74.0,2026-08-05
1754,300289,利德曼,5.75,0.0,0.17,-196.86,5.739242765296,0.3049164,59.47316289,66,3981,67.6,2026-08-05
1755,300290,ST荣科,6.59,5.1,4.22,-58.86,6.496683683639,0.233174117647,58.15591389,-453,4276,76.0,2026-08-05
1756,300291,百纳千成,5.41,-1.1,1.39,95.19,5.477324226365,0.2525192,58.39298208,-2943,4220,76.4,2026-08-05
1757,300292,吴通控股,4.29,0.0,1.15,34.83,4.278383709367,0.3112988,67.67656014,-449,1630,69.6,2026-08-05
1758,300293,蓝英装备,16.2,-0.06,0.89,-1289.56,16.064802607547,0.1901704,63.89933776,65,2723,79.6,2026-08-05
1759,300294,博雅生物,15.63,-1.2,0.22,65.2,15.700004750955,0.2133612,56.88647415,297,4531,68.8,2026-08-05
1760,300295,*ST三六,12.6,5.18,1.2,892.62,12.011707845687,0.2432832,60.42197155,-576,3722,66.8,2026-08-05
1761,300296,利亚德,5.51,-0.36,0.55,219.58,5.507369490023,0.3669916,67.37925373,15,1703,74.4,2026-08-05
1762,300298,三诺生物,16.41,-0.67,0.5,20.64,16.355430002507,0.1710856,74.37318563,1206,409,75.6,2026-08-05
1763,300299,富春股份,5.55,0.54,1.93,57.42,5.529819883713,0.251504,56.39384466,-343,4602,79.6,2026-08-05
1764,300300,海峡创新,7.98,-1.12,2.41,-118.19,8.047958746674,0.2314724,61.8079722,-2716,3337,76.4,2026-08-05
1765,300301,ST长方,3.32,-0.9,0.38,-33.39,3.363810946046,0.2861572,53.55331168,-1051,4977,64.0,2026-08-05
1766,300302,同有科技,29.95,0.5,2.73,41.16,29.344697368731,0.3086972,68.90426994,419,1351,72.8,2026-08-05
1767,300303,聚飞光电,7.24,-1.09,1.1,50.18,7.280323870971,0.3273812,64.88984193,-1586,2445,73.2,2026-08-05
1768,300304,云意电气,11.41,0.26,0.73,35.61,11.217560763659,0.3676556,72.87056233,85,589,69.6,2026-08-05
1769,300305,裕兴股份,6.09,-2.56,3.23,-11.76,6.197520109777,0.2647832,64.70258631,-38,2503,77.6,2026-08-05
1770,300306,远方信息,9.7,1.04,0.62,63.1,9.609546807413,0.0821268,63.46598938,1038,2853,66.4,2026-08-05
1771,300307,慈星股份,6.9,-1.29,1.06,15.22,7.060865250448,0.2456084,59.16376493,-596,4048,72.0,2026-08-05
1772,300308,中际旭创,926.24,-2.27,1.41,47.23,933.45789591016,0.6861388,78.0380671,-121,125,95.2,2026-08-05
1773,300310,宜通世纪,4.52,0.67,1.94,-197.2,4.484429100861,0.2892012,58.66691746,-307,4158,72.4,2026-08-05
1774,300311,任子行,6.44,7.87,16.34,-42.77,5.952312536102,0.308387696078,60.64577186,-2274,3650,77.2,2026-08-05
1775,300313,天山生物,8.29,0.24,0.49,119.41,8.188675590157,0.195706666667,64.5608325,56,2534,70.8,2026-08-05
1776,300314,戴维医疗,9.97,-0.2,0.37,72.61,9.96878684042,0.0941356,59.75205911,-347,3904,68.8,2026-08-05
1777,300315,掌趣科技,4.41,-0.68,1.09,55.19,4.480908217811,0.259204,53.00921888,-736,5023,83.2,2026-08-05
1778,300316,晶盛机电,41.2,-0.41,0.37,131.53,40.798625943704,0.3184892,69.62521769,141,1166,80.4,2026-08-05
1779,300317,珈伟新能,4.55,-2.78,3.73,366.97,4.632182873502,0.2400468,49.32703706,-459,5176,79.6,2026-08-05
1780,300318,博晖创新,4.79,-0.83,0.17,-134.28,4.837071362786,0.1444636,54.67700865,155,4849,69.6,2026-08-05
1781,300319,麦捷科技,16.4,1.99,4.26,77.19,15.74293663217,0.33391,66.32980606,-1067,2029,79.2,2026-08-05
1782,300320,海达股份,8.44,0.84,0.42,20.3,8.360010976061,0.3378576,66.91721137,1314,1844,66.4,2026-08-05
1783,300321,同大股份,32.54,2.23,1.33,1526.29,31.072671962852,0.211662,62.15783512,711,3231,60.4,2026-08-05
1784,300322,硕贝德,18.48,3.65,3.42,203.81,17.619769058432,0.2304256,68.48812394,469,1438,72.8,2026-08-05
1785,300323,华灿光电,11.69,0.34,1.79,93.61,11.478753442465,0.3223944,64.44263346,560,2571,72.4,2026-08-05
1786,300324,旋极信息,3.86,0.78,0.7,-54.71,3.850056912565,0.1920516,53.90973297,-752,4942,74.8,2026-08-05
1787,300326,ST凯利,5.99,1.53,0.4,16.25,5.834654995261,0.3290268,65.64509268,307,2235,66.4,2026-08-05
1788,300327,中颖电子,22.81,0.13,1.02,95.03,22.597690989098,0.2752896,67.19434487,1723,1755,74.0,2026-08-05
1789,300328,宜安科技,14.56,0.69,1.66,-131.04,14.334590006693,0.3503516,61.09741119,-618,3534,78.0,2026-08-05
1790,300329,海伦钢琴,11.78,1.2,0.4,-36.12,11.55164527956,0.2287748,56.74762218,611,4551,64.4,2026-08-05
1791,300331,苏大维格,43.86,3.32,2.3,94.82,41.801806312622,0.3509084,68.24766563,1686,1498,74.4,2026-08-05
1792,300332,天壕能源,4.77,-0.21,0.49,37.9,4.774077308815,0.20656440678,51.9786413,-91,5091,71.6,2026-08-05
1793,300333,兆日科技,,,0.0,-167.72,8.236888605562,0.1376124,61.51629748,191,3406,82.4,2026-08-05
1794,300334,津膜科技,8.25,0.73,0.61,276.32,8.14388746771,0.0922156,57.42123905,9,4428,64.8,2026-08-05
1795,300335,迪森股份,5.34,-1.48,1.28,39.63,5.399571495318,0.2671608,57.98011511,789,4307,70.4,2026-08-05
1796,300337,银邦股份,10.09,1.1,0.91,37.93,9.941728378873,0.2017412,59.03718762,-916,4083,72.0,2026-08-05
1797,300338,*ST开元,2.99,-0.33,0.4,-13.16,2.98831181426,0.2627936,64.77221496,303,2482,65.6,2026-08-05
1798,300339,润和软件,39.6,-0.75,1.24,102.06,39.917921368526,0.3164696,71.95184099,1128,716,81.6,2026-08-05
1799,300340,科恒股份,8.5,0.0,0.42,-27.31,8.510701556447,0.0813432,49.83484189,10,5162,71.6,2026-08-05
1800,300341,麦克奥迪,13.47,-0.88,0.26,41.13,13.58997440094,0.18778,65.75925091,997,2196,70.4,2026-08-05
1801,300342,天银机电,35.8,0.99,1.55,369.79,35.355012746957,0.2761324,65.29287876,1166,2335,74.8,2026-08-05
1802,300343,联创股份,5.98,0.67,0.59,196.3,5.911550123937,0.339284901961,56.08578224,56,4657,73.6,2026-08-05
1803,300345,华民股份,5.72,0.0,0.69,-13.72,5.734221281155,0.1901768,52.16304629,-250,5079,68.4,2026-08-05
1804,300346,南大光电,54.58,2.69,3.72,75.93,52.192950308707,0.3827224,73.42801364,467,511,81.6,2026-08-05
1805,300347,泰格医药,50.05,-1.42,1.17,219.68,51.057772561192,0.3446072,69.66065834,-814,1158,90.8,2026-08-05
1806,300348,长亮科技,10.02,2.35,1.6,-53.01,9.806807384056,0.2222652,62.14001465,1326,3236,79.2,2026-08-05
1807,300349,金卡智能,10.63,-0.84,1.53,37.31,10.875813551003,0.2407164,68.54366594,-294,1428,68.4,2026-08-05
1808,300350,华鹏飞,4.32,0.0,0.59,-88.61,4.28791477005,0.220758,50.59520773,-15,5147,67.6,2026-08-05
1809,300351,永贵电器,14.11,-0.49,0.92,-63.1,14.122488337654,0.2779776,69.86417051,1220,1100,72.4,2026-08-05
1810,300352,ST信源,2.54,2.01,0.83,-18.46,2.519788946693,0.261648,54.60229998,-512,4862,72.0,2026-08-05
1811,300353,东土科技,19.77,-0.35,0.8,-76.82,19.894680734485,0.3047732,60.28675597,-1912,3759,79.6,2026-08-05
1812,300354,东华测试,30.71,2.47,1.77,38.97,29.917709583922,0.2166696,68.48751789,515,1439,67.6,2026-08-05
1813,300355,蒙草生态,2.94,-0.68,0.4,-94.34,2.955864130542,0.263202,59.98279069,-155,3853,71.6,2026-08-05
1814,300357,我武生物,23.68,-1.74,0.81,26.0,24.066262594306,0.2460496,68.36936706,-1194,1478,80.0,2026-08-05
1815,300358,楚天科技,8.98,0.0,1.64,23.68,9.049078639219,0.2989916,68.70927372,-1080,1395,80.0,2026-08-05
1816,300359,全通教育,4.34,-3.56,3.63,-33.81,4.513352299171,0.2352116,64.24756697,-2151,2632,82.8,2026-08-05
1817,300360,炬华科技,12.4,-1.51,0.39,16.73,12.59178869823,0.272066,67.54514363,998,1663,70.8,2026-08-05
1818,300363,博腾股份,17.43,-0.97,1.59,84.98,17.55900112354,0.2549032,65.34346737,-2128,2319,88.0,2026-08-05
1819,300364,中文在线,25.87,-2.23,4.42,-102.81,26.140144318441,0.3791704,76.84706536,-50,205,95.6,2026-08-05
1820,300365,恒华科技,4.83,-0.62,0.76,-55.64,4.862590282596,0.240428,57.56819355,-65,4399,68.8,2026-08-05
1821,300366,ST创意,4.88,2.74,0.91,-13.91,4.785416719252,0.3413832,60.43713364,-368,3717,72.0,2026-08-05
1822,300368,汇金股份,9.53,0.74,3.7,-135.68,9.429103397542,0.2203284,52.62375043,-787,5053,84.4,2026-08-05
1823,300369,绿盟科技,7.8,0.91,4.59,-16.1,7.768736443255,0.2998428,71.3317022,-456,841,85.6,2026-08-05
1824,300370,安控科技,2.15,0.47,0.41,-32.38,2.145060378513,0.2705648,58.6709497,732,4155,70.0,2026-08-05
1825,300371,汇中股份,10.0,0.1,0.78,68.97,9.991408816207,0.0435904,60.92072139,-263,3586,64.8,2026-08-05
1826,300373,扬杰科技,93.3,2.52,1.19,32.93,90.39762873208,0.3894008,75.28316228,234,315,81.6,2026-08-05
1827,300374,中铁装配,10.96,-0.27,0.3,-20.17,10.990099088026,0.1438968,59.12102668,407,4063,70.0,2026-08-05
1828,300375,鹏翎股份,3.98,0.25,0.34,200.86,3.981931613174,0.2619056,57.318041,563,4451,66.0,2026-08-05
1829,300376,易事特,4.86,-1.02,0.27,189.85,4.90931358207,0.2308604,57.50646519,-1218,4410,78.4,2026-08-05
1830,300377,赢时胜,14.77,1.3,1.95,-31.62,14.640037256282,0.289598,62.22836565,74,3212,82.4,2026-08-05
1831,300378,鼎捷数智,37.54,2.6,2.95,-317.18,36.446406522751,0.2977384,77.5927451,-16,160,86.8,2026-08-05
1832,300380,安硕信息,31.36,1.49,1.23,121.4,30.943939664036,0.2096492,61.18140601,-259,3506,74.0,2026-08-05
1833,300381,溢多利,5.89,-0.34,0.52,42.89,5.904457542654,0.1457516,59.37621789,606,4004,65.6,2026-08-05
1834,300382,斯莱克,13.98,1.67,0.86,-103.75,13.646677712531,0.34758,64.10948475,94,2669,66.8,2026-08-05
1835,300383,光环新网,13.89,-0.86,1.35,277.86,14.027399156041,0.3335792,62.78830627,-1925,3046,91.2,2026-08-05
1836,300384,三联虹普,12.42,0.08,0.53,21.85,12.41034871229,0.1866924,63.2025112,549,2912,70.0,2026-08-05
1837,300385,ST雪浪,11.29,-0.09,0.42,-25.42,11.451104251317,0.3021456,58.43769508,696,4212,61.2,2026-08-05
1838,300386,飞天诚信,12.56,19.96,6.77,-47.05,10.492597259063,0.1334308,57.45127221,485,4420,74.8,2026-08-05
1839,300387,富邦科技,7.15,-0.14,0.56,19.43,7.124226595745,0.1400536,65.74427269,1407,2205,66.4,2026-08-05
1840,300388,节能国祯,6.8,-0.29,0.18,12.86,6.812395580558,0.1198892,59.33650255,-120,4013,66.0,2026-08-05
1841,300389,艾比森,12.63,0.64,0.69,29.67,12.528871061883,0.149232,70.31223071,1139,1006,66.8,2026-08-05
1842,300390,天华新能,59.38,-0.95,1.38,12.73,58.831811189811,0.3568316,73.96466344,1147,447,80.0,2026-08-05
1843,300393,中来股份,6.24,-1.58,0.56,-6.77,6.295211802123,0.2813448,59.77686376,1172,3903,71.2,2026-08-05
1844,300394,天孚通信,212.36,-2.07,2.02,117.65,206.731103025209,0.5434032,84.19847308,-3,5,95.2,2026-08-05
1845,300395,菲利华,81.1,1.45,1.25,74.17,78.365557412923,0.323328,70.2672224,428,1018,77.6,2026-08-05
1846,300396,ST迪瑞,6.97,0.29,0.55,125.1,6.989478281185,0.2329996,57.51020547,307,4409,66.4,2026-08-05
1847,300397,天和防务,11.02,1.75,1.34,134.17,10.804737430871,0.249196,62.33763275,-1630,3177,76.0,2026-08-05
1848,300398,飞凯材料,35.15,2.3,2.57,38.18,33.754631185229,0.3053884,71.69183972,267,776,78.8,2026-08-05
1849,300399,天利科技,18.17,2.71,1.28,480.34,17.76628708106,0.1315968,58.15996474,35,4274,70.0,2026-08-05
1850,300400,劲拓股份,25.53,7.22,2.93,60.67,23.62863577145,0.2910264,72.94269325,1386,576,72.8,2026-08-05
1851,300401,花园生物,13.77,2.15,1.67,37.31,13.29840682814,0.3324848,72.30372661,71,658,70.0,2026-08-05
1852,300402,宝色股份,14.65,0.0,0.3,56.17,14.600145935706,0.193762,62.61855503,996,3091,70.0,2026-08-05
1853,300403,汉宇集团,9.74,0.31,0.91,44.13,9.672089036786,0.2563964,69.78046082,450,1128,73.2,2026-08-05
1854,300404,博济医药,9.84,-0.71,2.3,57.65,9.947826127476,0.177182,62.529695,-2588,3116,81.2,2026-08-05
1855,300405,科隆股份,5.43,1.12,1.35,315.71,5.398105737491,0.0908188,54.30707485,-2144,4894,67.2,2026-08-05
1856,300406,九强生物,11.55,-0.94,0.23,16.03,11.660584568255,0.159462,62.41129652,201,3154,72.4,2026-08-05
1857,300407,凯发电气,12.78,0.47,1.98,130.23,12.556461737017,0.199922,69.8169085,833,1119,74.8,2026-08-05
1858,300408,三环集团,126.2,-1.55,1.42,79.3,127.820876133869,0.5406552,83.3588154,-2,10,94.0,2026-08-05
1859,300409,道氏技术,18.36,-1.34,0.74,24.75,18.552634252096,0.2433972,68.2790656,1386,1493,76.4,2026-08-05
1860,300410,正业科技,7.58,1.61,1.94,54.35,7.377616437691,0.2063548,69.72110061,1297,1139,66.8,2026-08-05
1861,300411,金盾股份,7.42,0.13,0.65,252.72,7.416866431567,0.160211454545,54.09181963,-883,4924,73.6,2026-08-05
1862,300412,迦南科技,4.29,0.94,0.9,-57.88,4.236657689823,0.1249476,58.10353644,-478,4289,69.2,2026-08-05
1863,300413,芒果超媒,16.3,-1.03,0.67,38.24,16.538050880616,0.2821368,65.92308984,-1836,2146,84.4,2026-08-05
1864,300414,中光防雷,11.45,0.44,1.1,114.04,11.35343059941,0.1826688,58.98200534,-1959,4090,77.2,2026-08-05
1865,300415,伊之密,21.87,2.82,1.97,18.95,21.005206347119,0.2845112,74.18948002,309,426,69.6,2026-08-05
1866,300416,苏试试验,15.3,1.46,1.11,30.05,15.016607716198,0.356926,74.09660159,-64,434,71.6,2026-08-05
1867,300417,南华仪器,10.62,0.57,1.01,-120.92,10.637223795266,0.0789996,62.12116647,217,3247,66.4,2026-08-05
1868,300418,昆仑万维,44.44,0.07,2.08,-16.1,44.328019836943,0.3994236,74.52296887,-61,390,95.6,2026-08-05
1869,300419,ST浩丰,9.19,3.61,1.51,-93.4,8.721266482341,0.3806188,66.19381097,1814,2075,72.0,2026-08-05
1870,300420,五洋自控,8.08,2.41,6.67,555.64,7.446944478811,0.43484,64.90889896,-443,2439,74.0,2026-08-05
1871,300421,力星股份,17.52,-0.28,0.57,182.55,17.430798901085,0.2130332,65.90745172,1949,2151,68.0,2026-08-05
1872,300422,博世科,4.46,0.68,0.52,12.87,4.433623164892,0.1072516,56.63968562,216,4562,63.6,2026-08-05
1873,300423,昇辉科技,5.83,-0.34,0.7,-30.67,5.821683655648,0.2085756,52.78477462,137,5048,66.4,2026-08-05
1874,300424,航新科技,14.37,1.48,1.03,33.8,14.139399579325,0.19582,57.63818036,-997,4376,68.4,2026-08-05
1875,300425,中建环能,3.96,0.25,0.71,5417.08,3.950813615426,0.2044028,57.7421695,142,4355,66.0,2026-08-05
1876,300426,华智数媒,5.99,0.67,0.83,-40.22,5.980092478112,0.1478476,55.68846304,-177,4724,72.8,2026-08-05
1877,300427,红相股份,6.92,-1.28,2.0,247.52,6.997357153804,0.127478,52.9222238,-80,5036,78.4,2026-08-05
1878,300428,立中集团,19.09,-0.42,0.26,16.47,19.208402095728,0.210286,68.02952488,-9,1548,73.6,2026-08-05
1879,300429,强力新材,10.38,0.48,1.82,-50.02,10.137195178819,0.2570296,64.37659945,1469,2592,77.2,2026-08-05
1880,300430,*ST益通,4.73,-1.46,0.94,-5.46,4.714095791081,0.2121056,56.75878296,642,4549,66.0,2026-08-05
1881,300432,富临精工,16.1,-0.92,0.52,33.93,16.166894323802,0.279538,67.37167814,-1261,1709,76.4,2026-08-05
1882,300433,蓝思科技,34.89,-0.57,0.66,-307.78,34.400155957022,0.4669232,76.08469265,322,253,80.8,2026-08-05
1883,300434,金石亚药,10.5,-1.04,1.24,9.09,10.533672990516,0.2594824,68.28270567,1543,1492,71.2,2026-08-05
1884,300435,中泰股份,17.57,2.27,1.63,39.82,16.979803507745,0.23318,70.2928213,480,1012,74.0,2026-08-05
1885,300436,广生堂,92.73,-0.34,1.21,-142.42,92.177584634807,0.3592876,63.09435029,182,2946,74.0,2026-08-05
1886,300437,清水源,11.04,-0.36,0.97,-654.57,11.013303486834,0.1410564,61.84023952,1512,3327,68.0,2026-08-05
1887,300438,鹏辉能源,63.22,-0.92,1.34,24.59,62.481765025035,0.3143204,68.69338516,1606,1399,80.8,2026-08-05
1888,300439,美康生物,8.72,0.23,0.24,24.81,8.728204828242,0.0932168,58.76641185,-1327,4141,67.6,2026-08-05
1889,300440,运达科技,19.19,2.51,1.12,-135.75,18.207572617339,0.377468,68.05134927,-652,1545,70.0,2026-08-05
1890,300441,鲍斯股份,6.84,-0.87,0.21,54.7,6.911700744426,0.2560648,64.21582862,308,2640,69.2,2026-08-05
1891,300442,润泽科技,70.1,0.26,0.79,49.4,70.318575338495,0.3849112,71.87767469,-598,728,90.8,2026-08-05
1892,300443,金雷股份,21.44,-0.92,0.57,25.17,21.611393954039,0.2257092,69.5465115,544,1188,72.0,2026-08-05
1893,300444,双杰电气,10.64,-2.47,3.52,7.6,10.83774619255,0.2350936,60.51638258,-74,3692,86.4,2026-08-05
1894,300445,康斯特,19.02,0.85,0.38,29.91,18.749330946776,0.1570248,67.35744007,751,1712,63.6,2026-08-05
1895,300446,航天智造,13.98,-0.21,0.55,21.5,13.986911683426,0.2465396,70.75321261,933,938,72.4,2026-08-05
1896,300447,全信股份,13.82,0.95,0.54,92.52,13.733874328358,0.1134216,57.97525083,-69,4308,67.2,2026-08-05
1897,300448,浩云科技,5.78,0.7,0.76,715.51,5.771633907856,0.2246156,58.97106081,-804,4095,70.4,2026-08-05
1898,300449,汉邦高科,7.09,1.43,0.7,-92.29,6.998905096965,0.2221004,56.22892766,-1282,4625,65.2,2026-08-05
1899,300450,先导智能,34.79,-1.11,0.73,35.92,34.841831640513,0.387364,73.26330953,387,535,77.6,2026-08-05
1900,300451,创业慧康,3.69,0.0,0.54,-17.98,3.697106177431,0.2224824,51.31103932,-315,5124,77.2,2026-08-05
1901,300452,山河药辅,12.22,-0.16,0.32,15.22,12.218305591364,0.2198408,68.45456887,-237,1451,68.8,2026-08-05
1902,300453,三鑫医疗,9.49,-0.63,0.56,18.12,9.470537501167,0.2384828,71.72444021,1001,765,74.4,2026-08-05
1903,300454,深信服,129.81,1.44,3.35,-217.12,127.39837553999,0.424276,78.86883326,-12,90,91.2,2026-08-05
1904,300455,航天智装,19.43,1.09,0.31,1148.72,19.309739192285,0.168104,53.79215903,-353,4954,73.2,2026-08-05
1905,300456,赛微电子,31.67,0.48,1.11,-118.07,31.186926076195,0.3049288,66.41490027,445,2003,76.0,2026-08-05
1906,300457,赢合科技,20.5,-0.58,0.64,53.42,20.589775250711,0.2661484,64.89355104,-177,2442,75.2,2026-08-05
1907,300458,全志科技,34.64,1.26,3.21,42.38,34.225148770993,0.3386756,65.15207574,-1044,2374,86.4,2026-08-05
1908,300459,汤姆猫,3.88,-0.77,1.58,110.92,3.92120678688,0.2649616,55.35827507,-2114,4773,84.8,2026-08-05
1909,300460,ST惠伦,8.58,0.94,0.57,-72.06,8.429950812953,0.2343456,55.03783763,154,4810,68.0,2026-08-05
1910,300461,田中精机,31.49,1.19,0.53,-64.54,30.813805957251,0.1375952,60.56535099,619,3680,65.2,2026-08-05
1911,300462,ST华铭,11.63,3.65,0.35,-29.5,11.279482418017,0.3129788,56.31404693,9,4613,64.8,2026-08-05
1912,300463,迈克生物,9.09,-0.55,0.27,80.22,9.163106851748,0.1534656,58.54302014,247,4187,72.4,2026-08-05
1913,300464,星徽股份,6.38,-0.47,0.58,231.44,6.363980903308,0.1607736,60.06991746,-869,3822,65.6,2026-08-05
1914,300465,高伟达,13.65,-0.07,2.01,-106.63,13.205903280589,0.3357544,71.91239378,799,721,83.6,2026-08-05
1915,300466,赛摩智能,7.39,0.41,0.28,190.25,7.376146567819,0.0912516,56.39355537,-161,4603,69.6,2026-08-05
1916,300467,迅游科技,34.75,1.34,0.7,290.55,34.372652198581,0.2858384,60.49853664,84,3697,70.4,2026-08-05
1917,300468,四方精创,23.9,7.27,6.52,298.95,22.414213005762,0.26157,63.38150995,-8,2873,82.8,2026-08-05
1918,300469,信息发展,58.45,5.35,1.6,-115.54,56.417727928443,0.423038,58.63245662,-1903,4169,76.4,2026-08-05
1919,300470,中密控股,29.69,-0.8,0.26,23.2,29.904961258294,0.2312756,70.1438064,977,1048,68.4,2026-08-05
1920,300471,厚普股份,9.87,0.1,1.12,27.94,9.744822895697,0.2019668,65.09205972,1283,2397,74.4,2026-08-05
1921,300472,*ST新元,6.87,1.03,0.23,-23.22,6.75062056782,0.3110904,57.87016566,-768,4330,65.2,2026-08-05
1922,300473,德尔股份,22.24,0.04,0.87,20.51,22.091304894863,0.2558696,70.27138973,1390,1016,70.0,2026-08-05
1923,300474,景嘉微,53.53,-0.8,0.76,-124.7,53.978685812741,0.2731872,58.21857769,-1126,4265,88.8,2026-08-05
1924,300475,香农芯创,149.94,-0.93,2.32,13.26,149.392617786218,0.4002044,76.07272849,240,254,86.8,2026-08-05
1925,300476,胜宏科技,248.52,5.15,3.89,47.39,221.314347277598,0.567402,80.49929436,107,42,85.6,2026-08-05
1926,300477,ST合纵,2.67,-1.84,0.69,-19.42,2.70587160454,0.2927876,51.26618436,-894,5126,71.6,2026-08-05
1927,300478,杭州高新,27.94,0.04,0.55,-96.16,27.27872705869,0.3191544,61.00227653,200,3564,66.4,2026-08-05
1928,300479,神思电子,14.47,3.06,1.78,-20.54,14.060378149888,0.1838824,66.96083115,1389,1828,74.8,2026-08-05
1929,300480,光力科技,32.91,6.61,5.03,96.61,30.200956102262,0.3133528,72.87136121,-44,588,80.8,2026-08-05
1930,300481,濮阳惠成,13.86,-0.5,0.88,55.02,13.827590403889,0.2862152,65.61166192,-1008,2245,68.0,2026-08-05
1931,300482,万孚生物,17.27,-0.17,0.35,23.95,17.34647333666,0.1663512,53.16513096,-204,5011,76.4,2026-08-05
1932,300483,首华燃气,23.68,6.33,1.58,42.69,22.222223733008,0.1945812,68.56639395,214,1425,75.2,2026-08-05
1933,300484,蓝海华腾,12.94,0.31,0.59,56.6,12.828168500902,0.1479756,59.15720139,-1293,4051,70.4,2026-08-05
1934,300485,赛升药业,9.12,-0.33,0.47,235.5,9.120493500335,0.1694952,61.41635707,796,3433,71.2,2026-08-05
1935,300486,东杰智能,20.06,0.3,0.86,269.43,20.414597950507,0.3319916,65.02251116,151,2413,67.6,2026-08-05
1936,300487,蓝晓科技,65.13,1.64,0.78,45.57,64.084106838377,0.2649192,74.8515219,72,356,83.2,2026-08-05
1937,300488,恒锋工具,31.21,0.81,0.75,35.95,30.847286524512,0.2191316,66.78591116,-1209,1881,66.8,2026-08-05
1938,300489,光智科技,196.98,7.96,6.28,445.49,178.550388656918,0.496984,74.24475218,-177,419,83.2,2026-08-05
1939,300490,华自科技,12.02,-0.58,0.83,14.43,12.075862829975,0.1948816,55.41360219,25,4761,74.0,2026-08-05
1940,300491,通合科技,27.8,-0.54,1.66,-3993.9,27.621646350411,0.3312308,75.71642302,-102,281,72.8,2026-08-05
1941,300492,华图山鼎,26.6,-1.92,1.0,15.09,27.029814807478,0.187548,63.61887085,-1203,2809,73.2,2026-08-05
1942,300493,润欣科技,13.33,-0.07,0.73,101.36,13.377860001324,0.1896208,64.63782303,-1633,2518,74.8,2026-08-05
1943,300494,盛天网络,9.42,3.86,5.7,259.48,9.067039309641,0.1879636,65.46139212,1197,2286,77.6,2026-08-05
1944,300496,中科创达,64.17,1.45,2.01,72.35,63.291433936851,0.3484512,75.40871455,1096,298,88.4,2026-08-05
1945,300497,富祥股份,18.17,3.53,3.33,39.98,17.258024081457,0.3186588,62.14096789,1314,3235,75.6,2026-08-05
1946,300498,温氏股份,13.58,-0.07,0.15,-21.11,13.587677980974,0.3564752,70.7834297,1187,930,84.4,2026-08-05
1947,300499,高澜股份,28.02,0.43,2.09,141.23,27.734780692926,0.2903584,64.06213784,-1268,2681,79.6,2026-08-05
1948,300500,启迪设计,9.1,1.0,0.64,17.53,9.061650299539,0.0553524,53.1152362,-50,5013,67.2,2026-08-05
1949,300501,海顺新材,10.23,0.59,0.38,-65.69,10.167620285984,0.1564924,52.43353824,-821,5067,64.0,2026-08-05
1950,300502,新易盛,414.43,-2.33,1.46,51.96,417.914796594219,0.6272112,78.66721188,-96,99,95.2,2026-08-05
1951,300503,昊志机电,72.05,1.21,3.38,47.79,70.635286159354,0.3617216,79.44812792,-14,69,84.0,2026-08-05
1952,300504,天邑股份,14.75,1.03,1.1,43.66,14.490305412405,0.17775,56.50133418,102,4591,67.6,2026-08-05
1953,300505,川金诺,19.31,-1.93,2.92,32.24,19.201448393145,0.2660676,70.92692783,1087,913,79.2,2026-08-05
1954,300506,名家汇,6.11,-0.65,2.76,-169.72,6.152926177369,0.332385294118,67.29340635,-925,1730,69.6,2026-08-05
1955,300507,苏奥传感,6.7,0.45,0.33,102.94,6.646075062746,0.1703144,60.14514753,102,3799,68.8,2026-08-05
1956,300508,维宏股份,46.65,3.97,2.51,421.43,44.067219481839,0.238378,72.29696734,43,660,77.2,2026-08-05
1957,300509,新美星,8.37,0.6,0.47,24.55,8.360254510081,0.0952264,63.66344467,-440,2795,63.2,2026-08-05
1958,300510,金冠股份,3.46,-1.42,0.81,-23.34,3.486417129122,0.1978844,54.01742838,-780,4931,75.6,2026-08-05
1959,300511,雪榕生物,5.21,-0.95,0.65,4.82,5.230389045434,0.2410592,59.97638585,-180,3854,70.0,2026-08-05
1960,300512,中亚股份,7.07,1.73,0.42,33.1,6.969038177066,0.0681076,57.11565762,-109,4490,63.6,2026-08-05
1961,300513,恒实科技,7.31,1.39,0.55,-21.62,7.242041670564,0.1407244,51.52029902,-5,5120,67.6,2026-08-05
1962,300514,友讯达,9.55,0.74,0.46,-14.81,9.465920435638,0.0650496,56.97080326,16,4517,66.0,2026-08-05
1963,300515,三德科技,15.84,-0.19,0.86,24.59,15.790592572323,0.173652,67.69123935,-1348,1625,71.6,2026-08-05
1964,300516,久之洋,31.19,4.24,1.22,-129.92,29.734962012329,0.2033944,65.37139191,1240,2308,66.4,2026-08-05
1965,300517,海波重科,9.93,4.09,4.94,142.26,9.492681880242,0.128982,53.25572661,-850,5002,65.2,2026-08-05
1966,300518,新迅达,23.58,11.54,3.75,-85.78,20.524635496775,0.2848452,58.572212,847,4182,64.0,2026-08-05
1967,300519,新光药业,13.7,0.0,1.0,20.78,13.696957889452,0.13186,58.73468847,216,4148,69.6,2026-08-05
1968,300520,科大国创,26.84,-0.3,1.31,-50.45,26.635866841923,0.3334412,65.55289189,72,2260,77.2,2026-08-05
1969,300521,爱司凯,23.65,1.46,2.17,-172.89,23.108646989276,0.3264584,60.80732271,809,3613,64.0,2026-08-05
1970,300522,世名科技,13.26,2.16,2.89,500.05,12.798058539762,0.215402,59.6169718,-75,3944,67.2,2026-08-05
1971,300523,辰安科技,19.93,0.66,0.39,-39.0,19.831271622483,0.1315084,53.99255111,-99,4934,66.4,2026-08-05
1972,300525,博思软件,9.68,3.31,3.57,-29.15,9.328636748335,0.280864,74.02019112,2113,442,76.4,2026-08-05
1973,300527,ST应急,7.77,1.04,0.26,-69.51,7.650905220648,0.3498956,70.00829342,1751,1074,70.4,2026-08-05
1974,300528,幸福蓝海,13.84,-1.0,1.91,-308.03,13.928720164776,0.2063604,54.62149214,-291,4861,77.2,2026-08-05
1975,300529,健帆生物,17.95,-1.97,0.56,16.25,18.333933616569,0.1800392,66.64961974,-127,1935,76.8,2026-08-05
1976,300530,领湃科技,19.15,-3.48,1.75,-25.82,19.544432406817,0.1746268,55.39856538,-44,4766,81.2,2026-08-05
1977,300531,优博讯,18.56,7.91,6.02,34.48,17.269303874364,0.2259604,64.87063607,-1725,2449,81.6,2026-08-05
1978,300532,今天国际,7.11,0.14,0.57,21.83,7.106583502885,0.245174,64.19662255,-1338,2648,72.8,2026-08-05
1979,300533,冰川网络,15.43,-0.96,1.53,-129.7,15.605561852887,0.1771656,56.10642795,-2686,4652,79.2,2026-08-05
1980,300534,陇神戎发,12.67,-6.91,10.87,38.96,13.067357999667,0.2378908,58.89900937,-1310,4113,81.2,2026-08-05
1981,300535,达威股份,14.65,-0.07,0.92,-48.59,14.606297668858,0.1044468,58.79504056,-1762,4137,64.8,2026-08-05
1982,300536,农尚环境,8.88,0.11,0.71,-44.19,9.038875685806,0.2574596,52.56068333,-1728,5060,68.0,2026-08-05
1983,300537,广信材料,19.29,1.9,2.81,133.28,18.719726816589,0.198114,65.73736844,370,2207,74.0,2026-08-05
1984,300538,同益股份,13.79,-0.22,1.01,75.64,13.726512838729,0.145382,61.38226653,765,3448,67.2,2026-08-05
1985,300539,横河精密,19.53,0.93,1.05,130.97,19.269279853601,0.1874084,60.63253798,-1302,3655,69.2,2026-08-05
1986,300540,蜀道装备,29.93,6.85,5.33,138.59,27.61740356623,0.227516,73.61067611,492,488,71.2,2026-08-05
1987,300541,先进数通,11.04,2.13,1.62,-113.37,10.866122250042,0.2496692,65.40203544,-907,2304,77.2,2026-08-05
1988,300542,新晨科技,12.48,1.63,1.09,-53.64,12.252454560583,0.1424648,60.00026711,987,3844,74.8,2026-08-05
1989,300543,朗科智能,7.72,1.71,1.06,-71.5,7.581856923552,0.1340952,58.90995448,601,4107,68.8,2026-08-05
1990,300545,联得装备,28.11,0.79,1.75,47.95,27.685528203458,0.2687992,64.68219799,-1320,2508,70.4,2026-08-05
1991,300546,雄帝科技,17.68,10.71,7.94,-37.79,16.003594931591,0.1600396,63.59183755,322,2816,72.8,2026-08-05
1992,300547,川环科技,25.22,0.4,1.1,34.63,24.888950389083,0.241972,72.27798816,-111,664,71.2,2026-08-05
1993,300548,长芯博创,164.2,2.99,2.19,93.04,156.425075363752,0.3590316,73.20976495,-385,539,86.4,2026-08-05
1994,300549,优德精密,13.69,0.66,0.44,662.71,13.648463339607,0.046576,55.72034929,-1252,4718,65.6,2026-08-05
1995,300550,和仁科技,12.46,1.47,0.56,-89.04,12.286051562176,0.187148545455,61.39858957,-2380,3442,64.0,2026-08-05
1996,300551,古鳌科技,10.05,2.34,1.11,-24.78,9.802148939271,0.1490372,56.26288814,-1213,4621,70.4,2026-08-05
1997,300552,万集科技,23.61,-5.1,9.06,-48.26,24.186098083385,0.3490552,68.57570749,2768,1423,71.2,2026-08-05
1998,300553,集智股份,45.09,3.42,1.65,189.52,43.174086736878,0.270478,60.58001318,-758,3678,64.8,2026-08-05
1999,300554,三超新材,20.36,1.34,1.33,-152.08,19.990470252822,0.1199396,57.34276997,351,4448,66.8,2026-08-05
2000,300555,ST路通,12.46,-0.32,0.07,-87.03,12.47383788122,0.3417384,57.51540771,706,4407,62.8,2026-08-05
2001,300556,丝路视觉,16.39,0.68,1.67,42.47,16.348535158025,0.1391836,55.87516353,-2556,4693,73.2,2026-08-05
2002,300557,理工光科,25.91,1.37,0.48,116.53,25.468845021772,0.253932,69.3642235,198,1233,64.4,2026-08-05
2003,300558,贝达药业,60.45,1.44,1.35,27.12,59.236868981461,0.3472372,74.13547471,696,429,76.8,2026-08-05
2004,300559,佳发教育,11.74,0.17,1.25,-211.24,11.731803705034,0.2795348,64.73598479,-2151,2493,72.4,2026-08-05
2005,300560,中富通,16.02,4.3,3.32,113.83,14.951364885528,0.2646304,62.42039404,-648,3150,73.6,2026-08-05
2006,300561,汇金科技,18.75,0.16,4.06,-541.94,18.650408905974,0.263746666667,57.46385768,-1314,4418,86.4,2026-08-05
2007,300562,乐心医疗,14.96,-1.12,1.93,25.49,14.868929051021,0.1883808,75.2643166,-114,317,78.0,2026-08-05
2008,300563,神宇股份,24.11,1.73,0.89,81.35,23.543950664412,0.1236932,61.95750491,50,3295,70.4,2026-08-05
2009,300564,筑博设计,12.15,3.14,2.61,-88.62,11.793877291808,0.0618964,59.06977681,551,4077,63.2,2026-08-05
2010,300565,科信技术,9.91,4.43,3.49,-40.79,9.426316912848,0.1357756,51.87754587,9,5097,67.2,2026-08-05
2011,300566,激智科技,24.96,1.79,2.04,28.72,24.351008831554,0.3623392,72.04986121,-538,697,68.8,2026-08-05
2012,300567,精测电子,206.9,1.42,1.71,338.78,197.869415113388,0.371648181818,71.72981891,1242,763,82.4,2026-08-05
2013,300568,星源材质,13.82,-2.95,1.86,176.47,13.93454197625,0.3615104,69.60347358,910,1170,79.6,2026-08-05
2014,300569,天能重工,4.9,-0.41,0.28,36.97,4.911500962568,0.3453356,59.58608505,-146,3949,69.6,2026-08-05
2015,300570,太辰光,133.33,0.78,4.61,115.09,128.595063340507,0.3846516,66.58490701,-1834,1952,85.2,2026-08-05
2016,300571,平治信息,35.05,-0.23,3.19,250.45,34.978567205679,0.2571016,59.93426965,-2497,3864,74.0,2026-08-05
2017,300572,安车检测,20.38,0.05,0.93,-225.33,19.822664902682,0.3053568,62.23547765,55,3208,64.0,2026-08-05
2018,300573,兴齐眼药,41.62,-1.49,0.93,18.01,42.166172047548,0.353434,69.84065243,-293,1113,79.2,2026-08-05
2019,300575,中旗股份,5.53,-0.18,1.16,983.35,5.548042498174,0.15603,59.15241008,-308,4055,69.6,2026-08-05
2020,300576,容大感光,28.73,2.42,3.01,107.99,27.562267496235,0.2525784,70.47709318,927,984,78.8,2026-08-05
2021,300577,开润股份,18.76,1.96,2.33,11.39,18.225649567461,0.1614296,75.10595666,1238,326,70.8,2026-08-05
2022,300578,会畅科技,16.44,0.06,0.67,-68.11,16.454324842705,0.1828692,63.1473838,-53,2927,68.4,2026-08-05
2023,300579,数字认证,23.19,2.2,0.99,-148.88,22.872603179566,0.1517172,61.45739319,43,3422,76.4,2026-08-05
2024,300580,贝斯特,21.39,-0.51,0.76,36.78,21.501349020354,0.2817252,70.556003,-309,970,74.0,2026-08-05
2025,300581,晨曦航空,10.17,0.89,0.68,-131.19,10.089071096518,0.1691712,50.03662385,16,5158,74.8,2026-08-05
2026,300582,英飞特,11.2,1.36,0.92,99.5,10.966462928846,0.15256,66.13437336,1482,2089,66.4,2026-08-05
2027,300583,赛托生物,12.22,0.49,0.35,160.25,12.226133399436,0.063108,55.67844818,-197,4727,64.4,2026-08-05
2028,300584,海辰药业,33.44,-0.74,0.91,57.78,33.424768141835,0.1740932,60.4559369,-339,3709,70.4,2026-08-05
2029,300585,奥联电子,14.77,0.0,0.57,-111.38,14.693237700407,0.1922864,63.66171415,1813,2796,69.2,2026-08-05
2030,300586,美联新材,8.75,0.69,1.25,1093.06,8.54408622637,0.2791668,63.63778471,-10,2803,72.4,2026-08-05
2031,300587,天铁科技,4.74,0.85,1.23,84.92,4.630898888083,0.301066,58.88332883,-132,4120,73.2,2026-08-05
2032,300588,熙菱信息,22.96,0.61,0.55,-50.92,22.681584307024,0.3092804,61.21078484,-318,3495,73.6,2026-08-05
2033,300589,江龙船艇,13.34,2.93,4.42,393.47,12.930415376388,0.2126976,61.16731515,1384,3510,75.6,2026-08-05
2034,300590,移为通信,11.05,1.66,2.2,24.59,10.794995755561,0.2522632,65.8446546,-1279,2169,73.6,2026-08-05
2035,300591,万里马,7.32,-0.81,1.07,263.53,7.328902730766,0.2292936,53.55580171,-828,4976,74.8,2026-08-05
2036,300592,华凯易佰,17.18,2.94,3.65,23.49,16.09205669971,0.294826,77.96896235,-70,133,79.6,2026-08-05
2037,300593,新雷能,27.76,4.24,3.21,-87.41,26.270129050427,0.3616616,65.89116063,-1232,2156,73.6,2026-08-05
2038,300594,ST朗进,14.75,2.08,0.63,-28.06,14.452938879436,0.2219832,58.6549158,-49,4163,63.6,2026-08-05
2039,300595,欧普康视,11.25,-1.4,0.4,17.22,11.442151690912,0.1952868,65.75872739,-153,2198,75.6,2026-08-05
2040,300596,利安隆,40.9,-0.22,0.37,17.79,40.535861386231,0.2328552,73.74889285,-62,475,62.8,2026-08-05
2041,300597,吉大通信,7.59,1.34,0.62,-98.39,7.518879363826,0.1539068,60.98086805,875,3572,65.2,2026-08-05
2042,300598,诚迈科技,31.37,0.32,2.15,-49.86,31.647261074317,0.255572,69.21390526,2000,1267,78.4,2026-08-05
2043,300599,雄塑科技,11.09,-0.81,0.96,30.78,11.081495638129,0.29825,53.92624152,-1403,4939,68.0,2026-08-05
2044,300600,国瑞科技,10.24,0.59,0.5,-179.54,10.155175659688,0.199668,61.83990182,1026,3328,71.2,2026-08-05
2045,300601,康泰生物,12.34,-1.12,0.54,103.35,12.485355393245,0.2620568,64.34584743,900,2602,79.6,2026-08-05
2046,300602,飞荣达,36.9,1.68,1.39,69.93,35.758593980793,0.3290164,73.04548123,37,559,77.2,2026-08-05
2047,300603,立昂技术,8.14,0.37,0.78,-30.8,8.114072007272,0.2030328,54.7822916,-907,4841,74.8,2026-08-05
2048,300604,长川科技,280.64,3.18,2.21,126.26,265.027794469028,0.4782924,78.24697229,107,115,88.0,2026-08-05
2049,300605,恒锋信息,10.65,-3.97,6.86,-31.87,10.899824707859,0.175278,60.40514974,-2473,3727,80.8,2026-08-05
2050,300606,金太阳,33.96,3.98,5.4,122.83,32.065504240689,0.275712,67.00992029,2263,1812,66.0,2026-08-05
2051,300607,拓斯达,33.39,1.71,3.87,82.8,32.716171622258,0.3291548,72.87033345,-226,590,84.4,2026-08-05
2052,300608,思特奇,10.77,2.38,2.33,-13.83,10.501956964135,0.1820908,55.02174422,-2078,4814,71.6,2026-08-05
2053,300609,汇纳科技,27.43,6.24,2.43,-40.73,25.880555451436,0.2152052,60.18247937,1115,3788,67.6,2026-08-05
2054,300610,晨化股份,9.74,0.21,0.43,19.97,9.690928743725,0.0821756,59.07916963,-387,4074,64.8,2026-08-05
2055,300611,美力科技,24.35,0.66,0.95,74.18,24.289727165524,0.2701728,63.5494778,-1404,2827,66.8,2026-08-05
2056,300612,宣亚国际,12.48,-0.16,1.47,-28.97,12.461119289227,0.2134572,64.65426615,72,2516,75.2,2026-08-05
2057,300613,富瀚微,71.32,0.65,3.17,48.81,70.179824637228,0.3882176,73.5008267,-491,502,91.2,2026-08-05
2058,300614,百川畅银,10.39,0.48,0.53,-20.53,10.353016025624,0.0647972,55.92206482,289,4685,64.8,2026-08-05
2059,300615,欣天科技,18.02,19.97,26.94,-25.85,15.02,0.617675272727,64.55317594,-617,2535,83.6,2026-08-05
2060,300616,尚品宅配,10.37,-0.77,0.56,-6.0,10.359140149665,0.1486316,56.63562079,190,4564,61.2,2026-08-05
2061,300617,安靠智电,43.1,-2.11,0.95,36.5,43.697935687497,0.2424936,61.94493033,-1455,3300,69.2,2026-08-05
2062,300618,寒锐钴业,34.38,-0.41,1.4,53.98,34.474823390847,0.2358128,66.04981557,658,2106,76.8,2026-08-05
2063,300619,金银河,27.11,-2.13,2.29,-105.85,27.166253897277,0.299536,67.37228673,-615,1708,71.2,2026-08-05
2064,300620,光库科技,261.9,0.35,2.03,364.69,251.384507482986,0.4489772,79.34466789,-56,75,91.6,2026-08-05
2065,300621,维业股份,7.09,1.43,0.66,-8.08,7.047680068472,0.068794,54.05983202,-76,4928,65.2,2026-08-05
2066,300622,博士眼镜,15.84,-1.8,1.63,31.66,15.973292718626,0.1991124,69.51270617,-1135,1196,83.2,2026-08-05
2067,300623,捷捷微电,25.48,0.51,1.0,52.88,25.111469316441,0.2699668,67.64663813,-860,1643,78.8,2026-08-05
2068,300624,万兴科技,57.36,0.53,3.67,-57.78,56.322970539244,0.3179664,70.62718326,-6,960,89.6,2026-08-05
2069,300625,三雄极光,9.33,0.54,0.18,-25.28,9.261442798613,0.0338768,57.65284329,-101,4370,62.8,2026-08-05
2070,300626,华瑞股份,30.65,1.32,1.24,202.55,29.662648640204,0.280606,64.33702878,724,2606,61.2,2026-08-05
2071,300627,华测导航,28.5,-0.94,0.34,45.11,28.907868187717,0.289978,69.97665744,-16,1083,75.2,2026-08-05
2072,300628,亿联网络,40.13,1.78,1.1,19.38,39.40653376579,0.275532,79.96596957,-21,55,84.4,2026-08-05
2073,300629,新劲刚,17.97,1.24,0.81,105.36,17.74643073559,0.2369548,62.83001158,-481,3030,66.0,2026-08-05
2074,300631,久吾高科,21.7,2.07,1.29,42.85,21.276664343691,0.1439972,61.32115213,-73,3465,72.8,2026-08-05
2075,300632,光莆股份,18.24,1.05,2.59,1648.79,17.669521567738,0.2295436,64.78436587,499,2475,71.6,2026-08-05
2076,300633,开立医疗,20.27,-1.75,0.48,-185.44,20.719534066022,0.1156676,64.07236725,-516,2680,70.0,2026-08-05
2077,300634,彩讯股份,21.31,1.38,1.26,94.96,20.998736918799,0.3136316,75.48789559,420,293,78.8,2026-08-05
2078,300635,中达安,11.5,0.17,0.64,269.95,11.546957231472,0.1730924,58.77173429,-671,4139,68.0,2026-08-05
2079,300636,同和药业,6.78,-0.15,0.24,37.9,6.817389084612,0.3175456,62.28705542,980,3191,65.2,2026-08-05
2080,300637,扬帆新材,9.11,5.56,2.54,-168.86,8.608426840634,0.15013,61.03573254,202,3552,70.4,2026-08-05
2081,300638,广和通,21.6,1.31,1.8,502.37,21.401014544254,0.3033244,70.81406296,-430,927,85.2,2026-08-05
2082,300639,凯普生物,5.73,-0.17,0.74,-331.17,5.711416562155,0.2262664,57.65437726,-92,4369,72.4,2026-08-05
2083,300640,德艺文创,6.57,1.08,1.32,394.32,6.440458908055,0.1722364,59.05636681,110,4079,68.4,2026-08-05
2084,300641,正丹股份,14.59,-1.02,0.28,28.54,14.703634099155,0.3460736,67.03689316,1243,1800,72.4,2026-08-05
2085,300642,透景生命,12.83,0.31,0.5,-93.6,12.850454843463,0.1011556,53.2134057,-151,5005,65.6,2026-08-05
2086,300643,万通智控,17.28,-1.2,0.92,25.32,17.352907961935,0.26087,72.95613771,967,575,72.4,2026-08-05
2087,300644,南京聚隆,21.52,0.14,0.42,23.06,21.467723255959,0.1412176,62.91150366,-113,3010,67.2,2026-08-05
2088,300645,正元智慧,13.23,1.77,1.15,-39.77,13.07644127975,0.0982688,58.73978432,-134,4146,71.2,2026-08-05
2089,300647,超频三,5.63,1.08,1.38,73.85,5.463397572912,0.2211504,58.62832543,237,4170,67.2,2026-08-05
2090,300648,星云股份,38.71,4.34,1.0,-105.15,37.051754109478,0.2109604,59.34068099,-170,4012,72.8,2026-08-05
2091,300649,杭州园林,20.69,1.97,1.16,-72.76,20.538257351921,0.2465352,51.80302003,-1124,5104,62.0,2026-08-05
2092,300650,太龙股份,11.39,0.62,0.66,89.53,11.307899094644,0.1313288,58.94963726,-951,4099,66.4,2026-08-05
2093,300651,金陵体育,17.5,-1.13,1.53,1127.62,17.560775256096,0.1841988,58.28310521,-78,4252,66.4,2026-08-05
2094,300652,雷迪克,29.39,-0.34,0.35,36.6,29.340706207478,0.1347704,70.64027459,253,957,62.4,2026-08-05
2095,300653,正海生物,14.59,-0.55,0.17,44.51,14.636923227816,0.2140472,59.7095028,-1160,3916,67.2,2026-08-05
2096,300654,世纪天鸿,11.28,-9.76,8.44,189.24,11.318946231488,0.3634292,70.55313282,3193,973,74.4,2026-08-05
2097,300655,晶瑞电材,12.91,1.18,1.95,543.38,12.591557888004,0.3099592,68.66347234,89,1406,78.8,2026-08-05
2098,300656,民德电子,24.72,-0.04,1.37,-40.26,24.699966639407,0.1543556,58.47263229,-1040,4204,69.2,2026-08-05
2099,300657,弘信电子,35.58,0.28,1.74,113.1,35.196490463506,0.3550932,73.25661883,-289,536,78.0,2026-08-05
2100,300658,延江股份,10.56,1.15,1.05,27.96,10.406123452669,0.0725868,59.55940331,-1856,3962,63.2,2026-08-05
2101,300659,中孚信息,10.56,2.62,1.56,-8.64,10.329316804032,0.1165876,53.30872357,-135,4996,71.2,2026-08-05
2102,300660,江苏雷利,28.18,-0.98,0.52,62.32,28.227804518037,0.262394,65.96965659,50,2129,78.4,2026-08-05
2103,300661,圣邦股份,104.24,0.21,0.65,144.42,102.150208828967,0.33219,77.3215711,42,177,77.6,2026-08-05
2104,300662,科锐国际,21.18,1.92,1.68,11.34,20.695846935115,0.1643272,70.98624293,1128,899,68.8,2026-08-05
2105,300663,科蓝软件,9.89,-3.23,6.09,-41.83,10.372632967658,0.2212576,52.03773764,-1466,5088,91.6,2026-08-05
2106,300664,鹏鹞环保,4.56,-0.44,0.24,11.8,4.566072657341,0.2268712,58.09929085,-174,4290,64.4,2026-08-05
2107,300665,飞鹿股份,9.7,1.36,1.13,-93.07,9.490956365172,0.207766666667,50.73344804,-134,5142,70.0,2026-08-05
2108,300666,江丰电子,233.5,4.99,4.25,76.81,216.157639100911,0.4332736,75.12882481,1003,323,82.4,2026-08-05
2109,300667,必创科技,14.23,0.42,0.68,-613.78,14.125837383308,0.1695052,58.51963633,-141,4196,66.0,2026-08-05
2110,300668,杰恩股份,40.26,0.73,1.14,-186.35,39.300658724864,0.3266412,66.39047361,664,2010,64.4,2026-08-05
2111,300669,沪宁股份,22.83,2.15,0.16,526.51,22.290005792663,0.1274464,57.41008971,-798,4431,62.0,2026-08-05
2112,300670,大烨智能,6.05,1.68,1.02,-49.44,5.926150299959,0.1475108,55.15332045,126,4800,65.2,2026-08-05
2113,300671,富满微,60.04,1.81,2.7,73.32,57.38335071115,0.3208032,62.80923063,298,3038,78.0,2026-08-05
2114,300672,国科微,146.75,1.55,1.88,144.97,141.523866916517,0.3743512,65.30677717,899,2329,79.6,2026-08-05
2115,300673,佩蒂股份,13.26,-0.08,0.46,101.6,13.2671886121,0.2490572,61.50609698,-1111,3408,69.2,2026-08-05
2116,300674,宇信科技,17.06,1.25,1.48,65.84,16.887291614541,0.2784764,73.20340543,827,541,85.2,2026-08-05
2117,300675,建科院,12.41,0.49,0.44,-23.2,12.399052763081,0.07749,54.47681412,270,4877,66.8,2026-08-05
2118,300676,华大基因,39.24,-0.51,0.67,-431.04,39.714489737393,0.36418,67.87997821,-693,1575,83.6,2026-08-05
2119,300677,英科医疗,50.16,1.25,1.04,818.54,48.28996555209,0.2784444,73.650658,1529,482,81.6,2026-08-05
2120,300678,中科信息,24.11,-0.58,1.11,384.85,24.295897392298,0.2766096,65.85935241,485,2166,79.6,2026-08-05
2121,300679,电连技术,40.7,-0.46,1.09,49.61,40.058274195206,0.3992432,75.93775751,42,261,66.4,2026-08-05
2122,300680,隆盛科技,22.18,-0.45,0.85,28.05,22.218379315045,0.2597292,69.43144528,1011,1216,70.4,2026-08-05
2123,300681,英搏尔,21.12,0.48,1.08,28.48,20.950214035811,0.1954404,66.90253466,-888,1848,64.0,2026-08-05
2124,300682,朗新科技,11.92,1.02,0.69,-64.63,11.843951053067,0.2463804,60.7086569,-1287,3631,79.6,2026-08-05
2125,300683,海特生物,26.61,-0.37,2.04,-37.78,26.73425880639,0.227034,55.33703688,-398,4777,73.2,2026-08-05
2126,300684,中石科技,47.32,0.25,1.88,54.7,46.501295303654,0.3324652,78.0301927,2,126,82.4,2026-08-05
2127,300685,艾德生物,17.57,-0.85,0.61,20.12,17.698888857316,0.161827037037,63.72428342,-382,2775,68.8,2026-08-05
2128,300686,智动力,15.32,1.73,7.26,-19.37,14.633081521877,0.4946364,67.86772325,949,1580,67.2,2026-08-05
2129,300687,赛意信息,27.91,2.65,2.63,90.27,26.319900857097,0.3318524,69.73622638,-200,1135,83.2,2026-08-05
2130,300688,创业黑马,30.97,-1.05,4.0,-289.53,31.10128396092,0.3238744,55.63813339,-3509,4733,84.4,2026-08-05
2131,300689,澄天伟业,48.6,3.89,1.26,1028.66,46.543695796344,0.3015448,58.35675548,-1406,4232,66.4,2026-08-05
2132,300690,双一科技,21.71,0.37,1.55,42.23,21.622308363314,0.151078,61.75612298,-240,3349,68.8,2026-08-05
2133,300691,联合光电,13.74,0.88,0.6,-239.18,13.568038530035,0.16557,61.72934015,-1053,3359,68.0,2026-08-05
2134,300692,中赋科技,8.68,2.12,3.36,68.12,8.436930435622,0.310766,63.8479202,1090,2746,72.0,2026-08-05
2135,300693,盛弘股份,36.15,-2.11,1.27,33.19,36.720714279174,0.3420328,78.6667872,25,100,75.6,2026-08-05
2136,300694,蠡湖股份,10.66,2.11,1.14,38.91,10.503290474393,0.1508428,62.16097784,357,3230,64.8,2026-08-05
2137,300695,兆丰股份,50.31,-0.59,0.25,-77.72,50.275317662607,0.1977344,65.84570972,194,2168,64.0,2026-08-05
2138,300696,爱乐达,20.66,1.87,0.67,1030.5,20.264619497393,0.2495288,58.64740754,-1375,4164,67.6,2026-08-05
2139,300697,电工合金,14.23,-0.56,2.14,24.66,14.246811361776,0.2347452,71.6307031,327,790,71.6,2026-08-05
2140,300698,万马科技,26.13,-0.87,2.84,144.4,26.851926183255,0.1824188,72.26273337,759,666,69.6,2026-08-05
2141,300699,光威复材,26.43,0.42,0.71,45.24,26.289434704098,0.3289336,66.10334642,280,2094,75.6,2026-08-05
2142,300700,岱勒新材,17.28,1.77,1.08,696.04,16.923022694452,0.2893416,61.54535902,-1180,3402,73.2,2026-08-05
2143,300701,森霸传感,9.72,1.46,0.53,83.86,9.534075118785,0.1794268,65.66473916,-874,2225,66.4,2026-08-05
2144,300702,天宇股份,21.01,0.05,0.49,43.32,21.187103294686,0.2053172,61.9390245,-1338,3303,70.8,2026-08-05
2145,300703,创源股份,13.37,-0.22,0.66,-31.48,13.350812515044,0.1085288,57.01509818,-123,4510,67.6,2026-08-05
2146,300705,九典制药,10.91,-0.82,0.37,24.05,10.983009668016,0.2297676,70.86256958,-137,924,72.4,2026-08-05
2147,300706,阿石创,50.6,3.88,5.23,110.81,47.877894333557,0.2046168,65.63042079,816,2239,77.2,2026-08-05
2148,300707,威唐工业,11.99,0.0,0.48,-45.06,11.942468711241,0.1915496,62.36029068,716,3169,68.4,2026-08-05
2149,300708,聚灿光电,7.77,-1.4,0.89,47.57,7.904363351349,0.2714948,72.45687126,-275,640,74.0,2026-08-05
2150,300709,精研科技,38.42,4.18,2.65,-36.06,36.524826594618,0.2822872,65.47171957,-1417,2281,73.6,2026-08-05
2151,300710,万隆光电,28.28,0.68,0.91,-77.23,27.827338281039,0.2419192,54.25458436,139,4905,62.0,2026-08-05
2152,300711,广哈通信,19.03,19.99,5.2,-160.8,15.853616706614,0.1670564,64.44201794,-31,2572,69.2,2026-08-05
2153,300712,永福股份,21.27,0.14,0.13,397.29,21.184842888357,0.1790284,54.85785815,-34,4835,66.8,2026-08-05
2154,300713,英可瑞,12.76,0.39,0.81,-26.36,12.707391975805,0.0896408,55.60469468,31,4740,67.6,2026-08-05
2155,300715,凯伦股份,13.11,3.15,1.6,85.5,12.75269611153,0.26015,67.32224499,323,1726,61.6,2026-08-05
2156,300716,*ST泉为,18.39,4.73,1.0,-48.73,17.255366819184,0.334762,55.08482203,34,4806,63.2,2026-08-05
2157,300717,华信新材,18.02,0.17,0.53,37.33,17.890867330663,0.161086,62.07565214,-685,3260,65.2,2026-08-05
2158,300718,长盛轴承,68.72,-1.74,2.67,84.09,67.291880191831,0.344014,75.28637583,-135,313,84.0,2026-08-05
2159,300719,安达维尔,11.67,0.69,0.64,-54.0,11.548989102331,0.1621904,57.03430277,494,4508,68.0,2026-08-05
2160,300720,海川智能,68.2,5.44,4.71,469.5,62.554887246283,0.449036,69.90324618,-183,1097,80.0,2026-08-05
2161,300721,怡达股份,22.65,3.38,3.56,216.6,21.693984298027,0.199044,57.39938526,342,4437,68.4,2026-08-05
2162,300722,新余国科,22.0,0.64,0.26,430.42,21.923145273455,0.1826232,63.93910932,-181,2714,72.4,2026-08-05
2163,300723,一品红,36.14,-0.22,0.77,6.87,35.946755761477,0.2841252,63.46702854,1222,2851,71.6,2026-08-05
2164,300724,捷佳伟创,59.45,-0.62,0.74,19.15,59.621961992802,0.3242852,64.97011085,-607,2424,75.2,2026-08-05
2165,300725,药石科技,40.6,-0.61,2.47,48.54,40.580616277885,0.3043304,66.42677427,-1550,1996,87.6,2026-08-05
2166,300726,宏达电子,53.52,1.36,2.53,58.66,51.759618930326,0.3004672,74.60175752,829,378,76.4,2026-08-05
2167,300727,润禾材料,28.46,0.81,0.73,46.87,27.851872780799,0.2610336,71.78325469,1001,749,68.4,2026-08-05
2168,300729,乐歌股份,10.2,-0.1,0.15,1080.1,10.225257055376,0.1493184,62.39175606,-318,3159,67.2,2026-08-05
2169,300730,科创信息,12.34,2.49,1.08,-58.69,12.097228064585,0.1853424,54.09891968,-192,4923,69.2,2026-08-05
2170,300731,科创新源,37.25,1.03,1.13,-550.68,35.939568905264,0.269708,65.56139903,1808,2257,70.0,2026-08-05
2171,300732,设研院,5.96,0.51,0.34,-81.0,5.950120946296,0.101494,54.14101171,244,4919,65.2,2026-08-05
2172,300733,西菱动力,14.13,-0.63,0.69,127.88,14.170066137648,0.2688392,65.03185622,-846,2409,71.2,2026-08-05
2173,300735,光弘科技,20.99,1.11,0.48,249.12,20.852809454243,0.31283,65.25906937,-1712,2348,78.8,2026-08-05
2174,300736,百邦科技,28.47,1.64,1.0,-193.57,28.256049923627,0.2489244,59.99577067,-364,3845,61.2,2026-08-05
2175,300737,科顺股份,5.1,-0.58,0.64,22.27,5.104772178434,0.2304624,58.6096932,387,4176,62.8,2026-08-05
2176,300738,奥飞数据,23.3,-1.35,2.9,58.39,23.274241812381,0.3843716,77.10167403,369,188,91.6,2026-08-05
2177,300739,明阳电路,22.33,2.34,1.45,142.48,21.461449886452,0.2268644,65.44608014,508,2292,68.8,2026-08-05
2178,300740,水羊股份,21.54,0.28,1.83,67.94,21.298125258871,0.3836896,73.68738779,-85,479,78.8,2026-08-05
2179,300741,华宝股份,13.31,-0.67,0.09,45.93,13.429833671975,0.1391132,56.19561908,-1172,4629,68.4,2026-08-05
2180,300743,天地数码,14.93,0.81,0.74,14.31,14.782054973322,0.067446,63.54982825,-1414,2826,65.2,2026-08-05
2181,300745,欣锐科技,28.63,3.96,3.18,225.41,27.116820913163,0.220088,61.32012018,190,3467,64.8,2026-08-05
2182,300746,汉嘉数智,14.52,3.71,1.83,102.4,13.898567624908,0.1346876,55.65906443,-294,4730,74.0,2026-08-05
2183,300747,锐科激光,35.08,-0.51,1.17,62.18,34.821837551688,0.3184068,72.40508806,-362,648,75.6,2026-08-05
2184,300748,金力永磁,27.69,2.06,2.01,49.72,27.160358142216,0.3313552,72.96472147,1403,574,81.6,2026-08-05
2185,300749,顶固集创,20.52,4.75,1.86,-56.76,19.197971744823,0.2227896,62.20619234,-68,3221,66.8,2026-08-05
2186,300750,宁德时代,395.86,-2.31,0.26,21.16,403.990062953567,0.6313464,83.05668904,18,13,91.6,2026-08-05
2187,300751,迈为股份,167.81,0.76,1.21,99.14,162.073225562748,0.3010064,72.75624283,486,601,72.8,2026-08-05
2188,300752,隆利科技,10.13,0.4,0.85,52.46,10.021773599385,0.1360768,64.10921314,-638,2670,62.4,2026-08-05
2189,300753,爱朋医疗,23.03,-2.83,4.62,-165.28,23.497544791133,0.1661932,59.6485187,-2792,3935,80.8,2026-08-05
2190,300755,华致酒行,11.52,-0.43,0.25,22.63,11.573289127078,0.1584928,64.59724913,-182,2525,67.2,2026-08-05
2191,300756,金马游乐,29.59,4.48,0.97,59.99,27.933522233346,0.2927624,68.4383036,1103,1456,65.2,2026-08-05
2192,300757,罗博特科,471.47,-0.74,1.43,-508.93,466.99904856272,0.5350948,67.15725042,-479,1767,83.6,2026-08-05
2193,300758,七彩化学,10.35,-0.67,0.34,65.31,10.369175007364,0.1724624,58.11817596,341,4286,67.6,2026-08-05
2194,300759,康龙化成,40.23,0.68,1.6,55.1,40.372916693161,0.3736588,80.89490016,-15,32,92.0,2026-08-05
2195,300760,迈瑞医疗,151.64,-1.72,0.26,19.73,154.030769069157,0.3208008,73.50715827,-263,500,90.0,2026-08-05
2196,300761,立华股份,18.72,-1.21,0.33,25.58,18.785614026555,0.233536,73.81698832,1569,466,68.4,2026-08-05
2197,300762,上海瀚讯,32.46,1.18,1.19,-115.25,31.760101544902,0.3985236,63.42083992,267,2858,76.4,2026-08-05
2198,300763,锦浪科技,61.89,-1.93,0.91,100.35,62.578081531887,0.2864176,69.45667773,-109,1211,74.4,2026-08-05
2199,300765,石药创新,37.69,-0.82,0.4,-141.01,37.701733322049,0.2707032,56.84415629,-83,4538,76.0,2026-08-05
2200,300766,每日互动,25.41,1.4,4.11,-155.83,24.921454037774,0.3217684,68.90983698,23,1348,90.0,2026-08-05
2201,300767,震安科技,18.2,2.94,1.63,-661.23,17.387660110794,0.3086376,61.97180002,128,3293,62.8,2026-08-05
2202,300768,迪普科技,17.07,0.89,1.73,75.88,16.90343658007,0.2547024,77.99685891,-57,132,78.8,2026-08-05
2203,300769,德方纳米,46.41,-0.51,1.68,12.27,45.723445382836,0.3794588,68.22904807,1065,1509,74.4,2026-08-05
2204,300770,新媒股份,34.54,-0.97,0.29,13.74,35.10111463046,0.1206764,67.41076584,-1237,1697,70.8,2026-08-05
2205,300771,智莱科技,12.09,-0.25,1.21,46.06,11.690743260251,0.188484,70.14089851,2735,1049,69.6,2026-08-05
2206,300772,运达股份,12.79,-0.85,0.81,52.63,12.829664193402,0.3217068,74.79196777,1341,365,78.0,2026-08-05
2207,300773,拉卡拉,16.6,3.36,4.4,7.59,16.069891661361,0.3277364,63.86131895,1274,2736,79.6,2026-08-05
2208,300774,倍杰特,10.55,0.86,1.43,-36.05,10.462267454065,0.1449736,61.08222559,517,3539,62.0,2026-08-05
2209,300775,三角防务,21.72,-0.5,0.55,276.9,21.730593079441,0.2889224,57.60256144,1,4389,74.4,2026-08-05
2210,300776,帝尔激光,112.38,0.12,1.6,48.97,110.066485017913,0.3480652,76.92810511,401,197,76.8,2026-08-05
2211,300777,中简科技,25.01,0.16,0.72,144.08,24.948370190599,0.3493288,58.4401456,153,4210,72.0,2026-08-05
2212,300778,新城市,10.34,0.29,0.28,-30.93,10.360397420169,0.0757748,52.61808097,125,5056,64.4,2026-08-05
2213,300779,惠城环保,74.32,-14.19,7.08,2592.18,85.172100183074,0.4151584,72.21368173,809,673,75.6,2026-08-05
2214,300780,德恩精工,19.97,3.36,2.71,-68.42,19.122177913048,0.1681344,54.32053207,83,4893,67.2,2026-08-05
2215,300781,因赛集团,29.42,-0.34,2.26,104.12,29.351683372763,0.1984076,60.52493804,-2792,3689,82.8,2026-08-05
2216,300782,卓胜微,73.61,1.02,0.91,-73.32,72.528651146732,0.3442328,61.36497228,-464,3453,78.0,2026-08-05
2217,300783,三只松鼠,17.83,-1.16,0.7,6.55,18.052431939205,0.1815,63.42773911,795,2857,80.4,2026-08-05
2218,300784,利安科技,39.61,0.69,0.93,71.41,39.517347407148,0.116308,59.34349799,-38,4010,62.0,2026-08-05
2219,300785,值得买,41.19,0.71,5.78,572.62,40.716685608911,0.2657036,70.30147977,-966,1009,86.0,2026-08-05
2220,300786,国林科技,15.38,1.18,1.91,146.47,14.957195896436,0.169152,59.65966158,228,3930,72.8,2026-08-05
2221,300787,海能实业,8.86,1.26,0.44,-71.68,8.726106463961,0.0805488,60.98303197,-716,3570,66.4,2026-08-05
2222,300788,中信出版,25.9,-1.41,0.79,29.6,26.186298433249,0.2431664,61.7500317,-2396,3351,75.2,2026-08-05
2223,300789,唐源电气,19.16,1.48,3.64,48.24,18.786246943654,0.1669688,71.33523138,864,840,74.0,2026-08-05
2224,300790,宇瞳光学,17.86,1.08,1.78,41.14,17.477354667201,0.3157096,71.14620281,-451,869,72.0,2026-08-05
2225,300791,仙乐健康,16.96,-0.59,0.07,26.23,17.043129019723,0.1241324,62.95732356,1109,2995,66.0,2026-08-05
2226,300792,壹网壹创,25.92,0.08,2.5,49.06,25.881022350959,0.2412084,70.09531718,-20,1058,76.0,2026-08-05
2227,300793,佳禾智能,11.25,0.45,0.48,-123.48,11.204139917577,0.163192,54.60030859,98,4863,71.6,2026-08-05
2228,300795,米奥会展,16.37,-1.03,10.51,-49.55,15.693360159988,0.252482,72.88086638,-25,586,82.8,2026-08-05
2229,300796,贝斯美,6.59,0.3,0.24,200.73,6.564132460355,0.154552,53.08965436,-21,5018,62.0,2026-08-05
2230,300797,钢研纳克,12.62,1.53,0.35,51.2,12.413057204038,0.133732,68.62524929,775,1415,65.2,2026-08-05
2231,300798,锦鸡股份,7.54,-1.95,2.45,-58.42,7.675721361489,0.1868796,55.02974656,-1173,4811,76.8,2026-08-05
2232,300800,力合科技,9.56,0.63,0.43,37.92,9.517244441946,0.0419124,56.88370982,-284,4532,64.4,2026-08-05
2233,300801,泰和科技,23.87,-0.13,1.82,15.15,23.640259981036,0.23505,70.92675549,750,914,70.4,2026-08-05
2234,300802,矩子科技,21.71,2.16,2.17,47.4,21.075858660095,0.271508,71.87532797,787,730,73.6,2026-08-05
2235,300803,指南针,85.38,0.26,1.05,117.03,85.02414666328,0.398012,75.42262333,370,297,86.4,2026-08-05
2236,300804,广康生化,38.92,0.78,2.38,-1251.21,38.212966958867,0.2117524,59.04062561,-1475,4082,64.4,2026-08-05
2237,300805,电声股份,8.42,-0.36,1.24,345.13,8.440671504447,0.1692568,61.54045428,-1245,3403,76.8,2026-08-05
2238,300806,斯迪克,46.47,1.2,2.39,483.47,44.576796775575,0.4065536,71.38690342,1442,829,73.2,2026-08-05
2239,300807,天迈科技,37.79,-0.84,1.36,-73.61,38.351925453438,0.2194616,61.62020967,1651,3382,65.2,2026-08-05
2240,300808,久量股份,18.61,0.65,0.33,-43.58,18.375782176852,0.0900244,60.59175094,667,3671,62.0,2026-08-05
2241,300809,华辰装备,24.27,-0.29,1.01,120.29,24.229516930115,0.2259936,61.43353977,734,3430,69.2,2026-08-05
2242,300810,中科海讯,24.4,0.83,0.38,-51.4,24.195130084072,0.0940744,60.0205066,-1251,3835,67.6,2026-08-05
2243,300811,铂科新材,68.47,0.44,1.47,78.86,67.012060646074,0.3325,79.46053654,-27,68,78.0,2026-08-05
2244,300812,易天股份,19.27,0.05,1.19,105.76,18.940413294603,0.2072028,62.57781794,158,3102,68.4,2026-08-05
2245,300813,泰林生物,19.38,1.15,0.7,121.32,19.19728721805,0.1079972,57.14600941,-741,4486,66.4,2026-08-05
2246,300814,中富电路,126.47,7.38,2.35,320.25,113.354950552645,0.309386,66.73799337,589,1898,77.2,2026-08-05
2247,300815,玉禾田,16.6,-0.48,0.45,10.07,16.583918827682,0.2181732,68.26629208,-620,1497,74.0,2026-08-05
2248,300816,艾可蓝,50.63,1.87,1.51,50.98,49.335230604816,0.180032,69.699246,594,1145,64.0,2026-08-05
2249,300817,双飞集团,15.76,0.38,0.39,51.71,15.643836889083,0.0870572,65.12316066,1162,2387,65.2,2026-08-05
2250,300818,耐普矿机,21.54,2.13,2.02,-139.44,21.082536887396,0.1420032,69.76403246,-26,1132,67.2,2026-08-05
2251,300819,聚杰微纤,46.63,1.97,0.93,167.31,45.375064805499,0.2181676,64.96085817,80,2425,67.2,2026-08-05
2252,300820,英杰电气,54.16,2.21,4.27,82.8,50.565212363959,0.2995784,72.56442168,2147,627,70.0,2026-08-05
2253,300821,东岳硅材,16.74,3.21,2.91,25.88,15.907582779457,0.3145468,72.46928253,708,636,85.6,2026-08-05
2254,300822,贝仕达克,12.23,-4.3,1.62,43.18,12.348802663636,0.1846076,69.79834372,765,1125,72.0,2026-08-05
2255,300823,建科智能,14.3,0.21,0.89,32.49,14.211734306056,0.0555672,58.54312967,-426,4186,62.0,2026-08-05
2256,300824,北鼎股份,7.8,0.13,0.38,19.42,7.766205505358,0.0537988,61.86241603,-414,3323,64.0,2026-08-05
2257,300825,阿尔特,11.5,0.97,2.09,95.08,11.383785340376,0.2686456,61.24820578,-1356,3488,73.2,2026-08-05
2258,300826,测绘股份,13.43,0.22,0.38,109.78,13.362277098203,0.272484,64.92074017,180,2435,64.8,2026-08-05
2259,300827,上能电气,25.72,-1.08,0.69,36.6,25.907029536747,0.3075868,71.90282362,775,723,74.4,2026-08-05
2260,300828,锐新科技,15.24,-0.13,1.33,98.69,15.223431601092,0.1010408,55.71406164,-152,4720,62.8,2026-08-05
2261,300829,金丹科技,14.39,-0.76,0.25,27.51,14.474259940107,0.1646024,54.26521322,-90,4902,64.8,2026-08-05
2262,300830,金现代,8.63,0.23,1.58,-123.84,8.657612763753,0.1547836,66.04330891,1433,2109,70.4,2026-08-05
2263,300831,ST派瑞,16.16,-0.86,0.91,82.94,16.067501649866,0.338843529412,70.16681939,-129,1040,65.6,2026-08-05
2264,300832,新产业,47.24,1.48,0.22,20.99,46.438870938968,0.180696,74.944518,166,347,70.0,2026-08-05
2265,300833,浩洋股份,36.06,-0.3,0.31,27.43,35.434670557015,0.2396996,75.25695682,489,318,65.2,2026-08-05
2266,300834,星辉环材,40.27,0.3,0.21,93.15,39.595991148875,0.2569252,63.18539671,1307,2915,63.6,2026-08-05
2267,300835,龙磁科技,142.58,2.8,2.31,154.08,135.563005217511,0.3296668,73.63808474,135,484,67.2,2026-08-05
2268,300836,佰奥智能,49.95,-0.06,1.64,164.02,49.195698323308,0.3277788,61.98544083,446,3287,60.8,2026-08-05
2269,300837,浙矿股份,22.72,0.18,0.54,47.49,22.535296986205,0.096442,63.58469236,463,2820,62.4,2026-08-05
2270,300838,浙江力诺,13.19,0.3,0.63,350.29,13.171315047969,0.0753552,55.36866137,-648,4770,61.2,2026-08-05
2271,300839,博汇股份,10.91,0.65,0.55,16.81,10.774459644313,0.1361436,66.03354677,-795,2113,62.0,2026-08-05
2272,300840,酷特智能,19.53,1.93,2.5,94.45,18.685213928552,0.2497164,68.24467729,288,1499,71.6,2026-08-05
2273,300841,康华生物,46.24,-1.18,0.4,54.9,47.200357360899,0.1778612,60.82811928,-203,3608,69.6,2026-08-05
2274,300842,帝科股份,55.74,0.45,0.73,139.6,55.24283576855,0.2635412,71.26429344,170,857,68.8,2026-08-05
2275,300843,胜蓝股份,118.15,0.77,1.52,134.09,115.927078311071,0.4075312,78.16093137,60,120,78.0,2026-08-05
2276,300844,山水比德,22.8,0.0,0.35,-13.57,22.854665918724,0.0376944,53.94941434,-112,4938,64.8,2026-08-05
2277,300845,捷安高科,10.75,1.42,1.28,-39.67,10.673413935617,0.1617512,53.31137799,-232,4995,64.0,2026-08-05
2278,300846,首都在线,21.63,0.46,2.22,-126.69,21.571306721611,0.2778032,52.86136401,-2857,5042,84.0,2026-08-05
2279,300847,中船汉光,16.66,15.29,6.99,48.08,14.389280722838,0.1925372,69.90510644,1122,1096,71.2,2026-08-05
2280,300848,美瑞新材,12.91,0.0,0.63,50.76,12.873068733886,0.2220424,60.00512034,113,3840,63.6,2026-08-05
2281,300849,锦盛新材,21.21,1.48,1.01,-127.62,20.865081982963,0.2669976,58.00281361,-1442,4304,60.0,2026-08-05
2282,300850,新强联,29.5,-1.3,1.37,20.42,29.967803958275,0.2203008,67.63236407,-1068,1647,77.6,2026-08-05
2283,300851,交大思诺,23.19,1.0,0.72,152.24,23.10689850086,0.0733336,60.2100087,-1977,3782,62.0,2026-08-05
2284,300852,四会富仕,42.47,1.17,1.87,38.8,40.951158021646,0.2881008,74.6982902,33,369,72.0,2026-08-05
2285,300853,申昊科技,26.68,1.21,1.79,-30.26,25.821815609759,0.2216396,63.18153108,680,2916,71.2,2026-08-05
2286,300854,中兰环保,16.79,0.72,2.68,160.15,16.555506531348,0.2070776,58.19006993,-18,4267,69.6,2026-08-05
2287,300855,图南股份,29.62,-0.27,0.52,30.65,29.636047270977,0.204288,66.13841157,-130,2085,67.2,2026-08-05
2288,300856,科思股份,11.06,-0.98,0.24,32.25,11.143995579281,0.2086884,62.60414694,177,3097,66.0,2026-08-05
2289,300857,协创数据,256.02,1.65,2.08,41.74,249.112266205714,0.5513132,80.43722065,-26,47,91.6,2026-08-05
2290,300858,科拓生物,14.33,-0.56,0.35,63.14,14.343624205351,0.2248624,63.59079574,-138,2818,63.6,2026-08-05
2291,300859,西域旅游,27.12,0.52,0.47,-39.36,26.953709395887,0.1798772,58.14003814,182,4282,69.6,2026-08-05
2292,300860,锋尚文化,26.81,0.79,1.08,260.35,26.201815022453,0.2907552,61.72174945,-244,3361,66.8,2026-08-05
2293,300861,美畅股份,17.15,1.48,1.42,14.83,16.754451644148,0.2568704,67.03530788,-1050,1801,68.4,2026-08-05
2294,300862,蓝盾光电,,,0.0,-101.27,18.965325430748,0.1352296,56.27200177,-22,4618,66.8,2026-08-05
2295,300863,卡倍亿,38.22,1.25,1.37,24.83,36.766869202421,0.3306052,71.00142438,638,896,62.8,2026-08-05
2296,300864,南大环境,18.97,0.37,0.23,16.39,18.642563119935,0.1993024,68.66094136,1792,1408,62.4,2026-08-05
2297,300865,大宏立,22.81,1.24,0.58,51.39,22.527449323114,0.0723184,60.12705614,935,3803,62.4,2026-08-05
2298,300866,安克创新,115.61,-1.69,0.54,36.04,116.97182603868,0.3343352,73.0276185,-341,564,78.4,2026-08-05
2299,300867,圣元环保,16.47,-0.96,0.64,9.96,16.61348760468,0.161896,60.29355572,-1275,3757,65.2,2026-08-05
2300,300868,杰美特,81.7,1.14,1.86,-322.27,77.765585540101,0.3252464,64.1209795,1829,2664,62.4,2026-08-05
2301,300869,康泰医学,11.14,0.27,0.24,-135.77,11.152233814715,0.1220228,53.01724959,9,5022,70.4,2026-08-05
2302,300870,欧陆通,203.0,-0.37,1.17,-617.69,196.971850355868,0.3473964,70.89976185,820,920,74.4,2026-08-05
2303,300871,回盛生物,22.12,0.59,0.56,14.37,21.806745806657,0.27154,73.37288556,1095,517,66.4,2026-08-05
2304,300872,天阳科技,17.2,1.84,1.6,278.35,16.816592493617,0.249644,65.5806801,-376,2254,74.0,2026-08-05
2305,300873,海晨股份,16.23,-0.43,2.22,1062.85,15.858384972611,0.2414672,71.80959411,482,741,65.2,2026-08-05
2306,300875,捷强装备,33.54,-0.71,1.53,-110.9,33.716079102651,0.1837048,59.24820554,-1056,4031,79.2,2026-08-05
2307,300876,蒙泰高新,15.35,1.12,1.08,-68.3,14.974579112441,0.1022864,57.74563752,-615,4354,64.8,2026-08-05
2308,300877,金春股份,24.21,0.04,0.19,246.75,24.054801438154,0.1977788,60.75927238,21,3622,60.8,2026-08-05
2309,300878,维康药业,32.77,4.1,1.52,680.47,30.95012506896,0.3071504,60.23272196,-552,3773,68.4,2026-08-05
2310,300879,大叶股份,16.79,-0.42,0.48,36.27,16.852310549097,0.1426956,61.19495793,981,3502,67.2,2026-08-05
2311,300880,迦南智能,19.78,0.0,0.64,77.29,19.773620056803,0.2203204,59.53977799,-612,3969,68.4,2026-08-05
2312,300881,盛德鑫泰,33.85,0.5,0.49,21.21,33.485254806522,0.1054296,60.99906206,-1150,3565,62.8,2026-08-05
2313,300882,万胜智能,15.25,-0.65,0.25,48.93,15.362159555453,0.1425744,63.13800711,-234,2932,67.2,2026-08-05
2314,300883,龙利得,5.64,-0.88,2.76,-144.12,5.661554183298,0.1653964,52.84243125,-247,5043,62.4,2026-08-05
2315,300884,狄耐克,11.84,2.25,1.23,-385.08,11.529904263332,0.163982,62.91615081,759,3009,64.8,2026-08-05
2316,300885,海昌新材,20.93,-0.05,0.55,53.91,20.89045865306,0.164942,64.27379824,-899,2623,63.6,2026-08-05
2317,300886,华业香料,22.6,1.12,0.76,96.88,22.374613323357,0.1064128,60.36137578,772,3735,64.0,2026-08-05
2318,300887,谱尼测试,8.22,12.6,9.75,-16.14,7.267207504908,0.2008708,61.99551834,1084,3285,65.2,2026-08-05
2319,300888,稳健医疗,29.52,-1.01,0.17,17.11,29.689331159374,0.2259252,67.51172963,-803,1675,74.8,2026-08-05
2320,300889,爱克股份,20.35,3.19,1.58,-61.99,19.686889916001,0.3376852,62.46112105,947,3137,62.8,2026-08-05
2321,300890,翔丰华,26.08,-0.38,0.93,33.27,26.065855912731,0.2317892,63.02833051,1030,2972,67.6,2026-08-05
2322,300891,惠云钛业,7.02,1.01,0.5,-92.3,6.976628344006,0.1423736,61.86899393,1746,3318,68.0,2026-08-05
2323,300892,品渥食品,22.19,-1.33,2.5,-316.61,22.32395032775,0.136638,59.52377039,1090,3972,76.0,2026-08-05
2324,300893,松原安全,16.57,-0.96,0.1,26.05,16.684843220673,0.1655988,62.63866743,-99,3084,64.4,2026-08-05
2325,300894,火星人,12.11,0.5,1.44,-23.04,11.870501227777,0.2281428,69.51612619,-564,1194,76.8,2026-08-05
2326,300895,铜牛信息,54.76,0.51,1.55,-128.38,54.236515933287,0.2915792,56.77143818,-3214,4546,81.6,2026-08-05
2327,300896,爱美客,103.12,-1.98,1.02,26.16,104.375313424089,0.3268796,71.76315198,-128,754,87.2,2026-08-05
2328,300897,山科智能,17.32,11.45,6.85,125.53,15.520665247662,0.1862076,60.11752343,747,3806,62.8,2026-08-05
2329,300898,熊猫乳品,20.43,-0.1,0.81,37.49,20.341850012604,0.1907188,60.0116845,-352,3838,74.4,2026-08-05
2330,300899,上海凯鑫,28.26,0.46,0.31,-39.99,27.929049424319,0.1279404,57.52159884,669,4405,62.8,2026-08-05
2331,300900,广联航空,24.14,0.84,2.76,187.72,23.853972942112,0.246214,51.8637148,-19,5098,71.2,2026-08-05
2332,300901,中胤时尚,15.61,0.39,0.47,610.77,15.435751340982,0.18684,63.11119877,925,2941,66.8,2026-08-05
2333,300902,国安达,16.18,-0.92,0.65,-107.9,16.291218549192,0.2260476,60.66110861,-470,3645,67.6,2026-08-05
2334,300903,科翔股份,61.19,14.16,8.15,-128.08,51.01717150884,0.4108296,59.74474338,1220,3909,72.4,2026-08-05
2335,300904,威力传动,41.05,-0.51,1.1,-29.82,41.363342235411,0.1188176,57.43949286,-1819,4422,65.2,2026-08-05
2336,300905,宝丽迪,39.18,0.82,1.26,49.86,38.343485446715,0.2199564,67.58366421,1740,1655,63.6,2026-08-05
2337,300906,日月明,26.18,0.0,0.41,34.77,26.219645296263,0.0786688,62.5225241,-85,3118,64.4,2026-08-05
2338,300907,康平科技,40.0,1.47,0.76,69.83,38.844532902735,0.2442308,64.11742796,-158,2665,57.6,2026-08-05
2339,300908,仲景食品,23.89,0.21,0.59,16.23,23.859937575916,0.117522,61.97682698,-215,3289,67.2,2026-08-05
2340,300909,汇创达,47.93,6.25,1.26,197.08,44.43791365902,0.3319596,64.73021897,30,2495,64.8,2026-08-05
2341,300910,瑞丰新材,29.82,1.02,0.48,20.41,29.466484089961,0.2763576,69.51009693,959,1198,68.4,2026-08-05
2342,300911,亿田智能,22.27,-1.24,2.41,-28.83,22.636890793803,0.2462972,65.55500783,-1663,2258,76.8,2026-08-05
2343,300912,凯龙高科,20.11,-1.52,3.6,56.61,20.254664537912,0.2407004,45.78266647,-153,5195,64.8,2026-08-05
2344,300913,兆龙互连,35.69,0.17,0.69,63.0,35.273141528514,0.2167752,68.73010175,-248,1389,71.6,2026-08-05
2345,300915,海融科技,19.86,-0.2,0.71,34.04,19.933117485134,0.0980572,54.9575281,-264,4818,68.4,2026-08-05
2346,300916,朗特智能,21.28,2.41,0.96,642.63,20.475318973318,0.175688,63.38461864,645,2870,62.8,2026-08-05
2347,300917,特发服务,26.4,-0.49,0.68,33.99,26.302817260047,0.2200728,60.34356338,-451,3738,69.6,2026-08-05
2348,300918,南山智尚,10.66,0.57,0.25,43.81,10.603636743516,0.155018,62.33517461,-1387,3179,70.0,2026-08-05
2349,300919,中伟新材,41.11,-1.3,0.38,19.33,41.537630019155,0.340552,66.94360816,-1059,1835,75.2,2026-08-05
2350,300920,润阳科技,31.28,4.02,0.85,322.59,29.992684095771,0.1965532,58.94708069,165,4102,62.4,2026-08-05
2351,300921,南凌科技,15.23,0.66,1.69,82.19,15.172751409178,0.1954176,63.72048177,-2556,2776,70.0,2026-08-05
2352,300922,天秦装备,17.57,-0.23,1.69,2900.18,17.484036907547,0.1853396,65.18627816,-1720,2365,70.8,2026-08-05
2353,300923,研奥股份,22.87,2.01,0.83,268.37,22.249146036244,0.1940192,62.99669043,1159,2980,63.6,2026-08-05
2354,300925,法本信息,15.83,0.57,1.06,75.49,15.801335503032,0.2095448,61.94076923,-322,3302,74.8,2026-08-05
2355,300926,博俊科技,17.9,-1.05,0.29,15.02,18.133636429556,0.125444,64.12770817,-148,2659,67.6,2026-08-05
2356,300927,江天化学,21.61,-0.37,0.54,60.52,21.596750785337,0.1607036,61.24825647,-1158,3487,64.0,2026-08-05
2357,300928,华安鑫创,25.28,-0.12,0.53,-28.3,25.359102542887,0.149796,55.82289628,-1511,4699,62.4,2026-08-05
2358,300929,华骐环保,13.87,0.29,1.13,-151.78,13.754921589783,0.1318244,60.19691253,-545,3784,66.4,2026-08-05
2359,300930,屹通新材,24.9,0.97,0.89,34.02,24.518804661419,0.1240972,65.84381321,908,2171,59.6,2026-08-05
2360,300931,通用电梯,11.5,0.35,0.49,-55.07,11.37171435413,0.1336872,52.51777474,-334,5062,59.6,2026-08-05
2361,300932,三友联众,9.96,-0.2,1.34,73.88,9.907991276513,0.22951,68.85471003,-196,1362,63.2,2026-08-05
2362,300933,中辰股份,6.74,-1.32,1.83,55.79,6.957626867653,0.254586,62.41267533,-1952,3153,76.4,2026-08-05
2363,300935,盈建科,33.66,5.19,5.7,-26.37,32.280830065632,0.2772968,62.2336207,-1459,3210,73.2,2026-08-05
2364,300936,中英科技,66.67,0.59,2.01,-1133.89,64.917673245963,0.28667,61.04654973,248,3550,64.8,2026-08-05
2365,300937,药易购,24.39,-0.29,2.28,-214.45,24.492879140573,0.1509904,63.11469462,71,2940,72.4,2026-08-05
2366,300938,信测标准,27.23,1.76,1.81,51.77,26.12560122925,0.3304372,65.26457923,1747,2346,65.6,2026-08-05
2367,300939,秋田微,60.99,7.3,1.69,126.44,56.12159671448,0.3328804,74.38559226,-179,407,68.4,2026-08-05
2368,300940,南极光,14.02,0.43,0.81,124.95,13.881887445785,0.173256,70.77830761,1873,933,64.8,2026-08-05
2369,300941,创识科技,16.3,9.62,9.8,3669.87,14.852926249979,0.1059068,65.73025664,2249,2209,69.6,2026-08-05
2370,300942,易瑞生物,6.62,2.0,1.03,-65.34,6.496715759226,0.0884252,54.28209397,-302,4897,66.4,2026-08-05
2371,300943,春晖智控,27.11,2.15,2.9,145.38,26.178106023626,0.283936,69.46635514,-491,1209,70.8,2026-08-05
2372,300945,曼卡龙,12.05,1.35,5.44,13.82,11.762475087076,0.2481152,77.03513265,1323,189,69.2,2026-08-05
2373,300946,恒而达,40.11,0.15,0.31,108.91,40.037307537298,0.2210904,58.90565427,125,4111,63.2,2026-08-05
2374,300947,德必集团,14.08,0.36,0.52,290.93,14.07829196393,0.0805316,58.59112538,626,4179,65.6,2026-08-05
2375,300948,冠中生态,20.51,1.58,2.58,7569.64,19.494519667393,0.3266132,64.10501059,906,2671,62.0,2026-08-05
2376,300949,奥雅股份,21.72,0.98,0.68,-164.03,21.580899052262,0.0502356,56.05491076,-2371,4663,65.2,2026-08-05
2377,300950,德固特,16.9,0.96,0.77,119.86,16.704582670154,0.1144332,65.05391818,-653,2407,66.0,2026-08-05
2378,300951,博硕科技,65.82,-0.26,2.06,-141.12,64.733983428974,0.401436,71.55108231,165,809,74.0,2026-08-05
2379,300952,恒辉安防,17.29,-0.52,0.68,159.5,17.329570510449,0.166226,59.6868467,-2083,3922,62.8,2026-08-05
2380,300953,震裕科技,102.18,0.86,1.37,22.08,99.437502978136,0.3757444,76.66958146,82,217,70.8,2026-08-05
2381,300955,嘉亨家化,30.81,-0.61,0.3,-185.57,30.686641364172,0.209394909091,55.35932145,21,4772,60.4,2026-08-05
2382,300956,英力股份,11.08,1.84,0.75,-105.02,10.88604945593,0.1473588,64.3477609,516,2600,62.8,2026-08-05
2383,300957,贝泰妮,32.96,-1.9,0.85,52.91,33.543125417402,0.2298616,68.41189127,-368,1466,76.8,2026-08-05
2384,300958,建工修复,11.28,-0.09,0.96,-21.02,11.349227521083,0.095352,48.38066381,-25,5184,63.2,2026-08-05
2385,300959,线上线下,99.17,1.97,1.82,-927.03,95.833302500081,0.2021828,64.2741794,853,2622,62.8,2026-08-05
2386,300960,通业科技,15.85,1.28,0.4,-47.84,15.705690368192,0.0502944,58.9150433,4,4105,61.6,2026-08-05
2387,300961,深水海纳,10.8,1.6,0.54,-18.12,10.620219056218,0.1050416,48.20619333,1,5187,65.6,2026-08-05
2388,300962,中金辐照,13.32,0.23,0.31,37.2,13.173843933213,0.2552044,66.7756431,-78,1885,65.2,2026-08-05
2389,300963,中洲特材,12.69,-2.08,1.99,75.69,12.701447637834,0.2469792,68.12146317,-92,1532,78.8,2026-08-05
2390,300964,本川智能,54.81,6.1,4.19,122.63,50.855866520024,0.2848816,65.69865899,1722,2217,66.8,2026-08-05
2391,300965,恒宇信通,43.68,1.44,0.51,-193.2,42.947582551695,0.20568,58.48691753,-522,4203,62.0,2026-08-05
2392,300966,共同药业,26.93,4.79,2.56,242.65,25.433202751676,0.156714,59.74913132,-202,3905,64.8,2026-08-05
2393,300967,晓鸣股份,15.15,-0.13,0.72,-31.27,15.09408903254,0.256368,61.10170539,1173,3531,62.4,2026-08-05
2394,300968,格林精密,11.06,-0.63,1.57,-25.36,11.000728969658,0.192148,59.29305674,-313,4021,77.2,2026-08-05
2395,300969,恒帅股份,75.65,-0.2,0.86,77.29,75.213289601613,0.2538836,69.85529029,723,1104,66.4,2026-08-05
2396,300970,华绿生物,17.31,0.52,1.02,6.25,17.115115460584,0.146352,74.06051264,1167,438,62.0,2026-08-05
2397,300971,博亚精工,18.66,0.16,0.5,44.94,18.577061633328,0.1137184,62.78657515,-313,3048,62.8,2026-08-05
2398,300972,万辰集团,201.19,-1.86,0.29,15.76,202.774048399496,0.3380816,69.01685935,-363,1320,73.2,2026-08-05
2399,300973,立高食品,25.08,-1.61,0.46,16.59,25.233847545302,0.1847864,61.2537817,538,3486,66.8,2026-08-05
2400,300975,商络电子,27.16,3.27,5.57,18.18,25.439177939527,0.3213012,73.8262239,291,465,74.0,2026-08-05
2401,300976,达瑞电子,53.88,3.2,1.48,35.02,51.061949916467,0.250378,75.63827864,707,284,62.4,2026-08-05
2402,300977,深圳瑞捷,15.78,-0.32,0.31,-173.47,15.859102991115,0.0722952,55.48965603,-417,4756,63.6,2026-08-05
2403,300978,东箭科技,8.52,-0.12,0.24,28.17,8.526220900775,0.1606116,59.84723276,-92,3888,64.0,2026-08-05
2404,300979,华利集团,34.24,0.23,0.06,26.01,33.889715899555,0.1106464,74.69863612,688,368,68.8,2026-08-05
2405,300980,祥源新材,21.75,1.12,1.02,43.35,21.514299628603,0.1218264,60.90815923,-327,3591,62.4,2026-08-05
2406,300981,中红医疗,14.35,-8.01,3.49,312.07,15.242872284693,0.218004,62.05794605,-1498,3265,82.0,2026-08-05
2407,300982,苏文电能,15.25,-0.33,0.3,-93.18,15.336867668257,0.1808572,52.05639429,3,5087,61.2,2026-08-05
2408,300983,尤安设计,39.03,0.54,0.34,-2010.6,38.774604799543,0.2088576,60.50384941,879,3696,65.2,2026-08-05
2409,300984,金沃股份,34.22,1.42,0.68,112.39,33.557297050479,0.2515548,65.6155317,604,2243,64.8,2026-08-05
2410,300985,致远新能,31.44,4.66,0.83,130.31,29.942419954328,0.1768564,63.3009435,163,2895,64.0,2026-08-05
2411,300986,志特新材,12.46,-2.66,3.8,46.58,12.6065871035,0.2771656,72.53212007,983,631,77.6,2026-08-05
2412,300987,川网传媒,13.74,0.22,0.76,274.33,13.744079828806,0.1231524,62.49575496,-1192,3128,68.0,2026-08-05
2413,300988,津荣天宇,14.86,-0.13,0.69,23.98,14.847667089174,0.2534572,69.24853414,-74,1258,65.2,2026-08-05
2414,300989,蕾奥规划,12.84,-5.73,2.72,-22.85,13.346229992364,0.217592,52.07361505,-1088,5086,74.0,2026-08-05
2415,300990,同飞股份,69.77,-0.57,2.54,49.96,68.894045722555,0.2739308,77.47823721,60,164,76.4,2026-08-05
2416,300991,创益通,27.53,1.62,1.07,-154.14,27.013604422121,0.1417232,63.71057439,1815,2782,64.8,2026-08-05
2417,300992,泰福泵业,23.07,2.99,0.93,-60.71,22.416127673369,0.151208,59.58511023,511,3950,61.6,2026-08-05
2418,300993,玉马科技,9.95,-0.4,0.22,27.51,9.959643211214,0.1529752,60.82159561,-1223,3609,62.0,2026-08-05
2419,300994,久祺股份,10.95,-0.09,0.45,37.39,11.020017812611,0.0944872,62.49082325,-115,3131,62.4,2026-08-05
2420,300995,奇德新材,26.15,0.62,0.53,87.69,25.991756078403,0.0907732,61.14977161,-1647,3514,62.4,2026-08-05
2421,300996,普联软件,20.22,5.31,16.27,339.99,18.669241362562,0.385130754717,71.97200291,19,712,86.0,2026-08-05
2422,300997,欢乐家,17.52,-2.56,1.71,51.27,17.759797926974,0.2087216,67.19266928,1827,1756,80.0,2026-08-05
2423,300998,宁波方正,25.0,3.78,1.19,346.42,24.155973943049,0.26126,60.42805391,541,3720,62.0,2026-08-05
2424,300999,金龙鱼,25.97,-0.8,0.4,23.76,26.236723810857,0.2452084,66.669032,-304,1926,82.0,2026-08-05
2425,301000,肇民科技,26.08,0.69,0.73,59.18,25.744121180396,0.1942784,63.94885116,650,2711,67.6,2026-08-05
2426,301001,凯淳股份,23.8,0.13,1.01,1075.59,23.809265954676,0.0874624,54.93814516,-1828,4823,65.6,2026-08-05
2427,301002,崧盛股份,28.94,0.91,1.28,63.83,28.488590477756,0.187262,65.40429651,1615,2303,61.6,2026-08-05
2428,301003,江苏博云,49.8,1.22,0.49,67.76,49.144189266616,0.2986664,64.01475518,-603,2692,60.0,2026-08-05
2429,301004,嘉益股份,35.64,-0.75,0.16,21.15,35.840697740174,0.1447724,65.71063946,-644,2213,66.4,2026-08-05
2430,301005,超捷股份,75.79,2.45,2.65,250.3,72.812257533646,0.297082,66.24471053,-210,2063,76.8,2026-08-05
2431,301006,迈拓股份,13.12,0.38,0.53,136.4,13.116024336554,0.0707524,67.17256723,836,1761,63.2,2026-08-05
2432,301007,德迈仕,29.91,3.49,1.48,129.36,28.990598390688,0.3234504,63.30209891,-84,2894,65.2,2026-08-05
2433,301008,宏昌科技,34.26,1.36,1.59,781.03,33.321582527957,0.2482468,70.16601058,-511,1042,68.4,2026-08-05
2434,301009,可靠股份,8.9,0.23,0.59,321.79,8.918491247466,0.0904644,55.79639267,-770,4705,66.0,2026-08-05
2435,301010,晶雪节能,16.68,0.42,0.25,206.39,16.669776533152,0.0969744,57.14025917,-160,4488,64.4,2026-08-05
2436,301011,华立科技,15.19,0.8,0.45,-55.96,15.116027615931,0.089006,65.32296767,916,2326,66.0,2026-08-05
2437,301012,扬电科技,26.56,-1.12,1.75,63.63,26.686559886476,0.2831968,62.80784286,-2366,3039,77.6,2026-08-05
2438,301013,利和兴,44.69,-2.21,9.89,810.03,44.185662623246,0.3707948,69.2531207,379,1257,84.8,2026-08-05
2439,301015,百洋医药,22.99,-2.21,0.46,24.37,23.495261943742,0.2782632,69.56843639,-993,1182,71.6,2026-08-05
2440,301016,雷尔伟,13.23,-4.41,1.88,388.81,13.850799533152,0.206354,67.15080133,969,1768,60.4,2026-08-05
2441,301017,漱玉平民,13.7,-1.44,0.37,134.12,13.923758204278,0.1894064,57.88163179,110,4325,65.6,2026-08-05
2442,301018,申菱环境,84.06,-0.05,1.46,277.88,81.537318185344,0.3828732,75.20074317,104,322,82.8,2026-08-05
2443,301019,宁波色母,15.2,0.53,0.47,25.71,14.993355147035,0.2380564,67.47547845,1928,1680,60.0,2026-08-05
2444,301020,密封科技,20.83,0.82,0.44,25.42,20.431279983845,0.2103132,67.75052732,-865,1607,63.2,2026-08-05
2445,301021,英诺激光,63.1,3.61,2.11,209.3,59.165374828977,0.2518152,71.75449265,1353,755,71.6,2026-08-05
2446,301022,海泰科,22.98,-0.69,0.62,-106.45,23.0622557631,0.1633388,58.18073145,-1586,4268,62.4,2026-08-05
2447,301023,奕帆传动,30.26,2.06,1.18,53.79,29.459950683496,0.1504752,64.33821094,125,2605,62.4,2026-08-05
2448,301024,霍普股份,32.33,0.69,0.56,-26.83,32.034591696032,0.117132,53.29657994,-1236,4997,63.2,2026-08-05
2449,301025,读客文化,9.12,0.77,1.33,299.78,9.033905112338,0.1450796,56.00782829,-814,4669,68.8,2026-08-05
2450,301026,浩通科技,22.3,3.77,12.31,19.26,20.612201253033,0.4107324,71.19292995,2475,865,64.4,2026-08-05
2451,301027,华蓝集团,20.42,0.59,0.9,-91.6,20.055228882485,0.3594488,57.6094338,-433,4388,62.8,2026-08-05
2452,301028,鼎熔岩,12.56,0.56,0.54,20.81,12.445567825071,0.1512924,66.7460295,-108,1893,59.2,2026-08-05
2453,301029,怡合达,26.26,2.06,1.07,32.33,25.720601606602,0.3069436,71.71128652,-367,768,66.4,2026-08-05
2454,301030,*ST仕净,8.7,-0.91,1.29,-3.75,8.708986972074,0.2649604,50.29951149,15,5152,61.2,2026-08-05
2455,301031,中熔电气,87.99,0.01,0.65,28.23,86.963309545779,0.26547,77.903394,50,140,65.2,2026-08-05
2456,301032,新柴股份,9.86,0.41,0.68,29.37,9.850371568925,0.0888516,59.52603738,-104,3971,60.8,2026-08-05
2457,301033,迈普医学,59.26,-1.04,0.72,47.98,58.698738300004,0.245518,74.95203624,879,346,67.2,2026-08-05
2458,301035,润丰股份,54.48,-0.78,0.16,30.03,54.663100771452,0.18691,71.55422727,-121,806,66.4,2026-08-05
2459,301036,双乐股份,21.35,0.8,0.4,-99.54,21.152509329789,0.0734064,58.14759352,23,4279,64.8,2026-08-05
2460,301037,保立佳,12.68,2.34,2.28,-16.95,12.455211264898,0.056354,57.58025418,-975,4394,63.6,2026-08-05
2461,301038,深水规院,16.56,-0.54,0.32,-26.79,16.701150138398,0.254842,62.06469832,1184,3264,68.4,2026-08-05
2462,301039,中集车辆,8.06,-1.47,0.36,24.07,8.204008306145,0.144698,65.14795065,-432,2377,70.8,2026-08-05
2463,301040,中环海陆,25.9,0.82,1.05,-25.04,25.495012693839,0.2582872,58.62402028,-2669,4171,71.2,2026-08-05
2464,301041,金百泽,23.84,2.19,1.9,-3552.84,23.063881921824,0.161642,66.16609048,-290,2078,65.2,2026-08-05
2465,301042,安联锐视,30.08,0.91,2.73,64.72,29.300908954849,0.2473208,56.06851769,1,4659,71.6,2026-08-05
2466,301043,绿岛风,42.99,3.47,0.64,38.59,41.442063772049,0.114804,62.49228326,-491,3130,59.6,2026-08-05
2467,301045,天禄科技,66.08,4.29,4.55,188.89,59.352637335267,0.4290848,74.34013228,1984,410,60.4,2026-08-05
2468,301046,能辉科技,19.21,0.26,0.65,-167.76,18.943789958588,0.2290828,62.59597607,423,3099,62.8,2026-08-05
2469,301047,义翘神州,88.55,-2.26,3.12,83.76,90.817912835158,0.3373088,67.15953315,-1624,1765,82.4,2026-08-05
2470,301048,金鹰重工,9.09,-0.11,0.18,25.7,9.052291672973,0.1697984,66.46685389,1204,1982,63.6,2026-08-05
2471,301049,超越科技,19.16,0.37,0.64,-25.43,19.118334120983,0.073186,56.62211568,554,4566,64.4,2026-08-05
2472,301050,雷电微力,31.6,-0.06,0.52,-35.89,31.567963805582,0.1967424,58.36713358,-1156,4229,68.8,2026-08-05
2473,301051,信濠光电,15.64,6.03,2.21,-20.34,14.463138039781,0.2595692,63.15733566,1311,2924,60.8,2026-08-05
2474,301052,果麦文化,25.13,1.49,3.36,-75.56,24.725668640992,0.1555012,60.43559355,-1300,3718,71.6,2026-08-05
2475,301053,远信工业,40.25,-1.35,2.95,78.62,39.88357233368,0.4856456,60.69006011,-402,3636,59.6,2026-08-05
2476,301055,张小泉,29.16,2.28,1.02,39.0,28.456785931828,0.2335164,68.60559899,-447,1417,63.2,2026-08-05
2477,301056,森赫股份,10.05,0.9,0.37,66.55,9.927307717045,0.0309468,57.23893113,-388,4468,61.6,2026-08-05
2478,301057,汇隆新材,21.32,0.14,1.57,38.19,21.191239743132,0.0750916,54.22179013,-1507,4908,62.0,2026-08-05
2479,301058,中粮科工,8.22,-0.36,0.18,28.81,8.249569525632,0.2005564,69.29903159,57,1246,66.0,2026-08-05
2480,301059,金三江,11.28,0.36,0.3,28.73,11.218846228779,0.1580208,62.35822983,-352,3171,62.4,2026-08-05
2481,301060,兰卫医学,8.98,0.22,0.41,24.36,9.003901284078,0.143638,60.61788963,-796,3665,68.8,2026-08-05
2482,301061,匠心家居,35.85,-1.24,0.58,15.32,36.255060628569,0.1172672,67.60066825,-256,1651,67.2,2026-08-05
2483,301062,上海艾录,6.55,2.34,1.86,-358.76,6.334292568017,0.0932784,48.04314119,-7,5189,64.4,2026-08-05
2484,301063,海锅股份,17.45,0.63,0.35,69.39,17.345992495125,0.1168228,64.39077139,1091,2587,63.2,2026-08-05
2485,301065,本立科技,18.54,0.32,0.38,46.4,18.505581457188,0.087354,62.78895712,1188,3045,62.8,2026-08-05
2486,301066,万事利,12.57,0.0,0.32,49.51,12.515644301434,0.1973612,60.5734275,-1552,3679,64.8,2026-08-05
2487,301067,显盈科技,27.93,1.49,1.69,-108.62,27.055702224181,0.2127056,62.89298828,-374,3018,61.2,2026-08-05
2488,301068,大地海洋,29.11,0.62,0.34,75.6,29.038500955766,0.204332,67.08842904,270,1785,67.6,2026-08-05
2489,301069,凯盛新材,16.75,-0.06,0.3,45.94,16.632772013323,0.2076268,65.19338667,475,2363,67.6,2026-08-05
2490,301070,开勒股份,59.27,1.18,0.92,-264.13,58.095634503983,0.38235,63.74342802,-758,2770,61.6,2026-08-05
2491,301071,力量钻石,57.52,1.86,2.91,81.24,55.139098098745,0.2842924,72.33074432,679,656,76.0,2026-08-05
2492,301072,中捷精工,33.26,-2.61,1.91,-81.88,33.839327364101,0.226168,66.04244205,446,2111,61.6,2026-08-05
2493,301073,君亭酒店,18.21,1.28,1.28,131.74,18.046221771099,0.133682,67.3498287,1273,1714,70.4,2026-08-05
2494,301075,多瑞医药,56.18,1.06,0.3,-80.44,54.91748948023,0.23559,58.17016608,-364,4272,67.2,2026-08-05
2495,301076,新瀚新材,23.11,0.26,1.13,83.74,22.619674176299,0.2402096,68.98299513,1715,1333,68.8,2026-08-05
2496,301077,星华新材,20.35,1.5,0.84,26.39,20.002219048375,0.1338488,65.49130795,1436,2274,60.8,2026-08-05
2497,301078,孩子王,7.53,-0.92,0.45,48.97,7.586192657769,0.1584168,62.81893752,-252,3034,72.0,2026-08-05
2498,301079,邵阳液压,29.33,1.7,1.83,257.94,28.817147134046,0.160828,60.07407976,300,3819,65.6,2026-08-05
2499,301080,百普赛斯,56.01,3.74,2.62,50.76,53.557719503971,0.236424,75.88006979,493,266,75.2,2026-08-05
2500,301081,严牌股份,12.32,3.53,0.74,243.48,11.802886323363,0.1704384,60.33789993,187,3740,58.0,2026-08-05
2501,301082,久盛电气,11.26,-7.17,4.93,-121.62,11.462201290866,0.249042,71.70196114,628,773,83.6,2026-08-05
2502,301083,百胜智能,13.56,0.67,0.68,134.56,13.505775418809,0.0968936,59.44509305,-1812,3984,64.0,2026-08-05
2503,301085,亚康股份,63.5,0.02,2.12,58.06,63.771617121067,0.2493288,65.69917476,-1825,2216,80.0,2026-08-05
2504,301086,鸿富瀚,108.52,2.38,1.75,87.94,103.078142248362,0.2628308,72.11027389,161,691,67.2,2026-08-05
2505,301087,可孚医疗,52.64,-0.79,0.34,29.0,52.994820555029,0.236102,74.31978508,307,412,70.4,2026-08-05
2506,301088,戎美股份,11.98,-0.25,0.14,49.82,12.009252940772,0.108156,53.52355765,-526,4980,62.0,2026-08-05
2507,301089,拓新药业,23.6,-0.42,0.53,-71.04,23.764169588132,0.2565644,57.6933955,-984,4362,71.2,2026-08-05
2508,301090,华润材料,6.61,-0.15,0.12,116.41,6.600514335803,0.2493812,63.67334025,52,2791,64.0,2026-08-05
2509,301091,深城交,18.07,0.56,0.53,-45.06,17.982852643407,0.1661484,61.21335274,-1708,3494,74.0,2026-08-05
2510,301092,争光股份,43.9,0.87,2.05,83.51,42.792707142209,0.2266524,62.48272714,-1461,3132,70.8,2026-08-05
2511,301093,华兰股份,70.45,6.9,1.48,6157.28,63.999029980626,0.408238,65.94294378,488,2138,60.4,2026-08-05
2512,301095,广立微,71.93,0.21,1.36,-336.07,70.737288261684,0.2985,76.09521655,71,252,73.6,2026-08-05
2513,301096,百诚医药,41.75,0.6,0.56,88.98,41.173192959368,0.192972363636,63.13813435,-480,2931,66.4,2026-08-05
2514,301097,天益医疗,33.23,0.51,0.49,72.94,33.109153961587,0.171728,61.09060578,464,3535,61.2,2026-08-05
2515,301098,金埔园林,8.67,3.58,3.13,-29.29,8.317351388409,0.1436276,53.85402498,-1507,4951,64.0,2026-08-05
2516,301099,雅创电子,48.26,1.3,2.77,33.31,46.540193767056,0.2448696,75.03630183,16,339,73.2,2026-08-05
2517,301100,风光股份,15.89,-0.31,0.48,-75.93,15.722214012999,0.1044004,57.38941153,-308,4439,70.0,2026-08-05
2518,301101,明月镜片,29.65,-1.36,0.37,26.6,30.057847654212,0.1266576,69.44503042,927,1213,69.2,2026-08-05
2519,301102,兆讯传媒,9.78,0.31,0.2,173.35,9.747272947011,0.1520336,68.14079165,1099,1528,65.2,2026-08-05
2520,301103,何氏眼科,16.1,-0.06,0.36,19.46,16.143998396895,0.0698772,58.14809612,-487,4278,65.2,2026-08-05
2521,301105,鸿铭股份,47.08,2.79,1.08,-150.93,46.222071845023,0.1798464,55.72396157,225,4714,62.0,2026-08-05
2522,301106,骏成科技,16.83,1.08,0.38,74.41,16.593981563616,0.0932352,67.34476606,1311,1717,59.2,2026-08-05
2523,301107,瑜欣电子,19.17,3.29,1.05,60.26,18.506468542003,0.1552684,67.39584048,1683,1702,55.2,2026-08-05
2524,301108,洁雅股份,36.65,2.52,1.01,100.43,35.862869544846,0.176072,69.20177563,789,1270,69.2,2026-08-05
2525,301109,军信股份,13.55,-1.53,0.3,12.17,13.727256038378,0.095988,69.34723409,144,1236,63.6,2026-08-05
2526,301110,青木科技,38.4,-0.08,1.87,29.53,37.997610586459,0.2492184,66.74483403,-377,1895,71.2,2026-08-05
2527,301111,粤万年青,19.24,1.26,0.79,-232.75,18.916998234751,0.1424732,56.40157382,96,4601,60.8,2026-08-05
2528,301112,信邦智能,32.03,0.09,0.28,501.35,32.001338884792,0.2052272,54.8018715,-427,4839,72.8,2026-08-05
2529,301113,雅艺科技,15.53,0.84,0.38,-176.43,15.413871171565,0.085974,55.31567351,-1715,4780,62.0,2026-08-05
2530,301115,联检科技,27.03,2.81,1.26,-38.57,25.713040593929,0.2803096,62.9422002,997,2999,55.6,2026-08-05
2531,301116,益客食品,8.71,-0.46,0.27,31.19,8.819602941211,0.0865092,53.10043583,-130,5016,63.6,2026-08-05
2532,301117,佳缘科技,18.7,1.58,1.98,-34.97,18.440816529759,0.11703,53.61514485,-724,4969,73.6,2026-08-05
2533,301118,恒光股份,21.97,3.88,1.39,25.21,21.115780125448,0.1490808,65.1169828,1154,2389,62.8,2026-08-05
2534,301119,正强股份,21.06,0.48,0.47,30.05,20.988040493903,0.153868,66.84687256,338,1865,60.8,2026-08-05
2535,301120,新特电气,15.5,-2.45,2.47,-770.28,15.774911836053,0.2226808,62.13412188,-2491,3238,74.8,2026-08-05
2536,301121,紫建电子,34.68,0.7,0.78,-196.73,33.740680041714,0.1451624,60.226065,-1461,3775,70.8,2026-08-05
2537,301122,采纳股份,31.67,1.51,1.46,73.83,30.980456737188,0.1925884,60.93510633,-290,3584,66.0,2026-08-05
2538,301123,奕东电子,67.15,2.52,1.99,415.08,63.902423722154,0.2682264,66.4723933,424,1981,68.4,2026-08-05
2539,301125,腾亚精工,13.83,1.02,0.52,-33.02,13.824732517026,0.1715784,54.62914534,-1148,4859,66.8,2026-08-05
2540,301126,达嘉维康,9.26,-0.11,0.84,79.72,9.27110350778,0.031906,58.61984972,-300,4173,65.2,2026-08-05
2541,301127,武汉天源,15.21,1.54,1.94,57.31,14.755541083702,0.3493004,65.93566723,-1162,2143,69.6,2026-08-05
2542,301128,强瑞技术,109.15,6.72,3.38,268.95,98.891531833988,0.3601468,74.54707479,802,387,68.8,2026-08-05
2543,301129,瑞纳智能,21.11,0.29,0.8,-33.45,21.083715286027,0.0990664,61.08621154,-438,3537,63.6,2026-08-05
2544,301130,西点药业,24.24,0.37,0.62,50.47,24.249538456268,0.078182,58.11165408,-1328,4288,64.0,2026-08-05
2545,301131,聚赛龙,33.09,0.52,0.48,48.84,32.952398283301,0.1187556,56.16172414,-1615,4637,63.6,2026-08-05
2546,301132,满坤科技,32.31,2.57,1.94,66.0,31.116759240113,0.1868168,63.79184212,-1655,2760,71.6,2026-08-05
2547,301133,金钟股份,26.1,0.12,0.5,118.12,25.88630182315,0.1852472,61.28513981,-56,3476,64.0,2026-08-05
2548,301135,瑞德智能,16.44,0.86,0.69,-147.2,16.364020188178,0.1405092,61.9969088,1306,3283,67.6,2026-08-05
2549,301136,招标股份,11.55,0.35,0.5,147.46,11.53306774992,0.0904164,55.29917358,-41,4783,65.6,2026-08-05
2550,301137,哈焊华通,36.91,-3.78,2.23,247.05,37.810825664796,0.2388752,64.77234367,-1988,2481,81.6,2026-08-05
2551,301138,华研精机,26.19,0.15,0.33,75.25,26.073205882353,0.1644008,63.8574401,-769,2737,63.2,2026-08-05
2552,301139,*ST元道,3.78,-5.03,9.56,145.9,3.980601940125,0.1363912,48.1123587,-46,5188,73.6,2026-08-05
2553,301141,中科磁业,42.6,6.45,10.63,213.89,40.33533435466,0.237532,67.77303265,2291,1603,68.8,2026-08-05
2554,301148,嘉戎技术,47.6,-0.83,0.73,721.91,48.075020236827,0.2586672,62.41686929,1670,3151,58.8,2026-08-05
2555,301149,隆华新材,7.85,0.9,0.49,23.5,7.789518717325,0.195768,65.14972071,1159,2375,61.6,2026-08-05
2556,301150,中一科技,37.54,2.76,2.64,42.91,35.819234712181,0.2225484,65.67037169,-903,2224,72.8,2026-08-05
2557,301151,冠龙节能,17.01,6.18,3.01,-110.59,15.939609302266,0.2532076,67.42176263,1202,1694,63.6,2026-08-05
2558,301152,天力锂能,19.81,-0.35,1.77,69.58,19.785587070778,0.0960152,50.13682648,-56,5155,70.4,2026-08-05
2559,301153,中科江南,18.59,0.54,0.57,-65.94,18.596710036347,0.2272668,68.15369475,-57,1524,70.8,2026-08-05
2560,301155,海力风电,45.69,-0.82,1.04,185.4,45.547357610089,0.32292,72.92276715,227,582,72.4,2026-08-05
2561,301156,美农生物,10.92,-0.09,0.65,37.36,10.917106386813,0.077572,58.14009337,-422,4281,62.0,2026-08-05
2562,301157,华塑科技,57.62,0.7,0.93,88.41,56.906031374385,0.1182808,68.2149579,-171,1512,63.2,2026-08-05
2563,301158,德石股份,14.74,-0.54,0.98,120.3,14.740381386805,0.172576,58.1668369,-782,4273,70.4,2026-08-05
2564,301159,三维天地,33.14,-0.99,6.47,-41.73,34.648734124862,0.177184,74.51551725,-124,392,72.8,2026-08-05
2565,301160,翔楼新材,37.4,1.19,0.77,32.67,37.18077747726,0.2541676,66.81851088,-1528,1874,64.0,2026-08-05
2566,301161,唯万密封,26.69,0.57,1.14,27.36,26.568183639059,0.214488,67.73793882,37,1612,64.4,2026-08-05
2567,301162,国能日新,41.52,1.1,0.71,85.7,41.811617739559,0.208518,66.2376822,-1383,2067,69.2,2026-08-05
2568,301163,宏德股份,22.82,-0.48,0.48,137.78,22.771405580331,0.0686052,60.53718466,-1787,3684,62.0,2026-08-05
2569,301165,锐捷网络,117.18,1.44,1.13,265.4,116.422927048107,0.406894,77.01155312,33,192,83.2,2026-08-05
2570,301166,优宁维,26.45,0.3,0.49,-67.06,26.491250644396,0.0851152,57.98548709,-2099,4306,63.2,2026-08-05
2571,301167,建研设计,13.49,0.6,0.49,36.51,13.474113634169,0.0784052,54.86527225,-95,4834,65.6,2026-08-05
2572,301168,通灵股份,42.55,-0.61,0.44,489.84,42.080307000221,0.3361188,63.85335743,1302,2742,62.4,2026-08-05
2573,301169,零点有数,55.39,2.4,1.38,-60.36,52.93722547214,0.2277492,66.20637048,-313,2072,70.0,2026-08-05
2574,301170,锡南科技,22.09,0.36,0.63,23.37,22.051925599262,0.0587076,61.40562103,-1526,3439,62.0,2026-08-05
2575,301171,易点天下,39.01,0.0,8.64,-94.94,38.851947434429,0.3788592,74.81871826,-349,361,94.0,2026-08-05
2576,301172,君逸数码,18.02,1.46,1.51,453.95,17.724381139359,0.146778,66.97061388,-1498,1824,68.0,2026-08-05
2577,301173,毓恬冠佳,30.23,-0.1,0.68,36.85,30.397384563989,0.1470776,66.33639747,1000,2026,62.4,2026-08-05
2578,301175,中科环保,5.44,-0.37,0.8,17.58,5.49682086699,0.242898,64.02361521,-416,2690,68.4,2026-08-05
2579,301176,逸豪新材,45.04,2.36,2.52,202.72,42.769726655944,0.229712,65.90180073,1872,2153,70.4,2026-08-05
2580,301177,迪阿股份,23.62,1.64,0.21,62.89,23.034172888132,0.1519016,62.55306762,-33,3110,60.8,2026-08-05
2581,301178,天亿马,36.79,0.38,1.69,941.91,36.097118446498,0.2749812,69.76638475,-575,1130,70.8,2026-08-05
2582,301179,泽宇智能,19.93,-0.4,0.4,79.12,19.907822523625,0.1781344,66.32633115,-98,2030,65.2,2026-08-05
2583,301180,万祥科技,11.5,-0.26,0.35,-1116.35,11.460936945081,0.1094068,56.39064711,93,4605,62.0,2026-08-05
2584,301181,标榜股份,22.54,2.45,1.08,32.91,21.89053892022,0.1417836,66.35456784,30,2018,61.6,2026-08-05
2585,301182,凯旺科技,65.63,-5.15,3.51,-43.95,66.225477066758,0.4052612,66.49136523,-725,1972,78.4,2026-08-05
2586,301183,东田微,163.92,1.53,2.25,116.92,157.182987695555,0.2984672,64.2136531,-1712,2641,72.8,2026-08-05
2587,301185,鸥玛软件,16.85,-0.12,0.5,168.89,16.860904591507,0.137224,70.03167017,-213,1067,69.2,2026-08-05
2588,301186,超达装备,35.02,-0.17,0.4,62.96,34.589118433628,0.2397912,68.55179751,165,1427,63.6,2026-08-05
2589,301187,欧圣电气,15.83,0.32,0.25,90.75,15.811905997924,0.0608152,54.33187906,-260,4892,65.2,2026-08-05
2590,301188,力诺药包,38.67,2.98,2.37,63.08,36.757957775375,0.3597024,67.04467049,258,1799,62.0,2026-08-05
2591,301189,奥尼电子,47.33,2.56,0.79,118.31,46.000474483409,0.2696444,67.74880365,1624,1608,58.8,2026-08-05
2592,301190,善水科技,18.02,-0.99,1.15,25.47,18.015597259919,0.183876,62.83016421,-1834,3029,70.4,2026-08-05
2593,301191,菲菱科思,93.12,3.2,3.32,117.64,89.823599149664,0.3004572,62.65403634,-917,3078,74.4,2026-08-05
2594,301192,泰祥股份,19.12,0.63,0.72,50.43,19.070175591249,0.0324356,58.36046065,-234,4231,63.2,2026-08-05
2595,301193,家联科技,17.57,-0.28,0.53,-10.73,17.436426763834,0.2127416,57.06732298,53,4499,58.8,2026-08-05
2596,301195,北路智控,26.78,0.64,0.49,33.27,26.576655123854,0.1419204,63.80085256,-67,2756,64.4,2026-08-05
2597,301196,唯科科技,78.51,3.71,2.75,45.17,72.956440236443,0.2582844,75.43022446,1050,296,67.6,2026-08-05
2598,301197,工大科雅,25.89,0.78,1.59,-109.71,25.01305730014,0.3308004,65.66460194,2599,2226,58.4,2026-08-05
2599,301198,喜悦智行,11.81,-0.25,0.64,-4169.18,11.794271041512,0.0871592,57.62287842,-1521,4382,60.4,2026-08-05
2600,301199,迈赫股份,18.51,0.0,0.18,45.47,18.46002885105,0.1421568,60.24792061,-638,3770,64.0,2026-08-05
2601,301200,大族数控,260.95,-0.17,0.25,98.79,255.23342309472,0.3363268,80.22522839,-14,49,78.0,2026-08-05
2602,301201,诚达药业,32.21,3.3,2.59,177.93,31.072753384339,0.2903644,69.76297179,15,1133,71.2,2026-08-05
2603,301202,朗威股份,33.99,1.34,0.45,65.51,33.400024698981,0.1426932,68.85986905,1222,1361,71.2,2026-08-05
2604,301203,国泰环保,32.63,-0.7,0.28,35.09,32.632463786694,0.1921772,58.54393628,-1189,4185,60.8,2026-08-05
2605,301205,联特科技,271.55,4.01,4.9,2899.42,250.104632895912,0.5073932,65.82783505,-1907,2177,85.2,2026-08-05
2606,301206,三元生物,23.48,-0.72,0.14,45.52,23.554818223272,0.1494772,60.78927138,-143,3617,66.4,2026-08-05
2607,301207,华兰疫苗,17.58,-1.01,0.18,70.69,17.788037577665,0.1615984,62.05755856,121,3266,67.6,2026-08-05
2608,301208,中亦科技,30.29,1.61,0.7,140.71,29.910245751886,0.1174308,61.02881375,-181,3554,68.0,2026-08-05
2609,301209,联合化学,49.29,0.18,0.56,430.83,47.780308363171,0.2922144,64.93655752,964,2432,70.4,2026-08-05
2610,301210,金杨精密,24.13,-0.08,1.37,38.17,24.015394581109,0.1123932,64.44792921,156,2568,63.6,2026-08-05
2611,301211,亨迪药业,10.83,-0.18,0.41,122.66,10.851753694122,0.1568184,58.52410069,-445,4194,66.0,2026-08-05
2612,301212,联盛化学,21.65,1.03,0.44,95.97,21.276767608604,0.066222,56.62855361,401,4565,60.8,2026-08-05
2613,301213,观想科技,44.94,-2.28,1.22,180.14,45.817873734318,0.2264036,62.97433691,-2156,2987,75.6,2026-08-05
2614,301215,中汽股份,5.29,-1.31,0.63,37.51,5.427786292515,0.2206524,71.19694435,1645,864,67.2,2026-08-05
2615,301216,万凯新材,16.65,-0.48,0.65,6.34,16.653384876994,0.200244,64.86842879,164,2450,66.0,2026-08-05
2616,301217,铜冠铜箔,98.0,3.27,2.14,190.99,91.646099662625,0.3390116,72.89359236,444,585,82.0,2026-08-05
2617,301218,华是科技,43.4,5.88,7.31,-419.42,40.600553832392,0.390094,65.29752994,1146,2333,70.0,2026-08-05
2618,301219,腾远钴业,47.75,0.32,1.32,8.61,47.244169953009,0.3035056,77.23020568,427,180,72.0,2026-08-05
2619,301220,亚香股份,27.8,-0.43,0.44,49.78,27.983431090516,0.1758092,57.07868467,-272,4496,61.2,2026-08-05
2620,301221,光庭信息,29.48,1.03,1.39,-275.85,29.201141904043,0.1743396,66.67757796,2119,1919,68.4,2026-08-05
2621,301222,浙江恒威,24.45,0.25,0.39,33.27,24.185948756034,0.1374916,63.04885059,274,2964,58.0,2026-08-05
2622,301223,中荣股份,16.42,0.0,0.09,18.55,16.488115879881,0.083444,64.74230002,762,2491,62.8,2026-08-05
2623,301225,恒勃股份,55.17,1.83,2.13,74.73,54.037573183498,0.1979748,63.86452383,-1410,2733,63.6,2026-08-05
2624,301226,祥明智能,29.42,1.87,0.59,829.73,28.819018526542,0.1741488,57.70895968,208,4358,62.0,2026-08-05
2625,301227,森鹰窗业,24.2,5.17,3.15,-37.69,22.579571299133,0.1949448,63.34473402,-542,2884,71.2,2026-08-05
2626,301228,实朴检测,63.64,3.9,0.9,-439.34,61.937219640694,0.400194,56.24736582,-1420,4623,65.6,2026-08-05
2627,301229,纽泰格,12.09,0.75,0.54,-56.61,12.045653642608,0.0643832,54.08592745,-18,4925,63.2,2026-08-05
2628,301230,泓博医药,27.45,0.51,2.2,52.22,27.237605270784,0.2315332,61.4766867,-2576,3417,80.8,2026-08-05
2629,301231,荣信文化,28.07,1.34,4.58,-49.71,27.497081471493,0.230118,60.75812755,-295,3623,76.0,2026-08-05
2630,301232,飞沃科技,111.85,1.65,2.35,652.79,108.466304362995,0.2962188,73.34564606,177,521,68.4,2026-08-05
2631,301233,盛帮股份,32.63,1.81,0.66,30.61,31.927984939375,0.1220256,63.63755618,212,2805,61.2,2026-08-05
2632,301234,五洲医疗,68.7,-3.98,5.28,145.06,69.682515478751,0.289135,64.93676417,1142,2431,72.4,2026-08-05
2633,301235,华康洁净,40.59,-0.02,1.87,-80.93,39.955295787671,0.255192,70.27170287,-217,1015,64.0,2026-08-05
2634,301236,软通动力,42.38,-0.96,2.38,-31.35,41.527556363741,0.39285,73.39084172,-57,514,79.6,2026-08-05
2635,301237,和顺科技,52.07,1.42,1.06,267.4,50.580681453146,0.258792,63.04986221,1335,2961,60.8,2026-08-05
2636,301238,瑞泰新材,16.58,-0.84,0.37,24.07,16.640832117412,0.2581172,58.04913083,-398,4300,70.4,2026-08-05
2637,301239,普瑞眼科,32.13,-0.53,0.29,17.01,32.440966793705,0.1176944,60.23082082,-715,3774,65.2,2026-08-05
2638,301246,宏源药业,20.01,0.35,1.17,13.86,19.82767032423,0.1980992,65.8113445,-1109,2181,60.4,2026-08-05
2639,301248,杰创智能,62.65,0.0,2.33,-169.24,60.517021331839,0.3684904,68.98903505,-51,1330,72.8,2026-08-05
2640,301251,威尔高,35.7,7.56,5.98,247.49,32.062531015446,0.1943152,65.60287471,274,2248,75.2,2026-08-05
2641,301252,同星科技,31.15,1.14,0.54,59.74,30.6326996901,0.2171752,72.09947356,466,692,65.6,2026-08-05
2642,301255,通力科技,20.58,0.54,0.24,116.54,20.470943390902,0.1120988,55.7818175,-188,4706,62.0,2026-08-05
2643,301256,华融化学,10.4,2.26,0.51,71.83,10.053478919396,0.1450796,68.39604215,2124,1474,62.4,2026-08-05
2644,301257,普蕊斯,42.04,1.08,1.76,69.06,41.620726449635,0.1917892,66.59843343,68,1947,70.4,2026-08-05
2645,301258,富士莱,24.88,0.65,0.32,-206.01,24.827505473363,0.076022,58.30109754,438,4247,66.8,2026-08-05
2646,301259,艾布鲁,23.82,-0.5,1.01,139.6,23.765738234149,0.2581336,62.26076572,412,3203,66.4,2026-08-05
2647,301260,格力博,14.0,-0.71,0.29,12.48,14.127547655033,0.090364,60.4050872,854,3728,64.8,2026-08-05
2648,301261,恒工精密,58.11,1.1,0.86,24.73,57.302417767482,0.1975164,64.72283671,-1478,2497,67.2,2026-08-05
2649,301262,海看股份,20.37,-1.78,2.67,23.61,20.788751436822,0.2598224,63.38928855,-1723,2868,74.0,2026-08-05
2650,301263,泰恩康,20.19,-1.08,0.32,90.17,20.50996800825,0.1665716,56.66425358,-1637,4560,64.0,2026-08-05
2651,301265,华新科技,19.26,1.69,0.99,45.11,18.623866955536,0.2593236,68.30776406,1689,1487,59.2,2026-08-05
2652,301266,宇邦新材,21.12,-0.71,0.38,23.64,21.234131152359,0.1739728,62.33209577,-1308,3180,67.6,2026-08-05
2653,301267,华厦眼科,16.11,-1.41,0.21,19.71,16.423177220858,0.1647052,68.43705708,-437,1458,66.8,2026-08-05
2654,301268,铭利达,13.3,-0.3,0.34,242.05,13.386547133733,0.0999464,54.56685917,-20,4868,62.4,2026-08-05
2655,301269,华大九天,92.3,-0.59,0.4,-173.17,92.281202528531,0.3717188,68.70011043,417,1397,88.8,2026-08-05
2656,301270,汉仪股份,33.26,-1.42,4.02,-455.0,33.509306327473,0.2909768,67.99220822,-1355,1560,78.4,2026-08-05
2657,301272,英华特,33.01,0.58,0.65,-390.43,33.016649092018,0.202352,59.5579974,-2218,3963,62.8,2026-08-05
2658,301273,瑞晨环保,35.15,-0.71,1.12,-48.26,34.774627755076,0.285108,59.00150373,183,4088,64.8,2026-08-05
2659,301275,汉朔科技,45.07,-1.66,0.74,26.34,46.082909868063,0.2569652,66.83595978,-522,1869,70.4,2026-08-05
2660,301276,嘉曼服饰,19.76,-1.15,0.54,12.73,19.813269360214,0.125782,63.14010563,-1053,2930,61.6,2026-08-05
2661,301277,新天地,10.27,-0.96,0.46,27.89,10.324781416429,0.1564244,62.17525527,-1911,3226,72.4,2026-08-05
2662,301278,快可电子,27.28,0.07,0.56,108.43,27.349399645477,0.188094,58.88677812,-125,4116,62.4,2026-08-05
2663,301279,金道科技,18.13,0.44,0.26,50.04,17.987387278398,0.1168664,58.89643308,-1499,4115,61.6,2026-08-05
2664,301280,珠城科技,39.69,0.56,0.38,33.69,39.185443982362,0.2324604,71.7484981,-32,758,62.0,2026-08-05
2665,301281,科源制药,37.97,2.62,0.82,34.18,36.648711246825,0.1887488,65.24053897,789,2354,61.6,2026-08-05
2666,301282,金禄电子,23.08,1.41,1.4,136.56,22.641437045795,0.2082164,61.30783296,-27,3469,67.2,2026-08-05
2667,301283,聚胶股份,25.65,0.16,0.25,18.75,25.653806418156,0.1315176,64.29014512,-1375,2617,62.0,2026-08-05
2668,301285,鸿日达,70.64,0.36,0.36,-210.9,68.929815557213,0.3101684,65.82017278,1601,2178,61.2,2026-08-05
2669,301286,侨源股份,39.91,0.6,0.27,65.46,39.4069677221,0.1657548,66.92040456,-947,1842,59.2,2026-08-05
2670,301287,康力源,34.1,0.65,1.32,65.59,33.997419461606,0.206832,65.68694183,-70,2219,62.8,2026-08-05
2671,301288,清研环境,16.34,-1.09,0.36,-41.31,16.468671912094,0.1339896,52.23297984,-307,5076,60.8,2026-08-05
2672,301289,国缆检测,44.02,0.23,0.14,34.02,43.839074129153,0.2104152,65.34740998,32,2316,63.2,2026-08-05
2673,301290,东星医疗,27.26,1.53,0.53,38.1,26.769992679462,0.1678444,58.87154596,-1292,4123,60.0,2026-08-05
2674,301291,明阳电气,39.49,-2.49,1.72,126.2,40.319358943712,0.2595872,64.38263556,-1387,2589,75.6,2026-08-05
2675,301292,海科新源,71.35,2.41,7.99,19.74,68.374422295945,0.3549352,73.08292746,1007,553,79.6,2026-08-05
2676,301293,三博脑科,55.88,-1.2,1.57,191.4,56.333428434443,0.3072636,61.32046101,-1357,3466,83.6,2026-08-05
2677,301295,美硕科技,42.94,-0.37,2.11,53.48,42.687192397237,0.2512624,69.00669737,727,1324,66.0,2026-08-05
2678,301296,新巨丰,6.28,0.0,0.27,111.28,6.295489392043,0.1205724,57.84583268,-78,4338,64.8,2026-08-05
2679,301297,富乐德,33.78,0.15,1.21,60.51,33.279714309101,0.2978084,74.20602073,86,422,80.0,2026-08-05
2680,301298,东利机械,12.16,0.08,0.37,102.93,12.186043010287,0.0497828,57.70050704,-1954,4361,61.6,2026-08-05
2681,301299,卓创资讯,44.9,0.2,0.92,36.55,44.582425492882,0.1732612,70.34343041,978,1004,67.2,2026-08-05
2682,301300,远翔新材,30.46,0.59,0.49,39.32,30.232531124944,0.1259908,66.35625183,-391,2017,62.4,2026-08-05
2683,301301,川宁生物,8.72,-0.46,0.48,43.95,8.78029310501,0.2073256,63.0404261,-1470,2969,72.8,2026-08-05
2684,301302,华如科技,24.48,0.33,2.66,-57.6,24.51486516498,0.2367412,68.19991852,-339,1515,74.8,2026-08-05
2685,301303,真兰仪表,13.55,-1.24,1.38,25.71,13.748188316893,0.2312728,64.37316483,-1059,2594,62.0,2026-08-05
2686,301305,朗坤科技,22.81,0.53,1.11,14.79,22.789579561145,0.2460612,68.272044,365,1494,60.8,2026-08-05
2687,301306,西测测试,93.66,2.47,2.28,-50.81,90.617768549001,0.263236,55.01760916,220,4815,69.6,2026-08-05
2688,301307,美利信,49.52,0.9,2.31,-48.7,48.009214848921,0.2603152,59.26555888,739,4025,65.2,2026-08-05
2689,301308,江波龙,358.42,-1.78,2.66,9.82,354.685847732491,0.4899376,80.84640665,16,37,94.0,2026-08-05
2690,301309,万得凯,30.42,1.43,0.32,23.47,30.082739980031,0.1714052,62.84609878,-866,3025,60.4,2026-08-05
2691,301310,鑫宏业,55.36,0.97,3.9,71.52,53.552448458933,0.3243972,75.39514074,187,299,69.6,2026-08-05
2692,301311,昆船智能,13.97,2.87,1.2,-33.01,13.558358328116,0.2345416,60.25139877,933,3768,64.4,2026-08-05
2693,301312,智立方,64.23,2.72,3.39,187.83,60.184297385081,0.2078772,68.18906453,737,1516,67.6,2026-08-05
2694,301313,凡拓数创,37.74,1.81,5.81,-38.83,36.685184738689,0.2417984,69.54968197,-547,1187,75.6,2026-08-05
2695,301314,科瑞思,40.01,0.23,0.91,540.69,39.549936874171,0.1208728,60.67451528,-549,3640,63.6,2026-08-05
2696,301315,威士顿,39.22,0.95,0.61,93.62,38.783589712111,0.1722584,67.04654232,1352,1798,67.6,2026-08-05
2697,301316,慧博云通,39.9,0.33,0.85,525.31,39.677525324109,0.3830396,73.92561117,-242,451,78.4,2026-08-05
2698,301317,鑫磊股份,44.19,-0.23,1.55,-89.44,43.540424718079,0.1910816,61.12138497,400,3524,65.6,2026-08-05
2699,301318,维海德,20.89,0.24,0.36,180.33,20.855968008857,0.12728,62.18465323,301,3223,68.0,2026-08-05
2700,301319,唯特偶,95.77,-2.29,4.39,167.75,95.370765423127,0.4011036,78.15840412,759,121,71.6,2026-08-05
2701,301320,豪江智能,12.61,0.24,0.45,277.68,12.515929596645,0.0583896,57.01517523,239,4509,62.4,2026-08-05
2702,301321,翰博高新,35.0,-0.46,1.02,353.79,34.248284129883,0.2183732,70.22700192,1333,1025,70.0,2026-08-05
2703,301322,绿通科技,35.9,-1.13,0.99,-455.8,35.71093834855,0.2997144,66.67247652,432,1925,59.6,2026-08-05
2704,301323,新莱福,75.62,2.36,1.0,49.46,72.97792748176,0.1985,71.75309576,312,756,64.4,2026-08-05
2705,301325,曼恩斯特,31.86,-0.03,0.33,-27.98,31.744125355188,0.17879,61.18261974,1253,3505,66.4,2026-08-05
2706,301326,捷邦科技,89.01,1.55,0.78,-108.36,85.529036832957,0.2152864,66.00272802,1590,2119,67.6,2026-08-05
2707,301327,华宝新能,45.5,-1.32,0.21,140.03,45.93000476402,0.217866,62.81412891,280,3036,64.0,2026-08-05
2708,301328,维峰电子,48.92,1.64,0.63,104.91,47.413357159347,0.2230392,68.1733801,357,1522,61.6,2026-08-05
2709,301329,信音电子,19.52,0.51,1.19,29.1,19.407308183502,0.1106392,63.05758731,-1859,2958,59.2,2026-08-05
2710,301330,熵基科技,24.9,-0.04,0.42,115.85,24.784520057512,0.2333364,65.62479385,142,2240,66.8,2026-08-05
2711,301331,恩威医药,20.83,-0.19,0.27,42.85,20.896665486326,0.0500724,58.30169275,-321,4246,64.0,2026-08-05
2712,301332,德尔玛,8.31,-0.6,0.44,44.04,8.362795701307,0.2755252,64.3070439,-951,2613,68.0,2026-08-05
2713,301333,诺思格,51.23,-0.14,0.52,54.19,50.945597780329,0.2515436,69.98767246,621,1079,72.4,2026-08-05
2714,301335,天元宠物,21.3,-0.28,0.43,51.19,21.37314610576,0.1302184,62.99652386,1363,2981,65.6,2026-08-05
2715,301336,趣睡科技,39.69,0.51,0.32,63.81,39.691887817599,0.1749692,59.08161832,-1398,4073,64.8,2026-08-05
2716,301337,亚华电子,25.75,2.18,0.78,-76.41,25.39913710847,0.1686324,55.35286428,-2307,4775,67.2,2026-08-05
2717,301338,凯格精机,92.12,1.79,1.33,52.8,88.180087086414,0.2457428,72.98398408,424,570,68.0,2026-08-05
2718,301339,通行宝,11.47,-0.26,0.37,31.55,11.591150136004,0.1225512,62.75056964,-1456,3059,68.0,2026-08-05
2719,301345,涛涛车业,232.3,-5.75,2.26,35.92,246.850037304381,0.2970092,75.12736163,619,324,70.4,2026-08-05
2720,301348,蓝箭电子,19.73,-0.1,2.18,-147.33,19.534103260514,0.2304136,63.45570439,-84,2855,73.6,2026-08-05
2721,301349,信德新材,42.0,0.14,1.21,47.79,41.013152286961,0.2256216,72.64647458,1256,609,63.2,2026-08-05
2722,301353,普莱得,17.85,2.29,1.24,38.57,17.31651972971,0.1003224,69.55451784,550,1184,61.6,2026-08-05
2723,301355,南王科技,9.79,1.14,0.61,250.46,9.700921658986,0.0614344,50.96391542,8,5133,61.2,2026-08-05
2724,301356,天振股份,19.06,1.87,0.57,26.62,18.593076559298,0.1048816,66.30158252,27,2041,60.8,2026-08-05
2725,301357,北方长龙,92.53,-1.77,1.9,-176.83,93.846097245395,0.2178728,60.84843757,-824,3602,79.6,2026-08-05
2726,301358,湖南裕能,65.28,-0.96,0.55,10.2,65.396245839435,0.3301216,69.53073265,664,1191,76.8,2026-08-05
2727,301359,东南电子,16.05,0.63,0.58,93.5,15.942749191561,0.0292476,58.58647458,-2092,4180,62.8,2026-08-05
2728,301360,荣旗科技,50.92,1.43,2.31,-1612.3,49.705817138261,0.2179104,70.46261108,2097,985,61.6,2026-08-05
2729,301361,众智科技,29.06,-1.02,0.69,40.77,29.356065527268,0.1617228,61.33021697,-1180,3462,62.4,2026-08-05
2730,301362,民爆光电,129.63,2.88,4.36,213.71,121.689756230369,0.347172,75.76835743,1133,275,63.2,2026-08-05
2731,301363,美好医疗,16.88,-0.12,0.52,59.26,16.860997527299,0.1997348,66.13619762,-1217,2088,69.6,2026-08-05
2732,301365,矩阵股份,38.34,3.4,0.93,-112.45,36.894062868278,0.3065852,69.19739082,180,1273,63.2,2026-08-05
2733,301366,一博科技,45.48,-0.76,3.76,74.65,45.023463595924,0.3266712,75.11384873,73,325,81.6,2026-08-05
2734,301367,瑞迈特,44.65,-2.34,0.83,36.39,45.34729549313,0.2086964,67.66511245,54,1636,67.6,2026-08-05
2735,301368,丰立智能,43.82,0.67,0.61,5015.86,43.543861502118,0.2004072,57.01137715,-369,4511,74.0,2026-08-05
2736,301369,联动科技,132.11,1.32,1.34,989.63,127.317922307435,0.249632,66.96953336,616,1825,72.8,2026-08-05
2737,301370,国科恒泰,8.64,-0.35,0.19,817.1,8.676122348298,0.1129788,59.24816804,-376,4032,64.4,2026-08-05
2738,301371,敷尔佳,25.16,-2.1,0.99,19.07,25.690217978642,0.0929144,62.97292965,-1625,2988,64.4,2026-08-05
2739,301372,科净源,29.88,0.91,0.55,89.27,29.607316594193,0.1777836,58.27299848,792,4257,61.6,2026-08-05
2740,301373,凌玮科技,88.03,2.4,5.05,62.36,83.125853143516,0.2860612,71.30276381,722,849,68.8,2026-08-05
2741,301376,致欧科技,20.33,-1.17,0.94,27.21,20.327716421038,0.1656796,74.49193949,86,396,66.0,2026-08-05
2742,301377,鼎泰高科,420.46,1.06,1.82,171.06,396.707219128103,0.4137728,79.34567358,49,74,78.0,2026-08-05
2743,301378,通达海,26.62,0.08,3.2,-15.66,26.664768072454,0.1510944,62.95125907,-1975,2997,72.8,2026-08-05
2744,301379,天山电子,21.96,3.54,3.78,77.31,20.807687496108,0.2988668,68.46177671,-509,1447,69.2,2026-08-05
2745,301380,挖金客,31.93,-1.54,1.32,71.51,32.016396241088,0.35534,76.74079681,213,214,67.6,2026-08-05
2746,301381,赛维时代,23.59,-0.08,0.46,56.34,23.514335015677,0.2746172,68.98510347,-225,1332,70.0,2026-08-05
2747,301382,蜂助手,40.77,-2.65,5.58,80.27,41.675826587249,0.3824948,72.97231125,-469,572,80.4,2026-08-05
2748,301383,天键股份,21.82,0.18,0.69,-25.86,21.741375289159,0.0874628,57.3039954,305,4454,62.8,2026-08-05
2749,301386,未来电器,19.94,0.05,0.43,46.28,20.080663478172,0.1074844,61.40285585,-506,3440,62.4,2026-08-05
2750,301387,光大同创,53.59,1.75,1.6,-911.49,51.992892783261,0.1836516,65.25188037,1780,2350,61.6,2026-08-05
2751,301388,欣灵电气,23.61,-0.92,0.41,122.03,23.695176860286,0.1343396,61.66556352,-751,3372,63.2,2026-08-05
2752,301389,隆扬电子,49.33,1.38,0.87,129.87,47.490516248013,0.233122,65.71120705,424,2212,70.4,2026-08-05
2753,301390,经纬股份,29.78,0.68,0.51,-103.43,29.90280148423,0.0808796,52.97839359,-105,5028,62.8,2026-08-05
2754,301391,卡莱特,50.41,2.54,0.51,163.23,49.046739659367,0.1249732,59.27585178,-519,4023,62.8,2026-08-05
2755,301392,汇成真空,159.22,5.1,8.55,144.78,143.612143464495,0.344296,72.83140342,1729,594,70.4,2026-08-05
2756,301393,昊帆生物,59.54,1.26,1.65,48.07,58.113570766936,0.200316,69.36435169,-759,1232,69.2,2026-08-05
2757,301395,仁信新材,11.99,0.08,1.1,-7.24,11.972305531077,0.0932244,58.25448684,-2664,4260,70.0,2026-08-05
2758,301396,宏景科技,201.54,1.33,8.18,357.89,193.386709694469,0.4635932,79.61428956,-41,66,91.2,2026-08-05
2759,301397,溯联股份,26.44,2.44,1.92,63.33,25.370799618077,0.2264072,66.32463959,1382,2032,62.8,2026-08-05
2760,301398,星源卓镁,34.63,-3.86,1.01,-61.95,35.154116534558,0.2020444,64.99374492,1761,2422,65.2,2026-08-05
2761,301399,英特科技,15.84,0.96,0.76,-261.72,15.661325704709,0.0767212,60.89896564,655,3592,61.6,2026-08-05
2762,301408,华人健康,14.71,-0.54,1.76,18.54,14.749521452296,0.2117836,61.9699331,-1928,3294,70.0,2026-08-05
2763,301413,安培龙,68.76,1.87,3.36,711.23,65.102645722579,0.31776,71.90003529,199,724,67.6,2026-08-05
2764,301418,协昌科技,36.48,0.94,1.78,78.79,35.809317083595,0.1472388,58.42705056,731,4216,58.8,2026-08-05
2765,301419,阿莱德,31.02,2.11,1.78,94.0,29.935656244551,0.1965756,68.28741781,193,1491,60.8,2026-08-05
2766,301421,波长光电,73.61,1.08,4.99,328.97,70.878306371274,0.2417844,64.57477568,-1067,2531,79.2,2026-08-05
2767,301428,世纪恒通,30.14,1.21,1.34,45.1,29.90902756062,0.2387068,57.77669238,-1219,4348,66.4,2026-08-05
2768,301429,森泰股份,16.47,0.24,0.86,30.66,16.420952152281,0.0273744,60.06655872,-2271,3824,61.2,2026-08-05
2769,301439,泓淋电力,15.1,-0.66,0.97,26.62,15.15918661415,0.26676,63.25214839,-1931,2903,64.4,2026-08-05
2770,301446,福事特,35.62,-0.14,0.43,39.63,35.533082191781,0.2769912,71.36553654,-246,836,60.8,2026-08-05
2771,301448,开创电气,43.19,-0.69,0.5,-906.32,42.903264362388,0.3693296,63.98926356,-3,2698,65.6,2026-08-05
2772,301449,天溯计量,38.79,0.0,3.9,233.87,38.53308148618,0.1468468,64.12142197,-1182,2663,71.2,2026-08-05
2773,301456,盘古智能,23.09,0.04,0.65,49.54,23.036494756029,0.1543012,67.4356598,982,1690,66.0,2026-08-05
2774,301458,钧崴电子,36.83,0.3,1.87,66.45,36.248707213901,0.2680332,67.5113078,2168,1676,61.6,2026-08-05
2775,301459,丰茂股份,35.46,0.74,1.38,42.55,34.793240847155,0.1646452,65.27114792,-279,2342,63.6,2026-08-05
2776,301468,博盈特焊,33.81,2.11,2.03,182.47,32.574744204507,0.2701392,65.30212424,-401,2331,59.6,2026-08-05
2777,301469,恒达新材,26.91,0.15,0.54,24.05,26.827610474632,0.085474,63.60425313,71,2814,61.6,2026-08-05
2778,301479,弘景光电,48.67,-0.25,0.6,59.4,48.334292518396,0.188742,72.73797979,102,603,61.6,2026-08-05
2779,301486,致尚科技,143.31,1.14,2.26,-759.92,138.618449146224,0.3167052,61.09884498,-1284,3533,68.8,2026-08-05
2780,301487,盟固利,16.24,-0.92,1.01,93.94,16.308230116393,0.2135896,64.37302224,1238,2595,68.8,2026-08-05
2781,301488,豪恩汽电,108.94,-3.59,3.74,176.73,111.154773603062,0.27955,73.27804353,1033,532,66.4,2026-08-05
2782,301489,思泉新材,97.59,0.92,2.84,106.97,94.007518584047,0.267748,65.23154103,1670,2357,69.2,2026-08-05
2783,301491,汉桑科技,40.06,1.32,1.68,44.31,39.3876704946,0.1401676,66.35104438,-218,2020,65.2,2026-08-05
2784,301498,乖宝宠物,42.63,-0.98,1.24,34.56,43.11388347089,0.2507036,68.10715038,43,1536,75.6,2026-08-05
2785,301499,维科精密,24.36,0.25,0.41,64.63,24.285352218393,0.1632952,68.97527333,23,1335,61.6,2026-08-05
2786,301500,飞南资源,23.59,0.13,5.53,8.16,23.174779334984,0.294912,70.11828285,1262,1056,65.6,2026-08-05
2787,301501,恒鑫生活,28.55,-1.18,1.14,32.69,28.738893072219,0.1672632,65.32317762,-355,2325,63.6,2026-08-05
2788,301502,华阳智能,50.91,-0.72,1.03,78.94,50.416189433469,0.09526,61.13157337,1210,3520,58.4,2026-08-05
2789,301503,智迪科技,21.55,0.7,0.33,122.99,21.451179940661,0.0649748,62.93609635,-568,3002,62.8,2026-08-05
2790,301505,苏州规划,16.16,1.19,0.88,195.18,15.990089207932,0.1191112,61.35481945,-73,3455,62.8,2026-08-05
2791,301507,民生健康,12.14,-0.25,0.58,17.24,12.195173843349,0.14946,64.8787557,-1385,2448,64.0,2026-08-05
2792,301508,中机认检,24.55,1.03,3.22,44.45,24.628783244475,0.1817732,69.28575558,2051,1249,64.8,2026-08-05
2793,301509,金凯生科,29.05,-0.75,1.93,52.56,29.036318883405,0.194166,63.23046931,-304,2906,70.4,2026-08-05
2794,301510,固高科技,26.83,-0.48,0.7,122.95,26.815363017584,0.2427628,66.80552031,-113,1877,66.0,2026-08-05
2795,301511,德福科技,77.66,1.17,3.23,83.12,73.500489735937,0.3458784,73.79246689,936,469,77.2,2026-08-05
2796,301512,智信精密,30.09,0.94,0.77,-21.75,29.820582059656,0.0781844,63.70458477,379,2783,62.0,2026-08-05
2797,301513,尚水智能,49.85,-0.58,1.54,42.34,49.852592801535,0.192384,64.70574043,-1017,2502,59.6,2026-08-05
2798,301515,港通医疗,18.2,1.34,0.63,-686.41,18.144686975848,0.0463044,54.8970098,-1557,4827,62.0,2026-08-05
2799,301516,中远通,15.8,0.32,2.06,-135.44,15.70642817909,0.158322,63.40969248,1059,2863,70.4,2026-08-05
2800,301517,陕西华达,40.22,2.06,1.02,-95.09,39.386054173965,0.2362796,63.29227627,1302,2897,66.4,2026-08-05
2801,301518,长华化学,25.16,0.04,0.56,72.51,25.008137784309,0.0828836,62.01697546,441,3274,62.8,2026-08-05
2802,301519,舜禹股份,11.46,0.0,0.77,-30.77,11.467758412048,0.0787636,58.97149374,-107,4093,63.2,2026-08-05
2803,301520,万邦医药,49.27,0.04,16.81,-4383.94,47.959964796484,0.2505,58.59321935,498,4178,77.2,2026-08-05
2804,301522,上大股份,23.51,-0.34,0.35,71.12,23.553610931536,0.1913984,57.52854445,6,4404,66.4,2026-08-05
2805,301525,儒竞科技,41.33,1.1,0.64,130.24,40.798080883239,0.2469196,60.78396298,-1691,3618,60.8,2026-08-05
2806,301526,国际复材,35.13,2.75,7.23,122.57,32.262151875541,0.4292248,78.48324646,29,107,92.4,2026-08-05
2807,301528,多浦乐,48.73,1.97,0.96,-2945.2,47.494059819964,0.2332472,63.6376322,1642,2804,60.4,2026-08-05
2808,301529,福赛科技,80.09,0.3,0.98,77.15,79.08889618656,0.2916596,76.84147478,215,208,59.6,2026-08-05
2809,301531,春光集团,51.91,0.06,3.22,96.06,50.954851891095,0.2526328,68.14410189,1024,1527,62.4,2026-08-05
2810,301533,威马农机,25.28,0.08,0.79,76.72,25.263203459178,0.1720752,60.31663361,893,3744,62.4,2026-08-05
2811,301535,浙江华远,16.39,-2.5,1.31,63.8,16.719748889226,0.1094076,59.10123614,-2616,4066,66.0,2026-08-05
2812,301536,星宸科技,119.09,4.01,4.11,57.01,113.449355112464,0.3926076,78.5717765,39,104,80.4,2026-08-05
2813,301538,骏鼎达,39.66,0.94,1.48,30.46,38.908669090501,0.151296,69.8472018,-845,1110,60.8,2026-08-05
2814,301539,宏鑫科技,14.15,-0.42,0.71,-35.59,14.233954882984,0.1322996,51.21997399,-45,5128,61.2,2026-08-05
2815,301548,崇德科技,64.16,0.31,1.51,35.7,63.413115826281,0.1839188,75.32269932,-98,306,62.8,2026-08-05
2816,301550,斯菱智驱,73.85,-0.19,0.78,157.81,73.323371380772,0.262394,68.40044254,2063,1472,68.8,2026-08-05
2817,301551,无线传媒,21.25,-1.07,1.14,30.68,21.530674690608,0.1397252,60.60445238,-324,3668,69.6,2026-08-05
2818,301552,科力装备,23.43,-1.1,1.92,28.73,23.602653267649,0.1436204,63.48688389,-298,2845,67.2,2026-08-05
2819,301555,惠柏新材,30.76,0.89,0.98,52.33,30.444603087848,0.2264448,65.68855326,-1253,2218,60.8,2026-08-05
2820,301556,托普云农,60.41,-0.07,2.07,210.31,60.522582493886,0.2078792,67.52979666,-1313,1670,67.6,2026-08-05
2821,301557,常友科技,78.85,1.56,1.12,-240.48,76.915785223707,0.2724436,65.18400105,-1039,2366,62.0,2026-08-05
2822,301558,三态股份,6.67,-0.45,0.76,92.34,6.693446930682,0.1325388,58.79713481,-428,4135,65.6,2026-08-05
2823,301559,中集环科,13.47,-2.25,1.08,88.78,13.671059829053,0.1626468,59.40979197,-2872,3994,67.2,2026-08-05
2824,301560,众捷汽车,23.32,-0.21,0.91,-168.53,23.427232406999,0.1381296,57.11045307,-602,4492,62.0,2026-08-05
2825,301563,云汉芯城,125.79,0.5,3.38,51.56,122.92541488644,0.2798424,77.40289648,630,171,62.8,2026-08-05
2826,301565,中仑新材,19.96,-4.45,3.55,62.79,20.956092585119,0.2235604,62.61942761,-663,3090,64.0,2026-08-05
2827,301566,达利凯普,24.39,2.39,4.94,45.21,23.477872415218,0.300978,66.64517998,128,1937,70.0,2026-08-05
2828,301567,贝隆精密,33.77,1.59,1.8,148.41,33.195248074861,0.1023376,58.42687107,-1577,4217,61.2,2026-08-05
2829,301568,思泰克,64.68,1.89,2.38,63.16,62.69691172856,0.2394508,74.62133024,755,376,64.8,2026-08-05
2830,301571,国科天成,58.63,0.45,0.86,105.53,58.16542698652,0.2991376,65.9994086,549,2121,65.6,2026-08-05
2831,301575,艾芬达,27.1,-0.37,0.56,28.27,27.164421313842,0.1120484,62.13705773,-426,3237,61.6,2026-08-05
2832,301577,美信科技,52.84,0.65,1.73,-46.12,51.880602640857,0.1560712,61.02566558,488,3555,57.6,2026-08-05
2833,301578,辰奕智能,22.73,4.03,6.78,-137.24,21.852901998562,0.1684536,63.35395327,1379,2878,63.2,2026-08-05
2834,301580,爱迪特,53.07,-0.47,2.53,51.74,52.654086905239,0.2812352,67.94809379,-507,1567,64.0,2026-08-05
2835,301581,黄山谷捷,36.09,-0.06,0.31,88.27,35.893906601097,0.1165472,64.89344562,624,2443,58.8,2026-08-05
2836,301584,建发致新,21.97,-0.9,1.67,35.5,22.121283433,0.1772636,66.69966046,529,1911,69.2,2026-08-05
2837,301585,蓝宇股份,25.72,-0.16,0.27,48.85,25.604346461334,0.165888,63.89616297,1189,2726,62.8,2026-08-05
2838,301586,佳力奇,31.63,0.48,0.66,174.98,31.59685004552,0.0983876,63.16040933,1190,2923,63.2,2026-08-05
2839,301587,中瑞股份,21.17,-1.21,1.17,51.74,21.345028410155,0.1948936,67.71532543,1750,1619,67.2,2026-08-05
2840,301588,美新科技,31.04,0.65,3.05,85.66,30.761399285146,0.2420448,59.34335465,-1795,4011,58.8,2026-08-05
2841,301589,诺瓦星云,147.99,1.68,0.84,35.88,145.461871003517,0.2752144,71.74349587,281,760,64.4,2026-08-05
2842,301590,优优绿能,75.03,0.13,0.92,-236.81,74.223645874444,0.2161844,66.08466226,822,2097,60.0,2026-08-05
2843,301591,肯特股份,29.34,1.91,3.65,47.69,28.530010800935,0.2041148,68.32880748,2092,1482,57.6,2026-08-05
2844,301592,六九一二,102.68,1.87,1.49,-133.18,100.729402871738,0.267792,67.25015797,52,1741,64.4,2026-08-05
2845,301595,太力科技,41.35,1.8,0.57,102.24,40.171926488131,0.2632564,72.55559293,-61,628,64.0,2026-08-05
2846,301596,瑞迪智驱,49.73,-1.43,2.25,66.25,49.869348925326,0.2932368,76.02437866,-123,257,75.6,2026-08-05
2847,301598,博科测试,48.22,0.12,0.72,40.17,48.4650383051,0.1198604,63.46670865,1077,2852,62.0,2026-08-05
2848,301599,理奇智能,35.7,0.17,2.04,60.46,35.198236726084,0.2231452,70.00863279,455,1073,58.4,2026-08-05
2849,301600,慧翰股份,91.89,-0.84,0.88,58.56,93.778501003404,0.2209372,72.46340458,179,638,63.2,2026-08-05
2850,301601,惠通科技,15.8,0.32,0.67,-315.46,15.821612100393,0.0825768,54.34632232,-71,4888,64.0,2026-08-05
2851,301602,超研股份,15.0,-0.99,0.31,176.22,15.151100744024,0.1253292,59.54007704,-322,3968,66.8,2026-08-05
2852,301603,乔锋智能,121.24,1.55,1.7,34.57,118.202232260202,0.2756116,69.65794561,-407,1159,68.0,2026-08-05
2853,301606,绿联科技,53.72,-0.59,0.55,23.45,53.480031917555,0.1877156,76.29828997,787,238,65.2,2026-08-05
2854,301607,富特科技,37.31,2.61,2.19,28.38,35.735653410666,0.3286064,77.80092666,88,147,65.6,2026-08-05
2855,301608,博实结,47.76,-0.5,0.64,28.73,48.090260605068,0.1586432,68.66049847,-907,1409,66.4,2026-08-05
2856,301609,山大电力,35.95,-3.0,1.64,100.83,37.013967814755,0.2038876,59.98877294,-810,3850,70.0,2026-08-05
2857,301611,珂玛科技,95.94,2.36,3.48,227.89,91.1144134118,0.2737904,72.21054813,805,675,76.0,2026-08-05
2858,301613,新铝时代,38.7,-1.23,0.29,24.1,39.450929270756,0.3067356,67.42462638,-235,1693,63.2,2026-08-05
2859,301616,浙江华业,34.87,0.26,0.49,47.28,34.696470736463,0.170704,66.07806671,-17,2100,61.6,2026-08-05
2860,301617,博苑新材,49.03,0.55,0.5,41.73,48.27206293569,0.2901816,67.53902624,-962,1666,60.8,2026-08-05
2861,301618,长联科技,33.3,-0.95,0.7,167.9,33.477288549143,0.2241404,59.74374684,-139,3910,63.2,2026-08-05
2862,301622,英思特,43.07,0.21,1.02,-98.88,43.114921921749,0.1758728,64.44369873,1452,2570,62.8,2026-08-05
2863,301626,苏州天脉,231.32,0.01,1.16,536.94,227.734400079566,0.5001168,71.77135297,577,752,66.4,2026-08-05
2864,301628,强达电路,80.68,1.04,1.63,67.19,78.910330716868,0.2260476,71.49823182,362,813,64.8,2026-08-05
2865,301629,矽电股份,243.3,1.71,2.01,-244.07,235.597605741896,0.2190224,61.81193028,1354,3334,67.6,2026-08-05
2866,301630,同宇新材,164.15,-0.4,1.8,51.02,160.10152592157,0.3322536,74.59924442,1864,379,65.6,2026-08-05
2867,301631,壹连科技,60.97,-0.88,1.18,27.61,61.280400871967,0.1908076,68.23975392,-801,1503,62.8,2026-08-05
2868,301632,广东建科,15.54,0.39,1.74,465.58,15.551598044022,0.1352536,61.87884668,-621,3315,67.2,2026-08-05
2869,301633,港迪技术,58.47,1.76,1.83,-68.06,58.013561701636,0.2391832,70.33060411,-285,1005,66.0,2026-08-05
2870,301636,泽润新能,40.04,-0.84,0.72,2316.83,40.27342946829,0.1788596,59.29860261,-203,4020,60.8,2026-08-05
2871,301638,南网数字,24.14,-1.83,2.43,248.59,24.52492537308,0.335972,70.43960426,-732,990,76.0,2026-08-05
2872,301656,联合动力,17.08,-0.18,0.76,211.57,17.123886283976,0.2214032,63.67790885,0,2790,66.8,2026-08-05
2873,301658,首航新能,24.75,-1.2,1.06,-73.13,24.925789923952,0.1449,58.33647487,-156,4237,63.6,2026-08-05
2874,301662,宏工科技,71.0,-0.77,1.5,27.08,71.207102242387,0.2137368,67.75108894,-346,1606,66.0,2026-08-05
2875,301665,泰禾股份,22.44,-0.4,0.66,18.84,22.509850105919,0.1698896,64.12260005,175,2662,64.0,2026-08-05
2876,301666,大普微-UW,431.36,-0.46,3.6,127.18,426.81490327793,0.4303088,68.99505895,994,1327,70.4,2026-08-05
2877,301667,纳百川,70.88,0.38,8.38,273.02,70.035443903786,0.2531408,71.09037038,926,877,73.2,2026-08-05
2878,301668,昊创瑞通,37.21,-2.16,5.54,127.46,37.790804865091,0.180274,69.22908241,-608,1262,72.8,2026-08-05
2879,301678,新恒汇,44.97,-0.11,0.72,159.26,44.589503804951,0.1998732,66.30573983,232,2040,66.0,2026-08-05
2880,301680,固德电材,93.83,-1.23,1.35,39.57,93.890600747869,0.346692,74.65592396,149,374,58.4,2026-08-05
2881,301682,宏明电子,129.27,-0.6,3.33,28.18,128.663440498597,0.352144,76.90885419,-19,202,68.4,2026-08-05
2882,301683,慧谷新材,102.66,0.06,1.51,29.27,102.471910349753,0.251258,68.53125309,-428,1430,62.0,2026-08-05
2883,301687,新广益,50.65,1.69,7.03,70.56,49.182508056979,0.2746076,79.2147569,78,80,62.8,2026-08-05
2884,301696,三瑞智能,106.41,0.39,3.96,81.68,105.445216108917,0.3554656,78.75242519,75,96,66.8,2026-08-05
2885,302132,中航成飞,58.05,0.14,0.21,201.2,57.95864518637,0.3158004,64.67253039,-212,2510,76.8,2026-08-05
2886,600000,浦发银行,9.21,-0.54,0.05,4.29,9.290127062301,0.357682,66.07931475,-509,2099,90.4,2026-08-05
2887,600004,白云机场,7.66,-0.78,0.09,29.43,7.732767328643,0.2167872,65.49531547,-1159,2273,76.8,2026-08-05
2888,600006,东风股份,5.49,-1.79,0.26,13.36,5.596656611529,0.2176208,57.40418435,-223,4435,78.4,2026-08-05
2889,600007,中国国贸,18.38,-0.43,0.04,15.15,18.468038225216,0.1499576,72.13171994,6,686,71.2,2026-08-05
2890,600008,首创环保,2.86,-0.69,0.27,12.22,2.886670488185,0.4161532,67.06393258,628,1791,75.6,2026-08-05
2891,600009,上海机场,23.99,-0.37,0.09,25.83,24.113270124119,0.3205664,72.74996381,-182,602,83.6,2026-08-05
2892,600010,包钢股份,2.28,0.44,0.82,-55.71,2.264119350357,0.5638244,68.30420722,1448,1488,74.4,2026-08-05
2893,600011,华能国际,7.02,-1.4,0.38,6.14,7.119822411108,0.378854,64.90863674,-374,2440,81.6,2026-08-05
2894,600012,皖通高速,15.97,-2.08,0.22,12.72,16.282143055805,0.1203156,70.12800014,363,1054,69.6,2026-08-05
2895,600015,华夏银行,6.74,-0.59,0.1,5.38,6.809030372388,0.3970312,70.60538344,562,965,84.4,2026-08-05
2896,600016,民生银行,3.48,-1.14,0.18,3.31,3.5209253627,0.434416,63.41436576,-20,2859,86.8,2026-08-05
2897,600017,日照港,2.7,-1.82,0.35,21.77,2.755253754424,0.2937496,59.87378781,-1042,3876,72.4,2026-08-05
2898,600018,上港集团,5.14,-0.58,0.04,7.46,5.157879027133,0.348654,75.77802793,-22,274,82.8,2026-08-05
2899,600019,宝钢股份,5.82,-0.68,0.09,14.25,5.878944146145,0.3664528,69.0400554,-137,1308,86.0,2026-08-05
2900,600020,中原高速,3.82,-0.52,0.11,5.85,3.843303311593,0.1881292,66.40109943,-27,2005,70.0,2026-08-05
2901,600021,上海电力,14.72,-1.41,0.44,18.31,14.868933852699,0.3164136,63.33062012,-85,2887,81.2,2026-08-05
2902,600022,山东钢铁,1.36,-1.45,0.31,-16.68,1.382008806711,0.4932352,56.92841567,-166,4523,74.4,2026-08-05
2903,600023,浙能电力,4.92,-0.4,0.06,17.41,4.928496490576,0.2804636,64.5051886,-102,2552,80.8,2026-08-05
2904,600025,华能水电,9.72,-0.31,0.03,29.34,9.744317693235,0.2487308,74.71568848,-137,367,86.8,2026-08-05
2905,600026,中远海能,17.3,-3.19,0.73,10.89,17.359177480183,0.3562208,78.15665187,622,122,85.2,2026-08-05
2906,600027,华电国际,4.67,-1.06,0.2,7.58,4.720119896902,0.3473208,68.7890588,937,1376,81.2,2026-08-05
2907,600028,中国石化,5.02,0.8,0.08,8.92,5.002781040624,0.3609176,70.17632424,-338,1037,89.2,2026-08-05
2908,600029,南方航空,5.21,-0.57,0.14,15.94,5.238000204242,0.4383864,69.14489474,1068,1282,80.8,2026-08-05
2909,600030,中信证券,27.96,-0.78,0.26,10.14,28.15665354371,0.5332436,76.18826683,251,245,89.6,2026-08-05
2910,600031,三一重工,19.67,0.25,0.29,18.23,19.510905564907,0.369008,73.36350135,721,518,88.0,2026-08-05
2911,600032,浙江新能,7.28,-2.28,0.36,154.11,7.414374466335,0.2204536,58.07091681,-174,4295,74.8,2026-08-05
2912,600033,福建高速,3.57,-0.83,0.2,9.58,3.570857608854,0.2968832,72.59669616,921,620,70.4,2026-08-05
2913,600035,楚天高速,3.46,-1.14,0.14,5.82,3.485575372095,0.287386,64.699302,1185,2505,68.4,2026-08-05
2914,600036,招商银行,38.65,-0.74,0.09,6.44,38.951951653491,0.4620684,74.03106662,-60,441,94.4,2026-08-05
2915,600037,歌华有线,7.12,-0.14,0.55,36.66,7.167864836605,0.2251368,64.57951437,-437,2530,76.8,2026-08-05
2916,600038,中直股份,26.55,-0.45,0.21,143.77,26.677611125875,0.2493648,65.86879839,932,2165,81.2,2026-08-05
2917,600039,四川路桥,8.47,-1.63,0.05,12.31,8.633603023358,0.1255148,71.26072026,-642,858,79.2,2026-08-05
2918,600048,保利发展,5.11,-0.78,0.24,15.87,5.117454894356,0.4454636,67.67879671,-140,1629,82.8,2026-08-05
2919,600050,中国联通,4.39,0.0,0.15,16.06,4.409090197209,0.3800724,70.0044525,-497,1075,84.0,2026-08-05
2920,600051,宁波联合,6.02,0.17,0.27,86.79,6.060142255724,0.092278,62.60647972,1108,3096,66.8,2026-08-05
2921,600052,东望时代,3.81,-0.26,0.4,-41.25,3.817706634756,0.2057284,59.55033743,1039,3966,64.8,2026-08-05
2922,600053,*ST九鼎,7.43,-0.27,0.05,-23.54,7.470970144159,0.1001952,50.11958031,-12,5157,68.4,2026-08-05
2923,600054,黄山旅游,11.24,0.0,0.24,59.19,11.242931258314,0.171522,65.77561259,-107,2191,76.8,2026-08-05
2924,600055,万东医疗,11.58,-1.61,0.32,-127.74,11.880929223846,0.1869572,59.36288494,-1294,4008,76.8,2026-08-05
2925,600056,中国医药,9.19,-1.5,0.47,18.86,9.339913256787,0.2419368,62.89241783,-438,3019,82.4,2026-08-05
2926,600057,厦门象屿,6.37,-0.93,0.21,8.67,6.414641852927,0.1593692,66.60664051,-1469,1944,76.8,2026-08-05
2927,600058,五矿发展,10.53,3.74,0.69,166.0,10.160237568929,0.198802,66.28080756,513,2052,74.0,2026-08-05
2928,600059,古越龙山,8.08,-0.62,0.23,29.68,8.121479013644,0.2285428,66.5335666,1094,1966,76.0,2026-08-05
2929,600060,海信视像,26.85,-1.4,0.23,14.83,27.175762108012,0.23012,71.67502003,-359,780,79.2,2026-08-05
2930,600061,国投资本,6.47,-0.92,0.11,13.51,6.536438048446,0.3802144,70.53894425,-99,975,78.0,2026-08-05
2931,600062,华润双鹤,16.05,-0.8,0.29,8.59,16.198251298971,0.2459248,71.85959582,774,732,84.8,2026-08-05
2932,600063,皖维高新,5.97,0.0,0.69,22.68,5.935251585152,0.342966,61.30162711,920,3471,74.0,2026-08-05
2933,600064,南京高科,7.72,-0.9,0.27,5.33,7.78998710069,0.227706,72.35580148,18,652,74.4,2026-08-05
2934,600066,宇通客车,32.08,-0.65,0.09,26.94,32.089619261663,0.238824,78.78144888,244,93,84.8,2026-08-05
2935,600067,冠城新材,2.75,-0.36,0.26,-46.48,2.759151450389,0.1685912,56.76498856,10,4548,72.0,2026-08-05
2936,600071,凤凰光学,15.74,0.51,0.28,-621.72,15.588560625481,0.1249988,63.54623609,1243,2829,71.2,2026-08-05
2937,600072,中船科技,9.06,0.55,0.61,-17.2,9.033104102096,0.258868,55.8367669,-5,4696,83.2,2026-08-05
2938,600073,光明肉业,5.11,-0.78,0.24,24.15,5.160281422133,0.2704952,61.8362436,1357,3329,74.0,2026-08-05
2939,600075,新疆天业,4.56,-0.65,0.3,-32.87,4.574029971569,0.18722,55.72085037,88,4716,72.4,2026-08-05
2940,600076,康欣新材,3.04,-0.33,0.49,-19.69,3.040504320242,0.266852,54.11395564,-339,4920,69.2,2026-08-05
2941,600078,澄星股份,10.89,-1.27,1.8,66.8,10.524302584828,0.3994364,68.69716981,654,1398,73.6,2026-08-05
2942,600079,ST人福,17.69,0.06,0.11,12.27,17.606129507637,0.4477884,69.07426749,-304,1303,78.0,2026-08-05
2943,600080,ST金花,4.92,0.2,0.05,117.48,4.902838701845,0.243116,56.07250543,-741,4658,64.4,2026-08-05
2944,600081,东风科技,9.9,-0.5,0.13,34.31,9.94478364454,0.0902504,57.42335837,102,4427,70.8,2026-08-05
2945,600082,ST海泰,2.88,-0.35,0.25,-34.38,2.874165727521,0.2937704,63.38212362,1096,2872,66.8,2026-08-05
2946,600084,*ST尼雅,4.32,0.23,0.04,223.19,4.29387389539,0.2115024,53.46678213,20,4983,66.0,2026-08-05
2947,600085,同仁堂,24.61,-1.87,0.39,17.91,25.117517212327,0.2696076,70.24946897,493,1022,87.6,2026-08-05
2948,600088,中视传媒,11.87,-0.84,0.28,1743.73,11.968506991344,0.1721544,64.52050282,971,2546,72.0,2026-08-05
2949,600089,特变电工,21.36,-1.29,0.66,14.87,21.408436811653,0.3979756,71.03209532,917,889,87.6,2026-08-05
2950,600094,大名城,4.55,-1.3,0.39,566.06,4.546806150958,0.2598248,66.56891768,411,1957,79.2,2026-08-05
2951,600095,湘财股份,8.28,-1.08,0.35,245.58,8.408971241503,0.2375872,60.10018864,-1163,3813,84.8,2026-08-05
2952,600096,云天化,30.29,0.4,0.38,9.69,29.889384964216,0.4424148,74.06585832,285,437,80.0,2026-08-05
2953,600097,开创国际,8.21,0.0,0.25,-14.06,8.223983508126,0.1069212,63.66804683,1033,2794,66.4,2026-08-05
2954,600098,广州发展,6.27,-1.26,0.25,10.26,6.366146552452,0.2620068,60.26074386,-509,3765,72.8,2026-08-05
2955,600099,林海股份,8.52,0.47,0.41,112.14,8.501447182183,0.108624,58.63724579,-1349,4167,65.2,2026-08-05
2956,600100,同方股份,7.2,0.0,0.22,-32.87,7.222453280836,0.3063712,60.77387385,-1333,3621,80.8,2026-08-05
2957,600101,明星电力,8.22,-1.2,0.9,42.37,8.300383745522,0.267552,61.95189679,-152,3297,77.6,2026-08-05
2958,600103,青山纸业,2.99,-2.92,1.96,110.47,3.051453160788,0.2619908,65.79887934,-1096,2185,78.8,2026-08-05
2959,600104,上汽集团,10.78,-0.74,0.15,10.24,10.897217335381,0.29626,70.19274853,-129,1033,85.2,2026-08-05
2960,600105,永鼎股份,36.7,0.41,4.12,84.46,35.024631265669,0.3918416,65.35538698,-1761,2312,94.8,2026-08-05
2961,600106,重庆路桥,4.51,-1.31,0.19,56.45,4.574407451876,0.2346616,62.24205315,52,3207,69.6,2026-08-05
2962,600107,*ST尔雅,5.2,-0.19,0.04,125.24,5.215036258276,0.1478816,49.95447533,-436,5159,63.6,2026-08-05
2963,600108,亚盛集团,3.15,0.32,1.54,72.87,3.133454860544,0.2922656,58.27596772,277,4255,74.8,2026-08-05
2964,600109,国金证券,8.71,-0.91,0.16,11.65,8.796603228053,0.3491412,64.7751802,-1349,2479,82.4,2026-08-05
2965,600110,诺德股份,9.5,1.5,2.66,80.09,9.282724704012,0.3092296,72.29303249,246,661,82.4,2026-08-05
2966,600111,北方稀土,42.79,2.44,1.47,42.14,41.686327736749,0.4140076,72.00093334,528,708,78.4,2026-08-05
2967,600113,浙江东日,31.07,-0.13,0.48,150.66,31.001672317698,0.2816436,67.32761635,18,1725,70.4,2026-08-05
2968,600114,东睦股份,28.95,-0.38,0.79,36.3,28.833799807459,0.4114152,76.50629064,-56,223,79.2,2026-08-05
2969,600115,中国东航,3.76,-0.53,0.19,12.71,3.764141824245,0.4350272,67.79719408,1965,1600,79.6,2026-08-05
2970,600116,三峡水利,6.47,-1.37,0.32,95.68,6.586101118063,0.2175444,62.142711,-407,3234,81.6,2026-08-05
2971,600117,西宁特钢,2.28,-0.44,0.17,-7.34,2.280014546168,0.3088636,57.6148686,-122,4385,70.4,2026-08-05
2972,600118,中国卫星,66.0,4.55,1.65,-457.04,62.985458803495,0.3360504,64.34805778,-1179,2599,90.0,2026-08-05
2973,600119,*ST长投,4.48,-0.22,0.07,-151.0,4.466017378258,0.1972552,48.60824279,-3,5181,66.8,2026-08-05
2974,600120,浙江东方,5.16,-0.39,0.29,28.83,5.174545049241,0.27556,61.35353695,233,3456,84.4,2026-08-05
2975,600121,郑州煤电,3.95,1.02,1.64,-6.15,3.889303577299,0.2501368,47.4730685,-5,5191,77.2,2026-08-05
2976,600123,兰花科创,6.94,0.14,0.46,-93.09,6.934574948837,0.2869088,55.68154084,149,4725,77.2,2026-08-05
2977,600125,铁龙物流,5.49,-0.36,0.11,8.28,5.514251457199,0.2621308,69.84901384,963,1108,72.4,2026-08-05
2978,600126,杭钢股份,6.87,2.54,1.47,603.72,6.687062673175,0.3053444,68.04811169,-1256,1546,88.0,2026-08-05
2979,600127,金健米业,5.6,-0.18,0.4,5133.54,5.602559200598,0.2283088,54.4111837,286,4880,74.8,2026-08-05
2980,600128,苏豪弘业,8.03,0.0,0.33,38.5,8.049972460894,0.1558756,62.5976053,999,3098,69.2,2026-08-05
2981,600129,太极集团,15.37,-2.41,1.25,32.29,15.732988513206,0.253388,57.72002983,-345,4356,84.8,2026-08-05
2982,600130,波导股份,4.3,-0.46,3.99,315.33,4.253745154506,0.4733376,67.97164871,2981,1562,68.8,2026-08-05
2983,600131,国网信通,15.89,-1.18,0.21,41.1,16.145141484553,0.2573956,71.78888054,212,747,79.2,2026-08-05
2984,600132,重庆啤酒,43.98,-1.76,0.34,12.16,44.909322671211,0.1939692,70.50553443,569,979,79.6,2026-08-05
2985,600133,东湖高新,8.48,1.68,0.74,-1280.23,8.354902631357,0.294318,57.84976924,-1221,4335,76.0,2026-08-05
2986,600135,乐凯胶片,7.34,0.41,0.32,-42.8,7.298674149617,0.116268,54.03381541,66,4929,65.6,2026-08-05
2987,600136,ST明诚,1.45,1.4,0.29,-350.95,1.435202098514,0.4512508,54.38447926,29,4882,64.4,2026-08-05
2988,600137,浪莎股份,17.49,0.17,0.47,54.28,17.493709007224,0.0748548,61.09910062,-363,3532,67.2,2026-08-05
2989,600138,中青旅,7.08,-0.42,0.22,-34.72,7.122537279597,0.2010164,63.86465198,1285,2732,74.0,2026-08-05
2990,600141,兴发集团,32.28,0.88,1.23,37.79,31.519262917729,0.4247724,73.68717546,457,480,80.4,2026-08-05
2991,600143,金发科技,16.14,0.88,0.79,35.35,15.954883226056,0.3316344,73.33023893,-430,524,84.0,2026-08-05
2992,600148,长春一东,15.17,0.46,0.36,115.29,15.051926990161,0.1112532,61.18717467,975,3503,68.8,2026-08-05
2993,600149,廊坊发展,4.77,0.21,0.66,58.53,4.766128540305,0.0854096,58.63323949,130,4168,70.0,2026-08-05
2994,600150,中国船舶,34.89,-0.88,0.22,13.58,34.911610838401,0.4828532,75.90805476,909,263,90.0,2026-08-05
2995,600151,航天机电,10.61,2.31,0.96,-228.04,10.34368575363,0.237752,54.51421301,-9,4871,74.4,2026-08-05
2996,600152,维科技术,8.02,0.0,0.99,-42.1,7.983337854782,0.1655268,54.95046844,61,4820,70.8,2026-08-05
2997,600153,建发股份,8.65,-1.7,0.26,8.94,8.815384273883,0.2116776,60.62219022,-1351,3661,77.6,2026-08-05
2998,600155,华创云信,5.95,-1.0,0.34,106.04,6.020476530541,0.2591516,59.26820358,162,4024,80.0,2026-08-05
2999,600156,华升股份,8.84,9.95,2.11,-153.47,7.946544620101,0.198506,56.75524046,-1226,4550,66.8,2026-08-05
3000,600157,永泰能源,1.57,-1.26,0.76,138.48,1.589057138484,0.6096,62.56546229,-168,3103,75.6,2026-08-05
3001,600158,中体产业,7.11,-1.25,1.2,-297.51,7.192205190779,0.2284024,61.56887944,-304,3390,74.4,2026-08-05
3002,600159,大龙地产,2.4,0.0,0.49,-31.67,2.394623089496,0.1290804,57.89065019,522,4322,66.8,2026-08-05
3003,600160,巨化股份,43.46,0.86,0.41,25.01,42.453683467487,0.4396448,80.02745354,17,52,80.4,2026-08-05
3004,600161,天坛生物,12.35,-1.44,0.27,48.51,12.564763211623,0.273278,65.83921013,-505,2172,79.2,2026-08-05
3005,600162,香江控股,3.46,2.37,2.89,-128.45,3.285257839796,0.3481988,67.65218876,369,1641,87.6,2026-08-05
3006,600163,中闽能源,5.2,-2.07,0.4,12.6,5.309784338451,0.2408076,58.23791499,-282,4263,70.0,2026-08-05
3007,600165,ST宁科,2.42,0.83,0.25,-15.2,2.378167635083,0.3819448,58.35501941,327,4233,68.0,2026-08-05
3008,600166,福田汽车,3.05,-1.93,0.64,12.04,3.11658445751,0.3835228,71.09928591,897,875,76.0,2026-08-05
3009,600167,联美控股,5.83,-1.52,0.1,6.19,5.913616462789,0.1042276,65.28405492,59,2339,69.6,2026-08-05
3010,600168,武汉控股,4.27,-0.47,0.1,25.68,4.293299861901,0.2212852,62.7782848,1001,3051,66.4,2026-08-05
3011,600169,ST太重,2.06,0.49,0.07,66.73,2.062971305793,0.3691888,61.97240899,1003,3292,68.0,2026-08-05
3012,600170,上海建工,2.33,-0.85,0.47,5209.8,2.354944399415,0.4100488,66.77013394,-94,1888,80.4,2026-08-05
3013,600171,上海贝岭,23.51,-0.84,0.8,185.86,23.646137821523,0.2656384,68.51536709,692,1433,80.8,2026-08-05
3014,600172,黄河旋风,11.62,3.57,8.16,-43.4,10.825303401518,0.3980592,63.54689381,1683,2828,81.2,2026-08-05
3015,600173,卧龙新能,6.37,0.95,0.41,93.56,6.295893408174,0.2256964,58.3766207,-892,4227,71.2,2026-08-05
3016,600176,中国巨石,40.7,3.62,3.59,32.14,38.596613607082,0.49705,78.58319428,86,102,93.6,2026-08-05
3017,600177,雅戈尔,7.48,-1.19,0.21,9.38,7.623592096944,0.2298236,68.78033796,-491,1379,80.4,2026-08-05
3018,600178,东安动力,9.61,-0.41,0.33,-56.3,9.637903920614,0.1383448,54.5757562,3,4867,82.0,2026-08-05
3019,600179,安通控股,4.34,-1.36,0.2,18.09,4.366743642178,0.3306612,63.62999806,1115,2808,68.0,2026-08-05
3020,600180,*ST瑞茂,1.55,0.65,0.59,-1.39,1.53541130458,0.3763272,52.83483732,11,5044,70.0,2026-08-05
3021,600182,S佳通,13.04,-0.46,0.33,23.37,13.023864977438,0.2800592,65.98450764,54,2126,61.6,2026-08-05
3022,600183,生益科技,125.8,2.45,1.19,65.96,118.377766755226,0.539802,81.88629819,8,24,94.0,2026-08-05
3023,600184,光电股份,17.86,0.73,0.86,2319.73,17.540812576558,0.2713724,71.24515767,1162,860,75.2,2026-08-05
3024,600185,珠免集团,4.78,-0.83,0.33,57.72,4.837598878264,0.2478956,70.95042492,-173,907,75.6,2026-08-05
3025,600186,莲花控股,9.75,1.77,5.42,30.46,9.461933352317,0.3372524,73.44875225,-459,507,89.6,2026-08-05
3026,600187,*ST国中,1.38,-1.43,0.37,31.79,1.390529098883,0.3891552,52.72824129,19,5051,71.6,2026-08-05
3027,600188,兖矿能源,20.25,4.71,0.43,12.85,19.105751892364,0.3088304,69.8136996,1520,1121,79.6,2026-08-05
3028,600189,泉阳泉,7.28,-1.09,0.61,129.62,7.377374219808,0.1776268,55.61628502,80,4739,71.6,2026-08-05
3029,600191,华资实业,10.79,0.09,0.54,63.79,10.704174441355,0.3515084,69.5357295,2532,1190,74.0,2026-08-05
3030,600192,长城电工,7.35,-5.65,2.25,-14.31,7.598059660615,0.2220996,64.41511206,-108,2579,91.6,2026-08-05
3031,600195,中牧股份,6.51,-0.15,0.08,68.74,6.525633812925,0.1736928,61.528958,-244,3404,70.0,2026-08-05
3032,600196,复星医药,22.85,-0.44,0.3,17.52,22.916136336945,0.3313576,67.89013857,-423,1573,89.2,2026-08-05
3033,600197,伊力特,10.37,-0.48,0.29,11.7,10.394262149736,0.2452972,64.56805686,1169,2532,78.4,2026-08-05
3034,600198,大唐电信,7.3,0.69,0.53,-36.36,7.219308185108,0.268628,58.95662346,-276,4096,72.8,2026-08-05
3035,600199,金种子酒,7.82,0.0,2.47,-84.38,7.778019946832,0.214228,58.38997643,52,4221,89.2,2026-08-05
3036,600201,生物股份,13.36,1.21,0.57,70.58,13.30619023698,0.3164828,67.31208967,-1473,1727,83.2,2026-08-05
3037,600202,哈空调,4.81,0.42,0.5,-15.09,4.805284350651,0.0795624,54.25980341,-715,4903,69.6,2026-08-05
3038,600203,福日电子,10.48,3.05,2.11,33.47,10.11529789211,0.266418,69.71629321,1482,1141,83.2,2026-08-05
3039,600206,有研新材,43.79,10.0,9.2,101.1,38.999115341534,0.4659688,75.25566599,1050,319,88.8,2026-08-05
3040,600207,安彩高科,4.39,-0.68,0.33,-8.08,4.400836078469,0.2691104,62.47170525,1580,3134,70.0,2026-08-05
3041,600208,衢州发展,2.96,-0.67,0.31,20.02,2.97081716339,0.3722844,66.52512,1517,1967,71.6,2026-08-05
3042,600210,紫江企业,6.17,-0.96,0.32,10.71,6.247423042222,0.2108776,64.77958251,-97,2477,75.6,2026-08-05
3043,600211,西藏药业,38.08,-1.35,0.34,10.27,38.708532254952,0.170938,70.37605518,-175,1002,82.0,2026-08-05
3044,600212,绿能慧充,5.44,-1.27,0.37,-44.55,5.525095047123,0.2217632,63.64394101,-606,2799,70.0,2026-08-05
3045,600215,派斯林,6.24,0.16,0.33,-31.7,6.165101382271,0.254166,57.40707382,669,4434,74.0,2026-08-05
3046,600216,浙江医药,12.08,-0.33,0.34,10.12,12.117168051583,0.2897764,71.49656143,837,814,82.0,2026-08-05
3047,600217,中再资环,3.14,-0.95,0.18,-50.23,3.177873588696,0.204392,54.40374507,-92,4881,72.8,2026-08-05
3048,600218,全柴动力,7.58,-0.13,0.35,26.48,7.601888291469,0.1956064,56.43084935,-13,4597,74.0,2026-08-05
3049,600219,南山铝业,4.76,-0.83,0.54,12.41,4.761348728316,0.38965,77.85065512,219,143,87.2,2026-08-05
3050,600221,海航控股,1.34,-1.47,0.18,8.39,1.357813753892,0.6254724,70.26965887,1030,1017,76.8,2026-08-05
3051,600222,太龙药业,7.58,1.88,0.6,407.51,7.494426931036,0.248444,55.02250369,-484,4813,72.0,2026-08-05
3052,600223,福瑞达,5.5,-0.54,0.15,43.82,5.549608527587,0.11021,64.33867585,-1137,2603,73.6,2026-08-05
3053,600226,亨通股份,5.8,1.05,1.77,60.05,5.621614062252,0.3448192,67.1338408,1077,1773,76.8,2026-08-05
3054,600227,赤天化,3.17,-1.86,2.72,-47.01,3.213081058447,0.2059336,53.18131971,-280,5009,89.2,2026-08-05
3055,600228,返利科技,7.87,1.81,4.26,-58.47,7.845000839918,0.2772075,69.69054971,-848,1149,88.0,2026-08-05
3056,600229,城市传媒,5.07,-0.2,0.14,31.28,5.087227437376,0.1089832,55.32678684,-28,4779,68.4,2026-08-05
3057,600230,沧州大化,14.24,0.85,1.45,25.49,14.06310812707,0.2627396,64.84072363,-1472,2457,80.4,2026-08-05
3058,600231,凌钢股份,1.7,-0.58,0.14,-2.55,1.704774050623,0.2201344,51.73878736,2,5107,67.2,2026-08-05
3059,600232,金鹰股份,6.05,0.17,0.37,47.45,6.014506561346,0.1033692,66.88202473,671,1852,66.4,2026-08-05
3060,600233,圆通速递,18.67,-2.76,0.26,11.6,18.626510234051,0.2128848,77.13089486,67,186,77.2,2026-08-05
3061,600234,科新发展,19.68,1.86,0.43,-833.46,19.235098115256,0.173732,64.70022705,588,2504,66.0,2026-08-05
3062,600235,民丰特纸,5.45,0.37,0.34,-391.5,5.457545984469,0.1341144,56.13446021,420,4645,66.0,2026-08-05
3063,600236,桂冠电力,10.8,-2.96,0.14,24.2,10.981848512929,0.2385532,70.49597785,-154,982,86.4,2026-08-05
3064,600237,铜峰电子,8.5,-0.35,1.82,54.55,8.432004176032,0.3018496,69.37454019,-56,1230,74.0,2026-08-05
3065,600238,ST椰岛,4.31,-2.05,0.4,523.67,4.369055053349,0.256911960784,57.29957717,-751,4455,77.6,2026-08-05
3066,600239,ST云城,1.4,0.0,0.23,-24.33,1.402451958742,0.4506052,60.31487232,856,3748,68.0,2026-08-05
3067,600241,时代万恒,7.11,0.28,0.46,-44.43,7.106694633768,0.114436,56.54663176,489,4583,72.8,2026-08-05
3068,600243,*ST海华,3.63,1.4,0.28,-54.97,3.543084019862,0.273934,56.10891674,-620,4651,67.2,2026-08-05
3069,600246,万通发展,12.04,2.82,2.35,-52.09,11.54207728964,0.3827836,55.72065815,-568,4717,83.2,2026-08-05
3070,600248,陕建股份,2.88,-1.03,0.15,14.98,2.922846450865,0.1396184,58.24141135,-192,4261,68.0,2026-08-05
3071,600249,两面针,5.09,0.0,0.53,-18.28,5.125681762728,0.2110208,64.24879119,573,2631,68.0,2026-08-05
3072,600250,南京商旅,8.44,0.0,0.52,143.03,8.408740333333,0.1018768,51.57165718,-21,5114,72.0,2026-08-05
3073,600251,冠农股份,9.47,0.96,0.55,6.31,9.365139788114,0.2665964,69.85234944,1040,1106,73.2,2026-08-05
3074,600252,中恒集团,2.18,-1.36,0.46,-51.75,2.2201177599,0.2715092,59.2641628,679,4026,78.0,2026-08-05
3075,600255,鑫科材料,3.32,0.0,1.04,91.07,3.291189267846,0.324832,60.91581214,-309,3589,72.4,2026-08-05
3076,600256,广汇能源,5.46,1.68,0.6,36.91,5.373054857685,0.3233276,56.00592717,-106,4671,74.8,2026-08-05
3077,600257,大湖股份,5.13,-0.58,0.64,-210.14,5.154198276008,0.1163436,60.83534013,-384,3607,80.8,2026-08-05
3078,600258,首旅酒店,12.04,-0.82,0.38,19.87,12.193780630598,0.1719144,66.81864891,-15,1873,76.8,2026-08-05
3079,600259,中稀有色,87.09,4.36,2.47,42.86,81.891699341146,0.3874076,70.14898036,150,1047,84.8,2026-08-05
3080,600261,阳光照明,3.04,0.0,0.14,140.12,3.040093978463,0.240544,61.57415738,-215,3389,66.0,2026-08-05
3081,600262,北方股份,15.44,8.66,5.54,12.21,14.133521165606,0.2040024,66.9394748,1036,1836,68.8,2026-08-05
3082,600265,*ST景谷,22.03,0.0,0.09,-681.8,22.252551171872,0.2910676,64.2026634,-1594,2646,60.0,2026-08-05
3083,600266,XD城建发,4.07,-1.21,0.33,12.88,4.096178853029,0.3054068,62.32127634,1148,3188,70.4,2026-08-05
3084,600267,海正药业,12.1,0.75,1.74,10.04,11.95818016742,0.2999796,74.20470875,-321,423,86.8,2026-08-05
3085,600268,国电南自,11.35,-1.99,0.69,68.52,11.520161483711,0.3006112,71.78437936,-348,748,82.4,2026-08-05
3086,600269,赣粤高速,3.97,-1.24,0.31,8.43,4.026502937786,0.2278104,64.91766606,-1044,2437,68.4,2026-08-05
3087,600271,航天信息,7.11,1.28,0.39,-12.55,7.046043011583,0.2339452,57.86549106,-241,4331,80.0,2026-08-05
3088,600272,开开实业,10.71,-0.09,0.27,38.97,10.715592717796,0.1231688,63.88527158,1087,2728,72.8,2026-08-05
3089,600273,嘉化能源,6.85,-0.87,0.27,21.72,6.925232744344,0.236884,69.22258635,886,1265,72.8,2026-08-05
3090,600276,恒瑞医药,52.87,-1.25,0.43,38.44,53.407585016414,0.4400304,79.59059922,34,67,93.2,2026-08-05
3091,600278,东方创业,6.26,-0.16,0.08,37.81,6.277718578605,0.1886824,59.66469367,-8,3928,68.8,2026-08-05
3092,600279,重庆港,4.27,-0.7,0.11,1362.6,4.281001383954,0.1812448,59.98898814,667,3848,68.0,2026-08-05
3093,600280,中央商场,2.88,-0.35,0.81,-116.19,2.880141635734,0.1990036,47.14768672,1,5193,70.8,2026-08-05
3094,600281,华阳新材,4.37,1.86,1.82,6225.02,4.303177445931,0.1812588,56.61372039,558,4568,71.6,2026-08-05
3095,600282,南钢股份,4.91,0.61,0.25,12.67,4.860679851399,0.2329308,70.21586728,1026,1027,76.0,2026-08-05
3096,600283,钱江水利,7.95,-0.75,0.1,29.48,7.965078669167,0.2865224,63.79459361,1116,2759,73.2,2026-08-05
3097,600284,浦东建设,5.17,-0.19,0.25,26.15,5.191435278895,0.2253224,59.87180272,-398,3878,68.4,2026-08-05
3098,600285,羚锐制药,22.27,-0.89,0.44,12.82,22.487970277758,0.1786564,71.64097279,1063,789,80.4,2026-08-05
3099,600287,苏豪时尚,4.55,0.22,0.29,82.72,4.573686883537,0.0633152,58.12993757,-170,4285,65.6,2026-08-05
3100,600288,大恒科技,11.18,3.33,3.87,23.87,10.7823233681,0.2682296,64.11604425,-662,2666,86.0,2026-08-05
3101,600289,ST信通,4.45,-4.71,0.32,-14.08,4.683929317419,0.3471988,57.15838229,13,4483,66.4,2026-08-05
3102,600292,电投水电,12.74,-1.39,0.7,38.61,12.833203470646,0.2069016,61.66641255,-290,3371,81.6,2026-08-05
3103,600293,三峡新材,2.77,-0.72,0.61,-32.18,2.768523984191,0.266568,55.92876476,-5,4684,69.2,2026-08-05
3104,600295,鄂尔多斯,12.13,-0.33,0.11,12.95,12.208989328635,0.0870968,68.17570559,-839,1519,74.8,2026-08-05
3105,600298,安琪酵母,40.8,-1.14,0.51,20.78,41.290800723691,0.2772708,76.53390841,258,221,87.6,2026-08-05
3106,600299,安迪苏,8.53,0.95,0.38,14.51,8.423669578109,0.242682,67.65288482,-124,1640,75.2,2026-08-05
3107,600300,维维股份,3.14,-1.26,0.38,15.09,3.17145608813,0.2583712,70.2533566,1101,1021,75.6,2026-08-05
3108,600301,华锡有色,49.0,3.24,2.8,42.6,46.832932541718,0.3308268,78.54408073,-9,105,76.0,2026-08-05
3109,600302,ST标准,6.25,0.64,0.28,-26.22,6.227915767087,0.2034912,51.40189785,35,5122,64.4,2026-08-05
3110,600303,曙光股份,2.77,-0.72,1.16,-7.86,2.776359821113,0.2640584,59.66677655,391,3926,70.4,2026-08-05
3111,600305,恒顺醋业,6.89,-1.15,0.21,28.55,6.97014260148,0.1930928,68.44092844,-310,1454,77.6,2026-08-05
3112,600307,酒钢宏兴,1.47,-1.34,0.12,-12.66,1.486819195558,0.4097064,53.42296674,-63,4987,72.0,2026-08-05
3113,600308,华泰股份,3.21,-0.62,0.08,53.21,3.224858863672,0.2622248,59.44660653,767,3983,67.6,2026-08-05
3114,600309,万华化学,75.18,0.98,0.35,15.83,73.921072632348,0.4231228,75.50919199,303,290,91.2,2026-08-05
3115,600310,广西能源,4.4,-1.57,1.05,-46.83,4.444885855829,0.3069216,54.88199498,24,4829,75.2,2026-08-05
3116,600312,平高电气,20.48,-2.2,0.74,16.75,20.901994721755,0.3351744,70.40717477,-659,994,92.0,2026-08-05
3117,600313,农发种业,5.65,0.18,0.52,86.46,5.636315501162,0.2379872,58.4287585,-622,4215,75.6,2026-08-05
3118,600315,上海家化,17.37,-1.47,0.48,13.14,17.623440567717,0.19687,62.53564501,210,3115,76.4,2026-08-05
3119,600316,洪都航空,25.65,0.39,0.46,795.13,25.58582858012,0.2566028,58.02530157,-49,4302,76.4,2026-08-05
3120,600318,新力金融,6.64,1.37,1.05,41.97,6.571633051081,0.2180332,61.79610781,1496,3342,74.4,2026-08-05
3121,600319,亚星化学,6.03,2.03,0.39,-11.01,5.872541194517,0.0626508,50.76952816,-2,5139,66.0,2026-08-05
3122,600320,振华重工,4.23,-0.7,0.24,14.77,4.249361279636,0.2999628,62.12126099,-122,3246,75.6,2026-08-05
3123,600322,津投城开,2.65,-1.12,0.46,6407.94,2.653785323553,0.3264944,61.34570004,1412,3457,68.4,2026-08-05
3124,600323,瀚蓝环境,30.06,-0.92,0.23,10.17,30.250594332151,0.1170328,70.7289724,-682,942,75.2,2026-08-05
3125,600325,华发股份,2.5,-2.72,0.57,-1.82,2.54618230961,0.2633368,59.74020522,872,3911,75.6,2026-08-05
3126,600326,西藏天路,7.52,9.94,3.83,-68.95,6.841032034004,0.2593516,58.53571935,-639,4190,83.2,2026-08-05
3127,600327,大东方,3.58,-0.56,0.19,43.66,3.612473427069,0.1069708,60.05212237,284,3827,72.8,2026-08-05
3128,600328,中盐化工,6.36,-0.47,0.23,-15.1,6.395906517061,0.2370744,56.71422078,87,4556,74.8,2026-08-05
3129,600329,达仁堂,36.68,-1.66,0.29,16.66,37.35430026661,0.1750252,66.73459357,50,1903,83.2,2026-08-05
3130,600330,天通股份,20.03,1.78,4.03,-147.6,19.242865135547,0.3914192,63.0150481,1224,2976,84.0,2026-08-05
3131,600331,宏达股份,13.41,0.9,1.25,-262.76,13.314372508039,0.4423388,72.99394654,-223,568,81.6,2026-08-05
3132,600332,白云山,21.35,-0.65,0.23,4.86,21.535750937764,0.3003656,72.28869425,-222,662,85.6,2026-08-05
3133,600333,长春燃气,6.11,0.49,0.56,48.48,6.010512420233,0.2822652,71.1765742,1703,867,72.8,2026-08-05
3134,600335,国机汽车,5.12,-1.54,0.22,15.11,5.223434988962,0.1223624,65.97414451,-1000,2128,72.8,2026-08-05
3135,600336,澳柯玛,6.24,-0.95,0.13,33.22,6.283299919752,0.2579104,62.04206024,1192,3271,71.6,2026-08-05
3136,600337,ST美克,2.57,0.0,0.39,-4.36,2.633567626453,0.3246208,48.46386265,-3,5182,65.2,2026-08-05
3137,600338,西藏珠峰,13.7,1.03,2.14,17.41,13.517816948725,0.2970308,71.90786856,2001,722,75.6,2026-08-05
3138,600339,中油工程,3.37,0.3,0.19,22.34,3.359189586278,0.3266868,63.81963424,123,2752,73.2,2026-08-05
3139,600340,*ST华幸,1.1,0.0,0.38,-0.63,1.102989171733,0.4208868,55.65551433,-2100,4731,74.4,2026-08-05
3140,600343,航天动力,19.7,3.63,2.2,-141.37,18.946519072086,0.2462008,59.32359125,-1128,4016,81.6,2026-08-05
3141,600345,长江通信,46.2,0.65,1.6,212.17,44.83300533957,0.3242392,69.93851598,493,1091,74.8,2026-08-05
3142,600346,恒力石化,17.54,1.86,0.15,7.89,17.171462983633,0.3174252,69.36042986,398,1234,84.0,2026-08-05
3143,600348,华阳股份,8.39,-0.71,0.39,15.65,8.412776693955,0.2151112,58.30735615,49,4243,75.2,2026-08-05
3144,600350,山东高速,10.68,-0.93,0.1,15.46,10.761867013668,0.1663868,70.16640332,1275,1041,74.0,2026-08-05
3145,600351,亚宝药业,6.67,-1.33,1.21,12.99,6.740517507338,0.245392,75.72844062,-143,280,82.8,2026-08-05
3146,600352,浙江龙盛,13.11,-1.13,0.8,19.85,13.043503971104,0.3604848,67.09214041,635,1782,87.2,2026-08-05
3147,600353,旭光电子,26.46,4.3,2.73,164.29,24.541587867876,0.3839512,72.12168483,975,688,84.8,2026-08-05
3148,600354,敦煌种业,5.98,0.67,1.81,16.7,5.930538315911,0.2588656,65.24568918,-216,2352,82.0,2026-08-05
3149,600356,恒丰纸业,8.31,-0.36,0.46,12.03,8.339910979228,0.1185544,68.02473376,-288,1550,68.0,2026-08-05
3150,600358,国旅联合,5.34,2.69,1.01,-245.27,5.145299020225,0.1807408,59.59896174,74,3947,69.2,2026-08-05
3151,600359,新农开发,6.02,0.17,0.35,25.68,6.022769674092,0.114244,54.25862313,45,4904,72.8,2026-08-05
3152,600360,华微电子,10.25,1.49,2.53,42.5,10.007739680095,0.3299604,60.79977367,-854,3616,86.4,2026-08-05
3153,600361,创新新材,3.74,-0.53,0.27,13.1,3.775130226987,0.2603384,64.65583023,-71,2515,73.6,2026-08-05
3154,600362,江西铜业,47.01,0.81,1.55,14.44,45.751717736245,0.4281496,80.36406238,231,48,91.2,2026-08-05
3155,600363,联创光电,22.18,-9.98,0.44,30.24,24.64,0.1896688,67.74437181,-1361,1610,82.8,2026-08-05
3156,600365,ST通葡,2.71,0.0,0.14,-26.7,2.717777930403,0.158382,56.55328357,-76,4582,65.2,2026-08-05
3157,600366,宁波韵升,12.03,1.09,2.55,28.36,11.880952473314,0.3399952,74.19233323,67,425,83.2,2026-08-05
3158,600367,红星发展,31.24,4.41,8.08,92.99,28.960657880297,0.3627032,69.26353491,2725,1254,77.2,2026-08-05
3159,600368,五洲交通,3.88,-1.02,0.22,7.92,3.914519176622,0.3335904,69.63405601,1117,1162,75.6,2026-08-05
3160,600369,西南证券,4.14,-1.19,0.15,22.16,4.18939346093,0.3281748,63.74085146,-1220,2772,78.0,2026-08-05
3161,600370,*ST三房,1.54,-3.14,0.28,47.3,1.550410742476,0.4228748,59.0532523,1096,4080,64.8,2026-08-05
3162,600371,万向德农,6.92,0.14,0.27,484.27,6.935382910525,0.0936544,50.29166684,-141,5153,72.0,2026-08-05
3163,600372,中航机载,11.42,-1.13,0.19,76.73,11.485386316061,0.3236308,68.0007355,1136,1557,80.4,2026-08-05
3164,600373,中文传媒,7.39,-1.34,0.26,22.9,7.508548575378,0.138464,51.84847433,-675,5100,76.4,2026-08-05
3165,600375,汉马科技,4.06,-0.49,0.31,59.94,4.082106258852,0.2701356,56.1574951,-98,4639,73.2,2026-08-05
3166,600376,首开股份,4.2,-0.94,2.63,-3.59,4.176398489433,0.2716704,63.01658754,-827,2974,89.2,2026-08-05
3167,600377,宁沪高速,11.87,-0.59,0.05,10.94,11.874954426019,0.1539688,68.41129699,-58,1467,79.2,2026-08-05
3168,600378,昊华科技,45.52,3.29,2.48,47.66,43.352243155168,0.3568372,76.1551088,160,246,83.6,2026-08-05
3169,600379,宝光股份,12.89,2.3,2.35,115.38,12.488062285704,0.2467968,64.48535908,-1178,2559,85.6,2026-08-05
3170,600380,健康元,10.03,-0.79,0.16,11.05,10.09035537975,0.2400556,67.19971484,-136,1753,78.0,2026-08-05
3171,600381,*ST春天,4.16,0.24,0.4,-37.51,4.029889340688,0.3626864,63.1368733,169,2933,70.0,2026-08-05
3172,600382,广东明珠,6.28,-1.41,0.79,18.57,6.377937884255,0.2706996,61.67827742,-2057,3368,67.6,2026-08-05
3173,600383,金地集团,2.27,-0.87,0.25,-3.77,2.275738939476,0.4473904,59.47322997,782,3980,74.8,2026-08-05
3174,600386,北巴传媒,3.31,-0.3,0.22,-71.32,3.322697816016,0.1263532,61.45106037,117,3423,64.0,2026-08-05
3175,600388,龙净环保,17.54,-0.57,0.26,22.81,17.522786277476,0.2612712,70.93877314,1366,910,77.6,2026-08-05
3176,600389,江山股份,20.89,2.15,1.38,12.31,20.475590964053,0.2701892,61.54551297,-937,3401,80.0,2026-08-05
3177,600390,五矿资本,4.96,-0.6,0.19,19.62,4.995475054325,0.3594748,66.40823575,1028,2004,80.4,2026-08-05
3178,600391,航发科技,30.64,-0.55,0.98,-222.85,30.260544246547,0.2564196,64.60672924,237,2522,74.4,2026-08-05
3179,600392,盛和资源,23.14,2.12,3.2,30.98,22.377874802101,0.4002948,76.43088204,145,231,82.4,2026-08-05
3180,600395,盘江股份,4.95,1.85,0.77,58.61,4.860729091938,0.281906,62.50683923,1011,3123,72.0,2026-08-05
3181,600396,华电辽能,17.14,-2.22,5.8,40.02,17.124923337235,0.3566968,64.93583345,2136,2433,95.6,2026-08-05
3182,600397,江钨装备,16.89,10.03,1.95,3135.69,14.733649828179,0.4501,66.37344644,552,2014,84.0,2026-08-05
3183,600398,海澜之家,6.02,-0.82,0.14,7.61,6.103688703511,0.2049184,69.81807522,-332,1118,80.4,2026-08-05
3184,600399,抚顺特钢,4.27,-0.93,0.43,-14.38,4.303468165389,0.2695068,57.63020783,102,4380,75.2,2026-08-05
3185,600400,红豆股份,3.02,0.0,0.48,308.89,3.007559299285,0.346442,65.13944864,1515,2380,72.0,2026-08-05
3186,600403,大有能源,5.97,2.4,1.63,-9.66,5.764192201733,0.1968692,51.05443028,-42,5131,78.0,2026-08-05
3187,600405,动力源,4.42,0.91,0.61,-19.24,4.38154610385,0.191936,57.42967609,670,4424,76.0,2026-08-05
3188,600406,国电南瑞,24.15,-1.59,0.28,67.23,24.56241127971,0.3742476,74.00728878,-240,444,94.0,2026-08-05
3189,600408,安泰集团,2.76,-0.36,1.02,-13.91,2.752172364793,0.2194504,57.43962551,-6,4421,70.4,2026-08-05
3190,600409,三友化工,6.54,-0.15,0.54,-36.88,6.569322573834,0.2150648,62.16503978,-1619,3229,80.0,2026-08-05
3191,600410,华胜天成,16.2,0.31,4.74,-48.11,16.025991324868,0.3064052,67.34418611,-1355,1718,88.0,2026-08-05
3192,600415,小商品城,12.36,-0.32,0.54,17.11,12.378932126039,0.3323464,69.71647656,-92,1140,88.8,2026-08-05
3193,600416,湘电股份,9.25,-1.07,0.3,67.11,9.347295457985,0.2082004,54.95106661,57,4819,72.0,2026-08-05
3194,600418,江淮汽车,24.35,-4.51,1.88,-22.64,25.147615632742,0.3985364,67.66015448,496,1638,91.6,2026-08-05
3195,600419,天润乳业,8.7,0.12,0.71,23.07,8.657858390491,0.1419216,61.97368621,-434,3290,80.4,2026-08-05
3196,600420,国药现代,8.6,-1.04,0.19,20.83,8.685238801934,0.2535308,69.90236472,1071,1098,73.6,2026-08-05
3197,600422,昆药集团,8.69,-1.47,0.42,-11.6,8.857238543472,0.1634052,57.57207027,-195,4398,77.2,2026-08-05
3198,600423,*ST柳化,2.77,-0.72,0.14,77.99,2.761741256299,0.309954,66.69527862,237,1913,67.6,2026-08-05
3199,600425,青松建化,3.52,0.86,0.47,-52.79,3.481749516158,0.2704768,67.7288328,-75,1615,72.8,2026-08-05
3200,600426,华鲁恒升,21.22,1.05,0.45,13.07,20.923891054433,0.283082,69.47360035,-236,1207,84.4,2026-08-05
3201,600428,中远海特,11.95,1.88,0.93,20.2,11.626752195844,0.3463972,75.83588716,-179,269,89.6,2026-08-05
3202,600429,三元股份,4.5,-0.88,0.2,16.84,4.522505882,0.141596,58.46397986,-141,4205,80.4,2026-08-05
3203,600433,冠豪高新,3.38,-1.46,0.55,8.21,3.445666257127,0.253532,54.34248427,51,4889,68.4,2026-08-05
3204,600435,北方导航,10.75,-0.19,0.26,-258.49,10.744489764607,0.2362064,62.42285274,-146,3148,76.0,2026-08-05
3205,600436,片仔癀,134.92,-1.4,0.31,27.37,136.025024595579,0.369382,70.45403873,-62,987,89.6,2026-08-05
3206,600438,通威股份,12.38,-3.21,0.62,-5.7,12.73145938846,0.3368152,67.01406815,818,1810,94.0,2026-08-05
3207,600439,ST瑞贝卡,1.85,0.0,2.29,136.59,1.841618764259,0.306811960784,57.36358948,-496,4444,69.6,2026-08-05
3208,600444,国机通用,13.27,0.38,0.46,51.4,13.289808856965,0.0985204,58.97843813,-26,4092,68.8,2026-08-05
3209,600446,金证股份,11.75,0.43,2.29,-56.48,11.904121030342,0.3333016,66.965312,2522,1826,76.0,2026-08-05
3210,600448,华纺股份,2.76,0.36,0.52,-15.43,2.766914589231,0.1262192,56.8514306,515,4536,69.2,2026-08-05
3211,600449,宁夏建材,14.73,6.89,3.02,-389.07,13.789508608279,0.240978,68.02260614,-496,1551,80.4,2026-08-05
3212,600452,涪陵电力,9.7,-1.72,0.6,29.04,9.847228684201,0.2750108,61.74622626,-485,3352,74.4,2026-08-05
3213,600455,博通股份,23.49,-0.17,0.79,21.55,23.625086668093,0.1054376,64.39343342,-2057,2586,70.4,2026-08-05
3214,600456,宝钛股份,28.88,-0.76,0.46,58.55,29.110106386278,0.2820904,59.19930097,-994,4040,83.6,2026-08-05
3215,600458,时代新材,11.61,-1.02,0.59,17.47,11.684400448315,0.3228976,73.43674939,1323,509,73.6,2026-08-05
3216,600459,贵研铂业,21.14,1.98,3.15,19.59,20.294819332619,0.3565828,72.53200895,616,632,78.4,2026-08-05
3217,600460,士兰微,31.04,1.37,2.2,61.83,30.158051169531,0.3821744,72.40611372,252,647,82.4,2026-08-05
3218,600461,洪城环境,8.89,-0.67,0.2,9.03,8.960458098204,0.1875188,67.01267042,892,1811,68.4,2026-08-05
3219,600463,空港股份,7.92,0.51,0.22,91.76,7.885352176341,0.0915376,57.39604191,-945,4438,64.4,2026-08-05
3220,600467,好当家,2.24,0.0,0.4,104.38,2.236539422512,0.2507404,62.45390652,-1217,3138,70.0,2026-08-05
3221,600468,百利电气,6.47,-4.01,2.31,68.91,6.605639780802,0.2274008,67.4316391,-1039,1692,93.6,2026-08-05
3222,600469,风神股份,5.37,0.0,0.18,23.47,5.37461587554,0.172072,64.53967943,-120,2542,66.0,2026-08-05
3223,600470,六国化工,5.66,-1.39,1.46,-8.17,5.630621503266,0.2563044,61.60759164,1009,3384,76.4,2026-08-05
3224,600475,华光环能,15.23,-3.12,0.54,31.34,15.602878885266,0.248412,64.20554533,-244,2644,83.6,2026-08-05
3225,600476,*ST湘邮,9.09,1.68,0.38,139.31,8.952915782847,0.2032164,58.72470985,-1445,4150,67.6,2026-08-05
3226,600477,杭萧钢构,2.43,-0.41,0.35,65.43,2.443577149166,0.2857428,55.24894562,-98,4788,70.4,2026-08-05
3227,600478,科力远,5.02,-1.38,0.43,54.86,5.104202805523,0.1996572,59.82414859,-325,3893,73.2,2026-08-05
3228,600479,千金药业,9.72,-0.1,0.24,15.95,9.708892306368,0.2050796,69.19813717,1027,1272,76.4,2026-08-05
3229,600480,凌云股份,8.77,-1.57,0.35,17.47,8.900301029478,0.2113008,63.19870502,-341,2913,70.4,2026-08-05
3230,600481,双良节能,4.32,-0.69,0.57,-5.65,4.341882285235,0.2483032,52.78765438,-740,5047,74.0,2026-08-05
3231,600482,中国动力,28.77,1.09,0.24,27.75,28.311303087721,0.2908792,66.31631531,-1120,2035,74.4,2026-08-05
3232,600483,福能股份,10.63,-1.12,0.17,11.37,10.754309192597,0.2079668,74.26030247,-27,417,75.2,2026-08-05
3233,600486,扬农化工,55.17,-0.36,0.34,13.69,55.246598756871,0.2666964,66.27607539,-1283,2053,78.8,2026-08-05
3234,600487,亨通光电,55.29,1.62,4.13,30.84,52.426027817279,0.5258568,83.67188665,233,8,94.8,2026-08-05
3235,600488,津药药业,5.43,-2.16,2.53,106.7,5.516265027646,0.246862,63.93243943,1343,2715,82.8,2026-08-05
3236,600489,中金黄金,25.43,4.87,1.64,12.95,23.471536946217,0.4696432,83.94126068,144,7,89.2,2026-08-05
3237,600490,鹏欣资源,7.08,0.85,1.73,35.51,6.945322983134,0.3300436,68.98934186,2582,1329,75.2,2026-08-05
3238,600491,ST龙元,1.23,-0.81,0.73,-3.65,1.239471562331,0.598237636364,62.93128499,-209,3005,71.2,2026-08-05
3239,600493,凤竹纺织,5.86,0.86,0.44,-59.0,5.812573623065,0.061608,54.16617073,0,4916,64.8,2026-08-05
3240,600495,晋西车轴,3.84,0.26,0.17,2599.31,3.836540543749,0.2193908,62.81402641,1147,3037,71.2,2026-08-05
3241,600496,精工钢构,3.29,-0.9,0.3,10.81,3.322417397461,0.3250884,66.46193414,864,1985,70.0,2026-08-05
3242,600497,驰宏锌锗,10.53,2.63,2.28,20.05,10.014666616019,0.411836,76.27114596,97,239,82.0,2026-08-05
3243,600498,烽火通信,37.4,1.36,2.12,330.76,35.848206934208,0.3797408,69.94922549,952,1087,83.2,2026-08-05
3244,600499,科达制造,14.18,-2.34,1.13,11.59,14.275243610676,0.2751796,71.80323978,-651,743,86.4,2026-08-05
3245,600500,中化国际,4.96,-0.2,0.77,-20.62,4.898966711798,0.3198196,64.59118774,519,2526,75.2,2026-08-05
3246,600501,航天晨光,15.04,2.1,0.73,-25.96,14.67759733368,0.1975816,60.86709984,106,3596,76.8,2026-08-05
3247,600502,安徽建工,4.57,-1.51,0.54,5.89,4.647542622393,0.2195648,72.0238261,-89,703,75.6,2026-08-05
3248,600503,华丽家族,2.11,-0.47,0.6,-163.71,2.106155745759,0.3258092,55.3039901,-46,4781,70.8,2026-08-05
3249,600505,西昌电力,11.25,-1.06,0.65,329.39,11.325959523891,0.187608,54.87846965,76,4830,76.0,2026-08-05
3250,600506,统一股份,14.5,0.35,0.53,14.35,14.400635821484,0.2083732,67.44049935,1081,1687,72.0,2026-08-05
3251,600507,方大特钢,4.34,-1.14,0.36,23.26,4.399079032152,0.2393128,66.08659533,72,2096,79.2,2026-08-05
3252,600508,上海能源,8.52,0.35,0.19,29.13,8.498497021506,0.1551164,59.09491604,455,4067,71.2,2026-08-05
3253,600509,天富能源,7.71,-1.66,0.66,15.13,7.774296980312,0.3306416,62.7682533,1454,3055,70.4,2026-08-05
3254,600510,黑牡丹,6.83,1.19,0.26,31.47,6.682758680125,0.2539828,63.31622484,745,2890,68.4,2026-08-05
3255,600511,国药股份,27.32,-0.83,0.3,10.87,27.571652367953,0.215354,74.91188556,-68,350,83.2,2026-08-05
3256,600512,腾达建设,2.0,-0.99,0.25,19.96,2.018710301281,0.2806764,60.20002752,25,3783,68.0,2026-08-05
3257,600513,联环药业,17.18,-0.58,3.13,190.83,17.240465050276,0.1991256,64.2240324,-54,2636,88.4,2026-08-05
3258,600515,海南机场,2.91,-1.36,0.2,73.91,2.956638744633,0.3491792,64.33858905,327,2604,76.4,2026-08-05
3259,600516,方大炭素,5.27,0.19,0.37,598.74,5.252594694099,0.3416192,60.87338096,-87,3595,78.0,2026-08-05
3260,600517,国网英大,5.07,-1.36,0.12,18.6,5.147722025815,0.2954964,70.68424993,758,947,80.4,2026-08-05
3261,600518,康美药业,1.34,-2.19,0.44,-279.69,1.377870648403,0.5372584,57.87230449,-1602,4328,84.8,2026-08-05
3262,600519,贵州茅台,1300.13,-0.48,0.06,14.91,1311.97009538146,0.4898864,76.37550716,-130,234,94.8,2026-08-05
3263,600520,三佳科技,23.82,2.1,1.85,632.27,23.084173498115,0.2353512,69.0668571,1715,1304,76.8,2026-08-05
3264,600521,华海药业,16.72,0.36,0.83,15.48,16.857197568101,0.2923368,61.64287279,-2354,3377,89.2,2026-08-05
3265,600522,中天科技,32.21,0.66,2.51,29.91,31.165718143936,0.4398448,78.01836725,305,127,87.2,2026-08-05
3266,600523,贵航股份,11.46,0.26,0.22,27.45,11.393045605114,0.2466228,66.11008832,-146,2093,71.2,2026-08-05
3267,600525,ST长园,4.91,2.29,0.42,147.16,4.810645856695,0.4239248,52.23851788,-301,5075,68.4,2026-08-05
3268,600526,菲达环保,4.4,-0.45,0.17,18.83,4.410482803693,0.2077888,60.66002789,-1218,3646,70.8,2026-08-05
3269,600527,江南高纤,2.16,-0.92,0.55,119.22,2.180136709593,0.2766548,62.67124552,-511,3073,71.2,2026-08-05
3270,600528,中铁工业,7.19,-0.83,0.15,12.52,7.274123006255,0.2928256,70.65862833,971,952,75.6,2026-08-05
3271,600529,山东药玻,19.28,-0.87,0.4,15.9,19.439195117973,0.2797252,74.37921849,493,408,80.0,2026-08-05
3272,600530,ST交昂,3.9,-8.02,3.43,-119.8,4.045216790422,0.504546862745,56.6361679,510,4563,64.0,2026-08-05
3273,600531,豫光金铅,13.1,1.95,3.18,14.41,12.640328376475,0.334226,75.92990793,167,262,79.6,2026-08-05
3274,600533,栖霞建设,2.1,0.48,0.44,-9.97,2.084341652397,0.1173044,56.92089758,521,4525,67.2,2026-08-05
3275,600535,天士力,15.71,-0.06,0.37,13.15,15.70232426187,0.2649544,68.99414188,-503,1328,84.4,2026-08-05
3276,600536,中国软件,33.3,-0.69,1.13,-105.46,33.621106746741,0.3461852,66.84165628,1073,1866,90.0,2026-08-05
3277,600537,*ST亿晶,2.25,-2.6,0.64,-10.17,2.302985542055,0.2832172,55.15352919,103,4799,71.2,2026-08-05
3278,600538,国发股份,4.99,1.63,0.4,-86.62,4.9251096253,0.2726972,55.64943554,-84,4732,64.8,2026-08-05
3279,600539,狮头股份,14.42,0.63,1.96,1575.53,14.312688559962,0.2497612,56.72195844,-325,4555,76.4,2026-08-05
3280,600540,新赛股份,3.84,-1.29,2.22,13.35,3.804575847672,0.273144,71.01338606,424,893,86.0,2026-08-05
3281,600543,*ST莫高,3.88,-0.26,0.14,-34.74,3.858893427404,0.2084,62.79506968,274,3043,66.4,2026-08-05
3282,600545,卓郎智能,4.31,0.7,1.5,-64.02,4.198688271875,0.2877468,62.32916162,600,3182,71.2,2026-08-05
3283,600546,山煤国际,12.43,1.55,0.41,14.38,12.229381356278,0.2491688,66.59049148,-267,1949,75.6,2026-08-05
3284,600547,山东黄金,30.1,3.97,1.69,24.0,28.335212070158,0.4182576,79.68603159,771,65,90.4,2026-08-05
3285,600548,深高速,8.43,-0.59,0.03,10.5,8.456359099184,0.1669828,68.90898957,55,1349,68.8,2026-08-05
3286,600549,厦门钨业,55.21,2.77,3.86,19.8,52.245943276617,0.4576328,80.87870754,76,33,86.0,2026-08-05
3287,600550,保变电气,11.93,-3.17,1.21,92.21,12.160833029512,0.2752108,66.77780259,-275,1883,88.4,2026-08-05
3288,600551,时代出版,7.01,-0.14,0.13,23.48,7.028641035755,0.1599832,65.56318947,-160,2256,68.0,2026-08-05
3289,600552,凯盛科技,17.48,2.34,3.16,147.86,16.834927713953,0.3297776,72.43452918,333,643,80.0,2026-08-05
3290,600556,天下秀,5.4,-2.53,4.94,757.0,5.386902026575,0.4493264,77.31797074,352,178,83.2,2026-08-05
3291,600557,康缘药业,12.34,-1.83,0.55,22.03,12.574809765036,0.146642,62.66672882,-343,3074,76.8,2026-08-05
3292,600558,大西洋,4.79,-0.83,0.46,19.29,4.918031733878,0.2363748,69.55158396,759,1185,69.6,2026-08-05
3293,600559,老白干酒,12.01,-0.99,0.53,16.6,12.128557657599,0.1396904,63.00414872,-385,2979,84.4,2026-08-05
3294,600560,金自天正,11.06,0.0,0.2,97.49,11.075937182883,0.1109,62.82378553,1068,3031,68.8,2026-08-05
3295,600561,江西长运,5.46,0.18,0.58,-13.86,5.493522865108,0.1575804,57.28765358,-948,4457,66.8,2026-08-05
3296,600562,国睿科技,25.15,-0.24,0.17,101.16,24.993447955219,0.2759696,77.58967139,-51,161,79.6,2026-08-05
3297,600563,法拉电子,138.57,-2.2,0.86,29.11,141.924514331156,0.3357952,75.08238024,-41,333,75.6,2026-08-05
3298,600566,济川药业,26.72,1.91,0.27,15.39,25.914657609705,0.2066512,70.73458724,440,939,79.6,2026-08-05
3299,600567,山鹰国际,1.35,0.0,0.08,-4.28,1.352609259119,0.6010016,55.35380322,354,4774,74.4,2026-08-05
3300,600568,ST中珠,2.25,-0.44,0.05,-55.92,2.259968781941,0.2846384,54.6837054,-17,4847,64.4,2026-08-05
3301,600569,安阳钢铁,1.8,-0.55,0.16,-1.88,1.805755224388,0.2119068,52.92568642,-39,5035,72.4,2026-08-05
3302,600570,恒生电子,23.5,0.73,0.71,80.17,23.410923188976,0.3251676,70.92732274,6,912,89.2,2026-08-05
3303,600571,信雅达,11.19,2.94,2.47,-16.02,10.888755210616,0.2154608,64.02770464,519,2688,77.6,2026-08-05
3304,600572,康恩贝,4.24,-0.93,0.45,13.56,4.275844761278,0.308922,68.79682545,1035,1373,80.0,2026-08-05
3305,600573,惠泉啤酒,9.68,-0.62,0.49,73.56,9.724311611815,0.1493108,60.00330538,-432,3842,69.2,2026-08-05
3306,600575,淮河能源,3.37,-3.44,0.74,18.65,3.505039988894,0.3279108,68.49981539,870,1435,77.2,2026-08-05
3307,600576,祥源文旅,5.61,-0.88,0.26,81.75,5.651340116229,0.1884336,55.40200777,48,4765,70.4,2026-08-05
3308,600577,精达股份,8.26,0.24,0.62,33.73,8.229960315734,0.3129624,66.55186533,-1340,1963,80.4,2026-08-05
3309,600578,京能电力,5.83,-2.67,0.66,8.86,5.954345926183,0.2908972,66.71421427,-1338,1909,82.8,2026-08-05
3310,600579,中化装备,7.26,0.69,0.42,-25.4,7.142801056186,0.23345,52.07957929,-1,5085,72.0,2026-08-05
3311,600580,卧龙电驱,36.34,-1.41,2.27,51.42,35.815097189654,0.3233136,68.84413385,-1099,1366,94.8,2026-08-05
3312,600581,*ST八钢,2.29,-0.87,0.19,-2.68,2.301214756902,0.3373648,54.33975942,-807,4890,71.2,2026-08-05
3313,600582,天地科技,4.81,-0.62,0.11,11.49,4.858432213532,0.2970648,67.46762989,-78,1682,75.2,2026-08-05
3314,600583,海油工程,5.62,0.18,0.14,14.17,5.596880877797,0.2332664,66.86363447,300,1860,77.2,2026-08-05
3315,600584,长电科技,72.97,5.8,4.63,112.46,68.188172481034,0.4295444,71.73973893,-33,761,89.2,2026-08-05
3316,600585,海螺水泥,17.7,-0.23,0.13,15.91,17.667724404029,0.308182,69.01724396,1466,1318,86.4,2026-08-05
3317,600586,金晶科技,4.23,0.0,0.18,-9.6,4.23072177302,0.2397868,53.79173667,-149,4955,72.0,2026-08-05
3318,600587,新华医疗,12.78,-0.93,0.26,15.62,12.885666580325,0.2213756,66.03792123,65,2112,80.4,2026-08-05
3319,600588,用友网络,12.23,3.21,1.84,-14.46,11.785358263771,0.3643116,72.11581717,825,689,93.2,2026-08-05
3320,600589,大位科技,8.36,0.48,1.76,-97.18,8.3452572941,0.30561,57.28755792,-2900,4458,80.4,2026-08-05
3321,600590,泰豪科技,8.61,-0.58,0.92,37.21,8.619896214297,0.2565468,69.58855843,674,1177,74.4,2026-08-05
3322,600592,龙溪股份,14.57,0.0,0.8,-6000.32,14.505551571304,0.1891356,67.84782671,189,1585,71.2,2026-08-05
3323,600593,大连圣亚,39.15,0.28,0.75,81.3,38.983280598767,0.1719292,61.08306743,-576,3538,81.2,2026-08-05
3324,600594,益佰制药,3.51,-1.4,0.82,-23.31,3.566442912981,0.2046392,56.61595765,-69,4567,76.8,2026-08-05
3325,600595,中孚实业,6.61,-0.9,1.15,7.04,6.601881241839,0.3716552,75.2906102,-291,311,86.8,2026-08-05
3326,600596,新安股份,10.96,0.92,0.91,38.41,10.813195473347,0.3454964,70.95060487,-71,906,77.2,2026-08-05
3327,600597,光明乳业,6.83,-1.3,0.19,35.32,6.936913092496,0.1744988,58.61375813,-1679,4174,80.0,2026-08-05
3328,600598,北大荒,12.15,-0.16,0.23,9.3,12.153045958871,0.2566188,63.79967213,-515,2757,81.6,2026-08-05
3329,600600,青岛啤酒,53.68,-0.63,0.2,10.17,53.914883693971,0.2539076,69.03259376,-437,1311,86.8,2026-08-05
3330,600601,方正科技,11.64,9.4,4.58,53.69,10.359114462168,0.4394728,72.99806645,484,566,82.4,2026-08-05
3331,600602,云赛智联,18.44,-0.59,1.24,141.52,18.502132152165,0.2773932,73.32851914,-339,525,94.4,2026-08-05
3332,600603,广汇物流,4.56,-1.72,0.25,91.11,4.585623618298,0.211476,60.42790081,717,3721,66.8,2026-08-05
3333,600604,市北高新,4.6,0.44,0.35,-28.18,4.558323658548,0.2190048,59.43476306,516,3987,72.8,2026-08-05
3334,600605,汇通能源,22.89,-0.22,0.51,135.91,22.792594706798,0.2646084,60.12327565,731,3804,64.0,2026-08-05
3335,600606,绿地控股,1.28,-1.54,0.17,22.03,1.296495588126,0.466484,57.84926283,685,4336,74.8,2026-08-05
3336,600609,金杯汽车,3.31,-0.6,0.31,20.83,3.335380302502,0.2470596,61.32403159,-259,3464,68.4,2026-08-05
3337,600610,中毅达,7.07,-0.42,0.42,102.37,7.060285220274,0.14891,61.44674752,-582,3426,74.0,2026-08-05
3338,600611,大众交通,4.83,2.99,8.99,-17.17,4.687622431301,0.6221116,68.6805459,3333,1404,78.4,2026-08-05
3339,600612,老凤祥,35.27,0.89,0.53,8.43,34.884321473402,0.124878,67.56324012,94,1659,74.0,2026-08-05
3340,600613,神奇制药,4.93,-0.2,0.39,51.09,4.944502802519,0.1335312,64.03987002,1460,2685,74.4,2026-08-05
3341,600615,鑫源智造,9.15,0.22,0.18,-123.47,9.115386036202,0.056784,54.63504094,-1169,4857,64.4,2026-08-05
3342,600616,金枫酒业,4.12,-0.24,0.25,568.87,4.141874114823,0.1197468,56.81497688,129,4541,72.8,2026-08-05
3343,600617,国新能源,3.4,0.0,0.88,13.04,3.38686356403,0.2084588,56.88314211,-387,4533,80.4,2026-08-05
3344,600618,氯碱化工,10.43,-0.19,0.23,14.65,10.425265587058,0.1739588,65.1111094,-226,2391,73.2,2026-08-05
3345,600619,海立股份,14.37,-0.62,1.2,53.24,14.39479551252,0.2568724,64.7913717,-225,2471,83.6,2026-08-05
3346,600620,天宸股份,4.24,0.24,0.15,-76.1,4.226189795189,0.1654608,59.40311915,-91,3996,66.4,2026-08-05
3347,600621,华鑫股份,13.28,-0.97,0.22,22.68,13.433439187503,0.242138,61.44058068,1002,3427,80.8,2026-08-05
3348,600622,光大嘉宝,2.17,-0.91,0.32,-7.29,2.173436518159,0.1978532,51.825983,-13,5101,71.2,2026-08-05
3349,600623,华谊集团,8.7,4.19,0.89,27.46,8.335700580352,0.2002468,66.2983976,-906,2045,69.6,2026-08-05
3350,600624,ST复华,3.88,0.26,0.17,-60.26,3.856247357496,0.2054076,55.09353606,-7,4805,71.2,2026-08-05
3351,600626,申达股份,3.48,0.0,0.26,-96.44,3.481427727446,0.1775452,59.03540365,-5,4084,66.4,2026-08-05
3352,600628,新世界,6.03,-0.33,0.19,43.5,6.053059065621,0.1608396,66.26299299,968,2057,71.2,2026-08-05
3353,600629,华建集团,15.95,2.44,2.48,1116.65,14.94455103921,0.4311844,68.738148,2248,1388,86.8,2026-08-05
3354,600630,龙头股份,6.63,-0.6,0.6,28.46,6.641616462963,0.2083128,56.83803867,-121,4539,76.0,2026-08-05
3355,600633,浙数文化,11.5,0.88,1.29,22.78,11.450782159323,0.3157356,60.16079365,-1692,3795,83.6,2026-08-05
3356,600635,XD大众公,4.85,-0.21,0.57,70.43,4.851620665044,0.3198844,69.09769898,2141,1297,74.8,2026-08-05
3357,600637,东方明珠,8.26,-0.96,0.36,112.63,8.367543971596,0.3217068,65.4767124,-1441,2278,74.8,2026-08-05
3358,600638,新黄浦,4.99,0.0,0.3,6.07,4.944488957536,0.2368508,64.32890111,1006,2607,69.6,2026-08-05
3359,600639,浦东金桥,9.57,-0.21,0.12,37.15,9.589812389915,0.1043256,66.23144898,-1417,2068,71.2,2026-08-05
3360,600640,国脉文化,10.97,-0.81,0.3,274.41,11.117245773748,0.1063432,62.22818116,264,3213,74.4,2026-08-05
3361,600641,先导基电,27.38,3.01,3.6,61.69,25.971640989694,0.4312044,63.34783756,605,2882,78.4,2026-08-05
3362,600642,申能股份,8.34,-0.36,0.17,12.95,8.314968415715,0.2887168,71.05892279,1340,885,75.2,2026-08-05
3363,600643,爱建集团,4.07,-0.25,0.24,205.32,4.093089882206,0.1506676,49.19530774,-168,5177,68.8,2026-08-05
3364,600644,乐山电力,10.24,-0.58,2.46,430.13,10.271606644547,0.1975512,59.17351771,-394,4044,93.2,2026-08-05
3365,600645,中源协和,19.32,1.95,1.06,93.22,18.951130114163,0.190442,60.18021325,-264,3790,77.2,2026-08-05
3366,600648,外高桥,8.98,0.79,0.11,205.97,8.863692297476,0.1737328,67.8356978,678,1590,70.8,2026-08-05
3367,600649,城投控股,3.7,-0.54,0.17,317.2,3.722979191702,0.2350436,68.00194871,978,1556,68.4,2026-08-05
3368,600650,锦江在线,10.68,-3.96,1.71,106.62,11.105519386505,0.182936,68.75330212,1325,1384,73.2,2026-08-05
3369,600651,飞乐音响,5.9,-1.01,0.26,586.08,5.908506957127,0.2182728,66.32581467,824,2031,71.2,2026-08-05
3370,600653,申华控股,1.66,0.0,0.22,-36.3,1.658477284168,0.269752,60.48259674,-159,3703,71.2,2026-08-05
3371,600654,中安科,2.96,-0.67,0.89,74.22,2.981013161642,0.2439948,61.86627939,-504,3321,73.6,2026-08-05
3372,600655,豫园股份,4.62,-0.65,0.11,28.63,4.633033304794,0.1539376,65.46503037,1247,2284,75.6,2026-08-05
3373,600657,信达地产,2.59,-1.15,0.2,-3.91,2.612632645295,0.1720376,55.7472495,-478,4709,70.8,2026-08-05
3374,600658,电子城,4.03,0.0,0.29,-9.62,3.993329898263,0.2491844,54.35534133,222,4886,69.2,2026-08-05
3375,600660,福耀玻璃,55.99,-1.04,0.15,21.34,56.52367848053,0.253088,72.62109511,-266,614,88.8,2026-08-05
3376,600661,昂立教育,9.48,-2.57,2.69,27.6,9.541178294628,0.210556,79.01380544,265,87,79.6,2026-08-05
3377,600662,外服控股,4.47,-1.11,0.19,10.79,4.528941186957,0.2456008,71.02557292,0,891,72.4,2026-08-05
3378,600663,陆家嘴,8.95,1.36,0.35,20.33,8.825171776534,0.1571172,71.57433323,-591,802,82.0,2026-08-05
3379,600664,哈药股份,6.51,-3.84,7.3,25.44,6.57353707589,0.291688,67.23892788,-452,1743,94.4,2026-08-05
3380,600665,天地源,3.15,3.96,0.8,-4.33,2.992347466585,0.2985404,59.65975896,472,3929,66.0,2026-08-05
3381,600666,奥瑞德,3.98,1.27,4.29,-282.4,3.90154151173,0.29691,65.49851678,-1729,2272,85.6,2026-08-05
3382,600667,太极实业,18.78,1.79,9.14,76.05,18.234771303569,0.4395392,76.92289769,1655,199,93.6,2026-08-05
3383,600668,尖峰集团,7.29,-0.14,0.23,-41.08,7.310614215984,0.1687784,53.70569161,-64,4961,71.2,2026-08-05
3384,600671,天目药业,21.62,-1.99,1.27,172.48,22.149537418894,0.3528484,66.85649203,609,1861,74.4,2026-08-05
3385,600673,东阳光,32.83,0.83,0.38,207.09,32.460113786188,0.4271992,68.45882666,-1266,1448,92.4,2026-08-05
3386,600674,川投能源,14.91,-0.47,0.12,12.51,15.008848539614,0.327394,71.70642573,513,769,80.0,2026-08-05
3387,600675,中华企业,2.23,-1.33,0.12,-36.38,2.260068897405,0.2551696,60.61746364,884,3666,68.0,2026-08-05
3388,600676,久事动娱,7.16,-3.11,0.57,-29.84,7.380854947606,0.4001972,75.72881779,454,279,73.6,2026-08-05
3389,600678,ST金顶,5.6,0.72,0.74,263.76,5.548709320563,0.286108,56.44166211,36,4594,71.2,2026-08-05
3390,600679,上海凤凰,9.44,-0.63,0.14,96.64,9.526370353178,0.1439596,60.96733655,386,3575,70.8,2026-08-05
3391,600681,百川能源,3.41,0.0,0.42,10.19,3.40814593988,0.2136748,60.26290645,132,3764,67.6,2026-08-05
3392,600682,南京新百,5.57,-0.71,0.28,60.98,5.619385161748,0.149504,52.31985309,-47,5070,70.0,2026-08-05
3393,600683,京投发展,8.6,0.58,0.52,-12.41,8.455409512051,0.164156,59.56328294,172,3960,69.6,2026-08-05
3394,600684,珠江股份,3.46,-0.57,0.25,-147.38,3.47054567431,0.1574952,63.60772798,-1141,2813,72.0,2026-08-05
3395,600685,中船防务,26.43,-0.79,0.31,23.58,26.477164798055,0.382368,71.49882133,919,812,84.8,2026-08-05
3396,600686,金龙汽车,11.9,-1.16,0.99,14.22,12.086040603929,0.240868,66.68279703,410,1917,80.8,2026-08-05
3397,600688,上海石化,2.85,0.71,0.21,18.09,2.827488736348,0.3526864,60.38117058,-326,3733,68.4,2026-08-05
3398,600689,上海三毛,10.18,0.1,0.38,128.7,10.152185362139,0.1380104,64.66682481,1132,2512,68.0,2026-08-05
3399,600690,海尔智家,22.11,-1.03,0.15,11.14,22.260021625042,0.298722,70.24189215,-263,1024,88.8,2026-08-05
3400,600691,潞化科技,2.44,-0.81,0.24,-29.75,2.453542964336,0.234492,54.35339491,75,4887,70.4,2026-08-05
3401,600692,亚通股份,5.95,0.34,0.71,298.97,5.926206269471,0.129872,62.81455616,-157,3035,70.4,2026-08-05
3402,600693,东百集团,9.6,-1.94,3.7,46.38,9.6899534052,0.2186784,66.47833235,-1610,1979,92.8,2026-08-05
3403,600694,大商股份,14.52,-0.68,0.21,5.01,14.634243692799,0.172258,65.67819047,43,2220,70.8,2026-08-05
3404,600697,欧亚集团,10.45,0.38,0.62,115.58,10.470922056893,0.0592588,56.02936827,-1079,4665,69.2,2026-08-05
3405,600698,湖南天雁,6.58,-1.05,0.64,950.51,6.62394361099,0.1444308,57.05275529,-997,4502,83.2,2026-08-05
3406,600699,均胜电子,21.44,-0.83,1.0,20.67,21.477003043728,0.3309856,73.19792526,1146,543,76.8,2026-08-05
3407,600702,舍得酒业,37.31,-0.61,1.46,13.38,37.191619643666,0.2380052,61.56632382,-4,3392,90.4,2026-08-05
3408,600703,三安光电,13.84,3.67,2.21,255.76,13.193467666513,0.362278,67.3466779,564,1716,83.6,2026-08-05
3409,600704,物产中大,4.96,-0.6,0.22,6.6,4.991221380941,0.4049768,72.57759931,457,623,77.6,2026-08-05
3410,600706,曲江文旅,7.63,0.0,0.45,-33.73,7.662419273421,0.0469688,50.60757636,-23,5146,76.4,2026-08-05
3411,600707,彩虹股份,9.16,2.81,1.54,1485.76,8.746506850729,0.2993688,68.38815126,783,1476,80.4,2026-08-05
3412,600708,光明地产,3.25,0.93,0.35,-7.73,3.245011210411,0.2733468,54.6342682,-1906,4858,68.4,2026-08-05
3413,600710,苏美达,10.78,-0.65,0.16,10.16,10.777207328495,0.2224776,69.94684794,1098,1089,75.2,2026-08-05
3414,600711,盛屯矿业,11.59,0.61,1.96,9.93,11.379199754613,0.40925,78.62101473,64,101,90.0,2026-08-05
3415,600712,南宁百货,5.45,-3.88,4.84,270.52,5.866702083329,0.2553244,64.51993869,-1558,2547,87.2,2026-08-05
3416,600713,南京医药,5.02,-0.79,0.16,9.4,5.052176689682,0.2901332,69.13654574,-99,1286,74.8,2026-08-05
3417,600714,金瑞矿业,15.4,3.91,2.46,-1024.97,14.663713514217,0.2067488,68.83859588,2216,1368,68.4,2026-08-05
3418,600715,文投控股,1.63,-0.61,0.29,-510.85,1.646057786407,0.3605208,47.98062381,-108,5190,71.6,2026-08-05
3419,600716,凤凰股份,3.46,0.0,0.1,-28.78,3.456091490932,0.1119136,58.43585253,724,4213,68.0,2026-08-05
3420,600717,天津港,4.3,-1.15,0.17,8.81,4.356078988554,0.185579491525,64.21224527,-1174,2642,72.8,2026-08-05
3421,600718,东软集团,8.51,-0.58,0.43,-17.26,8.61740983208,0.1534736,63.99441207,-136,2697,81.6,2026-08-05
3422,600719,大连热电,7.49,-1.32,0.82,7.99,7.581580472087,0.2471476,49.78755684,24,5163,71.2,2026-08-05
3423,600720,中交设计,5.36,0.0,0.22,43.04,5.362197985347,0.4100604,68.3565942,-95,1479,74.4,2026-08-05
3424,600721,百花医药,9.24,6.08,25.07,133.73,8.664377218846,0.396588,74.12008662,470,432,89.6,2026-08-05
3425,600722,金牛化工,10.72,-2.1,4.08,139.74,10.838531733444,0.2020492,59.90872283,-1988,3870,94.4,2026-08-05
3426,600724,宁波富达,5.06,0.6,0.14,30.45,5.059431006824,0.1895292,58.75544232,-1797,4143,62.8,2026-08-05
3427,600725,云维股份,3.19,-0.62,0.26,-610.49,3.194835922556,0.3100624,62.52116587,1684,3119,66.4,2026-08-05
3428,600726,华电能源,6.11,-2.08,0.78,20.07,6.139308599568,0.2900628,68.53976671,245,1429,78.8,2026-08-05
3429,600727,鲁北化工,7.62,1.2,3.41,11.74,7.452991510176,0.3017896,68.99817079,1962,1326,71.2,2026-08-05
3430,600728,佳都科技,4.92,-0.81,0.63,212.82,5.02290022267,0.2827608,70.52449957,-816,977,82.4,2026-08-05
3431,600729,重百集团,20.49,-0.77,0.69,10.11,20.642319417225,0.1292296,65.09460565,-1044,2394,73.6,2026-08-05
3432,600730,*ST高科,11.39,4.5,0.98,-866.91,11.056441440382,0.4174624,66.4848739,1987,1975,71.2,2026-08-05
3433,600731,湖南海利,5.78,-0.52,0.2,17.93,5.811712375946,0.2231352,64.12279444,-1465,2661,70.4,2026-08-05
3434,600732,爱旭股份,12.59,0.48,0.54,-15.14,12.498747555962,0.3225824,59.95836479,127,3858,78.4,2026-08-05
3435,600733,北汽蓝谷,5.75,-3.52,0.92,-10.52,5.935439568862,0.352486,74.24376681,458,420,90.4,2026-08-05
3436,600734,*ST实达,1.73,-0.57,0.48,-78.82,1.73780525565,0.2778104,51.89560309,-708,5096,72.0,2026-08-05
3437,600735,ST新华锦,6.49,1.09,0.44,185.91,6.418448215459,0.2526988,60.93563434,-110,3583,68.0,2026-08-05
3438,600736,苏州高新,6.7,-1.03,0.59,8.96,6.712206549019,0.3198984,62.49800192,1657,3127,74.4,2026-08-05
3439,600737,中粮糖业,12.84,-1.0,1.07,31.79,12.951736409276,0.3434676,72.2115029,-258,674,86.0,2026-08-05
3440,600738,丽尚国潮,3.96,0.0,0.37,12.28,3.956193341127,0.1584468,65.30214407,-175,2330,68.4,2026-08-05
3441,600739,辽宁成大,10.75,-1.29,0.3,7.43,10.906706463811,0.367918,69.59374859,1536,1174,76.0,2026-08-05
3442,600740,山西焦化,3.55,0.28,0.32,-124.91,3.551162798273,0.2077688,64.37771849,-1364,2591,73.2,2026-08-05
3443,600741,华域汽车,15.88,-1.31,0.14,10.06,16.098838576194,0.19275,74.00442073,475,446,80.8,2026-08-05
3444,600742,富维股份,7.66,0.92,0.22,17.35,7.586664061094,0.3228996,66.76604241,-175,1889,73.2,2026-08-05
3445,600743,华远控股,2.19,-1.35,0.32,-132.6,2.198454027551,0.3823684,59.81930193,1153,3894,64.8,2026-08-05
3446,600744,华银电力,7.14,-3.12,2.08,26.19,7.280108003415,0.261224,60.81102516,1179,3611,86.8,2026-08-05
3447,600745,*ST闻泰,16.95,-0.76,0.77,-28.52,17.072296464773,0.31484,54.49595105,-914,4873,74.8,2026-08-05
3448,600746,江苏索普,6.6,-0.15,0.39,56.51,6.605923841941,0.1573032,63.63090502,-384,2807,79.6,2026-08-05
3449,600748,上实发展,3.82,-2.8,0.29,-15.07,3.837453989294,0.2248708,64.26637387,1951,2627,66.8,2026-08-05
3450,600749,西藏旅游,14.19,1.5,1.25,-40.26,13.903160371397,0.2123572,53.6346878,-100,4966,80.8,2026-08-05
3451,600750,华润江中,24.96,-1.42,0.25,13.77,25.393872859376,0.1168916,73.91519828,378,452,82.4,2026-08-05
3452,600751,海航科技,3.22,-2.13,0.36,178.95,3.285263939677,0.2632476,59.88241345,-1526,3873,73.6,2026-08-05
3453,600753,ST海钦,9.88,1.54,0.1,25.42,9.706392811297,0.235849803922,62.36937303,1214,3166,64.4,2026-08-05
3454,600754,锦江酒店,19.41,0.67,0.49,37.8,19.236788463747,0.1835504,66.96506474,-11,1827,79.2,2026-08-05
3455,600755,厦门国贸,5.72,-0.87,0.17,12.01,5.782301704898,0.2340996,64.77846136,-192,2478,75.6,2026-08-05
3456,600756,浪潮软件,16.15,-3.12,4.0,-16.35,16.218027937852,0.2567256,69.38424702,2349,1227,91.2,2026-08-05
3457,600757,长江传媒,7.86,-1.13,0.23,7.13,8.008993697432,0.0983444,65.25643799,-1132,2349,74.0,2026-08-05
3458,600758,辽宁能源,3.32,-0.6,1.01,-9.49,3.327735741186,0.2371616,50.12480319,9,5156,70.0,2026-08-05
3459,600759,ST洲际,2.33,-0.85,0.88,21.81,2.333829062435,0.3537804,65.93886652,-371,2140,78.0,2026-08-05
3460,600760,中航沈飞,42.6,0.19,0.1,183.02,42.667370828355,0.3295388,69.23701048,-246,1261,88.0,2026-08-05
3461,600761,安徽合力,17.61,-1.51,0.43,12.04,17.857288153955,0.1875788,67.00807513,-258,1813,76.0,2026-08-05
3462,600763,通策医疗,36.1,-0.82,0.43,21.6,36.483279505202,0.24167,69.86912745,-296,1099,87.2,2026-08-05
3463,600764,中国海防,18.59,0.27,0.2,127.61,18.567219747459,0.20962,62.42483274,-1451,3147,78.0,2026-08-05
3464,600765,中航重机,13.47,-0.59,0.26,33.09,13.573367411922,0.2889284,58.7577248,-245,4142,78.4,2026-08-05
3465,600768,宁波富邦,14.59,1.04,0.65,17.43,14.388051275692,0.0837068,60.9666284,-619,3576,66.4,2026-08-05
3466,600769,祥龙电业,14.51,0.14,0.78,286.34,14.37279080489,0.2681,61.68081689,-852,3367,66.4,2026-08-05
3467,600770,综艺股份,5.28,-0.56,0.51,113.55,5.293906894058,0.2628056,60.41621216,-1278,3723,71.6,2026-08-05
3468,600771,广誉远,14.21,-1.11,0.42,26.06,14.379472787083,0.173168,66.57524103,1100,1956,79.6,2026-08-05
3469,600773,西藏城投,11.24,2.18,0.9,-50.41,10.944491810568,0.2291464,55.27746076,242,4785,73.6,2026-08-05
3470,600774,汉商集团,6.77,1.2,0.38,-91.46,6.735513160948,0.0530748,56.12337175,437,4648,68.4,2026-08-05
3471,600775,南京熊猫,9.95,-1.19,0.97,-170.47,10.010338342746,0.1877684,55.59401022,-2088,4741,85.2,2026-08-05
3472,600776,东方通信,13.19,1.85,0.65,95.99,12.924095243795,0.25547,65.93319124,1089,2144,74.8,2026-08-05
3473,600777,新潮能源,4.34,1.17,0.12,51.69,4.239974549716,0.40103627451,63.34759219,-351,2883,77.6,2026-08-05
3474,600778,友好集团,5.34,0.19,0.47,19.68,5.331157462814,0.0656064,61.41865426,788,3432,69.2,2026-08-05
3475,600779,水井坊,28.55,-1.04,0.26,20.34,28.638093081032,0.2441416,62.77541845,1014,3053,78.0,2026-08-05
3476,600780,通宝能源,6.0,-1.15,0.29,9.99,6.081438407718,0.3026516,65.78948467,-1241,2189,67.6,2026-08-05
3477,600782,新钢股份,2.83,-1.05,0.34,-3.08,2.864748499229,0.2924324,55.897829,-119,4690,73.6,2026-08-05
3478,600783,鲁信创投,18.29,0.94,2.39,-218.93,17.747782935652,0.3757036,68.29029462,1843,1490,73.6,2026-08-05
3479,600784,鲁银投资,7.76,1.17,0.57,23.56,7.558748194477,0.3080368,69.30832691,1892,1243,61.6,2026-08-05
3480,600785,新华百货,8.71,-0.57,0.65,10.58,8.719744390772,0.1221268,58.89716866,-284,4114,76.8,2026-08-05
3481,600787,中储股份,4.62,-1.07,0.2,34.22,4.6715423617,0.2182864,64.15051454,-44,2653,77.2,2026-08-05
3482,600789,鲁抗医药,7.35,0.14,0.86,36.06,7.352837848526,0.241514,63.41201418,-63,2862,78.4,2026-08-05
3483,600790,轻纺城,3.34,-0.3,0.17,3.5,3.365023489689,0.2777804,63.83265797,1415,2750,63.6,2026-08-05
3484,600791,京能置业,7.19,1.55,0.93,-10.94,6.962322475676,0.1418724,57.40162285,431,4436,70.8,2026-08-05
3485,600792,云煤能源,3.6,1.98,0.65,-10.26,3.528664908101,0.1825632,61.85424571,-271,3325,71.2,2026-08-05
3486,600793,宜宾纸业,14.4,-0.41,2.1,-24.61,14.639390696795,0.1785816,55.94678097,-2679,4681,84.4,2026-08-05
3487,600794,保税科技,3.14,0.32,0.24,40.68,3.134367588469,0.214384,59.30725449,394,4019,71.6,2026-08-05
3488,600795,国电电力,4.96,-0.8,0.13,15.82,4.998799983699,0.3710452,67.6410771,-561,1646,88.8,2026-08-05
3489,600796,钱江生化,5.01,0.2,0.4,29.68,5.005364596763,0.26521,65.74001006,181,2206,67.2,2026-08-05
3490,600797,浙大网新,7.45,0.4,1.86,-40.21,7.391588852015,0.3011384,66.12567529,-865,2091,87.6,2026-08-05
3491,600798,宁波海运,3.21,-1.23,0.34,-116.96,3.23583323594,0.2757564,60.18205599,-46,3789,71.6,2026-08-05
3492,600800,渤海化学,3.33,-0.89,0.49,-6.47,3.366521958449,0.24189,62.45186657,-627,3140,73.6,2026-08-05
3493,600801,华新建材,22.75,3.74,0.52,18.77,21.723378521995,0.1701152,76.36999521,-208,235,82.8,2026-08-05
3494,600802,福建水泥,4.4,0.23,0.42,-11.94,4.390477136557,0.0719116,55.30049515,348,4782,69.2,2026-08-05
3495,600803,新奥股份,17.3,0.17,0.05,20.44,17.357178958358,0.1187244,74.39000429,-238,406,76.8,2026-08-05
3496,600805,悦达投资,4.37,-0.68,0.21,63.03,4.38334327215,0.249176,62.41449522,-181,3152,71.2,2026-08-05
3497,600807,济高发展,2.49,-0.4,0.38,-24.09,2.501011004243,0.1835836,52.93889154,35,5033,68.8,2026-08-05
3498,600808,马钢股份,2.61,-0.38,0.23,118.6,2.614663101813,0.3718868,65.65134935,1109,2233,75.2,2026-08-05
3499,600809,山西汾酒,120.41,-0.5,0.16,6.82,120.191670526464,0.3277028,74.69761651,-172,370,89.6,2026-08-05
3500,600810,神马股份,6.36,-0.16,0.21,-55.35,6.329948555113,0.2285452,53.31268346,-29,4994,72.8,2026-08-05
3501,600812,华北制药,4.72,-0.84,0.33,57.07,4.781342696368,0.2326288,66.14461082,-179,2083,80.8,2026-08-05
3502,600814,杭州解百,6.61,-0.3,0.12,13.44,6.646135708461,0.1509384,68.04322569,19,1547,70.0,2026-08-05
3503,600815,厦工股份,3.25,-3.27,1.4,-196.97,3.385833880611,0.2404484,56.42649351,-1658,4598,86.0,2026-08-05
3504,600816,建元信托,2.56,-0.78,0.32,6.19,2.596080806229,0.2564348,58.51083707,-218,4201,71.2,2026-08-05
3505,600817,宇通重工,9.26,-0.75,0.11,27.61,9.287910436022,0.1144916,61.55894745,55,3398,66.8,2026-08-05
3506,600818,ST中路,7.31,2.38,1.81,-32.29,7.070260877011,0.3684096,64.72744057,172,2496,75.2,2026-08-05
3507,600819,耀皮玻璃,5.39,-0.92,0.16,54.41,5.439040952982,0.1449584,62.05602444,-204,3267,65.2,2026-08-05
3508,600820,隧道股份,5.42,-0.91,0.17,14.33,5.50067567021,0.2589032,67.51246422,-240,1674,75.6,2026-08-05
3509,600821,金开新能,6.49,-2.26,1.35,-166.25,6.650302343988,0.2614044,53.89665153,-1647,4944,80.8,2026-08-05
3510,600822,上海物贸,8.21,-0.48,0.22,173.17,8.240731301186,0.2046664,65.02277569,1542,2412,71.6,2026-08-05
3511,600824,益民集团,3.52,-0.85,0.17,49.18,3.533968539704,0.12582,61.63183301,-90,3379,70.0,2026-08-05
3512,600825,新华传媒,5.12,-0.39,0.3,1014.58,5.120991691396,0.2764356,61.01397087,1154,3557,74.0,2026-08-05
3513,600826,兰生股份,8.13,-0.85,0.13,-111.13,8.198088335853,0.087248,65.50329508,-127,2269,67.6,2026-08-05
3514,600827,百联股份,7.76,-1.02,0.27,4.37,7.8633153873,0.2179332,65.32957655,797,2324,76.0,2026-08-05
3515,600828,茂业商业,3.95,-0.25,0.23,-92.8,3.959453391498,0.1322664,50.74633968,-26,5140,71.6,2026-08-05
3516,600829,人民同泰,9.32,-0.96,0.89,27.88,9.382561144245,0.1869824,68.43032753,-1329,1462,84.4,2026-08-05
3517,600830,香溢融通,8.07,0.12,0.17,36.28,8.041471603618,0.239156,60.00916844,936,3839,66.8,2026-08-05
3518,600831,广电网络,3.33,-0.6,0.5,-3.15,3.361193217093,0.128794,55.38953049,-1834,4767,72.4,2026-08-05
3519,600833,第一医药,9.77,0.0,0.5,23.42,9.793949352714,0.1119704,63.71273558,1149,2779,71.6,2026-08-05
3520,600834,申通地铁,7.28,-0.68,0.08,212.82,7.361144447729,0.1201628,64.60081511,1024,2523,71.2,2026-08-05
3521,600835,上海机电,19.24,-0.88,0.19,27.15,19.44831019501,0.1925008,64.12909001,976,2658,72.8,2026-08-05
3522,600838,上海九百,7.3,-0.68,0.36,74.18,7.348358612938,0.1573376,60.62470129,-1160,3659,71.6,2026-08-05
3523,600839,四川长虹,7.06,0.14,0.6,82.74,7.030652394221,0.3755704,70.39210795,20,998,83.6,2026-08-05
3524,600841,动力新科,5.89,-1.67,0.32,56.45,5.965094444891,0.1851612,58.55364643,-1338,4183,68.8,2026-08-05
3525,600843,上工申贝,7.09,0.14,0.34,1115.64,7.061452218085,0.1161728,57.78494366,128,4346,75.6,2026-08-05
3526,600844,金煤科技,3.44,-1.15,2.75,85.65,3.441775657319,0.213082,59.87456162,-3178,3875,88.0,2026-08-05
3527,600845,宝信软件,19.23,-0.77,0.29,36.04,19.36393951107,0.2674516,74.87582544,-79,353,90.0,2026-08-05
3528,600846,同济科技,11.98,-0.17,0.17,32.6,12.144649349977,0.2262032,67.53829826,-1389,1667,75.2,2026-08-05
3529,600847,万里股份,12.14,-0.74,0.43,-32.3,12.216880062133,0.1307364,61.00528031,820,3562,64.8,2026-08-05
3530,600848,上海临港,8.67,-0.91,0.08,65.19,8.80111186259,0.1594064,69.33508168,-445,1238,74.4,2026-08-05
3531,600850,电科数字,16.02,0.06,0.76,129.54,16.04986665245,0.2352216,63.75129669,-761,2769,78.0,2026-08-05
3532,600851,海欣股份,7.95,-0.75,0.26,82.9,8.001687214926,0.2264392,60.64556054,-507,3651,69.6,2026-08-05
3533,600853,龙建股份,3.21,-0.62,0.21,21.98,3.234761384026,0.162264,64.68659031,-1207,2507,72.0,2026-08-05
3534,600854,春兰股份,4.39,0.0,0.24,388.49,4.397573525031,0.1287948,60.0673725,-128,3823,64.8,2026-08-05
3535,600855,航天长峰,12.82,1.1,0.46,-40.29,12.663837826765,0.1969208,58.17881352,757,4269,74.0,2026-08-05
3536,600857,宁波中百,17.56,2.21,1.12,51.7,17.138680630573,0.1948144,69.62902282,-343,1165,68.0,2026-08-05
3537,600858,银座股份,4.78,0.0,0.32,8.75,4.776988859209,0.1795428,64.40260445,1116,2584,68.4,2026-08-05
3538,600859,王府井,10.14,-1.27,0.42,55.17,10.280465283572,0.233134,62.17474093,950,3227,80.0,2026-08-05
3539,600860,京城股份,8.27,0.24,0.17,-35.14,8.259076388826,0.0833672,52.79515512,-55,5046,73.6,2026-08-05
3540,600861,北京人力,13.53,-0.51,0.11,7.29,13.617715051512,0.1138792,66.63443323,991,1941,68.4,2026-08-05
3541,600862,中航高科,18.37,-0.7,0.27,25.5,18.500736342934,0.252064,67.50722865,-234,1677,80.8,2026-08-05
3542,600863,华能蒙电,4.71,-1.88,0.51,13.29,4.783334805758,0.3528608,66.86716225,828,1859,77.6,2026-08-05
3543,600864,哈投股份,5.44,-1.09,0.28,35.6,5.512474270549,0.2559428,55.90098554,76,4689,74.0,2026-08-05
3544,600865,百大集团,8.76,-0.34,0.38,29.79,8.779851490006,0.1158216,57.88786847,-180,4323,72.8,2026-08-05
3545,600866,星湖科技,4.43,-1.34,0.41,-39.24,4.47226025022,0.2517964,63.97385342,1371,2703,71.6,2026-08-05
3546,600867,通化东宝,8.14,-1.45,0.46,31.43,8.279524589281,0.2561924,69.58996313,-347,1176,78.0,2026-08-05
3547,600868,梅雁吉祥,2.77,-1.07,0.7,-89.43,2.797691434035,0.2524864,52.1214333,-24,5084,73.2,2026-08-05
3548,600869,远东股份,15.36,1.45,2.09,88.2,14.715807597446,0.3137256,74.48105124,282,397,83.2,2026-08-05
3549,600871,石化油服,2.22,0.45,0.3,51.39,2.210276360716,0.3262392,61.13727849,-169,3519,76.0,2026-08-05
3550,600872,中炬高新,19.47,-1.27,0.45,14.34,19.711232436239,0.2184868,64.32479435,-576,2610,82.8,2026-08-05
3551,600873,梅花生物,7.94,0.13,0.23,47.2,7.938653902639,0.2150216,66.31719943,-214,2033,74.8,2026-08-05
3552,600874,创业环保,5.52,-0.54,0.09,7.84,5.538933661744,0.229282,73.61364955,-104,487,72.4,2026-08-05
3553,600875,东方电气,27.47,-1.72,0.85,14.98,27.815501589062,0.4171448,75.95885689,-188,259,92.0,2026-08-05
3554,600876,凯盛新能,6.98,-0.14,0.17,-3.19,6.988612588104,0.09806,53.00588566,-46,5024,73.6,2026-08-05
3555,600877,电科芯片,13.01,0.0,0.43,-3186.71,12.993880894263,0.2503324,63.79478203,197,2758,78.0,2026-08-05
3556,600879,航天电子,16.23,2.08,1.15,428.0,15.900047300909,0.2926444,69.86337027,36,1101,87.6,2026-08-05
3557,600880,博瑞传播,4.12,-0.48,0.73,161.15,4.147584741103,0.266372,66.31203529,-511,2037,78.8,2026-08-05
3558,600881,亚泰集团,1.71,-2.29,0.73,-6.15,1.744678955697,0.3911696,54.2796975,-609,4898,80.4,2026-08-05
3559,600882,妙可蓝多,21.81,-3.02,0.85,36.66,22.255040834399,0.2390692,65.2015297,1107,2360,83.6,2026-08-05
3560,600883,博闻科技,7.34,0.55,0.52,42.25,7.349583996587,0.0988804,60.14235465,-2601,3800,66.8,2026-08-05
3561,600884,杉杉股份,12.61,-1.64,0.99,21.38,12.745189887251,0.3452764,67.5420549,1456,1664,86.0,2026-08-05
3562,600885,宏发股份,35.62,-1.87,0.49,23.84,36.506804423855,0.2472032,76.44379975,-218,228,84.0,2026-08-05
3563,600886,国投电力,14.78,-0.07,0.08,13.96,14.865124752661,0.1906624,71.83403133,-328,738,84.8,2026-08-05
3564,600887,伊利股份,26.24,-0.49,0.18,7.69,26.269652045861,0.3760092,74.26342379,383,416,91.6,2026-08-05
3565,600888,新疆众和,9.83,0.61,1.44,14.42,9.64833659168,0.4041168,74.0048719,139,445,77.6,2026-08-05
3566,600889,*ST京化,13.66,0.15,0.12,164.87,13.643125823257,0.2681036,54.51385174,70,4872,70.8,2026-08-05
3567,600892,大晟文化,4.32,3.85,16.66,-35.42,4.132277522762,0.420888627451,56.0591793,-1683,4661,80.0,2026-08-05
3568,600893,航发动力,35.57,-0.36,0.28,9261.92,35.574390054609,0.365238,68.0006853,-181,1558,85.2,2026-08-05
3569,600894,广日股份,7.84,-0.51,0.12,183.11,7.869809111414,0.3249264,72.22125159,-155,672,67.6,2026-08-05
3570,600895,张江高科,33.03,-0.36,0.98,153.13,32.738941433956,0.4244464,74.25581429,451,418,86.8,2026-08-05
3571,600897,厦门空港,14.76,-0.07,0.05,13.1,14.754886858979,0.1651844,64.71287907,-1245,2500,67.2,2026-08-05
3572,600900,长江电力,27.6,-0.58,0.12,24.97,27.794125380992,0.4424868,73.12665879,-243,550,94.4,2026-08-05
3573,600901,江苏金租,6.34,-0.47,0.12,11.17,6.298587573436,0.214004,70.16087712,1021,1043,72.0,2026-08-05
3574,600903,贵州燃气,6.35,0.0,0.37,18.23,6.360976705864,0.1963596,60.69562594,-221,3634,69.2,2026-08-05
3575,600905,三峡能源,3.78,-1.05,0.09,25.97,3.830631867813,0.3510848,61.68086105,-90,3366,81.2,2026-08-05
3576,600906,财达证券,6.61,-0.6,0.31,21.16,6.627776567632,0.33578,62.71681246,1173,3064,73.2,2026-08-05
3577,600908,无锡银行,5.42,-1.81,0.34,4.69,5.53883644502,0.2470784,67.42175979,-217,1695,72.4,2026-08-05
3578,600909,华安证券,8.08,-0.25,0.72,23.42,8.050910904831,0.4060544,69.15190595,2367,1280,76.8,2026-08-05
3579,600916,中国黄金,7.84,-1.13,2.35,20.11,7.865400741339,0.3245948,75.73852075,1861,277,82.8,2026-08-05
3580,600917,重庆燃气,4.83,-0.62,0.09,-47.89,4.864734382125,0.2062568,66.34793717,-73,2022,66.8,2026-08-05
3581,600918,中泰证券,5.61,-0.71,0.17,23.68,5.657842916194,0.2912728,62.09308811,-130,3257,80.4,2026-08-05
3582,600919,江苏银行,11.61,0.09,0.09,4.87,11.586907552096,0.4495284,71.24990544,-65,859,85.2,2026-08-05
3583,600925,苏能股份,4.28,-0.23,0.14,37.7,4.300538200299,0.198108,61.48955074,257,3412,64.4,2026-08-05
3584,600926,杭州银行,16.01,-0.87,0.09,4.38,16.177092522111,0.4078388,66.98748285,17,1818,79.6,2026-08-05
3585,600927,永安期货,13.48,-0.22,0.11,25.2,13.463759662053,0.147394,65.35796259,801,2311,70.8,2026-08-05
3586,600928,西安银行,3.54,-1.12,0.14,5.2,3.582116370767,0.191634,67.02869192,862,1805,71.6,2026-08-05
3587,600929,雪天盐业,5.57,-0.36,0.31,153.61,5.529621787882,0.3325256,70.15939931,712,1044,70.8,2026-08-05
3588,600930,华电新能,4.23,-1.63,0.67,21.4,4.291090160619,0.3331188,61.60476889,-188,3385,79.2,2026-08-05
3589,600933,爱柯迪,13.86,-1.0,0.26,16.3,13.941961771986,0.2400936,65.12411355,-914,2386,70.0,2026-08-05
3590,600935,华塑股份,2.29,-0.87,0.07,-132.25,2.303545319511,0.2988504,59.41824595,811,3991,65.2,2026-08-05
3591,600936,北投科技,5.97,-3.24,2.39,99.91,5.950373023817,0.3357416,72.00166465,1326,707,82.8,2026-08-05
3592,600938,中国海油,30.67,-0.07,0.37,9.31,30.764141800808,0.3127264,70.78012369,-432,932,89.2,2026-08-05
3593,600939,重庆建工,2.66,0.0,0.08,-33.69,2.673539273026,0.1572488,58.46062133,-217,4206,69.2,2026-08-05
3594,600941,中国移动,95.36,-0.66,0.24,17.62,95.810417402637,0.2549988,73.22947561,-181,537,90.8,2026-08-05
3595,600955,维远股份,12.81,0.39,0.14,24.7,12.724686246409,0.1242324,61.16940428,766,3508,64.0,2026-08-05
3596,600956,新天绿能,7.26,-2.29,0.15,11.41,7.451762706183,0.1963144,61.73485566,-498,3356,70.0,2026-08-05
3597,600958,东方证券,9.14,-0.87,0.21,8.59,9.224136329108,0.3899504,62.78246377,-301,3049,84.0,2026-08-05
3598,600959,江苏有线,3.12,-0.64,0.2,61.6,3.152057607808,0.2940248,58.88516582,-204,4118,70.4,2026-08-05
3599,600960,渤海汽车,3.96,-0.75,0.21,-139.3,3.979176024092,0.150614,54.51716924,28,4870,70.0,2026-08-05
3600,600961,株冶集团,27.69,3.86,6.28,6.49,25.905735554519,0.3906724,80.77747051,75,39,83.6,2026-08-05
3601,600962,国投中鲁,30.24,4.75,4.73,465.43,28.664261133843,0.3075336,63.92483713,-1673,2717,79.6,2026-08-05
3602,600963,岳阳林纸,3.34,-1.18,0.41,113.6,3.393465009154,0.21846,52.77873183,-734,5050,74.8,2026-08-05
3603,600965,*ST福成,2.61,-1.14,0.08,24.84,2.626878498268,0.107958,59.0849506,-267,4072,65.6,2026-08-05
3604,600966,博汇纸业,4.92,-0.81,0.17,29.69,4.934898503677,0.1721364,64.51837399,962,2548,70.0,2026-08-05
3605,600967,内蒙一机,11.55,-0.6,0.32,35.53,11.594598414929,0.2579888,68.27159046,996,1495,82.4,2026-08-05
3606,600968,海油发展,3.88,0.52,0.07,15.47,3.882259908678,0.2641308,70.20251594,-615,1032,76.0,2026-08-05
3607,600969,郴电国际,8.16,-0.85,0.62,66.71,8.225016968541,0.185776,54.03282762,-48,4930,67.6,2026-08-05
3608,600970,中材国际,7.74,-1.02,0.21,11.16,7.822414334486,0.2558608,71.69454332,-537,775,80.0,2026-08-05
3609,600971,恒源煤电,7.97,0.89,0.42,78.34,7.854389869213,0.107336,57.61486172,-266,4386,74.0,2026-08-05
3610,600973,宝胜股份,6.22,-0.96,0.56,42.95,6.238203030391,0.2763908,68.49323164,1751,1436,79.6,2026-08-05
3611,600975,新五丰,4.95,-0.4,0.16,-4.1,4.959969983807,0.2641864,61.76563463,405,3347,75.6,2026-08-05
3612,600976,健民集团,28.35,1.03,0.43,12.39,28.104025334131,0.3159484,66.89434099,-497,1849,71.2,2026-08-05
3613,600977,中国电影,12.74,0.31,1.83,-52.16,12.75245593987,0.2913584,65.00001463,-978,2419,81.2,2026-08-05
3614,600979,广安爱众,4.02,-1.47,0.48,31.23,4.049506449853,0.2520976,53.58174125,-7,4975,70.0,2026-08-05
3615,600980,北矿科技,18.81,1.95,1.09,26.73,18.440108340335,0.1269436,66.75820398,946,1890,77.2,2026-08-05
3616,600981,苏豪汇鸿,2.4,-0.41,0.16,-40.83,2.405436620079,0.2611212,63.34256883,1013,2886,66.4,2026-08-05
3617,600982,宁波能源,5.07,-1.36,0.74,19.53,5.117876614329,0.2470776,58.1452734,-184,4280,75.6,2026-08-05
3618,600983,惠而浦,7.83,-0.63,0.05,15.76,7.860998830362,0.107392,69.4519611,865,1212,68.4,2026-08-05
3619,600984,建设机械,4.13,0.49,0.52,-4.65,4.073714523171,0.3268368,61.56143282,159,3396,75.6,2026-08-05
3620,600985,淮北矿业,15.58,3.87,0.47,21.37,14.846102407443,0.2359144,66.9552465,-109,1829,76.8,2026-08-05
3621,600986,浙文互联,8.26,1.23,3.39,-135.27,8.168980239129,0.2961888,68.34723734,-884,1481,92.4,2026-08-05
3622,600987,航民股份,6.62,0.46,0.3,12.16,6.558932908751,0.2613964,76.46919895,-72,225,68.4,2026-08-05
3623,600988,赤峰黄金,42.2,3.33,2.61,20.29,39.754826179629,0.4236808,84.11766211,354,6,90.8,2026-08-05
3624,600989,宝丰能源,23.31,0.73,0.29,11.67,22.765909465851,0.3707936,72.84931447,73,591,86.0,2026-08-05
3625,600990,四创电子,18.24,2.64,1.31,-21.4,17.743847236786,0.1950896,54.6469212,-631,4854,76.4,2026-08-05
3626,600992,贵绳股份,10.04,1.41,1.54,-11.26,9.828257584393,0.151178,51.24005788,11,5127,79.6,2026-08-05
3627,600993,XD马应龙,23.42,-0.85,0.37,11.87,23.586505776659,0.3078992,71.44187395,1120,821,80.4,2026-08-05
3628,600995,南网储能,12.72,-1.47,0.18,17.41,12.892277374186,0.269996,64.54541998,-221,2540,80.0,2026-08-05
3629,600996,贵广网络,7.2,0.84,0.58,-8.45,7.097627459431,0.291714,54.46295873,-63,4878,70.8,2026-08-05
3630,600997,开滦股份,5.53,-1.25,0.23,-20.09,5.627923802894,0.0740364,67.26206227,-25,1738,71.6,2026-08-05
3631,600998,九州通,4.89,-0.41,0.19,8.41,4.920764609213,0.2665624,70.15319876,-43,1046,79.2,2026-08-05
3632,600999,招商证券,17.8,-0.78,0.19,11.83,17.946294771825,0.393068,71.13396241,675,871,84.0,2026-08-05
3633,601000,唐山港,4.71,-0.84,0.18,14.82,4.755151775054,0.2044292,66.48493383,-289,1974,78.8,2026-08-05
3634,601001,晋控煤业,17.01,4.74,1.13,21.02,16.209358745605,0.2341216,68.84471946,1107,1365,74.0,2026-08-05
3635,601002,晋亿实业,5.47,2.05,1.44,18.13,5.396331278964,0.2615432,69.4068465,715,1223,76.4,2026-08-05
3636,601003,柳钢股份,3.93,-1.01,1.14,109.76,3.942110518214,0.2124416,65.15877744,-1465,2373,84.4,2026-08-05
3637,601005,重庆钢铁,1.21,0.0,0.07,-14.6,1.217937280063,0.628212,57.98695836,710,4305,76.0,2026-08-05
3638,601006,大秦铁路,4.78,-0.62,0.11,9.96,4.813442295633,0.3451976,68.20680064,-388,1514,87.2,2026-08-05
3639,601007,金陵饭店,6.53,-0.31,0.28,76.45,6.551448790791,0.0870404,62.5783659,-231,3101,70.4,2026-08-05
3640,601008,连云港,4.35,-1.36,0.2,43.78,4.387770603279,0.303966,65.45995421,1876,2287,74.0,2026-08-05
3641,601009,南京银行,11.16,-0.62,0.06,5.23,11.249207831831,0.3372592,71.66002122,-124,783,82.8,2026-08-05
3642,601010,ST文峰,1.44,-0.69,0.31,14.24,1.454959444017,0.3951796,51.65230343,-156,5111,69.2,2026-08-05
3643,601011,宝泰隆,2.61,0.38,0.31,-23.03,2.598833210398,0.2353844,57.20622468,-100,4474,72.0,2026-08-05
3644,601012,隆基绿能,12.8,-1.31,0.38,-12.63,12.977274762075,0.3203396,60.63122124,-305,3657,84.8,2026-08-05
3645,601015,陕西黑猫,3.37,0.9,0.55,-5.49,3.324970257801,0.2427472,57.66692943,-82,4364,73.6,2026-08-05
3646,601016,节能风电,3.59,-2.18,0.85,28.79,3.652695122899,0.311544,60.25622264,-1266,3766,73.2,2026-08-05
3647,601018,宁波港,3.36,-0.88,0.08,13.97,3.391836529831,0.3629276,68.52884495,44,1432,78.0,2026-08-05
3648,601019,山东出版,7.15,-1.52,0.17,11.36,7.298098606539,0.1178656,66.99947701,546,1817,67.6,2026-08-05
3649,601020,华钰矿业,21.02,0.38,1.89,141.01,20.726200295186,0.3746996,73.03629843,1202,560,79.6,2026-08-05
3650,601021,春秋航空,46.85,0.0,0.18,11.66,46.496087778099,0.2592712,68.38604269,163,1477,74.8,2026-08-05
3651,601022,宁波远洋,8.13,-1.09,0.1,19.05,8.19659607494,0.1617556,66.51222719,1250,1970,69.6,2026-08-05
3652,601026,道生天合,15.08,-1.69,1.24,80.41,15.273177292496,0.2063408,68.22700986,1484,1510,68.4,2026-08-05
3653,601033,永兴股份,14.36,-2.05,0.66,13.61,14.61307355637,0.1083372,69.13503493,1309,1287,67.2,2026-08-05
3654,601038,一拖股份,13.36,-1.11,0.26,6.67,13.526187011758,0.1191668,67.374445,-486,1707,78.0,2026-08-05
3655,601058,赛轮轮胎,13.69,0.22,0.19,10.65,13.652081464695,0.3169908,77.63691888,143,157,80.8,2026-08-05
3656,601059,信达证券,16.69,-0.77,0.05,24.66,16.8111820898,0.2616164,66.59516957,-363,1948,76.8,2026-08-05
3657,601061,中信金属,12.27,0.0,0.18,10.92,12.158908844661,0.3127312,78.47829884,908,109,76.0,2026-08-05
3658,601065,江盐集团,6.87,-0.29,0.09,41.99,6.871079684442,0.2147596,64.12955291,1062,2657,66.0,2026-08-05
3659,601066,中信建投,25.71,-1.23,0.11,13.59,26.04354576783,0.3581012,64.81235018,-295,2465,79.6,2026-08-05
3660,601068,中铝国际,4.58,-0.43,0.11,45.17,4.593750115697,0.1521896,61.20786051,62,3497,74.0,2026-08-05
3661,601069,西部黄金,28.27,4.78,2.95,12.32,26.386854403547,0.3238592,77.41400327,1293,170,83.6,2026-08-05
3662,601077,渝农商行,6.41,-0.77,0.14,4.46,6.442925871061,0.377888,69.2704574,1117,1252,74.4,2026-08-05
3663,601083,锦江航运,11.25,-0.62,0.54,10.86,11.318278282298,0.1540992,72.53751789,-109,630,71.2,2026-08-05
3664,601086,国芳集团,7.84,-1.13,0.77,31.39,7.922180657671,0.1316376,65.80533774,-447,2182,86.0,2026-08-05
3665,601088,中国神华,43.14,0.33,0.04,21.93,42.831757795348,0.2809228,68.95488987,-422,1341,92.4,2026-08-05
3666,601089,福元医药,17.33,-0.57,0.14,21.8,17.464574780059,0.0809668,62.10624694,-865,3255,68.0,2026-08-05
3667,601096,宏盛华源,4.41,-0.9,0.61,29.0,4.437358867983,0.2447584,65.01002925,-188,2417,69.6,2026-08-05
3668,601098,中南传媒,10.66,-0.84,0.15,12.61,10.846458566588,0.1500956,69.67618386,1078,1155,73.2,2026-08-05
3669,601099,太平洋,3.47,-1.14,0.43,242.53,3.514212887817,0.4404748,63.50007788,1067,2839,78.8,2026-08-05
3670,601100,恒立液压,104.92,-0.72,0.12,53.93,105.599752140958,0.31463,69.13181216,-214,1288,79.6,2026-08-05
3671,601101,昊华能源,12.72,10.03,1.95,14.32,11.4557616437,0.2195416,64.90752968,724,2441,74.4,2026-08-05
3672,601106,中国一重,3.21,-0.93,0.27,2834.28,3.222631687222,0.3093876,62.37959065,942,3164,78.8,2026-08-05
3673,601107,四川成渝,5.61,-1.41,0.15,9.39,5.675461471345,0.1345336,69.01112461,-286,1321,73.2,2026-08-05
3674,601108,财通证券,8.45,-1.17,0.24,15.9,8.572687092017,0.3807392,67.19056973,-135,1759,78.0,2026-08-05
3675,601111,中国国航,6.17,-0.32,0.15,18.44,6.179328056088,0.3984224,66.48296336,1343,1976,81.6,2026-08-05
3676,601112,振石股份,15.55,-0.19,0.71,33.8,15.537977392826,0.1741136,67.55713666,-1128,1661,66.0,2026-08-05
3677,601113,华鼎股份,3.43,-0.29,0.21,133.36,3.427718477855,0.293932,59.01360789,140,4085,65.2,2026-08-05
3678,601116,三江购物,10.57,-0.38,0.43,24.06,10.600674084679,0.176948,63.9114094,888,2719,75.6,2026-08-05
3679,601117,中国化学,7.78,0.52,0.65,7.58,7.719116459187,0.4426148,69.97160704,-168,1085,81.6,2026-08-05
3680,601118,海南橡胶,5.24,-1.32,0.42,-42.29,5.310029762785,0.3112812,62.22435889,1143,3216,80.8,2026-08-05
3681,601121,宝地矿业,7.1,0.71,0.64,47.27,7.048927034325,0.2224664,69.26078802,386,1255,72.4,2026-08-05
3682,601126,四方股份,44.85,0.61,1.46,34.51,43.874220704024,0.3882476,77.73968332,257,152,86.4,2026-08-05
3683,601127,赛力斯,57.19,-2.82,0.74,33.01,58.546894822646,0.3292188,73.12669406,-95,549,91.2,2026-08-05
3684,601128,常熟银行,6.18,-0.64,0.35,4.68,6.241655456039,0.39719,70.6040484,43,966,74.8,2026-08-05
3685,601133,柏诚股份,25.28,2.27,0.82,107.0,24.282951208052,0.198384,70.02232698,136,1070,72.8,2026-08-05
3686,601136,首创证券,14.71,-0.81,0.08,51.11,14.876766565512,0.227856,62.10725066,-227,3254,79.2,2026-08-05
3687,601137,博威合金,17.75,-0.39,0.43,-44.63,17.70893640062,0.2760484,63.95693381,-839,2709,70.8,2026-08-05
3688,601138,工业富联,67.28,2.06,0.44,31.5,64.370596874739,0.58926,82.56958666,42,15,93.2,2026-08-05
3689,601139,深圳燃气,6.41,-0.62,0.16,11.85,6.436746468862,0.1332056,69.11113779,-178,1293,74.8,2026-08-05
3690,601155,新城控股,11.04,0.91,0.53,19.98,10.801730858495,0.303728,64.45219284,-782,2565,74.0,2026-08-05
3691,601156,东航物流,17.4,2.11,0.46,11.94,17.095845928344,0.1982304,75.09165323,-72,329,70.0,2026-08-05
3692,601158,重庆水务,4.13,-0.48,0.03,18.39,4.165662510798,0.230858,72.55508853,-47,629,69.6,2026-08-05
3693,601162,天风证券,3.7,-1.33,0.63,41683.17,3.751757887728,0.3654956,58.03994038,-1182,4301,82.8,2026-08-05
3694,601163,三角轮胎,13.17,-0.68,0.09,12.09,13.259481154439,0.1336696,66.16540393,-323,2080,68.8,2026-08-05
3695,601166,兴业银行,18.27,-0.49,0.08,4.06,18.368500891901,0.382694,69.14777047,18,1281,91.2,2026-08-05
3696,601168,西部矿业,40.8,-0.54,1.49,11.66,40.192176501516,0.4704156,85.87566691,12,3,92.4,2026-08-05
3697,601169,北京银行,5.01,-0.4,0.12,3.27,5.059013421207,0.415906,64.8644204,-92,2451,83.6,2026-08-05
3698,601177,杭齿前进,13.24,-0.15,0.37,21.51,13.212647518025,0.2140892,67.19241884,167,1757,70.8,2026-08-05
3699,601179,中国西电,14.09,-2.22,1.2,52.09,14.25842383688,0.3383532,65.98894379,-1687,2125,95.2,2026-08-05
3700,601186,中国铁建,6.18,-0.48,0.09,4.78,6.204089444591,0.3159204,70.07133244,-64,1061,84.0,2026-08-05
3701,601187,厦门银行,7.29,-1.88,0.2,6.94,7.453575877614,0.1811324,65.70557046,715,2215,74.0,2026-08-05
3702,601188,龙江交通,2.84,-1.05,0.3,17.28,2.868876758204,0.303724,65.53779576,1198,2262,67.6,2026-08-05
3703,601198,东兴证券,13.88,-1.0,0.14,21.89,14.048925869615,0.315072,65.1133573,-1380,2390,82.8,2026-08-05
3704,601199,江南水务,5.56,-1.59,0.42,15.07,5.614870936962,0.4468024,70.40565033,-62,995,70.4,2026-08-05
3705,601200,上海环境,7.03,-0.85,0.19,15.07,7.105101439263,0.2296656,67.06041383,-350,1794,68.8,2026-08-05
3706,601208,东材科技,41.58,5.72,4.15,56.2,37.871382703876,0.4395528,73.84939476,685,464,86.8,2026-08-05
3707,601211,国泰海通,17.98,-0.11,0.1,12.4,17.99347338484,0.4153984,71.94955216,384,717,82.4,2026-08-05
3708,601212,白银有色,5.51,0.73,1.88,68.01,5.342724151818,0.346334,70.67890806,434,948,79.2,2026-08-05
3709,601216,君正集团,4.62,-0.86,0.15,13.59,4.650393085135,0.332068,71.17826738,-498,866,79.2,2026-08-05
3710,601218,吉鑫科技,4.61,-0.22,1.46,17.13,4.615842857514,0.243668,60.66245789,-495,3644,80.4,2026-08-05
3711,601222,林洋能源,5.65,-1.74,0.35,47.88,5.766593471031,0.2640304,60.38722202,-296,3731,74.8,2026-08-05
3712,601225,陕西煤业,24.32,1.8,0.12,14.0,23.718522085111,0.3037924,71.80384453,-133,742,86.0,2026-08-05
3713,601226,华电科工,6.25,-0.48,0.2,-34.78,6.280808130753,0.1491616,63.71407119,-1292,2778,72.0,2026-08-05
3714,601228,广州港,3.06,-0.65,0.08,24.76,3.088872020993,0.2407684,66.72769676,-58,1906,69.6,2026-08-05
3715,601229,上海银行,9.27,-0.11,0.08,5.2,9.313173878323,0.3799932,65.50887228,-293,2267,81.2,2026-08-05
3716,601231,环旭电子,27.25,4.97,1.26,39.59,25.207918408087,0.4683092,73.08869391,232,552,74.4,2026-08-05
3717,601233,桐昆股份,23.39,1.74,0.53,7.33,22.731010575729,0.3430836,79.37299357,384,72,80.0,2026-08-05
3718,601236,红塔证券,7.05,-0.7,0.08,42.21,7.107681508834,0.2757988,67.98256759,983,1561,78.0,2026-08-05
3719,601238,广汽集团,5.28,-1.31,0.1,-20.51,5.373770507546,0.2370072,66.43506519,-420,1995,80.8,2026-08-05
3720,601279,英利汽车,3.17,-0.94,0.12,-45.93,3.201023508642,0.0984116,55.87974479,-21,4692,68.4,2026-08-05
3721,601288,农业银行,6.43,-0.77,0.04,7.48,6.481220191324,0.4550056,70.03001702,-299,1068,93.6,2026-08-05
3722,601298,青岛港,8.95,-0.44,0.05,10.57,8.931819026711,0.1941528,71.40344563,83,827,72.0,2026-08-05
3723,601311,骆驼股份,7.9,-0.88,0.38,14.55,7.990008789237,0.2919088,66.8760738,-57,1856,74.8,2026-08-05
3724,601318,中国平安,53.55,-0.87,0.16,9.69,53.756206796791,0.4784536,78.08827538,182,123,92.0,2026-08-05
3725,601319,中国人保,7.2,0.14,0.05,9.03,7.159181281392,0.3689404,73.47878456,509,504,83.6,2026-08-05
3726,601326,秦港股份,3.41,-1.16,0.12,11.14,3.440892172484,0.2318776,65.20931069,-1037,2359,70.8,2026-08-05
3727,601328,交通银行,6.87,-0.87,0.14,5.8,6.954139427906,0.4420584,67.0811593,-168,1787,89.6,2026-08-05
3728,601330,绿色动力,7.18,-1.24,0.26,12.43,7.230748838396,0.1805436,62.52674296,-176,3117,70.0,2026-08-05
3729,601333,广深铁路,2.97,-1.33,0.38,9.07,3.011544691331,0.3268496,68.32759029,-1012,1483,74.8,2026-08-05
3730,601336,新华保险,62.7,-0.96,0.24,7.52,62.547450283086,0.4502996,76.65611017,613,219,84.0,2026-08-05
3731,601339,百隆东方,8.24,-2.25,0.27,12.74,8.393521428068,0.192276,76.46555155,819,226,72.8,2026-08-05
3732,601360,三六零,9.89,0.71,0.77,158.39,9.849720900281,0.3085052,65.54523314,-997,2261,88.8,2026-08-05
3733,601366,利群股份,3.52,-0.28,0.2,125.77,3.530735433679,0.182538,64.7897851,-45,2474,66.4,2026-08-05
3734,601368,绿城水务,4.41,-0.23,0.12,38.51,4.40985738758,0.14783,61.33965633,59,3461,69.2,2026-08-05
3735,601369,陕鼓动力,9.38,-0.95,0.21,21.08,9.46120464681,0.219203,66.49496582,-75,1971,75.2,2026-08-05
3736,601375,中原证券,4.16,-0.72,0.36,28.63,4.200409863402,0.3578844,62.25912169,878,3204,79.2,2026-08-05
3737,601377,兴业证券,5.95,-1.0,0.23,16.35,6.007785978323,0.4206672,63.10999633,-58,2942,82.0,2026-08-05
3738,601388,怡球资源,3.25,0.62,0.57,29.82,3.217835451197,0.2960576,67.82738421,318,1592,76.4,2026-08-05
3739,601390,中国中铁,4.5,0.22,0.24,6.33,4.486474625797,0.408172,69.82145327,1057,1116,82.4,2026-08-05
3740,601398,工商银行,7.48,-0.53,0.04,7.67,7.520192717052,0.5128628,67.20784227,-326,1750,94.4,2026-08-05
3741,601399,国机重装,3.35,-0.89,0.2,47.57,3.364443720525,0.3324284,66.88088271,1277,1853,74.8,2026-08-05
3742,601456,国联民生,9.0,-0.77,0.1,25.73,9.066583907608,0.3212916,67.3484566,1058,1715,78.0,2026-08-05
3743,601500,通用股份,4.0,-0.5,0.22,12.56,4.020271871787,0.2506164,66.56378004,449,1962,69.2,2026-08-05
3744,601512,中新集团,7.81,-0.38,0.04,24.65,7.832464456113,0.14738,67.12724996,-100,1776,64.4,2026-08-05
3745,601515,衢州东峰,3.3,-1.2,0.23,-150.04,3.341735336273,0.272494,50.55033834,-14,5148,66.0,2026-08-05
3746,601518,吉林高速,2.76,-1.08,0.17,11.33,2.783675770946,0.2711084,69.34343198,904,1237,65.2,2026-08-05
3747,601519,大智慧,8.55,-0.47,0.45,-143.71,8.608262394433,0.2997344,65.45048877,1391,2291,78.0,2026-08-05
3748,601528,瑞丰银行,4.93,-1.79,0.44,5.73,5.023644642496,0.2076336,67.73368214,895,1613,71.6,2026-08-05
3749,601555,东吴证券,8.22,-0.12,0.17,12.75,8.239617824197,0.3272556,65.93612414,-48,2142,80.0,2026-08-05
3750,601566,九牧王,8.42,0.24,0.21,17.42,8.427357469561,0.1169248,59.61009411,-82,3946,68.0,2026-08-05
3751,601567,三星电气,16.01,-1.11,0.37,33.61,16.104676395116,0.2211464,65.67246527,-544,2223,80.8,2026-08-05
3752,601568,北元化工,3.71,-0.27,0.18,179.85,3.727596847033,0.1992264,66.39945999,997,2006,66.4,2026-08-05
3753,601577,长沙银行,9.22,-0.97,0.14,4.03,9.368794412606,0.24937,71.10925129,699,874,70.4,2026-08-05
3754,601579,会稽山,15.57,0.0,0.54,15.56,15.426595267044,0.2541164,63.85430007,529,2740,75.6,2026-08-05
3755,601588,北辰实业,1.7,-1.16,0.25,-9.48,1.704088879445,0.3670572,61.18128668,1069,3507,64.8,2026-08-05
3756,601595,上海电影,18.32,0.33,0.81,157.83,18.289498144694,0.103242,64.65282243,-693,2517,82.8,2026-08-05
3757,601598,中国外运,6.41,0.79,0.11,16.87,6.347722384763,0.1235352,69.5972552,-368,1172,78.0,2026-08-05
3758,601599,浙文影业,3.05,-0.33,0.94,49.47,3.05675131049,0.2652628,62.89771544,695,3017,68.4,2026-08-05
3759,601600,中国铝业,9.77,0.0,0.61,7.58,9.693451421124,0.4742148,76.06131315,553,255,86.4,2026-08-05
3760,601601,中国太保,31.72,-0.94,0.14,7.6,31.771212795377,0.4349516,79.19673797,169,81,86.8,2026-08-05
3761,601606,长城军工,32.85,-2.35,2.25,-106.83,33.435982398993,0.2310852,61.29345344,-1979,3475,86.8,2026-08-05
3762,601607,上海医药,16.33,-0.79,0.1,10.68,16.476203109529,0.1859828,72.06662641,-324,695,84.4,2026-08-05
3763,601608,中信重工,4.96,1.64,0.34,59.72,4.892502510791,0.2619436,63.35160318,-1280,2880,84.4,2026-08-05
3764,601609,金田股份,10.38,-0.38,0.65,26.35,10.386228547181,0.2900316,69.21732151,-201,1266,73.2,2026-08-05
3765,601611,中国核建,12.1,-4.72,1.43,22.63,12.20975130059,0.3329036,77.00069078,1097,195,95.6,2026-08-05
3766,601615,明阳智能,11.72,0.34,0.66,268.72,11.696123210976,0.3102772,61.21964197,-1255,3493,80.0,2026-08-05
3767,601616,广电电气,3.69,-2.12,1.4,-33.47,3.760730779044,0.1973912,59.79857276,-593,3900,84.4,2026-08-05
3768,601618,中国中冶,2.62,-1.13,0.15,8.3,2.653387203263,0.403724,65.30685734,-1085,2328,80.0,2026-08-05
3769,601619,嘉泽新能,4.59,-1.5,0.47,25.45,4.652268880773,0.3010232,62.45041737,-369,3141,74.4,2026-08-05
3770,601628,中国人寿,38.05,0.0,0.04,13.78,37.778671306125,0.4095524,72.65142886,-145,607,85.2,2026-08-05
3771,601633,长城汽车,15.67,-1.88,0.09,35.44,15.952923869037,0.1958756,74.61025269,368,377,84.8,2026-08-05
3772,601636,旗滨集团,5.96,-0.5,0.74,336.15,6.052854625259,0.299868,61.19907291,-1976,3499,77.6,2026-08-05
3773,601658,邮储银行,4.94,-0.4,0.05,5.77,4.978417285363,0.3849544,67.00648718,-66,1814,86.0,2026-08-05
3774,601665,齐鲁银行,6.11,-0.65,0.13,6.01,6.157598131808,0.3404136,69.09640936,-346,1298,74.0,2026-08-05
3775,601666,平煤股份,8.38,3.33,0.76,43.07,8.067672285953,0.2295676,59.48780629,-437,3978,74.8,2026-08-05
3776,601668,中国建筑,4.55,-0.66,0.11,3.39,4.584839838972,0.4008452,71.32898301,-226,843,88.8,2026-08-05
3777,601669,中国电建,4.81,-0.82,0.18,10.62,4.8513946199,0.3912972,65.9945879,-311,2122,77.2,2026-08-05
3778,601677,明泰铝业,17.03,-0.82,0.61,7.54,17.145118282327,0.3092124,71.58917012,-32,796,77.2,2026-08-05
3779,601678,滨化股份,7.28,9.97,7.89,29.94,6.538821123952,0.3274412,70.96914829,156,901,85.2,2026-08-05
3780,601686,友发集团,5.22,0.0,0.07,14.95,5.229596392837,0.1003736,62.65648739,-413,3077,62.4,2026-08-05
3781,601688,华泰证券,19.61,-0.81,0.19,9.22,19.732049543314,0.4697176,70.42782724,1126,993,83.6,2026-08-05
3782,601689,拓普集团,49.95,-0.54,0.42,39.33,49.963295444059,0.3869372,69.71522887,-898,1142,86.4,2026-08-05
3783,601696,中银证券,11.99,-0.99,0.33,23.03,12.128250173085,0.3579888,57.92298193,-471,4319,81.6,2026-08-05
3784,601698,中国卫通,27.24,1.6,0.28,1071.78,26.84365813295,0.2816784,64.73573227,-1578,2494,84.8,2026-08-05
3785,601699,潞安环能,15.36,4.07,0.76,15.97,14.688799845651,0.2521048,65.47342174,-5,2280,75.6,2026-08-05
3786,601700,风范股份,7.16,9.98,12.5,71.77,6.273604527264,0.4028508,66.16540591,-1445,2079,91.2,2026-08-05
3787,601702,华峰铝业,15.52,-0.32,0.23,15.95,15.593038833527,0.1634808,64.71895761,-8,2498,72.4,2026-08-05
3788,601717,中创智领,16.04,0.0,0.32,8.03,16.004230957512,0.2811056,75.02855935,346,341,80.4,2026-08-05
3789,601718,ST际华,1.8,-0.55,0.16,-16.15,1.815513029644,0.38895,53.19312852,-523,5008,72.8,2026-08-05
3790,601727,上海电气,6.91,-1.57,0.25,70.57,6.996942979489,0.3694508,69.57323245,825,1181,76.4,2026-08-05
3791,601728,中国电信,6.27,0.64,0.06,19.51,6.221967153302,0.3357748,71.28080925,-355,853,89.6,2026-08-05
3792,601766,中国中车,5.91,-0.67,0.14,12.55,5.961746406761,0.4071464,72.77834964,-289,597,89.6,2026-08-05
3793,601777,千里科技,8.75,-0.46,0.38,204.46,8.763310689786,0.301006,62.39003634,-927,3161,78.4,2026-08-05
3794,601778,晶科科技,3.9,-0.26,1.71,-28.18,3.897377015911,0.2963872,65.57873637,-557,2255,78.0,2026-08-05
3795,601788,光大证券,14.66,-1.08,0.15,14.49,14.853430724651,0.3261804,64.59049129,-1072,2527,83.6,2026-08-05
3796,601789,宁波建工,4.43,-0.67,0.94,9.12,4.453196536286,0.2956324,66.88024835,-375,1854,77.6,2026-08-05
3797,601798,蓝科高新,7.55,0.4,0.38,54.4,7.517036284297,0.1486756,57.25957114,-265,4463,68.8,2026-08-05
3798,601799,星宇股份,94.94,-0.46,0.23,19.09,95.197292774471,0.2488216,70.15565268,968,1045,72.4,2026-08-05
3799,601800,中国交建,6.11,-0.49,0.06,6.04,6.144454537599,0.273514,67.57826913,30,1656,81.2,2026-08-05
3800,601801,皖新传媒,5.57,-0.36,0.16,8.15,5.587735739619,0.1095124,60.34465244,-374,3737,72.0,2026-08-05
3801,601808,中海油服,12.24,0.66,0.12,17.06,12.17448727793,0.2268208,68.74471758,-366,1386,80.4,2026-08-05
3802,601811,新华文轩,12.09,-1.39,0.09,14.5,12.243659505944,0.1206224,69.65236772,1487,1160,68.8,2026-08-05
3803,601816,京沪高铁,5.04,-0.59,0.06,19.62,5.088093147312,0.4567428,74.98131003,323,343,82.8,2026-08-05
3804,601818,光大银行,3.06,-0.33,0.08,3.94,3.086016460486,0.4796964,63.86237071,-1308,2734,84.8,2026-08-05
3805,601825,沪农商行,8.27,-1.19,0.05,5.55,8.416785696875,0.2194384,67.79590749,-246,1601,72.8,2026-08-05
3806,601827,三峰环境,8.42,0.84,0.12,8.19,8.392336996425,0.1505196,69.40809111,-431,1222,69.6,2026-08-05
3807,601828,美凯龙,2.21,-1.34,0.24,50.45,2.233701490186,0.38892,57.19565871,178,4477,68.0,2026-08-05
3808,601838,成都银行,17.85,-0.22,0.08,5.99,17.934534430237,0.3019172,71.58126492,823,798,79.2,2026-08-05
3809,601857,中国石油,10.65,0.19,0.02,10.08,10.62286355184,0.3658728,71.79574134,-349,745,89.2,2026-08-05
3810,601858,中国科传,25.26,-0.39,1.57,133.09,24.850325060011,0.3587264,70.35420373,-764,1003,92.0,2026-08-05
3811,601860,紫金银行,2.56,-1.54,0.54,5.47,2.609530985577,0.417174,63.23195541,105,2905,73.2,2026-08-05
3812,601865,福莱特,10.7,-2.1,0.4,164.29,10.927230987077,0.2380452,65.36479111,-571,2309,90.8,2026-08-05
3813,601866,中远海发,2.42,-0.82,0.14,19.23,2.436608112364,0.3707384,67.84050584,1310,1588,77.2,2026-08-05
3814,601868,中国能建,2.59,-1.15,0.39,19.69,2.617416610557,0.453296,67.44467302,773,1686,78.0,2026-08-05
3815,601869,长飞光纤,321.41,2.88,1.89,134.36,293.31725074225,0.4899496,75.53113455,399,287,90.4,2026-08-05
3816,601872,招商轮船,17.65,-2.49,0.49,12.89,17.440956641696,0.4083216,80.78730115,373,38,84.8,2026-08-05
3817,601877,正泰电器,25.43,-1.66,0.25,10.78,25.76541346729,0.352732,67.30058257,-1167,1729,82.4,2026-08-05
3818,601878,浙商证券,9.46,-1.05,0.17,14.4,9.575569736187,0.3521796,64.36804593,-182,2596,80.8,2026-08-05
3819,601880,辽港股份,1.47,-1.34,0.14,24.12,1.498671822727,0.4913236,65.88250805,-1398,2160,74.4,2026-08-05
3820,601881,中国银河,12.5,-1.11,0.14,10.29,12.637235757063,0.4204008,70.49954021,858,980,82.0,2026-08-05
3821,601882,海天精工,19.39,-0.26,0.17,22.72,19.485153431044,0.2068768,67.41227237,1046,1696,72.4,2026-08-05
3822,601886,江河集团,8.39,0.12,0.06,15.56,8.358021301246,0.1049056,65.27746453,4,2341,68.4,2026-08-05
3823,601888,中国中免,55.8,-1.05,0.56,18.66,56.294607798505,0.358448,71.74548983,-121,759,90.4,2026-08-05
3824,601890,亚星锚链,8.53,-0.35,0.38,24.24,8.5592152621,0.1976072,63.61137299,-164,2812,74.4,2026-08-05
3825,601898,中煤能源,13.67,2.47,0.24,11.79,13.274586116171,0.2895564,67.81699998,-364,1595,84.4,2026-08-05
3826,601899,紫金矿业,34.78,1.99,0.99,11.51,33.54054396126,0.5714196,86.11612212,137,1,92.0,2026-08-05
3827,601900,南方传媒,11.88,0.34,0.47,8.72,12.014479617598,0.21833,67.04739505,1038,1797,75.2,2026-08-05
3828,601901,方正证券,7.05,-1.12,0.21,9.76,7.133720984049,0.4852308,65.87842987,-949,2161,81.2,2026-08-05
3829,601908,京运通,3.09,-2.22,0.59,-12.45,3.154737872839,0.2775952,51.49012555,-40,5121,73.2,2026-08-05
3830,601916,浙商银行,2.93,-0.34,0.25,3.36,2.955051881797,0.4429556,62.97917636,-1367,2985,80.0,2026-08-05
3831,601918,新集能源,9.6,1.8,0.67,11.34,9.455441703888,0.2870292,64.76580208,-271,2484,73.6,2026-08-05
3832,601919,中远海控,15.31,-0.58,0.14,9.94,15.342007928293,0.3782244,69.10078099,-298,1296,90.0,2026-08-05
3833,601921,浙版传媒,7.19,-0.83,0.1,30.65,7.31788262905,0.11351,59.55734837,-1316,3965,70.0,2026-08-05
3834,601928,凤凰传媒,9.45,-1.25,0.11,14.21,9.614187370934,0.1403916,62.77194274,-186,3054,78.0,2026-08-05
3835,601929,吉视传媒,2.47,-1.59,1.25,-21.54,2.502444731274,0.3386976,65.82841504,-392,2176,77.2,2026-08-05
3836,601933,永辉超市,3.25,-1.81,0.64,25.28,3.267764402654,0.3197564,59.73090791,520,3913,80.8,2026-08-05
3837,601939,建设银行,9.88,-0.8,0.48,7.49,9.92928988916,0.4198824,70.78227669,-18,931,92.0,2026-08-05
3838,601949,中国出版,5.43,-1.45,0.19,-25.75,5.540314280678,0.2123052,57.95839842,-379,4312,76.0,2026-08-05
3839,601952,苏垦农发,8.18,-0.24,0.22,39.64,8.206293881933,0.2708972,66.65785135,-172,1930,74.0,2026-08-05
3840,601956,东贝集团,4.86,-0.41,0.19,-44.98,4.893239292121,0.1463272,54.28728665,-1264,4896,69.2,2026-08-05
3841,601958,金钼股份,22.83,0.93,0.79,21.16,22.7470416624,0.4058508,77.95997548,59,135,80.8,2026-08-05
3842,601963,重庆银行,10.86,-0.91,0.15,5.6,10.99834472241,0.1257236,62.32899026,-730,3183,71.2,2026-08-05
3843,601965,中国汽研,13.96,-3.39,0.72,16.31,14.638809685924,0.2116116,71.09159978,221,876,74.4,2026-08-05
3844,601966,玲珑轮胎,11.29,-0.96,0.21,244.52,11.433292813029,0.2175196,68.47346492,1003,1444,76.8,2026-08-05
3845,601968,宝钢包装,4.53,-1.09,0.12,22.1,4.540324924303,0.1724444,68.23939675,1951,1504,68.0,2026-08-05
3846,601969,海南矿业,9.18,-0.86,0.31,22.7,9.225367840466,0.1680592,70.13743681,562,1051,80.8,2026-08-05
3847,601975,招商南油,3.73,-1.84,1.44,10.11,3.747523592711,0.4001488,71.27468006,1505,855,74.0,2026-08-05
3848,601985,中国核电,8.78,-0.45,0.19,21.87,8.824503803942,0.3546556,68.22952555,-450,1508,92.8,2026-08-05
3849,601988,中国银行,5.71,-0.35,0.03,8.12,5.732906980767,0.4905708,74.33599208,405,411,92.8,2026-08-05
3850,601990,南京证券,6.79,-1.02,0.13,25.5,6.8692928818,0.291874,63.15215095,-1243,2926,79.2,2026-08-05
3851,601991,大唐发电,6.23,-3.11,1.12,9.96,6.354863302632,0.3210128,68.4826925,-745,1441,93.2,2026-08-05
3852,601992,金隅集团,1.41,0.0,0.08,-2.24,1.410184115821,0.498082,58.46025806,-104,4207,70.4,2026-08-05
3853,601995,中金公司,35.15,-1.51,0.24,11.86,35.496764264914,0.4100392,71.19745629,866,863,86.0,2026-08-05
3854,601996,丰林集团,2.36,-0.84,0.36,-23.93,2.354324587982,0.393892,66.82024912,614,1872,64.0,2026-08-05
3855,601997,贵阳银行,5.61,-0.88,0.35,3.47,5.680927641645,0.37796,66.17942519,1136,2076,73.2,2026-08-05
3856,601998,中信银行,7.47,-1.06,0.03,5.17,7.572670314527,0.3011736,71.16684623,-158,868,83.6,2026-08-05
3857,601999,出版传媒,6.03,0.5,0.25,125.13,6.00527096593,0.1547284,64.01315999,1322,2693,65.6,2026-08-05
3858,603000,人民网,17.51,0.23,0.74,-145.53,17.51141435179,0.2842172,66.7364457,-1243,1900,84.4,2026-08-05
3859,603001,奥康国际,7.12,1.57,0.85,28.11,6.946757943219,0.226029090909,58.3096479,182,4241,63.2,2026-08-05
3860,603002,宏昌电子,13.91,2.88,1.86,8417.27,13.233628134888,0.2489128,64.21717742,1207,2638,78.8,2026-08-05
3861,603004,鼎龙科技,20.98,3.76,7.01,43.0,19.725584329624,0.3757512,71.85634628,2718,733,70.0,2026-08-05
3862,603005,晶方科技,31.9,1.27,2.64,79.48,31.218443773278,0.3319756,70.75338044,-281,937,80.8,2026-08-05
3863,603006,联明股份,11.04,1.47,0.35,31.81,10.774900185803,0.0592952,60.58391583,828,3674,63.6,2026-08-05
3864,603007,顺景科技,4.83,-2.03,1.45,-175.5,4.913058605135,0.2829524,55.21081448,-1015,4791,70.4,2026-08-05
3865,603008,ST喜临门,8.16,-0.24,0.22,-20.95,8.129751559017,0.2949708,63.49503623,1340,2841,64.0,2026-08-05
3866,603009,北特科技,40.6,0.37,0.73,129.36,40.332318352233,0.2890852,68.42262405,-471,1463,84.0,2026-08-05
3867,603010,万盛股份,10.71,0.94,0.37,111.48,10.573899799339,0.2795916,57.78063363,380,4347,66.0,2026-08-05
3868,603011,合锻智能,20.67,1.87,5.52,-89.07,19.922924723993,0.3208844,69.72708488,-61,1136,89.2,2026-08-05
3869,603012,创力集团,8.84,1.96,0.97,61.41,8.547887374368,0.341696,59.54155107,-1369,3967,68.4,2026-08-05
3870,603013,亚普股份,16.86,-0.94,0.15,13.23,17.060677462719,0.0992268,65.61276661,84,2244,65.6,2026-08-05
3871,603014,威高血净,33.77,0.3,0.61,29.81,33.855690100051,0.1822384,65.65943346,-1517,2228,64.8,2026-08-05
3872,603015,弘讯科技,10.67,1.72,0.6,159.37,10.474444806481,0.1128888,57.92453507,-42,4318,72.4,2026-08-05
3873,603016,新宏泰,29.12,-1.09,0.29,163.0,29.382821585893,0.1592788,63.77644879,-1626,2761,64.8,2026-08-05
3874,603017,中衡设计,9.41,0.64,0.4,31.01,9.34402129807,0.0760296,57.05244726,-47,4504,69.2,2026-08-05
3875,603018,华设集团,5.33,-0.56,0.3,16.03,5.369837879451,0.1515604,61.37043464,-1346,3450,69.2,2026-08-05
3876,603019,中科曙光,87.91,-0.83,1.04,141.13,88.342534123527,0.41924,72.62022981,165,615,88.4,2026-08-05
3877,603020,爱普股份,10.18,0.79,0.34,28.51,10.058061288671,0.2221252,65.25032977,184,2351,66.8,2026-08-05
3878,603021,*ST华鹏,6.9,-0.58,0.31,-14.07,6.972842130567,0.3877788,54.64531117,135,4855,63.6,2026-08-05
3879,603022,新通联,8.41,0.48,0.39,34.01,8.362931479401,0.0718448,59.38079735,-347,4001,65.2,2026-08-05
3880,603023,威帝股份,3.85,-0.52,0.78,-170.1,3.854847586508,0.1279368,63.04392961,1402,2968,67.6,2026-08-05
3881,603025,大豪科技,13.69,0.0,0.2,16.06,13.739563056497,0.1526596,66.98721167,-1045,1819,74.4,2026-08-05
3882,603026,石大胜华,67.09,0.28,1.21,13.86,66.418983717948,0.287454,67.220283,136,1748,82.0,2026-08-05
3883,603027,千禾味业,7.54,-1.31,0.31,16.93,7.642899608359,0.1864848,60.49737596,-686,3699,80.8,2026-08-05
3884,603028,赛福天,6.67,0.3,0.28,-98.81,6.629930146598,0.0469568,58.21841625,669,4266,64.0,2026-08-05
3885,603029,天鹅股份,14.85,0.34,0.42,60.84,14.819263063868,0.0565392,63.59787681,970,2815,70.4,2026-08-05
3886,603030,全筑股份,2.01,-0.99,0.67,294.46,2.0196728436,0.2008996,55.62151618,-447,4738,68.4,2026-08-05
3887,603031,安孚科技,39.2,0.41,1.01,27.41,38.560685146887,0.3199284,73.69961723,333,478,74.8,2026-08-05
3888,603032,德新科技,19.02,0.21,1.23,44.17,18.537107368448,0.3287808,72.87486887,1294,587,70.4,2026-08-05
3889,603033,三维股份,8.0,1.52,0.3,-17.61,7.829373673036,0.1962612,50.85968667,57,5135,61.2,2026-08-05
3890,603035,常熟汽饰,11.02,-0.45,0.19,14.1,11.085985130112,0.1785976,65.75325765,1409,2201,69.6,2026-08-05
3891,603036,如通股份,13.05,2.03,0.76,30.4,12.720731916921,0.2508704,63.56084828,-1836,2824,75.6,2026-08-05
3892,603037,凯众股份,10.22,-0.78,0.47,71.5,10.191415783673,0.1531412,66.39881542,2266,2009,68.0,2026-08-05
3893,603038,华立股份,13.71,1.78,0.65,13.39,13.341426293163,0.1631292,70.44703777,-6,988,72.8,2026-08-05
3894,603039,泛微网络,49.1,9.99,7.51,60.78,43.845311991542,0.4514248,81.98833082,16,21,90.0,2026-08-05
3895,603040,新坐标,56.76,0.62,0.27,42.35,55.736710830661,0.324144,71.41334877,537,825,63.6,2026-08-05
3896,603041,美思德,10.65,1.14,0.27,34.23,10.567380383562,0.04684,59.63683424,-110,3939,63.6,2026-08-05
3897,603042,华脉科技,12.74,1.27,1.38,-303.42,12.486258438942,0.1742864,55.5339584,-565,4752,76.0,2026-08-05
3898,603043,广州酒家,13.67,-1.09,0.2,36.75,13.880002298174,0.1026052,63.98819127,-1507,2699,70.0,2026-08-05
3899,603045,福达合金,54.44,1.64,3.64,10.18,51.404628611504,0.3724308,77.91281849,556,139,67.6,2026-08-05
3900,603048,浙江黎明,20.89,2.3,1.29,48.4,20.130750178129,0.1683416,65.06966181,-176,2404,65.2,2026-08-05
3901,603049,中策橡胶,49.17,0.47,0.1,8.81,49.164290707566,0.24897,71.50385709,-327,811,70.8,2026-08-05
3902,603050,科林电气,18.49,-0.8,0.16,43.98,18.548394203331,0.2039892,60.58324892,-319,3675,69.6,2026-08-05
3903,603051,鹿山新材,20.4,1.8,0.85,41.23,20.013474861203,0.2195988,57.94736821,-1709,4313,70.8,2026-08-05
3904,603052,可川科技,52.45,1.29,0.64,-212.6,50.70532161515,0.1658444,58.13161186,-730,4284,68.4,2026-08-05
3905,603053,成都燃气,8.89,-0.22,0.03,11.83,8.944859439575,0.074464,65.33541492,-1314,2321,66.0,2026-08-05
3906,603055,台华新材,8.33,-0.95,0.13,14.07,8.440396652924,0.1924836,67.86785989,-947,1579,66.0,2026-08-05
3907,603057,紫燕食品,22.31,-2.19,0.22,27.8,22.785795319746,0.1319664,61.81139125,-1418,3335,73.2,2026-08-05
3908,603058,永吉股份,10.04,0.2,1.53,25.41,9.968199501479,0.2694432,68.9415894,1072,1344,80.4,2026-08-05
3909,603059,倍加洁,24.14,0.29,0.29,30.98,24.003868849146,0.0797724,65.41215429,784,2299,63.6,2026-08-05
3910,603060,国检集团,5.59,1.27,0.93,-42.27,5.511815017596,0.2465672,59.71817651,-89,3915,61.2,2026-08-05
3911,603061,金海通,310.74,6.11,2.65,81.92,287.508104590878,0.5317052,77.00702484,419,194,81.2,2026-08-05
3912,603062,麦加芯彩,38.59,1.15,0.28,103.5,38.003548802889,0.1045724,61.88554973,-1283,3312,61.6,2026-08-05
3913,603063,禾望电气,32.44,0.09,2.05,48.14,31.828309006493,0.3644372,71.87745821,348,729,72.8,2026-08-05
3914,603065,宿迁联盛,16.02,3.29,5.5,308.51,15.229042533976,0.3105312,60.85996117,1462,3599,80.8,2026-08-05
3915,603066,音飞储存,9.0,0.11,0.31,5.31,8.984156437595,0.1203636,55.53723384,-7,4751,69.2,2026-08-05
3916,603067,振华股份,33.43,-0.59,0.89,51.92,33.445818923698,0.4188452,77.22834392,-39,181,82.8,2026-08-05
3917,603068,博通集成,40.3,1.61,9.11,94.2,39.545076645397,0.44659,76.78092434,1029,212,87.6,2026-08-05
3918,603069,海汽集团,13.44,-0.52,0.35,-50.99,13.510024665541,0.1512904,62.00000646,1422,3281,71.2,2026-08-05
3919,603070,万控智造,11.64,-0.51,0.15,-61.06,11.687866203853,0.1513912,57.61530502,-143,4384,62.4,2026-08-05
3920,603071,物产环能,11.89,-0.75,0.23,9.6,11.98138310823,0.1634104,68.94221563,-157,1343,63.2,2026-08-05
3921,603072,天和磁材,33.18,1.31,1.11,45.79,32.982200060105,0.1687512,63.31145748,212,2891,71.6,2026-08-05
3922,603073,彩蝶实业,15.85,-1.06,0.99,34.72,15.932079755555,0.1101228,62.04990482,548,3270,65.2,2026-08-05
3923,603075,热威股份,18.96,0.05,0.86,26.67,18.943707075781,0.1348656,61.11020035,-1199,3529,62.0,2026-08-05
3924,603076,乐惠国际,20.4,1.69,0.45,75.01,20.024702369193,0.0766768,57.37401126,-1459,4442,62.0,2026-08-05
3925,603077,和邦生物,2.43,0.0,0.47,30.91,2.425574879877,0.3972852,65.42444343,1985,2296,81.2,2026-08-05
3926,603078,江化微,33.36,7.34,5.54,111.77,30.243009530334,0.4199492,68.07670169,2159,1540,78.8,2026-08-05
3927,603079,圣达生物,11.42,0.09,0.41,40.96,11.375871443468,0.0823328,60.40619936,-1419,3726,69.6,2026-08-05
3928,603080,新疆火炬,18.9,0.85,0.29,14.82,18.647728804236,0.1243152,66.25997527,61,2059,67.6,2026-08-05
3929,603081,大丰实业,9.39,3.76,1.1,261.42,8.963546464895,0.1278708,63.04896102,1704,2963,67.6,2026-08-05
3930,603082,北自科技,36.87,0.19,3.63,80.78,36.367328865119,0.191216,62.60812548,845,3095,71.2,2026-08-05
3931,603083,剑桥科技,146.8,-1.85,2.79,114.21,146.477095028238,0.4593968,69.80855098,-888,1124,91.2,2026-08-05
3932,603085,天成自控,10.25,3.12,1.29,40.52,9.75524241961,0.1889196,67.22766493,2032,1745,69.2,2026-08-05
3933,603086,先达股份,5.54,0.36,0.26,27.41,5.527542782566,0.1397604,56.94742502,-80,4520,70.0,2026-08-05
3934,603087,甘李药业,68.8,-2.27,0.6,53.43,70.002311622314,0.3347548,69.1697618,-1093,1278,90.8,2026-08-05
3935,603088,宁波精达,9.33,-0.64,0.22,146.05,9.370797041933,0.2662816,68.0166,1255,1552,68.8,2026-08-05
3936,603089,正裕工业,8.66,0.35,0.18,-33.38,8.637518224613,0.0641092,56.52708026,-811,4586,64.4,2026-08-05
3937,603090,宏盛股份,38.98,-0.56,1.23,56.54,38.627169610336,0.1525876,66.23986964,1827,2065,65.2,2026-08-05
3938,603091,众鑫股份,49.48,1.27,0.62,18.87,48.853419390628,0.1500664,64.27849341,-648,2620,66.4,2026-08-05
3939,603092,德力佳,49.78,-0.44,1.2,23.43,50.230431634636,0.1828316,66.93679833,-886,1837,66.0,2026-08-05
3940,603093,南华期货,18.28,0.49,0.54,17.1,17.982069197487,0.2364392,66.75443472,1708,1891,68.8,2026-08-05
3941,603095,越剑智能,13.0,0.7,0.38,59.04,12.877514808945,0.1156672,60.64266582,999,3652,60.8,2026-08-05
3942,603096,新经典,14.76,0.96,0.45,27.58,14.760992261505,0.025462,54.20511634,-945,4911,65.2,2026-08-05
3943,603097,江苏华辰,20.56,0.05,0.68,9060.47,20.322859968339,0.179188,65.90613246,121,2152,75.2,2026-08-05
3944,603098,森特股份,10.17,-0.2,0.12,63.75,10.173692755005,0.1871284,58.29061216,64,4251,68.8,2026-08-05
3945,603099,长白山,38.75,0.39,0.58,4159.95,38.813736681932,0.2047532,67.37702838,-483,1705,81.2,2026-08-05
3946,603100,川仪股份,18.61,-0.75,0.21,16.9,18.75301167745,0.283066,70.27625837,695,1014,69.6,2026-08-05
3947,603101,汇嘉时代,7.31,0.0,0.56,17.52,7.267744180485,0.177196,68.8833669,892,1355,72.4,2026-08-05
3948,603102,百合股份,33.82,0.21,0.24,18.72,33.864477249183,0.0685148,59.95385932,-1565,3859,66.8,2026-08-05
3949,603103,横店影视,15.08,-0.85,0.28,59.59,15.174314494119,0.1239148,59.17249051,-1165,4045,72.4,2026-08-05
3950,603105,芯能科技,7.21,-1.23,0.47,393.8,7.277344005412,0.1769572,58.71432015,-136,4152,73.2,2026-08-05
3951,603106,恒银科技,9.68,6.02,12.75,442.59,9.385800920246,0.2489952,61.43088416,-2782,3431,92.4,2026-08-05
3952,603107,上海汽配,12.16,-1.06,0.57,22.9,12.248422288568,0.183012,68.14542913,-321,1526,70.4,2026-08-05
3953,603108,润达医疗,10.65,1.53,2.24,-30.05,10.559152274914,0.230692,64.74852599,2124,2489,84.4,2026-08-05
3954,603109,神驰机电,17.11,-0.06,0.15,38.48,17.098764424454,0.1776136,62.3216615,1126,3187,65.6,2026-08-05
3955,603110,东方材料,24.78,2.86,3.73,119.56,23.625410039994,0.3182348,65.15930981,262,2372,80.8,2026-08-05
3956,603111,康尼机电,5.8,-0.34,0.09,22.4,5.794627605457,0.260764,69.08650124,-177,1301,66.8,2026-08-05
3957,603112,华翔股份,15.28,0.39,0.23,14.05,15.075702676648,0.215902,72.33388483,1405,655,64.0,2026-08-05
3958,603113,金能科技,4.49,0.0,0.19,-1.61,4.487938662624,0.1865872,56.99779791,-1013,4512,68.8,2026-08-05
3959,603115,海星股份,78.67,1.41,1.96,121.31,75.859390995971,0.4417128,76.44113857,222,229,78.4,2026-08-05
3960,603116,红蜻蜓,6.13,3.9,1.22,95.68,5.798722176304,0.162222,60.48672119,-735,3702,65.6,2026-08-05
3961,603117,万林物流,3.59,-1.1,0.61,-88.51,3.646247992266,0.1224984,52.37387087,-722,5068,64.8,2026-08-05
3962,603118,共进股份,14.55,1.04,5.69,117.13,14.403988513989,0.3152156,60.91712546,-1041,3587,85.2,2026-08-05
3963,603119,浙江荣泰,53.69,-0.04,0.68,88.41,53.353521740331,0.2671672,72.04347144,-305,700,75.2,2026-08-05
3964,603120,肯特催化,48.05,0.97,2.22,56.08,46.370824951154,0.289878,75.24414904,1132,320,68.0,2026-08-05
3965,603121,华培动力,12.09,0.17,0.36,-293.34,12.086004819746,0.1313708,61.99588727,1418,3284,66.8,2026-08-05
3966,603122,合富中国,11.26,0.0,0.6,-135.24,11.262245115041,0.1281044,53.72790674,-717,4959,75.2,2026-08-05
3967,603123,翠微股份,10.07,10.05,5.96,-66.2,9.15510410311,0.1691004,52.48616405,-66,5064,82.0,2026-08-05
3968,603124,江南新材,123.08,3.69,3.18,57.38,116.031383854073,0.4092252,80.86826401,232,34,79.6,2026-08-05
3969,603125,常青科技,22.9,1.28,0.83,28.51,21.892304747641,0.2478172,73.18581124,1102,544,66.8,2026-08-05
3970,603126,中材节能,5.99,-0.5,0.26,85.54,6.031638475267,0.2048272,60.2650337,-1337,3763,71.6,2026-08-05
3971,603127,昭衍新药,46.55,0.54,2.63,36.59,45.668027808656,0.3159576,77.92906121,-40,138,88.8,2026-08-05
3972,603128,华贸物流,5.29,-0.56,0.11,18.81,5.312439865832,0.2551396,67.10931462,-340,1778,74.8,2026-08-05
3973,603129,春风动力,293.51,-1.69,0.26,26.64,298.346650064722,0.2581612,75.06079645,123,336,78.4,2026-08-05
3974,603130,云中马,41.41,1.0,0.3,99.08,41.112179028133,0.2554704,65.62118854,-35,2241,74.4,2026-08-05
3975,603131,上海沪工,15.58,1.43,0.7,111.5,15.306653101424,0.1519436,55.47356814,30,4758,71.6,2026-08-05
3976,603132,金徽股份,19.28,5.13,0.92,23.0,17.870928874145,0.2034068,71.26623179,1479,856,70.4,2026-08-05
3977,603135,中重科技,9.5,1.5,0.48,81.41,9.316059376486,0.1639212,64.09242717,1827,2674,64.8,2026-08-05
3978,603136,天目湖,8.9,0.0,0.19,57.48,8.905937262185,0.0943668,59.93447419,856,3863,67.6,2026-08-05
3979,603137,恒尚节能,25.56,-2.33,5.64,32.29,25.795921038321,0.250899,57.61815781,-658,4383,81.6,2026-08-05
3980,603138,海量数据,13.83,2.14,1.26,-24.3,13.581056718745,0.1399608,59.13960245,-2357,4058,74.8,2026-08-05
3981,603139,康惠股份,35.58,1.86,0.83,42.55,34.973609003325,0.3334916,59.31459635,807,4017,74.0,2026-08-05
3982,603150,万朗磁塑,50.06,0.46,0.34,39.82,49.741681088579,0.200838,66.72834535,498,1905,61.2,2026-08-05
3983,603151,邦基科技,12.55,0.97,0.43,132.95,12.414353215157,0.0969604,67.3363899,1203,1719,67.2,2026-08-05
3984,603153,上海建科,13.35,0.07,0.08,102.75,13.371219058254,0.0767436,69.43601424,-175,1214,66.8,2026-08-05
3985,603155,新亚强,13.51,2.58,0.88,42.82,13.076479119248,0.173828,63.8552049,-504,2739,71.6,2026-08-05
3986,603156,养元饮品,45.84,1.71,0.32,17.88,45.536414906203,0.3687068,65.75523185,-1724,2200,86.4,2026-08-05
3987,603158,腾龙股份,10.52,-0.75,1.02,24.31,10.350824148003,0.3390508,71.71283891,-18,767,74.4,2026-08-05
3988,603159,上海亚虹,18.79,1.13,0.39,-145.78,18.70242154943,0.165019818182,54.33373715,91,4891,61.6,2026-08-05
3989,603160,汇顶科技,52.6,-1.26,0.34,52.29,53.126978364416,0.304122,68.41776963,-842,1464,82.0,2026-08-05
3990,603161,科华控股,14.04,-2.5,0.85,43.48,14.307996616556,0.2824228,69.32583974,1264,1240,70.8,2026-08-05
3991,603162,海通发展,11.51,2.86,4.29,15.11,10.997204253346,0.202906,76.01412145,248,258,77.2,2026-08-05
3992,603163,圣晖集成,81.2,4.28,1.6,52.46,76.688551769564,0.2220948,78.47943358,66,108,80.0,2026-08-05
3993,603165,荣晟环保,13.77,-0.72,0.19,14.2,13.828436876563,0.2735916,61.75954596,958,3348,70.0,2026-08-05
3994,603166,福达股份,11.48,-3.04,0.96,24.67,11.6132904061,0.2247704,72.34434223,1073,654,74.8,2026-08-05
3995,603167,渤海轮渡,8.76,-0.23,0.13,21.6,8.784917319183,0.2023564,67.46222522,-474,1683,74.4,2026-08-05
3996,603168,莎普爱思,5.31,0.0,0.41,-19.03,5.310964423801,0.1396812,55.2029322,-60,4792,69.2,2026-08-05
3997,603169,兰石重装,7.1,0.14,0.4,-58.49,7.045735130229,0.191484,57.29345198,197,4456,77.2,2026-08-05
3998,603170,宝立食品,13.02,-0.84,0.22,19.85,13.165560857052,0.0851476,66.65286151,-254,1934,70.0,2026-08-05
3999,603171,税友股份,50.7,1.4,1.51,164.68,49.784207483436,0.2825948,82.30124821,46,18,86.4,2026-08-05
4000,603172,万丰股份,16.87,0.18,0.28,40.31,16.685948373283,0.062898,60.06560585,-1476,3825,64.0,2026-08-05
4001,603173,福斯达,32.15,-0.71,0.14,13.91,32.50251702497,0.0988244,64.84967819,-362,2454,60.0,2026-08-05
4002,603175,超颖电子,82.61,-1.37,1.85,-94.35,82.533100678377,0.2822092,61.49051657,-113,3411,65.2,2026-08-05
4003,603176,汇通集团,4.55,0.44,0.26,-8.91,4.523463738659,0.1625256,61.62326756,184,3380,67.2,2026-08-05
4004,603177,德创环保,9.05,1.46,0.5,-39.93,8.949236626891,0.096522,53.26821043,-74,5001,65.6,2026-08-05
4005,603178,圣龙股份,16.99,-3.68,2.92,53.19,17.408520057878,0.1880876,66.71454728,1963,1908,87.2,2026-08-05
4006,603179,新泉股份,38.8,-2.32,0.65,33.45,39.711262833044,0.3554988,72.1522286,1256,684,70.4,2026-08-05
4007,603180,金牌家居,14.76,0.07,0.12,-40.17,14.820508458098,0.0569824,55.27646329,-99,4786,64.8,2026-08-05
4008,603181,皇马科技,13.29,0.45,0.17,17.4,13.189123363922,0.3065936,65.53665771,218,2263,66.8,2026-08-05
4009,603182,嘉华股份,12.12,0.5,0.25,18.26,12.053622298779,0.0557172,57.97432336,-112,4309,64.4,2026-08-05
4010,603183,建研院,4.49,1.13,2.74,-129.42,4.270331961798,0.3331904,71.33083959,403,842,71.6,2026-08-05
4011,603185,弘元绿能,16.92,3.8,1.67,-9.93,16.289876435359,0.1755948,56.91967027,227,4526,84.8,2026-08-05
4012,603186,华正新材,127.05,6.49,5.45,161.06,115.496473442324,0.4965908,70.10640159,1503,1057,85.2,2026-08-05
4013,603187,海容冷链,11.95,-0.58,0.35,11.05,12.002256353073,0.1570548,61.97327512,-206,3291,68.4,2026-08-05
4014,603188,亚邦股份,4.04,0.75,0.46,41.17,4.012211309363,0.1125568,56.18953427,-8,4634,64.4,2026-08-05
4015,603189,*ST网达,9.81,2.08,0.47,-130.96,9.693387046078,0.2734956,62.94193022,211,3000,68.8,2026-08-05
4016,603190,亚通精工,16.35,-0.06,0.87,14.27,16.350593996244,0.1209176,60.05740462,-1218,3826,63.6,2026-08-05
4017,603191,望变电气,14.07,-1.19,0.67,94.46,14.21194960723,0.1938132,59.65796748,-2373,3932,73.6,2026-08-05
4018,603192,汇得科技,22.68,0.04,0.38,62.57,22.606444719598,0.1519668,66.80013988,-1673,1880,80.0,2026-08-05
4019,603193,润本股份,21.13,-1.31,0.77,40.61,21.330316846998,0.1357752,68.60413802,643,1418,66.0,2026-08-05
4020,603194,中力股份,34.38,-1.55,0.4,18.92,35.061546595124,0.1092344,62.91752406,-1119,3007,64.0,2026-08-05
4021,603195,公牛集团,41.03,-1.11,0.04,17.48,41.475579820076,0.1737916,72.00570233,-201,706,80.0,2026-08-05
4022,603196,璞源材料,20.41,1.34,0.21,90.25,20.057572238093,0.1723968,62.30476041,-1066,3190,69.6,2026-08-05
4023,603197,保隆科技,30.54,0.56,0.53,22.85,30.491574989971,0.179614,61.6214024,75,3381,77.6,2026-08-05
4024,603198,迎驾贡酒,36.6,-0.57,0.17,8.77,36.687778514167,0.1911748,67.59896697,-159,1652,83.2,2026-08-05
4025,603199,九华旅游,32.38,0.06,0.21,12.88,32.338677832996,0.1360608,68.74301427,1279,1387,70.8,2026-08-05
4026,603200,上海洗霸,38.51,0.86,1.33,908.45,37.931049428909,0.1972552,63.69216125,-1450,2788,80.8,2026-08-05
4027,603201,常润股份,17.38,-1.25,5.03,25.03,17.395327173465,0.4785952,75.38817074,191,300,68.8,2026-08-05
4028,603202,天有为,53.6,-0.87,0.59,16.89,54.095597849534,0.1696968,62.82023589,-496,3033,66.0,2026-08-05
4029,603203,快克智能,42.8,2.42,1.34,45.82,41.030244513766,0.280602,75.83495901,108,270,81.6,2026-08-05
4030,603205,健尔康,21.03,-0.05,0.24,29.85,20.963544044982,0.0853732,62.73814225,-117,3062,63.2,2026-08-05
4031,603206,嘉环科技,15.09,-2.9,2.42,73.61,15.107045140597,0.4278276,69.28540583,925,1250,65.2,2026-08-05
4032,603207,小方制药,22.54,0.18,0.86,16.17,22.464784306238,0.1473016,67.53548648,72,1669,67.6,2026-08-05
4033,603208,江山欧派,10.85,-0.37,0.26,-13.12,10.919083678773,0.0532428,53.96931788,233,4936,64.8,2026-08-05
4034,603209,兴通股份,13.71,0.29,0.25,9.99,13.622935969645,0.0830504,63.82275624,-29,2751,69.2,2026-08-05
4035,603210,泰鸿万立,13.63,-0.51,0.23,20.66,13.636103967925,0.1550196,62.05449223,-229,3268,57.2,2026-08-05
4036,603211,晋拓股份,26.31,2.77,1.21,157.81,25.312648054036,0.2384172,66.64117092,-216,1938,75.6,2026-08-05
4037,603212,赛伍技术,11.24,0.18,0.73,-106.6,11.168978292172,0.2130752,58.71200586,239,4153,72.4,2026-08-05
4038,603213,镇洋发展,13.9,0.29,0.09,47.32,13.813266267635,0.2085768,59.25302259,-1323,4029,66.0,2026-08-05
4039,603214,爱婴室,13.42,0.6,0.43,54.28,13.405627633546,0.0561056,63.06591412,-123,2956,70.4,2026-08-05
4040,603215,比依股份,13.96,-0.64,0.15,-45.36,14.11633220525,0.1252952,53.38782528,-2,4988,65.6,2026-08-05
4041,603216,梦天家居,21.03,0.33,0.48,138.42,20.78035633874,0.150156,69.14198369,1727,1285,63.2,2026-08-05
4042,603217,元利科技,22.76,0.84,0.51,19.5,22.374659591846,0.22851,67.51913965,-1322,1671,76.4,2026-08-05
4043,603218,日月股份,10.1,-0.3,0.23,30.63,10.165383205479,0.232008,63.76762986,-245,2764,74.8,2026-08-05
4044,603219,富佳股份,15.12,1.41,0.29,2023.24,14.731845296004,0.2956116,63.38568735,-579,2869,68.0,2026-08-05
4045,603220,中贝通信,20.17,3.01,2.64,-950047.69,19.50489568366,0.29505,70.55467862,1629,971,80.0,2026-08-05
4046,603221,爱丽家居,24.79,9.98,5.94,-101.26,22.54,0.2304044,63.55431088,-142,2825,82.8,2026-08-05
4047,603222,济民健康,8.25,-3.51,3.68,-41.78,8.647211641806,0.2923352,56.70803706,-1798,4558,89.6,2026-08-05
4048,603223,恒通股份,11.04,1.19,0.37,20.91,10.875830809927,0.2698252,69.76990529,-487,1129,66.8,2026-08-05
4049,603225,新凤鸣,19.45,1.04,0.21,22.19,19.102136960291,0.1885452,70.62187566,750,962,70.0,2026-08-05
4050,603226,菲林格尔,47.97,0.93,0.15,-298.16,46.954303905494,0.333472,60.44089499,421,3714,61.2,2026-08-05
4051,603227,雪峰科技,7.63,-0.52,0.26,44.75,7.709143893694,0.2173604,61.01028606,-1378,3559,69.6,2026-08-05
4052,603228,景旺电子,86.32,10.0,4.06,92.85,77.295708608247,0.4732616,69.63257599,-1046,1163,88.4,2026-08-05
4053,603229,奥翔药业,7.71,-0.77,0.21,16.56,7.794873316762,0.1730892,61.98586004,-1063,3286,72.8,2026-08-05
4054,603230,内蒙新华,9.07,-0.44,0.09,12.89,9.121566007483,0.0870752,53.42843217,-577,4986,64.8,2026-08-05
4055,603231,索宝蛋白,15.03,-0.13,0.35,22.64,15.013203350548,0.1725332,60.11741614,-1606,3807,63.2,2026-08-05
4056,603232,格尔软件,15.89,1.47,2.06,-32.35,15.598769345335,0.188926,58.58584498,-828,4181,75.6,2026-08-05
4057,603233,大参林,18.07,-1.04,0.23,10.07,18.298308046001,0.1225532,73.90789849,392,454,77.2,2026-08-05
4058,603235,天新药业,23.59,-0.04,0.01,17.56,23.616421011273,0.0977916,66.42192257,-644,1998,64.8,2026-08-05
4059,603236,移远通信,48.94,3.42,1.28,34.88,47.265870463005,0.3274296,69.50347935,1134,1202,76.8,2026-08-05
4060,603237,五芳斋,14.08,-2.22,0.1,-12.04,14.120488507798,0.0507848,59.8616853,-71,3883,65.2,2026-08-05
4061,603238,诺邦股份,11.83,0.34,0.39,16.91,11.822583583969,0.0580776,59.65715554,-105,3933,66.8,2026-08-05
4062,603239,浙江仙通,14.42,-1.37,0.37,19.88,14.36540064756,0.1862764,66.34347488,-416,2023,65.6,2026-08-05
4063,603248,锡华科技,19.22,0.16,1.69,76.65,19.2116018532,0.1248348,63.07558027,-428,2952,62.0,2026-08-05
4064,603255,鼎际得,27.1,0.22,0.35,81.57,27.105180493205,0.2319852,55.72843259,-1028,4713,66.0,2026-08-05
4065,603256,宏和科技,144.94,4.95,1.53,233.74,131.576037633786,0.3993428,75.45389147,72,295,81.6,2026-08-05
4066,603257,中国瑞林,65.75,-0.23,1.21,38.31,65.297240515642,0.2874096,72.84562033,71,592,62.4,2026-08-05
4067,603258,电魂网络,13.46,0.15,0.65,-36.21,13.530249854742,0.1198208,56.00761157,-243,4670,81.6,2026-08-05
4068,603259,药明康德,146.45,-0.71,1.06,19.72,146.793740367715,0.5436984,85.23074394,-3,4,95.6,2026-08-05
4069,603260,合盛硅业,35.46,0.71,0.38,135.5,35.174537997372,0.3124628,55.90346081,-961,4688,82.0,2026-08-05
4070,603261,立航科技,51.78,1.21,1.38,-82.67,50.119191634323,0.267993137255,58.62390386,-4,4172,79.6,2026-08-05
4071,603262,技源集团,20.04,3.62,3.55,87.41,19.068110220569,0.2197796,66.19942601,1974,2074,65.2,2026-08-05
4072,603266,天龙股份,15.86,0.06,0.29,26.46,15.780007289389,0.1487764,67.49673618,1881,1679,72.4,2026-08-05
4073,603267,鸿远电子,51.74,-0.86,1.68,31.03,52.141717565654,0.303736,70.62348916,-716,961,79.2,2026-08-05
4074,603268,松发股份,182.0,5.28,2.44,42.39,167.696614074558,0.5612604,81.98984963,46,20,81.6,2026-08-05
4075,603269,海鸥股份,13.59,8.2,4.05,65.5,12.458996358497,0.2560444,71.64908402,-427,786,82.8,2026-08-05
4076,603270,金帝股份,25.68,1.58,1.79,33.62,25.190410753706,0.1979512,65.83759949,-1435,2173,68.4,2026-08-05
4077,603271,永杰新材,43.5,0.88,0.54,18.06,42.815872354608,0.2788512,68.43706303,1295,1457,63.6,2026-08-05
4078,603272,*ST联翔,16.62,-2.06,1.12,-77.2,17.044359196516,0.2194056,55.1716359,-2204,4795,64.8,2026-08-05
4079,603273,天元智能,14.01,-0.21,0.67,101.98,14.042704877277,0.0780764,52.46228597,-190,5065,66.0,2026-08-05
4080,603275,众辰科技,36.83,0.66,0.63,30.22,36.573798575589,0.1734848,69.04815438,313,1307,60.4,2026-08-05
4081,603276,恒兴新材,15.15,-0.13,0.78,30.34,15.06811037352,0.1493576,67.07060185,2024,1790,63.2,2026-08-05
4082,603277,银都股份,10.69,-0.83,0.04,39.49,10.800059471969,0.1520592,66.44740668,-144,1990,65.6,2026-08-05
4083,603278,大业股份,9.45,0.21,1.39,-32.88,9.363106423328,0.186472,57.8463631,-805,4337,71.2,2026-08-05
4084,603279,景津装备,13.0,-0.46,0.24,15.17,13.023816693539,0.208132,63.29990223,145,2896,66.4,2026-08-05
4085,603280,南方路机,25.79,0.39,0.29,62.33,25.582705723985,0.0718448,58.6705242,-107,4156,67.6,2026-08-05
4086,603281,江瀚新材,21.3,1.28,0.15,26.72,20.874916423666,0.2532792,68.12343672,945,1531,64.0,2026-08-05
4087,603282,亚光股份,14.52,0.35,0.26,-149.03,14.51499020106,0.06594,55.55407647,-1452,4747,62.8,2026-08-05
4088,603283,赛腾股份,42.61,1.55,2.55,41.24,41.188662912686,0.3275008,71.97988456,623,711,76.4,2026-08-05
4089,603284,林平发展,38.85,0.21,1.59,15.58,38.791708503066,0.1990236,60.32251013,8,3742,64.4,2026-08-05
4090,603285,键邦股份,35.86,10.0,5.77,45.14,32.795324819148,0.3019708,67.4547049,-1231,1684,70.0,2026-08-05
4091,603286,日盈电子,41.74,0.99,1.37,-221.1,41.122400935753,0.2716964,59.91479445,-1473,3869,75.2,2026-08-05
4092,603288,海天味业,36.78,-0.51,0.07,22.02,36.797567863648,0.2610756,72.62319618,-214,613,91.6,2026-08-05
4093,603289,泰瑞机器,8.23,0.12,0.27,109.67,8.203194095625,0.1009152,59.40014472,155,3998,62.8,2026-08-05
4094,603290,斯达半导,86.41,0.09,0.93,194.29,85.377579610784,0.3040268,69.01928831,143,1316,79.2,2026-08-05
4095,603291,联合水务,8.87,1.72,0.46,63.07,8.672023374934,0.2075388,65.47592293,553,2279,65.2,2026-08-05
4096,603293,埃泰克,37.37,-0.32,1.67,28.83,37.650450113572,0.2080492,69.20765564,573,1268,64.8,2026-08-05
4097,603296,华勤技术,80.2,0.2,1.04,28.66,79.534887062119,0.4042108,80.47323947,37,44,83.6,2026-08-05
4098,603297,永新光学,104.82,2.54,1.33,62.89,99.561376568409,0.4336844,74.09519956,377,435,76.4,2026-08-05
4099,603298,杭叉集团,26.96,-0.99,0.11,18.72,27.040441522502,0.253696,74.12020186,-92,431,73.6,2026-08-05
4100,603299,苏盐井神,9.19,-0.76,0.14,20.07,9.244033283169,0.2270824,66.58966231,-114,1950,70.4,2026-08-05
4101,603300,海南华铁,5.12,0.2,0.69,23.5,5.123596269428,0.2430228,56.94372889,-381,4521,77.6,2026-08-05
4102,603301,振德医疗,88.42,0.73,0.26,107.13,87.064687426994,0.3486372,61.12540636,59,3522,72.0,2026-08-05
4103,603303,得邦照明,20.35,2.11,0.17,54.74,19.831508231382,0.1225844,67.66428315,1262,1637,58.4,2026-08-05
4104,603305,旭升集团,11.91,-1.0,0.56,27.49,12.070318376595,0.2642784,61.46017769,-1609,3421,74.8,2026-08-05
4105,603306,华懋科技,67.64,0.27,2.06,476.37,65.078035696686,0.4579096,69.97927225,832,1082,85.6,2026-08-05
4106,603307,扬州金泉,24.17,1.34,0.23,17.93,23.923992512603,0.076356,59.20330008,-178,4039,63.2,2026-08-05
4107,603308,应流股份,47.99,0.63,0.87,67.8,47.14284956893,0.2499268,73.52540496,41,498,78.8,2026-08-05
4108,603309,维力医疗,11.55,-0.94,0.67,16.53,11.56131093333,0.2428272,61.48533691,-949,3415,70.4,2026-08-05
4109,603310,巍华新材,14.73,0.14,0.24,30.91,14.734032471253,0.266446,62.93156877,38,3004,59.2,2026-08-05
4110,603311,金海高科,28.72,1.99,0.62,47.87,28.006992675844,0.34842,71.13350263,59,872,62.0,2026-08-05
4111,603312,西典新能,31.92,-0.9,0.25,21.36,32.253861825935,0.1374888,65.55358168,-499,2259,64.0,2026-08-05
4112,603313,梦百合,5.88,0.51,0.78,-22.01,5.840564864296,0.2264488,60.77706741,-886,3619,76.8,2026-08-05
4113,603315,福鞍股份,12.28,-0.16,0.42,48.99,12.248319898442,0.1772292,60.9948642,-1187,3566,66.8,2026-08-05
4114,603316,诚邦股份,13.64,1.34,1.55,39.19,13.339444008704,0.1967872,62.33184337,788,3181,75.2,2026-08-05
4115,603317,天味食品,14.59,-1.62,0.41,15.49,14.882981185024,0.1600796,69.72365923,-176,1137,80.8,2026-08-05
4116,603318,水发燃气,9.06,0.89,2.42,238.46,8.910452521826,0.278194,65.38760409,2305,2307,83.6,2026-08-05
4117,603319,美湖股份,25.82,3.07,1.87,98.77,24.668232472995,0.3724532,63.1073477,1308,2943,68.8,2026-08-05
4118,603320,迪贝电气,16.62,0.48,0.26,38.74,16.481925760863,0.0859244,57.91854265,52,4320,63.2,2026-08-05
4119,603321,梅轮电梯,6.09,0.16,0.26,80.71,6.100570675611,0.0946776,54.00846953,-86,4933,63.6,2026-08-05
4120,603322,超讯科技,27.56,0.99,0.98,26.06,27.132549764555,0.188436,60.04523269,-133,3829,77.6,2026-08-05
4121,603323,苏农银行,4.25,-0.93,0.46,5.11,4.317021386557,0.3244432,69.03815362,30,1309,69.6,2026-08-05
4122,603324,盛剑科技,26.67,1.64,1.32,-37.7,25.797959650773,0.1970636,60.68281922,184,3637,70.0,2026-08-05
4123,603325,博隆技术,53.63,-0.46,0.14,32.62,53.848586085284,0.11884,60.18898148,-258,3787,59.2,2026-08-05
4124,603326,我乐家居,6.49,-0.46,0.21,57.48,6.509534336581,0.0913388,62.0071152,626,3277,67.6,2026-08-05
4125,603327,福蓉科技,9.18,-0.22,0.87,49.71,9.088438032018,0.234786,70.92613009,1299,916,84.0,2026-08-05
4126,603328,依顿电子,9.91,-0.2,0.48,65.66,9.907996124741,0.2385132,68.49292748,-714,1437,76.4,2026-08-05
4127,603329,上海雅仕,9.86,0.2,0.42,15.33,9.835565802876,0.0881812,59.49931236,616,3975,71.6,2026-08-05
4128,603330,天洋新材,7.48,3.89,1.85,240.0,7.164599966497,0.2244532,53.2006257,-540,5007,61.2,2026-08-05
4129,603331,百达精工,12.13,1.42,0.74,1010.76,11.896689177181,0.1848336,59.07254952,948,4076,68.0,2026-08-05
4130,603332,苏州龙杰,10.96,1.01,0.72,30.66,10.859100994879,0.1219908,61.41086901,-450,3436,68.0,2026-08-05
4131,603333,福华尚纬,9.0,4.05,2.32,2552.59,8.588115582636,0.2638736,60.35597357,956,3736,70.8,2026-08-05
4132,603334,丰倍生物,32.93,0.0,1.48,28.9,32.885142365029,0.212782,63.47882349,-133,2846,64.0,2026-08-05
4133,603335,迪生力,6.66,-0.45,2.42,-35.97,6.525244310114,0.391088,64.62337212,2029,2519,70.8,2026-08-05
4134,603336,宏辉果蔬,10.33,4.98,2.74,522.46,9.782666867154,0.2389752,63.76210446,-793,2766,84.8,2026-08-05
4135,603337,杰克科技,45.42,-1.86,0.55,21.07,45.770973611389,0.2325768,74.52033001,298,391,77.6,2026-08-05
4136,603338,浙江鼎力,56.44,-0.97,0.27,15.78,56.826018023575,0.2254688,69.43382875,-315,1215,72.0,2026-08-05
4137,603339,四方科技,13.76,0.44,1.2,24.67,13.544417273681,0.209078,66.53436792,360,1964,78.8,2026-08-05
4138,603341,龙旗科技,36.9,0.19,0.9,312.87,36.758522936144,0.2631244,70.22444067,548,1026,66.4,2026-08-05
4139,603344,星德胜,22.58,0.0,0.61,32.71,22.450061675385,0.1027872,62.05167902,105,3269,58.0,2026-08-05
4140,603345,安井食品,84.38,-0.86,0.45,12.48,84.877725788568,0.2830608,69.00812255,-719,1323,82.0,2026-08-05
4141,603348,文灿股份,14.4,-1.17,0.43,-14.19,14.640868024564,0.1777992,58.33983455,700,4236,80.8,2026-08-05
4142,603350,安乃达,27.67,0.14,0.28,29.74,27.605759800708,0.1736076,60.11390448,-574,3809,62.8,2026-08-05
4143,603351,威尔药业,24.52,1.74,0.26,22.06,24.055988380982,0.3636968,68.60171719,1002,1419,61.2,2026-08-05
4144,603352,至信股份,27.53,0.33,4.3,64.43,27.28048524262,0.1671244,72.81384311,280,595,71.2,2026-08-05
4145,603353,和顺石油,29.72,0.61,0.53,57.37,29.297993636339,0.1722216,58.90621825,-234,4110,65.2,2026-08-05
4146,603355,莱克电气,28.68,-1.21,0.13,236.85,28.764018367347,0.3001572,69.08892756,557,1300,69.6,2026-08-05
4147,603356,华菱精工,15.73,-0.32,0.47,-25.17,15.681193504069,0.2388716,54.5520139,-1075,4869,66.8,2026-08-05
4148,603357,设计总院,6.02,-0.99,0.13,42.35,6.047869683195,0.1660956,64.1501246,-1317,2654,69.6,2026-08-05
4149,603358,华达科技,41.77,0.1,0.92,-63.78,40.613380414788,0.5137916,65.03611384,390,2408,77.6,2026-08-05
4150,603359,*ST东珠,2.26,0.0,0.47,-17.91,2.259820713249,0.3138316,53.59056355,202,4973,64.4,2026-08-05
4151,603360,百傲化学,13.73,-0.29,0.49,122.25,13.616308276064,0.186866,65.604567,-1165,2247,65.2,2026-08-05
4152,603363,傲农生物,2.84,-1.05,0.18,-145.47,2.852797218674,0.3554328,58.27654649,752,4254,70.8,2026-08-05
4153,603365,水星家纺,17.81,-0.11,0.12,11.12,17.685446418403,0.095846,71.7053817,758,771,66.0,2026-08-05
4154,603366,日出东方,6.86,-0.58,0.32,-35.11,6.897341963,0.1520928,59.99051198,-275,3847,74.8,2026-08-05
4155,603367,辰欣药业,14.43,-0.76,0.69,12.49,14.49876668695,0.2199148,65.4560067,-303,2290,80.0,2026-08-05
4156,603368,柳药集团,15.36,-0.58,0.21,6.79,15.466792433248,0.208388,71.00448976,1483,895,74.0,2026-08-05
4157,603369,今世缘,27.16,-1.06,0.26,6.11,27.261925059051,0.2072412,69.84572804,-316,1112,82.8,2026-08-05
4158,603370,华新精科,34.48,-2.21,1.09,45.14,34.158442141251,0.252912,67.54190322,1286,1665,60.8,2026-08-05
4159,603373,安邦护卫,37.42,-0.9,1.72,60.43,37.614165809406,0.3105364,71.75112987,-523,757,74.8,2026-08-05
4160,603375,盛景微,36.42,1.79,1.12,371.62,35.607505041678,0.2048792,63.2039676,1426,2911,75.6,2026-08-05
4161,603376,大明电子,26.0,-1.7,2.27,192.16,26.42131605814,0.1759296,70.18353611,133,1035,72.4,2026-08-05
4162,603377,ST东时,2.82,-0.35,0.12,-7.61,2.827064828656,0.1245836,56.11381711,-36,4650,64.4,2026-08-05
4163,603378,*ST亚士,5.34,3.29,0.83,-5.86,5.187927695088,0.2577872,53.89249788,-72,4945,63.6,2026-08-05
4164,603379,三美股份,63.85,1.3,0.44,19.27,62.723895390092,0.3969332,72.90438738,-354,583,73.2,2026-08-05
4165,603380,易德龙,33.0,1.2,0.52,43.36,32.415430876244,0.2376328,74.12440259,214,430,67.6,2026-08-05
4166,603381,永臻股份,14.84,-1.07,0.67,36.13,14.959284654365,0.1821228,61.44032347,904,3428,64.8,2026-08-05
4167,603382,海阳科技,18.28,0.16,0.65,52.92,18.242504550417,0.0618008,56.82941991,-1022,4540,71.6,2026-08-05
4168,603383,顶点软件,30.98,0.98,0.88,34.25,30.946834594081,0.2347064,73.85837954,720,463,77.6,2026-08-05
4169,603385,惠达卫浴,5.19,0.39,0.21,-16.21,5.16299036764,0.0415492,53.11139921,-859,5014,65.6,2026-08-05
4170,603386,骏亚科技,12.63,2.18,0.77,-50.38,12.292260780971,0.1845412,56.38665108,-814,4606,70.4,2026-08-05
4171,603387,基蛋生物,8.88,-0.22,0.48,14.76,8.911362388362,0.2492408,67.05510294,317,1795,75.2,2026-08-05
4172,603389,亚振家居,46.16,2.67,0.35,-205.08,44.748541217257,0.314760588235,63.17668599,505,2917,72.4,2026-08-05
4173,603390,通达电气,10.02,0.0,0.56,13.79,9.979524767245,0.1512468,70.06442283,1716,1063,69.6,2026-08-05
4174,603391,力聚热能,60.78,0.33,2.69,369.31,59.979346383749,0.4295652,65.52488828,-755,2265,68.8,2026-08-05
4175,603392,万泰生物,29.46,-1.7,0.12,-216.65,30.104704757433,0.1482384,54.577168,-1130,4865,77.2,2026-08-05
4176,603393,新天然气,25.66,1.02,0.44,18.74,25.407838182266,0.1890964,64.95016985,-599,2427,74.0,2026-08-05
4177,603395,红四方,22.47,-0.93,1.3,70.28,22.688112225587,0.110286,58.34854564,190,4234,71.6,2026-08-05
4178,603396,金辰股份,24.5,-0.28,0.38,38.93,24.53669861548,0.1000008,64.40825999,-372,2582,72.4,2026-08-05
4179,603398,*ST沐邦,10.07,5.78,1.07,-14.7,9.382999129595,0.2918524,60.71481822,1243,3629,72.0,2026-08-05
4180,603399,永杉锂业,15.73,-0.13,3.71,15.2,15.516401123317,0.2751272,67.20653149,1858,1751,89.2,2026-08-05
4181,603400,华之杰,44.59,-0.85,6.49,65.41,45.097962280471,0.2423964,66.0432028,-1486,2110,79.2,2026-08-05
4182,603402,陕西旅游,65.8,0.06,1.76,40.16,65.614326414371,0.1949464,72.43170903,1307,644,66.8,2026-08-05
4183,603406,天富龙,27.06,-0.15,0.67,24.54,27.176653243818,0.084854,60.61949698,-1519,3663,64.0,2026-08-05
4184,603407,长裕集团,63.91,2.04,10.41,116.86,61.29708480873,0.2341424,68.79310864,-73,1375,76.4,2026-08-05
4185,603408,建霖家居,10.37,-0.38,0.13,12.3,10.372988267651,0.135634,69.75962571,854,1134,68.0,2026-08-05
4186,603409,汇通控股,17.44,0.17,0.62,19.68,17.412340426162,0.1013472,69.92519412,48,1092,62.4,2026-08-05
4187,603416,信捷电气,51.99,0.33,0.36,37.53,51.876938844752,0.3411008,71.28431412,-81,852,69.6,2026-08-05
4188,603418,友升股份,44.02,-1.37,0.7,20.59,44.671557692794,0.2358576,62.73293112,-172,3063,60.0,2026-08-05
4189,603421,鼎信通讯,5.93,1.72,0.46,-10.32,5.829557773891,0.0979132,56.02129634,-667,4667,69.6,2026-08-05
4190,603429,*ST集友,7.68,-1.16,0.05,-227.42,7.672984255473,0.3337036,53.52815687,-578,4978,64.4,2026-08-05
4191,603439,三力制药,10.93,1.2,0.7,24.85,10.620450609016,0.203504,62.26707804,897,3201,66.4,2026-08-05
4192,603444,吉比特,391.84,-0.04,0.93,13.64,395.076473266272,0.339934,74.55075339,-301,386,87.6,2026-08-05
4193,603456,九洲药业,15.36,-0.65,1.04,17.48,15.536243250987,0.2044196,69.46380818,-758,1210,88.4,2026-08-05
4194,603458,勘设股份,9.17,-0.11,0.95,-43.99,9.111384127143,0.275806,55.81260042,-594,4701,66.4,2026-08-05
4195,603459,红板科技,94.87,3.63,10.09,144.41,90.098431639089,0.3577116,67.81478343,-1560,1596,88.8,2026-08-05
4196,603466,风语筑,11.36,-0.18,3.12,39.65,11.288248923789,0.2868168,62.75774133,-2583,3057,92.0,2026-08-05
4197,603477,巨星农牧,14.79,-1.07,0.87,-5.43,14.927920508337,0.2530952,59.56255861,384,3961,78.8,2026-08-05
4198,603486,科沃斯,59.18,-1.22,0.29,21.15,59.72865453919,0.2265544,68.58636377,-643,1422,83.2,2026-08-05
4199,603488,展鹏科技,8.43,-0.35,0.76,-32.98,8.390104584439,0.2043264,61.67780445,1159,3369,66.4,2026-08-05
4200,603489,八方股份,26.83,0.64,0.36,35.16,26.462185427007,0.1590372,63.84208284,786,2747,67.6,2026-08-05
4201,603496,恒为科技,26.3,1.31,1.81,361.94,26.074799955684,0.2307436,61.30594983,-2308,3470,86.8,2026-08-05
4202,603499,翔港科技,12.17,1.67,0.53,42.1,11.929437595193,0.2109996,63.49047577,-1878,2844,73.2,2026-08-05
4203,603500,祥和实业,9.59,0.21,1.13,20.29,9.332642668182,0.268086,73.33173425,1550,523,61.6,2026-08-05
4204,603501,豪威集团,89.41,-1.56,0.55,55.9,90.009994950536,0.3932444,75.51371012,864,289,81.2,2026-08-05
4205,603505,金石资源,16.83,0.9,0.67,57.81,16.586746631827,0.3216036,72.46840857,1419,637,70.8,2026-08-05
4206,603506,南都物业,10.1,0.5,0.34,9.94,10.032026579324,0.031252,62.06675036,-1401,3261,64.4,2026-08-05
4207,603507,振江股份,24.32,0.21,0.98,14.97,23.978718426011,0.2541236,68.47660519,353,1443,75.6,2026-08-05
4208,603508,思维列控,23.09,-1.2,0.35,13.7,23.342952537045,0.21182,72.38055872,-117,649,74.4,2026-08-05
4209,603511,爱慕股份,11.88,0.34,0.06,12.86,11.866246387688,0.0434332,58.1544816,-902,4277,65.2,2026-08-05
4210,603515,欧普照明,17.0,-1.22,0.08,24.07,17.229567662385,0.081566,66.43561653,-744,1994,67.6,2026-08-05
4211,603516,淳中科技,99.02,0.22,0.96,2942.91,97.362168299679,0.3321344,67.77511565,665,1602,70.4,2026-08-05
4212,603517,ST绝味,10.93,-0.36,0.2,23.21,10.918411570576,0.3368472,64.39053955,1807,2588,71.6,2026-08-05
4213,603518,锦泓集团,7.9,-0.13,0.4,6.16,7.944933628319,0.1242184,59.22379571,-189,4038,68.8,2026-08-05
4214,603519,立霸股份,15.14,-3.32,0.99,29.82,15.490671079278,0.2079484,69.29409714,-482,1248,79.6,2026-08-05
4215,603520,司太立,8.91,-0.11,0.33,46.61,8.932162233129,0.1467916,56.44506904,-109,4593,64.8,2026-08-05
4216,603527,众源新材,9.79,1.45,0.67,20.2,9.587193932458,0.1594816,62.02469456,761,3272,64.4,2026-08-05
4217,603528,多伦科技,6.47,1.57,0.86,-56.6,6.362309889904,0.1259296,56.26218457,357,4622,74.8,2026-08-05
4218,603529,爱玛科技,21.15,-1.31,0.22,23.3,21.373988730531,0.2235544,69.20415311,-76,1269,74.8,2026-08-05
4219,603530,神马电力,44.62,-1.15,0.22,48.97,44.463567923492,0.1731816,71.7828527,832,750,71.6,2026-08-05
4220,603533,掌阅科技,23.54,-0.8,2.44,-76.58,23.505522933478,0.303958,75.78707844,230,273,93.2,2026-08-05
4221,603535,嘉诚国际,6.46,-0.31,0.15,44.79,6.482851381469,0.1616368,53.04362962,-70,5020,64.8,2026-08-05
4222,603536,惠发食品,9.05,0.22,0.64,782.4,9.060377229276,0.0783212,55.62215222,-206,4737,77.2,2026-08-05
4223,603538,美诺华,27.31,-0.94,5.36,74.48,27.294437103914,0.2791496,68.45830327,509,1449,88.0,2026-08-05
4224,603551,奥普科技,9.38,-0.64,0.13,21.95,9.406650930599,0.1156804,68.17973118,-161,1518,67.6,2026-08-05
4225,603556,海兴电力,26.44,0.84,2.18,35.35,26.243622430467,0.211814,68.41069252,-407,1468,82.4,2026-08-05
4226,603557,*ST起步,3.71,-0.8,0.14,-19.8,3.699562324727,0.2120984,47.32573345,-139,5192,62.4,2026-08-05
4227,603558,健盛集团,12.79,0.24,0.44,12.54,12.691036397963,0.1524704,77.32251568,518,176,69.2,2026-08-05
4228,603559,中通国脉,9.05,-0.22,1.44,134.72,9.135769332964,0.270710196078,58.2797969,-2651,4253,82.4,2026-08-05
4229,603565,中谷物流,10.48,-1.5,0.13,10.44,10.579488856954,0.1795584,71.07632237,999,881,73.6,2026-08-05
4230,603566,普莱柯,10.15,-1.36,0.4,21.56,10.326152131719,0.1585876,62.61174905,-390,3094,68.4,2026-08-05
4231,603567,珍宝岛,6.34,-3.94,3.53,-8.28,6.617557519718,0.2340288,49.70189787,-938,5166,80.8,2026-08-05
4232,603568,伟明环保,15.03,-2.47,0.17,17.52,15.41035658068,0.1708956,72.56857004,-38,626,74.4,2026-08-05
4233,603569,长久物流,5.78,-0.69,0.1,917.74,5.811902827376,0.1009008,61.47271034,-26,3419,69.6,2026-08-05
4234,603577,汇金通,9.89,-1.2,0.54,61.65,9.970991695263,0.2516876,65.42168985,441,2297,82.8,2026-08-05
4235,603578,三星新材,12.0,1.27,0.78,-232.72,11.878111319548,0.2310528,65.91462376,1380,2148,63.2,2026-08-05
4236,603579,荣泰健康,17.92,-0.67,0.21,12.92,17.982876921727,0.1104696,62.80082767,-789,3041,66.8,2026-08-05
4237,603580,艾艾精工,54.5,-3.06,3.54,638.14,54.973208516488,0.329181785714,58.74497496,-1157,4145,88.4,2026-08-05
4238,603583,捷昌驱动,24.25,-0.82,0.5,46.34,24.612905524469,0.2649784,61.3978965,-2085,3444,72.0,2026-08-05
4239,603585,苏利股份,10.07,-0.1,0.26,32.2,9.991812772155,0.1078544,58.09283169,-135,4291,64.4,2026-08-05
4240,603586,金麒麟,13.31,0.38,0.12,76.64,13.232821904016,0.113752,58.84118751,-933,4128,66.4,2026-08-05
4241,603587,地素时尚,11.47,-0.52,0.14,13.47,11.568843159671,0.0658052,67.6471712,295,1642,68.0,2026-08-05
4242,603588,高能环境,14.28,1.06,1.84,9.02,13.808374398668,0.4350236,80.85226691,71,36,76.4,2026-08-05
4243,603589,口子窖,19.94,-0.7,0.44,9.07,20.061753863014,0.2077448,64.46012104,714,2563,83.2,2026-08-05
4244,603590,康辰药业,30.54,-0.03,0.5,25.71,30.601310553183,0.129188,66.34923359,-1244,2021,70.8,2026-08-05
4245,603595,ST东尼,23.98,1.35,0.38,58.56,23.551181270234,0.4157872,61.64496396,-1233,3376,68.8,2026-08-05
4246,603596,伯特利,26.95,-0.33,0.8,22.51,27.240002671289,0.314846,73.30338441,379,526,77.2,2026-08-05
4247,603598,引力传媒,18.26,-0.22,3.59,118.51,18.298333219347,0.1981664,69.85689625,-1035,1103,87.2,2026-08-05
4248,603599,广信股份,10.42,0.0,0.31,15.07,10.405940791249,0.2384956,64.19364285,66,2649,70.0,2026-08-05
4249,603600,永艺股份,9.52,-0.52,0.31,10.92,9.587642627028,0.1056604,63.97418298,-1366,2702,68.4,2026-08-05
4250,603601,再升科技,9.48,3.49,3.76,189.24,9.085804411133,0.2560068,70.68989299,-191,945,75.2,2026-08-05
4251,603602,纵横通信,11.61,5.07,3.14,135.04,11.014771142769,0.1224016,66.48655631,681,1973,69.6,2026-08-05
4252,603605,珀莱雅,58.37,-0.9,0.33,15.76,59.005372707178,0.2119316,74.78521327,537,366,78.4,2026-08-05
4253,603606,东方电缆,38.73,-2.66,1.13,28.28,39.060579244503,0.3057112,67.30121059,-510,1728,85.6,2026-08-05
4254,603607,京华激光,22.0,-0.18,1.07,36.75,21.482814941836,0.3354028,71.32470175,2220,844,70.4,2026-08-05
4255,603608,天创时尚,18.88,1.94,1.43,154.27,18.542215949781,0.3739448,59.98883482,96,3849,71.2,2026-08-05
4256,603609,禾丰股份,6.18,-0.32,0.04,161.27,6.18399816764,0.1256544,59.63879852,97,3938,69.2,2026-08-05
4257,603610,麒盛科技,15.23,0.33,0.43,39.86,15.062898955457,0.3038268,63.17415378,-2176,2919,77.6,2026-08-05
4258,603611,诺力股份,17.3,0.23,0.26,14.92,17.254243419649,0.1407728,60.09370731,-13,3814,68.0,2026-08-05
4259,603612,索通发展,17.06,-0.41,0.55,10.29,17.210384867807,0.209974,65.43834598,-263,2294,72.8,2026-08-05
4260,603613,国联股份,20.06,0.6,0.62,13.19,20.092843238932,0.361654,69.68578288,926,1153,74.4,2026-08-05
4261,603615,茶花股份,16.09,1.32,0.24,193.97,15.744166049611,0.257358,67.27428955,1674,1732,61.6,2026-08-05
4262,603616,韩建河山,5.17,0.39,0.85,-51.02,5.126931924384,0.20988,49.66661245,-14,5167,73.2,2026-08-05
4263,603617,君禾股份,6.91,0.44,0.74,38.49,6.934063045986,0.2257392,60.46768394,-81,3707,78.8,2026-08-05
4264,603618,杭电股份,26.4,0.69,7.01,56.44,24.979990923175,0.4272384,70.65642672,1827,953,82.8,2026-08-05
4265,603619,中曼石油,22.07,3.66,3.57,80.59,21.230456636522,0.2349116,57.10728024,-1090,4493,84.0,2026-08-05
4266,603626,科森科技,15.32,1.39,2.65,5.51,14.659437916351,0.3715828,70.13767478,776,1050,78.4,2026-08-05
4267,603628,清源股份,9.46,-0.42,0.34,143.29,9.499935268578,0.1384784,62.91670558,1343,3008,72.4,2026-08-05
4268,603629,利通电子,122.03,8.33,9.3,41.24,111.834912440583,0.612302,80.1092158,-7,51,94.8,2026-08-05
4269,603630,拉芳家化,15.03,-0.46,0.78,39.43,15.152570436074,0.1640236,65.40483152,265,2302,76.0,2026-08-05
4270,603633,徕木股份,6.19,0.49,0.51,-18.44,6.121708553354,0.13815,55.69593509,335,4722,64.4,2026-08-05
4271,603636,南威软件,7.3,1.39,1.02,-21.26,7.199075059911,0.1630068,51.57492477,-1358,5113,77.2,2026-08-05
4272,603637,镇海股份,13.04,1.48,0.9,-413.28,12.793284310745,0.2080116,65.19597833,-227,2362,71.6,2026-08-05
4273,603638,艾迪精密,20.17,-0.3,0.28,29.32,20.155631894753,0.2698884,70.68881178,338,946,70.0,2026-08-05
4274,603639,海利尔,10.58,-0.09,0.06,12.28,10.584440102586,0.2346656,63.16512994,-288,2921,67.6,2026-08-05
4275,603648,畅联股份,9.07,-0.33,0.09,24.7,9.090717340772,0.149812,63.85178321,1047,2743,69.2,2026-08-05
4276,603650,彤程新材,59.84,2.94,1.35,50.56,57.153863583653,0.2824624,70.5110711,487,978,79.6,2026-08-05
4277,603655,朗博科技,27.02,2.04,0.32,87.08,26.637715278763,0.1238088,59.09177769,-1035,4071,63.6,2026-08-05
4278,603656,泰禾智能,17.83,0.79,0.69,145.31,17.535834299541,0.1500052,60.50678337,765,3695,64.4,2026-08-05
4279,603657,春光科技,26.97,3.18,2.45,-25.74,25.335816459299,0.4369896,65.1264937,-314,2384,68.8,2026-08-05
4280,603658,安图生物,32.07,-1.81,0.17,19.38,32.796495079908,0.148578,69.02956768,-450,1312,76.8,2026-08-05
4281,603659,璞泰来,24.18,-1.75,0.38,18.41,24.443706100367,0.3177428,72.11362077,294,690,74.8,2026-08-05
4282,603660,苏州科达,11.06,5.74,2.58,-9.63,10.448599322804,0.3489504,60.27715747,-1430,3761,85.6,2026-08-05
4283,603661,恒林股份,31.77,-0.38,0.4,18.73,31.857238364532,0.3039388,68.56548354,-1002,1426,73.2,2026-08-05
4284,603662,柯力传感,54.2,-0.09,0.79,92.54,53.895877768007,0.3353232,73.67859198,-56,481,83.2,2026-08-05
4285,603663,三祥新材,38.58,3.54,3.09,155.19,35.869354787331,0.3517036,71.89197167,1744,725,76.8,2026-08-05
4286,603665,康隆达,22.0,-0.9,0.24,55.12,22.178211318008,0.1819264,51.62847654,-252,5112,62.0,2026-08-05
4287,603666,亿嘉和,26.24,6.49,1.61,-26.56,24.611542570886,0.3213716,62.27889922,-399,3194,77.2,2026-08-05
4288,603667,五洲新春,55.2,0.36,1.63,171.67,54.873961968492,0.294208,65.09322703,53,2396,77.6,2026-08-05
4289,603668,天马科技,10.5,-1.5,0.38,198.0,10.541452310252,0.2351168,55.02847492,72,4812,68.0,2026-08-05
4290,603669,灵康药业,5.7,-0.35,0.71,343.4,5.716530422126,0.2356944,58.3462905,-1011,4235,75.2,2026-08-05
4291,603676,卫信康,8.76,-0.11,0.06,13.95,8.77369723377,0.1348384,66.78102977,-333,1882,67.2,2026-08-05
4292,603677,奇精机械,13.23,-0.3,0.19,54.58,13.205769555757,0.1358712,64.11408919,134,2667,68.0,2026-08-05
4293,603678,火炬电子,48.05,-0.41,2.87,144.03,47.48282611861,0.457878,79.68676181,55,64,83.6,2026-08-05
4294,603679,华体科技,22.66,4.28,3.38,-71.34,21.590360940803,0.2772432,60.01405654,-1891,3837,81.2,2026-08-05
4295,603680,今创集团,10.67,0.47,0.39,9.43,10.595288644154,0.205274,74.23314381,1472,421,69.2,2026-08-05
4296,603681,永冠新材,18.01,2.39,0.97,39.97,17.555240314882,0.2101416,66.91821537,1313,1843,63.2,2026-08-05
4297,603682,锦和商管,11.05,0.36,3.49,143.24,10.569047492401,0.3033004,65.50129362,-1013,2271,78.0,2026-08-05
4298,603683,晶华新材,15.27,0.2,2.2,43.5,14.967323874245,0.253492,62.95957606,1645,2994,77.2,2026-08-05
4299,603685,晨丰科技,25.48,0.0,0.37,161.63,25.394963524665,0.1962708,62.79372189,-123,3044,61.6,2026-08-05
4300,603686,福龙马,13.34,-0.67,0.8,21.22,13.397433553756,0.1666388,61.43578342,-1843,3429,77.2,2026-08-05
4301,603687,大胜达,14.18,0.57,1.19,88.38,13.990842434207,0.3305764,67.81283478,409,1598,67.2,2026-08-05
4302,603688,石英股份,46.99,1.03,1.09,173.06,45.471836638448,0.2998016,67.16746393,625,1764,78.8,2026-08-05
4303,603689,皖天然气,7.46,0.0,0.12,8.56,7.474435036946,0.1624368,67.72850061,1289,1616,65.6,2026-08-05
4304,603690,至纯科技,23.36,0.86,4.75,-28.36,22.765165268517,0.2864872,53.65630429,-641,4964,86.4,2026-08-05
4305,603693,江苏新能,12.12,-2.26,0.32,24.67,12.356322486192,0.1853472,60.80783237,-169,3612,71.2,2026-08-05
4306,603696,安记食品,13.03,-3.19,4.06,68.45,13.264278273604,0.1570076,67.27340973,-132,1733,88.0,2026-08-05
4307,603697,有友食品,9.67,-0.82,0.13,15.72,9.672445125345,0.1048992,65.13445483,1148,2382,67.2,2026-08-05
4308,603698,航天工程,23.38,1.56,1.08,76.48,22.842515324681,0.2736676,63.69288707,421,2787,83.2,2026-08-05
4309,603699,纽威股份,52.55,1.49,0.31,29.51,51.437243392498,0.1564152,74.47937824,-196,398,73.6,2026-08-05
4310,603700,宁水集团,11.55,0.0,0.52,53.5,11.484190958803,0.1978428,59.89357281,-1237,3872,64.8,2026-08-05
4311,603701,德宏股份,19.88,1.58,0.36,155.53,19.54484726424,0.231762,67.20134089,-99,1752,65.2,2026-08-05
4312,603703,盛洋科技,9.23,1.32,0.5,156.73,9.111435549934,0.174224,57.49360096,-349,4411,68.0,2026-08-05
4313,603706,东方环宇,18.91,0.21,0.15,8.72,18.835843129375,0.0589264,64.50257839,131,2553,66.4,2026-08-05
4314,603707,健友股份,7.98,-0.62,0.18,36.21,8.075913645082,0.1754128,67.94349872,-900,1569,71.6,2026-08-05
4315,603708,家家悦,9.42,-0.32,0.14,9.91,9.489938214286,0.1242076,65.87307694,-272,2164,68.4,2026-08-05
4316,603709,中源家居,11.04,0.64,0.35,221.1,10.934301836954,0.0641468,59.24950501,670,4030,62.8,2026-08-05
4317,603711,香飘飘,11.11,-0.98,0.61,12.28,11.340839410009,0.1253568,62.48231079,-873,3133,70.8,2026-08-05
4318,603712,七一二,12.17,0.08,0.43,-36.02,12.121901746132,0.2611304,59.74895651,153,3906,74.4,2026-08-05
4319,603713,密尔克卫,66.11,5.95,1.66,14.3,62.381942784827,0.2599388,70.13345616,-99,1052,65.6,2026-08-05
4320,603716,塞力医疗,16.59,-1.19,3.28,-53.45,16.659245330376,0.1649036,60.94964289,-1944,3579,87.6,2026-08-05
4321,603717,天域生物,5.97,1.19,1.11,-41.17,5.871707806664,0.0908328,50.84304191,-191,5136,64.8,2026-08-05
4322,603718,*ST海利,2.89,0.0,0.12,74.34,2.890124336474,0.2856084,50.67928453,5,5144,66.0,2026-08-05
4323,603719,良品铺子,9.95,0.0,0.54,20.75,9.955550535858,0.1569636,58.66866639,407,4157,84.4,2026-08-05
4324,603721,中广天择,18.02,-0.83,2.07,-77.67,18.242186982589,0.154684642857,67.10160914,-1317,1781,85.6,2026-08-05
4325,603722,阿科力,30.25,0.4,0.34,-56.87,29.986088459285,0.183191454545,53.97712107,-895,4935,68.4,2026-08-05
4326,603725,天安新材,10.26,1.18,1.35,40.37,10.060831625247,0.2493028,67.74172796,625,1611,68.0,2026-08-05
4327,603726,朗迪集团,23.65,0.55,0.82,12.55,23.250873621925,0.2203752,66.39886811,-647,2008,71.2,2026-08-05
4328,603727,博迈科,18.21,0.33,0.33,-36.41,17.952203832475,0.153944,61.75170547,-962,3350,72.4,2026-08-05
4329,603728,鸣志电器,52.59,0.21,0.53,398.58,52.24556831478,0.2627328,62.49968418,395,3124,84.0,2026-08-05
4330,603729,ST龙韵,11.07,0.36,0.22,105.98,11.01524971661,0.2564428,63.50968348,1154,2836,65.6,2026-08-05
4331,603730,岱美股份,10.67,0.66,0.43,30.74,10.297577373704,0.396218,73.56659294,392,491,65.2,2026-08-05
4332,603733,仙鹤股份,20.61,0.44,0.3,16.79,20.451681604634,0.3387704,66.56761734,-1218,1959,68.8,2026-08-05
4333,603737,三棵树,23.51,-1.09,0.25,48.78,23.610795118905,0.1281112,65.65861837,-234,2229,73.2,2026-08-05
4334,603738,泰晶科技,35.03,5.67,6.64,146.65,32.575015683591,0.3252456,71.08670724,642,879,86.0,2026-08-05
4335,603739,蔚蓝生物,11.53,0.17,0.3,40.82,11.498039450886,0.0891788,60.49823307,-1237,3698,72.0,2026-08-05
4336,603755,日辰股份,22.85,-0.04,0.2,30.96,22.824952820073,0.0665508,61.94642707,-1204,3299,64.4,2026-08-05
4337,603757,大元泵业,59.14,1.27,1.36,240.69,57.931293632983,0.3101324,74.83577266,326,357,87.2,2026-08-05
4338,603758,秦安股份,9.34,-0.11,0.14,43.14,9.373473169261,0.1102876,58.27572076,-74,4256,61.2,2026-08-05
4339,603759,海天股份,7.18,-0.55,0.12,214.26,7.24024380432,0.1483604,59.73302698,-351,3912,66.0,2026-08-05
4340,603766,隆鑫通用,14.07,-3.43,0.54,15.33,14.568065940935,0.2174152,75.10264873,-79,327,76.4,2026-08-05
4341,603767,中马传动,15.02,-0.33,0.33,190.91,15.045170665106,0.1031616,57.51272192,-96,4408,72.4,2026-08-05
4342,603768,常青股份,11.24,1.63,0.45,96.42,11.169279210051,0.0899892,55.12052906,-183,4802,66.8,2026-08-05
4343,603773,沃格光电,86.43,10.0,5.78,-95.03,77.033217057425,0.4965144,68.71963423,1148,1392,85.2,2026-08-05
4344,603776,永安行,21.0,0.67,0.76,-288.76,20.465579916165,0.3318152,63.38301391,1548,2871,68.0,2026-08-05
4345,603777,来伊份,14.64,0.69,0.46,-87.18,14.418343339222,0.3470504,61.34356858,172,3458,72.0,2026-08-05
4346,603778,国晟科技,10.64,0.0,4.01,-50.4,10.537727940633,0.2303788,60.99180226,-2413,3568,86.4,2026-08-05
4347,603779,威龙股份,7.74,1.44,1.62,-85.68,7.601518919718,0.1689824,50.78556601,-7,5138,79.2,2026-08-05
4348,603786,科博达,43.4,0.0,0.19,28.98,43.281285202378,0.1684676,70.7577033,-23,935,70.4,2026-08-05
4349,603787,新日股份,10.0,-0.99,0.65,22.85,10.043626576055,0.1304176,65.0894755,1857,2399,73.6,2026-08-05
4350,603788,宁波高发,14.02,0.36,0.11,16.66,13.935062205992,0.1311532,66.16003733,-44,2081,65.2,2026-08-05
4351,603789,ST星农,6.32,0.96,0.27,-13.63,6.250673004877,0.229015090909,55.16029334,141,4797,71.2,2026-08-05
4352,603790,雅运股份,21.1,-1.54,0.56,27.57,21.073444049612,0.2574628,61.86668328,550,3320,59.6,2026-08-05
4353,603797,联泰环保,4.04,-0.25,0.25,14.2,4.067301737645,0.111352,55.40283328,-96,4764,64.8,2026-08-05
4354,603798,康普顿,13.47,2.98,1.1,18.59,13.089325712529,0.2063804,67.27707145,-1519,1731,77.2,2026-08-05
4355,603799,华友钴业,41.87,-0.36,1.35,7.94,41.649982673478,0.4088884,78.00222831,47,129,90.4,2026-08-05
4356,603800,洪田股份,59.0,5.83,1.44,-191.5,54.933642984975,0.3887464,63.3269542,713,2888,78.0,2026-08-05
4357,603801,志邦家居,5.85,0.0,0.43,-6.73,5.869793698881,0.1099856,62.64052927,936,3082,74.0,2026-08-05
4358,603803,瑞斯康达,10.45,2.35,2.01,162.23,10.120297712456,0.1832488,56.1440955,35,4642,76.8,2026-08-05
4359,603806,福斯特,15.19,-0.33,0.25,31.77,15.164513735186,0.2612596,65.74997846,-1662,2202,81.6,2026-08-05
4360,603808,歌力思,8.02,1.65,0.28,17.79,7.871888579788,0.0708784,64.61935058,-279,2520,63.6,2026-08-05
4361,603809,豪能股份,9.48,-0.63,0.37,21.05,9.55208233977,0.2129892,59.17500807,-323,4043,75.2,2026-08-05
4362,603810,丰山集团,11.6,0.96,0.34,35.78,11.570789999222,0.0682572,60.076197,-125,3818,67.2,2026-08-05
4363,603811,诚意药业,7.19,-0.42,0.16,18.6,7.211266670879,0.1874672,64.50674373,-1273,2551,67.6,2026-08-05
4364,603813,原尚股份,32.83,-0.55,0.1,-43.31,32.83774581505,0.109199215686,54.9496,-815,4821,72.4,2026-08-05
4365,603815,交建股份,5.54,-0.54,0.43,14.95,5.557078192953,0.2287808,54.18694832,1,4914,72.0,2026-08-05
4366,603816,顾家家居,24.5,-1.8,0.23,10.14,24.980047273492,0.173496,69.22440248,-870,1263,74.8,2026-08-05
4367,603817,海峡环保,5.62,-0.18,0.28,11.87,5.632302419549,0.1259884,61.80640589,-17,3338,66.0,2026-08-05
4368,603818,曲美家居,3.51,2.63,1.26,485.81,3.406491872781,0.2649696,54.80692589,22,4837,66.8,2026-08-05
4369,603819,神力股份,13.88,2.74,1.09,109.65,13.469959353802,0.1826152,59.42669714,-890,3990,72.8,2026-08-05
4370,603822,ST嘉澳,59.16,0.96,0.18,-25.6,58.527306884747,0.3710116,68.15548825,1485,1523,64.0,2026-08-05
4371,603823,百合花,66.79,9.98,2.55,161.91,59.509377709189,0.4833104,73.54763948,981,494,88.8,2026-08-05
4372,603825,ST华扬,7.96,2.98,1.03,-21.16,7.708381411033,0.210468,64.48313065,64,2560,70.8,2026-08-05
4373,603826,坤彩科技,17.52,0.92,1.49,50.22,16.849464924701,0.408246,68.31020785,1027,1485,67.6,2026-08-05
4374,603828,*ST利达,4.23,0.24,0.06,206.86,4.254770474554,0.261142,55.43357997,-739,4759,62.4,2026-08-05
4375,603829,洛凯股份,14.98,-0.27,0.41,215.6,14.911380839435,0.102574,63.09826999,1850,2944,64.8,2026-08-05
4376,603833,欧派家居,32.66,-1.18,0.37,32.13,32.969285348945,0.1645204,62.75711506,196,3058,78.0,2026-08-05
4377,603836,海程邦达,8.73,0.58,0.21,51.83,8.669973294489,0.034458,57.07102894,29,4497,65.6,2026-08-05
4378,603838,*ST四通,8.59,0.82,0.16,-57.53,8.367654992159,0.2599784,61.20770039,-893,3498,65.2,2026-08-05
4379,603839,安正时尚,6.78,-0.15,0.21,21.58,6.771581797668,0.1278628,59.94011399,356,3861,71.6,2026-08-05
4380,603843,*ST正平,6.97,0.0,0.43,-46.68,6.963778434921,0.2534164,56.3778597,560,4608,69.6,2026-08-05
4381,603848,好太太,13.35,-0.52,0.07,33.05,13.371136150235,0.1187468,61.14807354,-347,3517,64.4,2026-08-05
4382,603855,华荣股份,16.54,-1.14,0.15,14.79,16.633788243098,0.2254112,68.61550125,-262,1416,68.4,2026-08-05
4383,603856,东宏股份,11.41,-0.35,0.28,18.04,11.418812226662,0.25741,67.08514167,1214,1786,63.6,2026-08-05
4384,603858,步长制药,15.45,-0.19,0.14,12.71,15.655853815695,0.2344372,67.00334133,950,1816,79.2,2026-08-05
4385,603859,能科科技,44.15,2.79,2.62,59.91,43.063435794182,0.3427056,68.81836199,-1076,1371,81.2,2026-08-05
4386,603860,中公高科,25.71,0.47,0.36,628.3,25.656560863874,0.1014548,66.57945341,127,1954,69.2,2026-08-05
4387,603861,白云电器,12.33,-1.36,0.56,48.94,12.366384047595,0.2314256,65.19731909,382,2361,77.6,2026-08-05
4388,603863,松炀资源,12.89,-1.15,0.47,-129.55,12.784471844274,0.1701876,54.97283511,372,4817,60.4,2026-08-05
4389,603866,桃李面包,4.28,-0.93,0.18,33.02,4.330368344864,0.1699428,58.85787739,-1496,4126,76.0,2026-08-05
4390,603867,新化股份,28.83,1.8,1.11,19.29,28.268443538888,0.3377764,65.45649691,-940,2289,62.4,2026-08-05
4391,603868,飞科电器,30.97,-1.02,0.04,17.88,31.154494158802,0.1555628,66.59922326,-392,1946,68.4,2026-08-05
4392,603869,ST智知,8.65,1.88,0.13,287.17,8.399233204083,0.1575632,58.31526873,-504,4240,66.0,2026-08-05
4393,603871,嘉友国际,12.69,-1.78,0.42,13.25,12.937492968093,0.1490056,71.84438509,-177,735,68.8,2026-08-05
4394,603876,鼎胜新材,21.28,-2.79,0.55,25.51,21.880948021273,0.2171896,66.29863071,697,2044,72.4,2026-08-05
4395,603877,太平鸟,12.89,-0.31,0.17,29.77,12.941407872852,0.1042968,60.23700474,-1561,3772,65.2,2026-08-05
4396,603878,武进不锈,4.97,-0.2,0.7,-39.72,4.976582845739,0.137518,56.56705887,71,4579,64.4,2026-08-05
4397,603879,永悦科技,5.09,0.79,1.04,-72.88,5.024420244678,0.1692652,67.26908008,1866,1736,70.4,2026-08-05
4398,603880,南卫股份,7.48,1.22,1.44,-106.18,7.289479401905,0.2988612,64.27115216,1420,2625,62.8,2026-08-05
4399,603881,数据港,26.43,0.11,1.67,127.2,26.38157970191,0.3164656,66.24276219,-1518,2064,92.0,2026-08-05
4400,603882,金域医学,28.14,1.22,0.64,76.16,28.036606622929,0.2453216,72.98406463,-147,569,82.4,2026-08-05
4401,603883,老百姓,12.4,-1.27,0.36,8.92,12.563937947896,0.1760264,69.71163277,-60,1143,78.8,2026-08-05
4402,603885,吉祥航空,11.17,-0.36,0.19,13.75,11.161812604147,0.2614572,72.84529197,263,593,72.0,2026-08-05
4403,603886,元祖股份,10.68,0.95,0.33,-9.12,10.57637469484,0.0911824,53.45327589,-73,4985,61.6,2026-08-05
4404,603887,城地香江,9.58,-0.83,1.24,-107.49,9.590080333146,0.218926,63.61469519,241,2811,75.6,2026-08-05
4405,603888,新华网,17.2,-0.52,0.48,81.06,17.339768115445,0.2857288,68.05608897,-1267,1543,76.4,2026-08-05
4406,603889,新澳股份,5.61,-0.71,0.22,11.09,5.671886810237,0.1650784,68.00448722,115,1555,64.8,2026-08-05
4407,603890,春秋电子,18.52,1.15,1.64,34.07,17.997937250464,0.2408224,63.04647805,122,2966,69.6,2026-08-05
4408,603893,瑞芯微,204.82,2.92,1.48,65.79,198.379418284026,0.4682128,80.15221581,-26,50,87.6,2026-08-05
4409,603895,天永智能,24.36,-0.98,0.29,126.11,24.515974408898,0.1394332,61.37663212,-1158,3449,64.4,2026-08-05
4410,603896,寿仙谷,14.62,-0.2,0.14,25.05,14.698762039697,0.1231144,54.17123159,5,4915,71.2,2026-08-05
4411,603897,长城科技,26.56,0.68,0.75,30.73,26.198169262076,0.2049716,67.87693887,-1112,1577,68.4,2026-08-05
4412,603898,好莱客,10.73,0.19,0.24,-36.43,10.676538103752,0.188878,55.96746591,235,4679,66.8,2026-08-05
4413,603899,晨光股份,22.76,-0.87,0.09,15.46,22.934500996873,0.1862012,75.47233114,374,294,77.2,2026-08-05
4414,603900,莱绅通灵,6.05,1.68,3.01,9.69,5.91663631093,0.1373804,66.21171623,1701,2071,70.0,2026-08-05
4415,603901,永创智能,9.71,0.94,0.36,19.64,9.605564034504,0.1463008,64.26653131,-634,2626,68.8,2026-08-05
4416,603903,中持股份,12.38,1.23,1.91,45.82,12.197174332223,0.3029992,62.09308522,1056,3258,63.6,2026-08-05
4417,603906,龙蟠科技,19.59,-0.05,1.27,18.08,19.397876934007,0.25047,65.13035851,901,2383,78.0,2026-08-05
4418,603908,牧高笛,18.21,0.55,0.38,20.71,18.180140216103,0.0138276,53.28837406,-286,4998,66.4,2026-08-05
4419,603909,建发合诚,9.05,0.33,0.22,23.35,8.990522391549,0.034218,64.67374876,-201,2509,62.8,2026-08-05
4420,603912,佳力图,7.87,0.9,2.07,-52.69,7.843422006013,0.2309236,60.26723368,-2119,3762,86.8,2026-08-05
4421,603915,国茂股份,13.71,-0.29,0.2,41.61,13.739269292365,0.156256,64.17081359,-150,2651,69.6,2026-08-05
4422,603916,苏博特,10.78,3.95,0.88,37.53,10.382761284328,0.2200244,58.77074988,-145,4140,66.0,2026-08-05
4423,603917,合力科技,11.88,1.45,0.83,-110.53,11.667087475726,0.2197148,62.11119458,1468,3252,70.4,2026-08-05
4424,603918,金桥信息,11.45,2.05,2.54,-34.31,11.24498709411,0.1910556,61.80925995,-316,3336,87.6,2026-08-05
4425,603919,金徽酒,16.69,0.85,1.21,10.35,16.4016608326,0.194188,67.32828374,-94,1724,83.6,2026-08-05
4426,603920,世运电路,35.08,1.74,1.21,172.51,34.005874260953,0.2716448,70.45538567,1005,986,74.4,2026-08-05
4427,603922,ST金鸿顺,10.64,-0.56,0.11,54.49,10.579643136816,0.2557984,57.76927805,-365,4352,60.4,2026-08-05
4428,603926,铁流股份,16.09,1.07,0.45,31.61,15.856794799562,0.159406,64.84918356,1674,2455,60.0,2026-08-05
4429,603927,中科软,14.22,0.0,0.58,-186.48,14.315642268963,0.188678,66.39934072,-451,2007,80.0,2026-08-05
4430,603928,兴业股份,12.42,4.02,8.07,33.26,11.683078593949,0.3833056,74.90489974,1447,351,80.8,2026-08-05
4431,603929,亚翔集成,162.79,2.2,1.28,35.41,155.750758112565,0.35038,78.16904806,168,119,78.0,2026-08-05
4432,603931,格林达,35.06,1.21,1.83,59.66,33.792062421948,0.2407708,69.50656261,1351,1199,82.4,2026-08-05
4433,603933,睿能科技,19.15,0.68,0.57,28.79,18.909360305661,0.1141396,61.73687977,144,3353,75.2,2026-08-05
4434,603936,博敏电子,14.41,3.67,3.11,-214.19,13.782330069559,0.2895888,61.18564137,136,3504,83.6,2026-08-05
4435,603937,丽岛新材,10.97,1.11,0.7,22.12,10.820726525296,0.114196,58.81902757,689,4133,64.0,2026-08-05
4436,603938,三孚股份,40.75,2.39,1.71,100.33,39.013822819006,0.2598744,71.69677707,851,774,84.0,2026-08-05
4437,603939,益丰药房,22.11,-2.25,0.41,13.42,22.513082069319,0.2317088,75.21507771,503,321,76.4,2026-08-05
4438,603948,建业股份,20.48,0.84,0.21,15.72,20.138181041679,0.1138676,65.24240832,-850,2353,64.4,2026-08-05
4439,603949,雪龙集团,13.89,0.29,0.41,31.2,13.806589007898,0.1124956,59.63265459,201,3940,73.2,2026-08-05
4440,603950,长源东谷,57.48,-0.23,0.72,56.22,55.732301211029,0.5062044,74.05035574,400,439,66.8,2026-08-05
4441,603955,大千生态,20.69,0.88,0.5,-55.57,20.330703809467,0.1669668,59.23193634,819,4036,69.6,2026-08-05
4442,603956,威派格,7.14,3.18,5.4,-17.52,6.933709023765,0.231472,65.98274103,-1855,2127,85.2,2026-08-05
4443,603958,哈森股份,14.61,1.81,0.45,46.55,14.290729238134,0.154704,62.61574938,1297,3092,67.2,2026-08-05
4444,603959,ST百利,4.33,0.46,0.42,-11.11,4.352030006226,0.3841952,51.52765109,-351,5119,64.4,2026-08-05
4445,603960,克来机电,16.39,1.86,1.08,380.17,16.102313585045,0.16839,56.92197342,-151,4524,72.0,2026-08-05
4446,603966,法兰泰克,7.95,0.25,0.28,19.06,7.925057120413,0.2206828,68.31240211,1398,1484,65.2,2026-08-05
4447,603967,中创物流,11.47,-0.35,0.16,10.06,11.483503535159,0.0676568,61.55468867,-967,3400,64.4,2026-08-05
4448,603968,醋化股份,9.96,0.5,0.25,-28.09,9.935136695521,0.0832572,52.62291192,-151,5055,62.4,2026-08-05
4449,603969,银龙股份,7.52,1.9,0.51,24.97,7.430006898569,0.2368232,66.93295006,-1089,1839,78.4,2026-08-05
4450,603970,中农立华,10.19,-0.88,0.3,12.47,10.28444906596,0.092466,58.1177258,-1089,4287,66.8,2026-08-05
4451,603976,正川股份,27.92,3.56,0.91,175.45,26.745743305757,0.2783748,67.84176953,226,1587,72.4,2026-08-05
4452,603977,国泰集团,12.07,1.26,0.73,46.95,11.801232166095,0.3122208,69.24621473,1254,1260,66.8,2026-08-05
4453,603978,深圳新星,19.41,1.41,1.41,56.78,19.147151074968,0.1822092,61.78123855,-454,3344,70.0,2026-08-05
4454,603979,金诚信,77.7,-1.25,0.78,20.15,76.36196629375,0.4218788,83.17290477,286,12,75.6,2026-08-05
4455,603980,吉华集团,6.78,0.59,1.31,48.36,6.707368777201,0.2329656,60.49247257,-1291,3701,81.2,2026-08-05
4456,603982,泉峰汽车,5.88,-0.17,0.23,-5.07,5.904088597336,0.0914788,57.83610897,217,4339,70.0,2026-08-05
4457,603983,丸美生物,28.35,-1.39,0.46,28.13,28.721136326224,0.1688124,67.12827555,451,1775,72.4,2026-08-05
4458,603985,恒润股份,16.8,1.2,0.75,28.42,16.553911557105,0.2268424,72.04379771,-177,699,75.6,2026-08-05
4459,603986,兆易创新,376.22,-2.39,3.29,45.17,376.851398014001,0.5783032,79.85427921,2,60,95.2,2026-08-05
4460,603987,康德莱,7.32,-0.41,0.17,14.78,7.341893207635,0.1013432,64.07631885,393,2678,70.0,2026-08-05
4461,603988,中电电机,22.72,10.02,6.29,296.79,19.669090290092,0.2897724,69.50144787,2660,1203,83.2,2026-08-05
4462,603989,艾华集团,27.72,1.76,2.36,40.15,26.925040666607,0.3107696,72.01011336,447,705,73.2,2026-08-05
4463,603990,麦迪科技,20.28,6.07,3.35,402.36,19.005390860038,0.408848,65.94083394,-1565,2139,81.2,2026-08-05
4464,603991,领先股份,130.01,6.07,1.82,97.39,121.201206818261,0.4190744,73.33770454,138,522,72.4,2026-08-05
4465,603992,松霖科技,24.47,-0.45,0.14,28.41,24.578239842802,0.149654,66.7353187,-1058,1902,61.6,2026-08-05
4466,603993,洛阳钼业,20.73,1.27,0.79,14.29,20.083760896524,0.4943472,83.45615657,481,9,86.8,2026-08-05
4467,603995,甬金股份,22.87,1.78,1.24,16.48,21.715410665918,0.3824804,75.95585236,1954,260,65.2,2026-08-05
4468,603997,继峰股份,12.93,-1.75,0.56,31.24,13.220620772371,0.239106,64.70653876,425,2501,67.2,2026-08-05
4469,603998,方盛制药,9.4,-0.53,0.25,11.67,9.451270958267,0.2100912,69.30541662,1122,1244,75.6,2026-08-05
4470,603999,读者传媒,5.53,-0.54,0.31,83.71,5.582630622797,0.1376872,54.57664632,-125,4866,67.2,2026-08-05
4471,605001,威奥股份,5.43,0.56,0.41,43.69,5.417785294572,0.0289704,59.86907156,-1287,3880,64.0,2026-08-05
4472,605003,众望布艺,20.29,0.64,0.25,40.75,20.102002307246,0.0567128,58.82740408,-1646,4131,60.8,2026-08-05
4473,605005,合兴股份,15.29,1.19,0.16,34.38,15.040853291158,0.1777216,64.8507692,1050,2453,64.4,2026-08-05
4474,605006,山东玻纤,14.31,3.32,3.03,231.92,13.61102093719,0.2007368,70.1687812,383,1039,77.6,2026-08-05
4475,605007,五洲特纸,16.24,0.87,0.28,19.42,15.787940078686,0.1562684,72.99569921,1071,567,72.0,2026-08-05
4476,605008,长鸿高科,11.33,-1.05,0.06,-63.41,11.531938342825,0.1378904,55.72352079,-313,4715,64.4,2026-08-05
4477,605009,豪悦护理,23.98,-0.5,0.08,15.43,24.022860065442,0.1416732,65.91181172,-405,2149,68.4,2026-08-05
4478,605011,杭州热电,17.67,-1.01,0.42,43.62,17.76331427074,0.1727536,60.25353804,-108,3767,78.4,2026-08-05
4479,605016,百龙创园,21.85,0.46,0.21,19.03,21.640573013192,0.1456032,68.24197612,128,1500,73.2,2026-08-05
4480,605018,长华集团,12.65,-0.78,0.5,96.37,12.580187136592,0.1609848,65.28790929,-818,2337,61.6,2026-08-05
4481,605020,永和股份,34.95,1.07,1.02,17.4,34.111652332855,0.351756,75.28506787,70,314,74.0,2026-08-05
4482,605028,世茂能源,26.23,0.19,0.22,349.95,26.133475793375,0.225018,62.18644781,-1449,3222,73.2,2026-08-05
4483,605033,美邦股份,17.94,-1.48,1.11,23.75,18.051376730639,0.1447284,65.5028087,-94,2270,78.4,2026-08-05
4484,605050,福然德,10.67,0.19,0.35,15.19,10.636393011307,0.1828924,66.97967751,851,1822,67.2,2026-08-05
4485,605055,迎丰股份,9.27,2.54,0.32,-55.76,8.951418890206,0.1578696,60.3136962,-941,3750,61.2,2026-08-05
4486,605056,咸亨国际,15.06,-0.46,0.68,59.29,14.923745550597,0.1957208,72.20018109,-437,677,78.8,2026-08-05
4487,605058,澳弘电子,25.87,1.81,0.47,27.93,25.181240007597,0.1059072,65.27033126,141,2343,64.4,2026-08-05
4488,605060,联德股份,40.62,1.1,0.57,39.19,39.521204693093,0.1777032,74.68129288,141,371,64.8,2026-08-05
4489,605066,天正电气,6.67,-0.45,0.22,43.36,6.727189064826,0.2364088,60.77481413,-1897,3620,66.0,2026-08-05
4490,605068,明新旭腾,21.48,-2.14,3.87,-56.5,21.929916241365,0.2118108,63.15375876,-1692,2925,82.8,2026-08-05
4491,605069,正和生态,10.7,0.47,0.85,-43.89,10.632938884493,0.13191,57.15125367,57,4485,74.8,2026-08-05
4492,605077,华康股份,10.91,-0.37,0.43,37.28,10.973051419106,0.1524756,58.52625845,-537,4192,65.6,2026-08-05
4493,605080,浙江自然,20.23,0.2,0.29,9.94,20.120656784464,0.1909184,63.50361663,-1449,2837,64.8,2026-08-05
4494,605086,龙高股份,23.8,-0.5,0.18,56.53,23.688339694657,0.1705276,69.40322352,365,1224,62.8,2026-08-05
4495,605088,冠盛股份,21.45,-0.69,0.47,13.98,21.56546239949,0.201834,66.05471957,-676,2104,68.4,2026-08-05
4496,605089,味知香,21.22,5.15,0.81,32.21,19.984004461397,0.0976256,62.11677681,985,3249,70.8,2026-08-05
4497,605090,九丰能源,33.86,0.89,0.66,13.77,33.284502115563,0.3099248,74.6288799,397,375,84.4,2026-08-05
4498,605098,行动教育,55.88,-5.29,0.86,42.64,58.499209501547,0.1698808,73.0976671,-497,551,70.4,2026-08-05
4499,605099,共创草坪,32.82,-0.67,0.07,16.45,32.846992727518,0.1038516,69.07997361,345,1302,64.4,2026-08-05
4500,605100,华丰股份,30.67,0.56,0.31,142.14,30.365494808028,0.2895448,63.71082004,-1181,2780,74.0,2026-08-05
4501,605108,同庆楼,12.7,0.0,0.28,49.24,12.695485130824,0.0913012,62.42274371,-248,3149,72.0,2026-08-05
4502,605111,新洁能,53.47,2.26,1.45,58.72,51.516540351992,0.3197856,70.31120494,1244,1007,78.4,2026-08-05
4503,605116,奥锐特,19.56,-1.41,0.29,31.07,19.971868702988,0.2044128,65.26084266,-297,2347,67.2,2026-08-05
4504,605117,德业股份,81.77,-2.38,0.34,21.91,82.647822077131,0.290264,78.67308955,47,98,79.2,2026-08-05
4505,605118,力鼎光电,29.27,1.0,0.36,42.72,29.044527309549,0.1906944,71.58074351,544,799,72.0,2026-08-05
4506,605122,四方新材,10.92,0.74,0.29,70.66,10.830793402292,0.0898664,57.31182009,580,4452,64.8,2026-08-05
4507,605123,派克新材,79.2,-4.81,1.94,28.0,82.681685000046,0.27328,72.47175224,95,635,73.2,2026-08-05
4508,605128,上海沿浦,23.29,-1.48,0.58,39.47,23.670252000912,0.3522988,74.49683209,388,394,67.2,2026-08-05
4509,605133,嵘泰股份,26.48,0.53,0.64,42.28,26.142527973104,0.33387,68.40516772,364,1469,68.8,2026-08-05
4510,605136,丽人丽妆,8.24,-0.12,0.72,79.8,8.227339764133,0.1131344,59.11622882,-93,4064,82.0,2026-08-05
4511,605138,盛泰集团,5.63,0.36,0.17,4.73,5.617275970521,0.033346,56.19488711,-118,4631,64.8,2026-08-05
4512,605151,西上海,17.88,0.45,0.38,30.22,17.832658882533,0.0676884,64.22316481,803,2637,62.8,2026-08-05
4513,605155,西大门,14.03,-1.2,1.99,33.32,14.363608258648,0.3078628,73.89269122,613,456,66.0,2026-08-05
4514,605158,华达新材,6.73,-0.15,0.14,-29.82,6.772177923822,0.0899452,53.71866329,21,4960,60.8,2026-08-05
4515,605162,新中港,8.49,-0.93,1.05,77.41,8.57054582526,0.1772908,55.55071736,100,4749,74.0,2026-08-05
4516,605166,聚合顺,8.65,0.7,0.38,19.98,8.534812972889,0.1514648,53.52789084,-22,4979,59.2,2026-08-05
4517,605167,利柏特,15.12,-4.73,1.76,57.54,15.438962555916,0.28499,64.84222141,-1516,2456,84.4,2026-08-05
4518,605168,三人行,40.07,1.78,0.91,192.02,39.010950890105,0.2793888,75.71588551,-161,282,81.2,2026-08-05
4519,605169,洪通燃气,10.05,0.2,0.15,161.98,10.019753004598,0.1135996,61.85897456,-152,3324,65.2,2026-08-05
4520,605177,东亚药业,16.66,0.18,0.26,-13.57,16.689239342664,0.0596588,54.73213631,113,4845,58.4,2026-08-05
4521,605178,时空科技,64.77,0.83,3.45,-236.09,62.500202874049,0.4997688,66.62995458,1145,1942,73.2,2026-08-05
4522,605179,一鸣食品,21.69,-7.07,3.9,137.48,22.701300924511,0.218838,68.97198656,1289,1336,92.4,2026-08-05
4523,605180,华生科技,11.74,0.09,0.26,136.09,11.668239311164,0.0208264,56.88944307,-50,4530,61.6,2026-08-05
4524,605183,确成股份,14.51,-0.62,0.17,19.06,14.560629803922,0.0594736,64.27378741,-128,2624,64.0,2026-08-05
4525,605186,健麾信息,25.55,2.65,0.66,254.53,24.469367676813,0.20475,62.14276153,126,3233,60.4,2026-08-05
4526,605188,国光连锁,12.72,-0.7,0.61,60.79,12.784806623536,0.0835768,62.69034472,-870,3069,84.0,2026-08-05
4527,605189,富春染织,16.31,-2.86,3.52,13.25,16.326371261658,0.2057164,73.89898956,851,455,77.6,2026-08-05
4528,605196,华通线缆,33.19,1.19,1.05,65.69,32.709995302414,0.2712208,64.82602488,-274,2462,78.4,2026-08-05
4529,605198,安德利,62.01,0.98,0.4,71.25,59.682101828444,0.3211716,75.03169869,-26,340,73.6,2026-08-05
4530,605199,ST葫芦娃,5.82,0.52,0.07,-20.1,5.785080572963,0.2178056,49.77893349,-246,5164,71.2,2026-08-05
4531,605208,永茂泰,13.3,1.92,1.01,61.43,12.926433664039,0.2412664,63.88852651,-46,2727,80.0,2026-08-05
4532,605218,伟时电子,13.81,1.84,0.49,-32.74,13.531629726967,0.2137308,62.10806875,-642,3253,65.6,2026-08-05
4533,605222,起帆电缆,19.76,0.0,0.47,21.39,19.620746237487,0.2221816,65.2832355,-1007,2340,66.0,2026-08-05
4534,605228,神通科技,11.05,-0.45,0.48,28.61,11.038563572155,0.1848268,69.41190223,1849,1220,69.2,2026-08-05
4535,605255,天普股份,69.36,0.09,0.24,-976.89,69.083168796155,0.2251244,62.97660642,1680,2986,70.8,2026-08-05
4536,605258,协和电子,26.38,1.58,0.68,113.53,25.675775195655,0.1360084,61.67376948,-404,3370,66.0,2026-08-05
4537,605259,绿田机械,18.12,-0.06,0.08,17.38,18.106247118377,0.0898488,64.09478117,365,2673,62.8,2026-08-05
4538,605266,健之佳,16.33,0.37,0.25,17.55,16.369675177763,0.0962004,62.21908292,-261,3219,67.2,2026-08-05
4539,605268,王力安防,9.19,-0.33,0.08,35.1,9.194617790001,0.106696,60.59145307,454,3672,61.6,2026-08-05
4540,605277,新亚电子,15.42,0.59,0.44,33.7,15.225689744055,0.2296336,71.97047931,-119,713,69.2,2026-08-05
4541,605286,同力天启,23.51,-0.13,0.23,108.57,23.506404906177,0.1266528,60.98286445,-1923,3571,63.2,2026-08-05
4542,605287,德才股份,36.85,-0.14,1.07,38.16,37.172795317235,0.296642,64.26308259,-2144,2629,78.8,2026-08-05
4543,605288,凯迪股份,57.04,-2.65,0.64,-164.23,58.178658393772,0.2666072,63.17424282,396,2918,70.0,2026-08-05
4544,605289,罗曼股份,93.87,2.25,1.04,76.97,90.526177313928,0.3479928,73.85924373,111,462,71.6,2026-08-05
4545,605296,神农集团,29.8,0.07,0.17,-6.05,29.500702702743,0.1910664,65.79911832,1924,2184,67.2,2026-08-05
4546,605298,必得科技,46.76,0.88,0.09,284.24,46.351055637117,0.243896,60.41044232,-217,3724,59.2,2026-08-05
4547,605299,舒华体育,12.39,-0.08,0.68,51.91,12.343126074278,0.0993212,63.04984892,414,2962,72.8,2026-08-05
4548,605300,佳禾食品,9.66,-0.92,0.15,61.57,9.752688986844,0.1111304,57.16156007,-124,4482,66.8,2026-08-05
4549,605303,园林股份,21.2,-0.05,0.52,-73.79,21.244570141497,0.2336736,62.13328584,-840,3239,74.0,2026-08-05
4550,605305,中际联合,40.16,0.9,0.48,16.56,39.768109395914,0.263782,67.11485299,-1475,1777,66.0,2026-08-05
4551,605318,法狮龙,76.74,1.08,0.45,-2452.8,74.36922697149,0.2522732,68.62775196,175,1413,67.6,2026-08-05
4552,605319,无锡振华,24.34,1.0,0.3,21.14,23.883949828406,0.3028956,67.82053426,707,1593,68.4,2026-08-05
4553,605333,沪光股份,16.99,-1.62,0.14,65.13,17.327582616569,0.1283384,62.89135992,-147,3020,70.4,2026-08-05
4554,605336,*ST帅电,10.48,-0.1,0.1,-66.73,10.443491765966,0.1470024,58.36153413,-15,4230,60.4,2026-08-05
4555,605337,李子园,9.45,-0.63,0.41,17.22,9.505131416989,0.111718,59.91740256,-217,3868,81.6,2026-08-05
4556,605338,巴比食品,19.01,-0.31,0.14,24.12,18.995641456443,0.1279092,65.31679926,921,2327,68.0,2026-08-05
4557,605339,南侨食品,13.22,-0.23,0.1,464.37,13.38282183174,0.1365776,55.94996563,-672,4680,74.0,2026-08-05
4558,605358,立昂微,42.68,2.5,2.46,1140.46,40.718324718834,0.3689368,67.10730989,1278,1779,81.2,2026-08-05
4559,605365,立达信,13.67,-0.51,0.14,86.3,13.762191872174,0.109404,59.43153418,-45,3989,63.6,2026-08-05
4560,605366,宏柏新材,7.73,0.39,1.18,-53.29,7.532505999705,0.33193,62.55951442,1527,3108,70.0,2026-08-05
4561,605368,蓝天燃气,6.7,-0.45,0.08,13.95,6.733106548608,0.199522,66.08710769,-28,2095,67.2,2026-08-05
4562,605369,拱东医疗,16.74,-0.53,0.18,28.75,16.602648003681,0.1656364,65.66091967,1723,2227,61.2,2026-08-05
4563,605376,博迁新材,161.05,2.16,3.5,147.05,153.917181808682,0.5226328,79.94657142,91,56,82.4,2026-08-05
4564,605377,华旺科技,9.05,0.0,0.24,19.36,9.09502138683,0.2237572,60.04666627,-1583,3828,64.4,2026-08-05
4565,605378,野马电池,13.95,-0.57,0.16,-124.15,13.980409499202,0.0703396,56.50602969,-15,4589,70.4,2026-08-05
4566,605388,均瑶健康,5.87,-1.68,1.35,101.7,5.924359065047,0.1244812,59.6958553,-761,3918,84.4,2026-08-05
4567,605389,长龄液压,75.33,0.44,0.13,93.58,73.864491470268,0.2523736,67.03189436,196,1802,62.0,2026-08-05
4568,605398,新炬网络,21.37,1.33,0.39,277.37,21.136245952975,0.0778464,61.71973757,-809,3362,70.4,2026-08-05
4569,605399,晨光新材,10.61,1.82,0.42,-42.68,10.401796779486,0.08173,53.60394657,134,4970,69.2,2026-08-05
4570,605488,福莱新材,28.7,2.61,1.63,114.27,27.703012642244,0.2600136,72.57655827,-216,624,79.6,2026-08-05
4571,605499,东鹏饮料,120.51,-1.66,0.62,15.43,122.468994251022,0.3340616,72.93875027,-322,577,86.8,2026-08-05
4572,605500,森林包装,6.75,-0.44,0.16,-237.67,6.776691966449,0.080826,53.95080642,-59,4937,61.2,2026-08-05
4573,605507,国邦医药,15.53,-2.33,0.27,17.8,15.778578382369,0.179124,70.3884958,843,1000,69.6,2026-08-05
4574,605555,德昌股份,12.01,0.08,0.22,114.8,12.004224730368,0.151348,60.95535141,50,3577,63.6,2026-08-05
4575,605566,福莱蒽特,25.51,3.78,1.21,33.95,24.356292370685,0.1975504,63.41387256,-1191,2860,57.6,2026-08-05
4576,605567,春雪食品,8.72,0.0,0.42,50.68,8.756153913067,0.045356,54.58126342,-103,4864,68.0,2026-08-05
4577,605577,龙版传媒,9.6,-0.41,0.28,8.65,9.700764713823,0.0720444,57.87082509,165,4329,70.0,2026-08-05
4578,605580,恒盛能源,18.0,-0.44,0.55,25.92,17.931198200962,0.1565264,67.3329723,-827,1721,64.0,2026-08-05
4579,605588,冠石科技,44.52,1.2,0.57,-37.18,43.369525208491,0.2018188,60.93753753,-1063,3581,71.2,2026-08-05
4580,605589,圣泉集团,39.48,1.46,1.91,47.1,37.75138931828,0.34046,76.78457577,300,211,85.2,2026-08-05
4581,605598,上海港湾,27.67,1.8,0.45,421.15,27.183637940156,0.1058944,59.18686835,-184,4042,69.6,2026-08-05
4582,605599,菜百股份,16.88,4.39,1.34,8.24,16.068012157237,0.1168216,76.21446153,-46,243,73.2,2026-08-05
4583,688001,华兴源创,49.49,2.8,0.59,1998.3,46.922581963206,0.2869488,68.1261213,463,1530,63.2,2026-08-05
4584,688002,睿创微纳,154.51,1.76,0.7,37.96,148.978123858639,0.4067572,83.23492537,11,11,76.8,2026-08-05
4585,688003,天准科技,76.42,0.83,0.68,792.66,74.402197836202,0.3230876,72.18482984,1318,681,69.2,2026-08-05
4586,688004,博汇科技,23.44,1.65,1.74,-59.63,22.991087985978,0.219912,65.8199333,651,2179,64.8,2026-08-05
4587,688005,容百科技,28.21,-2.25,0.66,92.14,28.719574696912,0.3900624,66.46265653,495,1984,80.8,2026-08-05
4588,688006,杭可科技,22.15,-0.98,0.44,26.1,22.08817691729,0.3133704,71.77676121,59,751,65.6,2026-08-05
4589,688007,光峰科技,10.93,0.74,0.25,-33.69,10.775651282121,0.2137964,54.43799704,-845,4879,64.4,2026-08-05
4590,688008,澜起科技,207.58,-2.08,1.39,74.75,210.148721939524,0.5847832,81.10478787,5,28,93.2,2026-08-05
4591,688009,中国通号,4.94,-1.2,0.1,25.08,5.017984455914,0.273434,66.84123337,-323,1867,72.4,2026-08-05
4592,688010,福光股份,26.88,1.43,0.91,-59.74,26.235167734607,0.2385628,60.68024817,537,3639,64.0,2026-08-05
4593,688011,新光光电,74.92,4.62,1.28,-120.98,71.241321063924,0.358628,59.24801025,-315,4033,65.2,2026-08-05
4594,688012,中微公司,367.0,2.51,1.18,94.45,347.903847904671,0.5661044,81.31123765,190,27,93.2,2026-08-05
4595,688013,天臣医疗,24.69,0.0,0.24,51.68,24.823256261087,0.137862,64.00476555,289,2695,62.0,2026-08-05
4596,688015,交控科技,16.03,-0.31,0.22,46.31,16.042181237708,0.1170408,64.99995652,1243,2420,62.4,2026-08-05
4597,688016,心脉医疗,91.99,-1.25,0.33,18.31,93.085011457314,0.3620244,65.9367286,-160,2141,68.4,2026-08-05
4598,688017,绿的谐波,338.01,-0.74,2.05,474.71,336.049722120743,0.525434,71.860241,-351,731,90.8,2026-08-05
4599,688018,乐鑫科技,112.1,1.27,0.98,39.31,108.91567317706,0.3988104,79.86613693,36,59,79.2,2026-08-05
4600,688019,安集科技,242.5,0.58,1.22,66.66,237.887714767842,0.4820244,79.80136827,282,61,82.0,2026-08-05
4601,688020,方邦股份,122.84,3.4,2.03,-146.17,115.106438017139,0.430778,66.13884674,49,2084,67.2,2026-08-05
4602,688021,奥福科技,20.25,1.61,0.73,35.4,19.978410234505,0.0652316,58.00808667,-874,4303,60.8,2026-08-05
4603,688022,ST瀚川,8.03,-0.25,0.23,-261.76,8.044902322248,0.1287236,52.14364019,-65,5081,61.6,2026-08-05
4604,688023,安恒信息,42.0,1.94,1.63,-9.4,41.284805314238,0.3278752,69.4709158,1269,1208,72.4,2026-08-05
4605,688025,杰普特,314.66,1.12,1.17,76.55,300.569336835126,0.4896016,76.81208491,-54,210,71.6,2026-08-05
4606,688026,洁特生物,14.15,2.02,0.39,-117.57,13.810420499403,0.0982148,64.37584681,-376,2593,63.2,2026-08-05
4607,688027,国盾量子,414.88,-1.64,0.69,-561.11,414.837279155839,0.4762256,69.83626726,962,1114,80.8,2026-08-05
4608,688028,沃尔德,82.35,4.24,2.16,109.62,76.249881054082,0.3974412,73.20145633,204,542,69.2,2026-08-05
4609,688029,南微医学,70.63,-1.75,0.32,22.65,72.051320119676,0.231302,69.17569619,-262,1276,67.2,2026-08-05
4610,688030,山石网科,17.94,3.22,1.3,-23.44,17.344986740323,0.2346644,66.478575,1303,1978,68.4,2026-08-05
4611,688031,星环科技-U,116.58,-1.26,2.76,-63.05,111.03600488543,0.4021216,68.72170428,79,1391,69.6,2026-08-05
4612,688032,禾迈股份,78.63,-1.03,0.2,-39.22,79.655248981906,0.234172,59.28526713,632,4022,66.4,2026-08-05
4613,688033,*ST天宜,6.28,-0.95,0.14,-10.36,6.294007870698,0.2942276,52.56857382,17,5059,61.2,2026-08-05
4614,688035,德邦科技,60.7,1.12,0.97,62.72,58.946242577509,0.3504296,72.4376294,1301,642,68.0,2026-08-05
4615,688036,传音控股,57.58,1.2,0.73,23.66,57.383607046131,0.3541356,66.41888495,-367,2001,76.4,2026-08-05
4616,688037,芯源微,300.29,0.44,1.02,4316.79,291.412818260986,0.4051684,70.99413959,145,897,81.2,2026-08-05
4617,688038,中科通达,17.87,2.94,0.67,-224.43,17.371268782696,0.1226064,54.23175048,-1134,4907,63.6,2026-08-05
4618,688039,当虹科技,37.08,1.78,0.84,-67.39,36.331480702709,0.2948508,65.50719565,826,2268,72.8,2026-08-05
4619,688041,海光信息,289.8,0.33,0.18,245.09,288.477781891608,0.543964,78.36911662,-37,114,90.8,2026-08-05
4620,688045,必易微,52.14,1.18,0.59,67.5,50.828754383642,0.1930432,68.8974776,171,1353,60.8,2026-08-05
4621,688046,药康生物,28.27,3.71,0.9,61.54,27.041132511023,0.2658476,78.52497487,-13,106,72.0,2026-08-05
4622,688047,龙芯中科,112.66,0.41,0.42,-99.1,111.562081301276,0.356626,61.84100725,211,3326,80.0,2026-08-05
4623,688048,长光华芯,260.03,0.4,2.51,2558.14,249.925154046768,0.5487668,59.10453715,-2297,4065,83.2,2026-08-05
4624,688049,炬芯科技,42.8,1.11,1.55,38.49,42.340759700327,0.3242012,69.50360097,-848,1201,72.8,2026-08-05
4625,688050,爱博医疗,40.31,-1.78,0.4,21.84,40.992590410457,0.22533,69.41688187,1059,1218,67.2,2026-08-05
4626,688051,佳华科技,24.47,0.04,0.62,-23.31,24.237749730278,0.1469092,61.80156797,874,3340,62.0,2026-08-05
4627,688052,纳芯微,201.69,-0.18,0.4,-230.7,199.291843921636,0.4092128,69.98581562,339,1080,68.8,2026-08-05
4628,688053,ST思科瑞,33.44,0.36,0.1,-240.81,33.353146198997,0.2452444,66.34026981,1272,2024,61.2,2026-08-05
4629,688055,龙腾光电,4.01,-1.96,0.12,-47.95,4.025367072911,0.325126,63.59126474,600,2817,58.8,2026-08-05
4630,688056,莱伯泰科,41.97,-1.87,0.86,107.03,40.652156452939,0.3245688,68.83921214,506,1367,59.6,2026-08-05
4631,688057,金达莱,18.3,2.69,1.07,93.62,17.44533257957,0.2672844,63.05534498,-2110,2960,69.2,2026-08-05
4632,688058,宝兰德,23.09,1.05,0.53,-12.69,23.012276037089,0.1191732,61.40974535,322,3437,66.0,2026-08-05
4633,688059,华锐精密,93.18,5.54,3.53,18.61,82.322397887255,0.4141572,79.0833176,361,86,69.2,2026-08-05
4634,688060,云涌科技,34.34,1.72,0.22,-51.69,34.107427755014,0.0597448,60.45024505,270,3712,62.0,2026-08-05
4635,688061,灿瑞科技,35.89,0.59,0.35,-49.09,35.447303662297,0.226488,62.90979276,1363,3012,61.6,2026-08-05
4636,688062,迈威生物-U,28.27,-0.84,1.24,-13.05,28.196984075805,0.2045176,58.93299007,481,4104,66.4,2026-08-05
4637,688063,派能科技,44.72,-1.69,0.67,123.07,45.458983106731,0.2690888,58.53679138,-1071,4189,70.0,2026-08-05
4638,688065,凯赛生物,44.03,-2.33,0.37,47.91,45.071364778308,0.26053,68.14735187,1097,1525,68.0,2026-08-05
4639,688066,*ST航图,10.9,4.81,1.54,-6.63,10.404209351367,0.3979876,62.56055996,845,3106,70.4,2026-08-05
4640,688067,爱威科技,21.63,0.37,0.46,49.52,21.317086643549,0.1386932,63.3708501,1214,2875,62.4,2026-08-05
4641,688068,热景生物,107.06,2.85,1.38,-36.48,101.957694626106,0.278538,54.7911919,252,4840,69.6,2026-08-05
4642,688069,德林海,37.29,3.76,0.76,-204.73,35.190366535114,0.4414812,69.50372831,1103,1200,58.8,2026-08-05
4643,688070,纵横股份,35.88,4.03,1.44,-43.2,34.529263668677,0.2873936,64.4553263,1746,2564,64.8,2026-08-05
4644,688071,华依科技,37.38,0.03,0.9,586.56,37.591005537698,0.2741028,58.5333071,-231,4191,66.0,2026-08-05
4645,688072,拓荆科技,693.75,2.34,1.05,88.35,647.945116916425,0.614457333333,76.91878968,119,200,83.6,2026-08-05
4646,688073,毕得医药,52.54,2.14,0.77,25.49,51.397684435585,0.2924148,75.06030367,403,337,67.2,2026-08-05
4647,688075,安旭生物,28.23,-0.74,0.07,-86.57,28.2055524924,0.2394064,58.08177743,649,4292,62.4,2026-08-05
4648,688076,ST诺泰,27.66,-0.65,0.1,16.92,27.574970188559,0.4704876,70.00181498,-101,1078,66.0,2026-08-05
4649,688077,大地熊,25.6,3.77,2.12,62.94,24.827854984184,0.2763968,69.31022765,2049,1241,63.2,2026-08-05
4650,688078,龙软科技,22.76,0.13,0.39,-55.75,22.860438458173,0.0678232,51.55115881,-374,5117,64.0,2026-08-05
4651,688079,美迪凯,15.19,1.81,1.07,-37.68,14.606812092461,0.272488,58.29450877,310,4249,62.4,2026-08-05
4652,688080,映翰通,36.47,3.08,0.81,72.27,35.421470301271,0.210008,64.16560017,-848,2652,62.0,2026-08-05
4653,688081,兴图新科,29.96,-0.4,0.78,-254.87,29.907772884222,0.267684,62.93186878,1522,3003,60.8,2026-08-05
4654,688082,盛美上海,278.63,-0.63,0.54,322.34,272.332905978959,0.4272624,75.32987031,-121,305,79.2,2026-08-05
4655,688083,中望软件,52.29,0.87,0.63,-57.9,51.686911924832,0.2400132,66.256366,291,2060,68.4,2026-08-05
4656,688084,晶品特装,44.13,0.48,0.34,-397.58,43.426696660833,0.1978732,61.97951897,-709,3288,61.6,2026-08-05
4657,688085,三友医疗,13.01,-0.76,0.44,169.08,13.202673855418,0.2302516,57.81642782,-163,4341,65.2,2026-08-05
4658,688087,英科再生,40.19,0.2,0.19,38.02,40.061983392671,0.1947292,68.82925147,519,1370,62.8,2026-08-05
4659,688088,虹软科技,35.61,0.2,0.65,66.04,35.789963283783,0.2995852,69.91629814,-782,1095,75.6,2026-08-05
4660,688089,ST嘉必优,7.56,-0.66,0.31,-7.22,7.480737135266,0.262716666667,63.51445294,556,2834,63.2,2026-08-05
4661,688090,瑞松科技,60.38,3.83,2.34,116.4,56.593722088207,0.3933736,69.69232743,382,1148,65.2,2026-08-05
4662,688091,上海谊众,39.07,-0.61,0.35,111.13,39.398651427011,0.3107208,61.39832252,-1661,3443,64.0,2026-08-05
4663,688092,爱科科技,22.17,-0.76,0.19,77.68,22.080842038009,0.1235172,67.70132361,415,1623,62.8,2026-08-05
4664,688093,世华科技,27.01,-0.41,0.14,22.18,27.015473370001,0.3273256,68.29774803,-898,1489,60.4,2026-08-05
4665,688095,福昕软件,71.07,-2.11,4.18,144.08,71.396782269075,0.394304,80.4591625,768,46,76.4,2026-08-05
4666,688096,京源环保,8.58,1.06,0.91,-107.74,8.445072914059,0.2291936,56.72659254,54,4554,59.6,2026-08-05
4667,688097,博众精工,42.98,-0.74,0.31,168.52,42.586211837855,0.23702,69.84593084,680,1111,62.0,2026-08-05
4668,688098,申联生物,8.44,0.84,0.21,-500.57,8.346527768799,0.1489268,57.79826364,-1118,4343,60.8,2026-08-05
4669,688099,晶晨股份,98.22,1.34,1.34,60.01,97.188282593301,0.4200676,69.11167722,-842,1292,77.6,2026-08-05
4670,688100,威胜信息,30.81,-1.06,0.18,25.54,31.193664164331,0.1604788,65.11946976,-1569,2388,66.0,2026-08-05
4671,688101,三达膜,15.48,-0.71,0.27,13.05,15.464697275381,0.2773208,70.75626477,1250,936,65.2,2026-08-05
4672,688102,斯瑞新材,34.38,3.59,1.01,155.85,32.688182368235,0.3778448,73.47042539,-216,505,76.4,2026-08-05
4673,688103,国力电子,71.36,2.12,1.16,252.87,68.0454872087,0.3931184,74.4322303,200,400,67.6,2026-08-05
4674,688105,诺唯赞,20.17,1.97,1.04,623.41,19.47438994463,0.29698,69.68609758,569,1152,66.4,2026-08-05
4675,688106,金宏气体,29.04,2.07,1.77,798.28,28.01559667591,0.3476248,62.68206997,-317,3072,73.2,2026-08-05
4676,688107,安路科技,31.26,0.58,0.62,-76.76,30.852345952302,0.2624292,60.81546808,-544,3610,67.6,2026-08-05
4677,688108,赛诺医疗,17.69,0.74,0.58,75.56,17.444657489314,0.323578,70.40260381,-23,996,64.0,2026-08-05
4678,688109,品茗科技,75.63,2.0,0.37,-107.81,73.490239948376,0.209546,62.84335645,-1376,3026,61.6,2026-08-05
4679,688110,东芯股份,109.83,-0.08,1.57,87.84,107.5758502999,0.4541752,67.84013494,240,1589,78.8,2026-08-05
4680,688111,金山办公,277.0,-0.77,1.0,14.64,279.82342380402,0.55719,85.97565756,40,2,92.0,2026-08-05
4681,688112,鼎阳科技,51.2,1.31,0.45,53.28,49.892270991747,0.2262956,74.30908825,143,413,58.8,2026-08-05
4682,688113,联测科技,35.94,2.31,0.49,20.37,34.953535336135,0.1623292,63.11567973,-554,2939,61.2,2026-08-05
4683,688114,华大智造,51.03,-1.58,0.41,-50.52,51.929003805512,0.3527288,65.14864318,1556,2376,65.6,2026-08-05
4684,688115,思林杰,54.52,0.96,0.56,241.4,53.318481194153,0.314494,71.5789357,-153,800,64.4,2026-08-05
4685,688116,天奈科技,33.83,-1.14,0.49,54.97,34.105081363862,0.2815368,59.49526615,-64,3976,69.6,2026-08-05
4686,688117,圣诺生物,25.38,3.59,1.14,21.07,24.346642051796,0.2646532,73.3787286,788,516,66.0,2026-08-05
4687,688118,普元信息,21.9,1.39,1.29,-17.9,21.594645210461,0.2405744,66.48276453,-296,1977,67.2,2026-08-05
4688,688119,中钢洛耐,4.03,0.75,0.24,397.77,4.007082392388,0.217542,55.62810828,-82,4734,61.6,2026-08-05
4689,688120,华海清科,239.68,-1.37,1.02,120.25,237.486633548473,0.4858116,71.8842904,-395,726,82.4,2026-08-05
4690,688121,*ST卓然,2.71,-1.09,5.17,-3.63,2.737699012659,0.121092688172,52.50025657,-1819,5063,64.4,2026-08-05
4691,688122,西部超导,53.67,-2.01,0.67,198.85,54.146864332474,0.4009436,68.51219634,1642,1434,83.2,2026-08-05
4692,688123,聚辰股份,119.07,-0.78,1.63,153.36,117.487668170764,0.4175052,73.22677992,1699,538,72.4,2026-08-05
4693,688125,安达智能,118.69,3.12,0.8,-78.23,111.153559935599,0.3383724,65.1837573,1709,2367,62.0,2026-08-05
4694,688126,沪硅产业,25.66,0.63,1.39,-43.89,24.872764928107,0.4465372,65.95419414,485,2134,82.8,2026-08-05
4695,688127,蓝特光学,62.85,0.46,0.72,49.23,61.898064025868,0.3547076,76.10615574,478,249,66.4,2026-08-05
4696,688128,中国电研,22.52,-1.23,0.21,17.0,22.696349631086,0.1659712,66.21465098,-293,2070,63.2,2026-08-05
4697,688129,东来技术,20.96,-0.14,0.11,27.62,20.930472078,0.2091864,63.84799409,-225,2745,60.4,2026-08-05
4698,688130,晶华微,20.86,3.27,1.49,-142.94,20.016460033324,0.1695028,60.95176019,-886,3578,64.0,2026-08-05
4699,688131,皓元医药,81.97,1.8,0.66,64.41,81.293643178118,0.3444732,67.40168626,-1540,1700,72.0,2026-08-05
4700,688132,邦彦技术,13.53,1.81,0.37,-11.87,13.33293177174,0.121352,56.23140402,72,4624,62.4,2026-08-05
4701,688133,泰坦科技,23.52,7.45,2.17,-29.85,21.76651615314,0.249174,61.87277411,377,3317,62.8,2026-08-05
4702,688135,利扬芯片,23.67,1.54,2.13,403.5,22.982939011949,0.2613864,62.10209065,-885,3256,70.4,2026-08-05
4703,688136,科兴制药,18.77,0.27,0.51,-52.84,18.739654928203,0.1995004,63.30387955,-85,2893,65.2,2026-08-05
4704,688137,近岸蛋白,39.44,-0.43,0.43,-65.01,39.921347555502,0.294422,57.96131061,-2080,4311,67.2,2026-08-05
4705,688138,清溢光电,31.05,1.57,0.67,43.88,30.360204475629,0.3484536,70.76108317,229,934,68.8,2026-08-05
4706,688139,海尔生物,28.47,-1.08,0.29,28.35,28.804401755553,0.2290656,61.07703354,-1558,3542,66.4,2026-08-05
4707,688141,杰华特,131.0,2.34,1.01,-53.4,124.730498545496,0.4491196,63.92011084,22,2718,72.8,2026-08-05
4708,688143,长盈通,103.88,1.45,4.1,566.97,95.168083518342,0.420839056604,69.64335117,1122,1161,67.6,2026-08-05
4709,688146,中船特气,300.03,4.79,8.41,228.28,275.458004632176,0.564735849057,73.28581171,1513,530,86.0,2026-08-05
4710,688147,微导纳米,96.59,0.11,0.84,533.63,96.193909306391,0.298158,70.43413681,631,992,72.0,2026-08-05
4711,688148,芳源股份,7.11,1.14,1.03,14.76,7.003970221539,0.2203016,65.75749181,1314,2199,62.4,2026-08-05
4712,688150,莱特光电,36.92,0.44,0.85,80.79,36.345697922548,0.3335196,70.88875951,1992,922,65.6,2026-08-05
4713,688151,华强科技,16.11,-0.43,0.32,216.54,16.131379820607,0.2057268,61.65700767,-1614,3375,66.8,2026-08-05
4714,688152,麒麟信安,28.94,1.19,0.59,-85.45,28.635510757297,0.1612344,58.45443828,-910,4209,64.0,2026-08-05
4715,688153,唯捷创芯,26.07,0.08,0.21,-58.26,26.085771948911,0.20083,61.07358063,-856,3544,66.8,2026-08-05
4716,688155,先惠技术,61.1,-0.34,0.45,12.67,60.756150108498,0.318878,70.96228643,483,904,64.0,2026-08-05
4717,688156,路德科技,20.8,3.38,0.8,47.42,20.077258314454,0.1623048,63.05963057,-347,2957,59.2,2026-08-05
4718,688157,松井股份,18.94,1.01,0.36,-129.98,18.748848179981,0.1534008,54.73646477,-1503,4844,62.0,2026-08-05
4719,688158,优刻得-W,35.77,1.19,2.64,1503.19,35.187666539209,0.3387916,58.94909611,-3159,4101,82.8,2026-08-05
4720,688159,有方科技,33.44,0.72,0.93,27.9,33.045546744848,0.1932192,67.51774268,1215,1672,63.2,2026-08-05
4721,688160,步科股份,114.38,-1.62,0.62,195.91,113.794462773455,0.4175876,72.41914761,1283,645,70.4,2026-08-05
4722,688161,威高骨科,21.59,-0.96,0.05,48.81,21.759458887851,0.1894596,64.92065969,868,2436,62.8,2026-08-05
4723,688162,巨一科技,23.0,0.48,0.28,38.0,22.858330306271,0.0832076,64.2929572,105,2616,61.2,2026-08-05
4724,688163,赛伦生物,31.0,1.24,0.42,1478.74,30.196731768461,0.1627852,63.2648764,528,2899,62.0,2026-08-05
4725,688165,埃夫特-U,17.68,1.03,0.54,-235.67,17.482248489376,0.2249536,58.07745371,109,4294,70.0,2026-08-05
4726,688166,博瑞医药,35.29,-1.15,1.67,413.7,35.408955249742,0.34231,69.17553944,846,1277,74.8,2026-08-05
4727,688167,炬光科技,203.68,-2.24,2.14,-501.92,199.146141222611,0.4550216,68.40189726,-541,1471,78.8,2026-08-05
4728,688168,安博通,36.42,2.68,1.33,81.32,34.771702222922,0.2541256,62.56383618,1495,3105,64.4,2026-08-05
4729,688169,石头科技,106.14,-1.93,0.69,21.31,108.107985824222,0.315762,66.56794228,-963,1958,78.4,2026-08-05
4730,688170,德龙激光,52.6,3.99,2.71,-53.24,48.723438024253,0.3292304,68.97630509,2287,1334,66.0,2026-08-05
4731,688171,纬德信息,28.07,1.37,0.47,-5503.0,27.651267328958,0.214942,68.919091,-48,1346,62.4,2026-08-05
4732,688172,燕东微,53.02,0.42,0.34,-73.05,52.52650248993,0.3260916,61.01658166,1177,3556,68.0,2026-08-05
4733,688173,希荻微,13.64,2.02,0.67,-185.34,13.321148291556,0.255634,66.65724008,178,1932,64.0,2026-08-05
4734,688175,高凌信息,18.43,2.96,0.64,196.19,17.869455767578,0.1289108,60.11041153,-1241,3810,62.8,2026-08-05
4735,688176,亚虹医药-U,12.38,-0.16,0.68,-15.76,12.162946254421,0.307136,65.83499334,1972,2175,66.0,2026-08-05
4736,688177,百奥泰,17.68,-1.23,0.19,-12.05,17.939733659149,0.199618,60.31502457,-432,3747,63.6,2026-08-05
4737,688178,万德斯,26.96,0.15,0.36,50.43,26.661157464895,0.2762216,59.67061704,1049,3924,59.6,2026-08-05
4738,688179,阿拉丁,19.25,-0.21,0.88,59.88,19.102328792369,0.296666,71.24374572,-61,861,62.8,2026-08-05
4739,688180,君实生物-U,37.28,-0.85,0.79,-465.31,37.625275728288,0.3354256,68.84949427,-497,1364,76.4,2026-08-05
4740,688181,八亿时空,38.48,1.93,1.5,51.71,37.089214132809,0.3177404,66.88444095,-1061,1851,62.8,2026-08-05
4741,688182,灿勤科技,25.71,2.55,0.51,1574.94,24.7039081837,0.1989192,66.56495257,1321,1961,61.6,2026-08-05
4742,688183,生益电子,108.9,1.27,0.55,51.28,106.02067493241,0.5050576,78.38450597,-66,113,81.6,2026-08-05
4743,688184,ST帕瓦,11.53,1.23,0.28,22.4,11.409128772306,0.2346284,53.47884137,-1051,4982,60.0,2026-08-05
4744,688185,康希诺,51.09,-0.29,0.4,-78.06,51.44982764425,0.3170696,61.11014821,433,3530,69.6,2026-08-05
4745,688186,广大特材,14.8,-0.74,0.4,197.06,14.823003327256,0.2929688,60.61829538,94,3664,65.2,2026-08-05
4746,688187,时代电气,49.48,-1.34,0.21,25.59,49.962742944511,0.3823028,72.57037497,-221,625,74.4,2026-08-05
4747,688188,柏楚电子,107.47,-0.12,0.12,34.43,107.049394698951,0.2934912,75.50044685,-91,291,70.0,2026-08-05
4748,688189,ST南新,6.49,0.46,0.55,-33.42,6.461609711124,0.293530980392,49.66602371,-46,5168,60.8,2026-08-05
4749,688190,云路股份,73.52,0.71,0.29,35.62,72.863374643035,0.2924188,69.11282514,-130,1291,62.8,2026-08-05
4750,688191,智洋创新,20.78,3.59,1.06,-152.43,19.460276845331,0.291656,66.41967256,1624,2000,61.6,2026-08-05
4751,688192,迪哲医药-U,52.76,-0.51,0.77,-64.21,52.366400907668,0.383844,64.88163106,297,2447,69.6,2026-08-05
4752,688193,仁度生物,48.73,-0.14,0.24,97.72,48.80463623566,0.2018424,54.10836041,-1282,4921,62.0,2026-08-05
4753,688195,腾景科技,124.14,-0.69,1.19,389.37,120.320396427549,0.3533476,66.36936029,-1307,2015,70.8,2026-08-05
4754,688196,卓越新能,34.69,1.73,0.44,36.61,34.202268205505,0.1520404,58.38559754,-540,4223,63.2,2026-08-05
4755,688197,首药控股-U,33.06,-0.06,0.9,-81.45,32.768280451815,0.1542492,59.66564971,-567,3927,64.4,2026-08-05
4756,688198,佰仁医疗,80.17,-0.56,0.1,66.73,81.15978682513,0.3377668,61.87970512,-438,3314,62.0,2026-08-05
4757,688199,久日新材,22.58,1.67,0.9,89.36,21.992804046572,0.2612272,67.5615694,1943,1660,63.2,2026-08-05
4758,688200,华峰测控,382.88,1.99,1.06,203.97,368.937972902371,0.4299908,74.92977166,-201,349,78.0,2026-08-05
4759,688201,ST信安,7.29,1.53,0.36,-40.3,7.160550954599,0.2452824,60.03728183,-26,3832,60.8,2026-08-05
4760,688202,美迪西,82.29,3.95,2.12,177.0,78.911230819735,0.3073704,66.72339603,-694,1907,78.8,2026-08-05
4761,688203,海正生材,10.13,1.0,0.32,490.75,9.990571376037,0.1191024,62.08855455,-868,3259,61.2,2026-08-05
4762,688205,德科立,130.08,1.16,1.95,263.68,124.896961635416,0.3410404,61.11116391,-1518,3527,68.4,2026-08-05
4763,688206,概伦电子,34.0,-0.58,0.55,-301.91,33.948924119396,0.3097308,69.06015178,121,1306,75.2,2026-08-05
4764,688207,格灵深瞳,19.97,5.38,2.42,-31.75,18.848488328915,0.3158236,65.64175331,-795,2237,70.0,2026-08-05
4765,688208,道通科技,28.95,-0.45,0.53,24.92,29.11645521572,0.3776728,67.26780315,-347,1737,72.8,2026-08-05
4766,688209,英集芯,22.02,1.47,0.71,52.91,21.618398728305,0.303796,67.00586019,-888,1815,64.8,2026-08-05
4767,688210,统联精密,27.64,2.37,0.75,-56.44,26.855748117799,0.1892348,61.65718576,-488,3374,61.6,2026-08-05
4768,688211,中科微至,29.92,0.34,0.15,331.94,29.813923136793,0.1740596,57.06234488,16,4500,60.8,2026-08-05
4769,688212,澳华内镜,26.9,0.19,0.29,-37.07,27.096997192306,0.213092,56.00409924,-233,4672,62.8,2026-08-05
4770,688213,思特威-W,90.52,0.02,0.81,38.46,90.288595199718,0.3739708,69.3962546,-727,1226,69.6,2026-08-05
4771,688215,瑞晟智能,39.17,2.7,0.91,99.43,36.844620387116,0.2330564,69.3094322,-178,1242,61.2,2026-08-05
4772,688216,气派科技,29.59,2.74,1.53,-227.22,28.292717374833,0.2731912,65.07554945,356,2401,64.0,2026-08-05
4773,688217,睿昂基因,22.37,-0.45,0.61,-62.69,22.264030274582,0.1510896,53.07604142,-360,5019,62.8,2026-08-05
4774,688218,江苏北人,38.34,1.72,1.22,294.16,36.861213420504,0.3102768,61.48569737,1180,3414,63.2,2026-08-05
4775,688219,会通股份,10.71,-0.28,0.16,26.71,10.76012349525,0.2311988,63.03651101,-166,2971,62.0,2026-08-05
4776,688220,翱捷科技-U,100.88,4.16,0.88,-376.52,96.393375118786,0.3479496,67.9672367,645,1564,69.6,2026-08-05
4777,688221,前沿生物-U,18.9,0.48,0.95,7.78,18.634122334416,0.2458204,62.12492631,-983,3244,66.0,2026-08-05
4778,688222,成都先导,31.4,1.78,1.12,75.79,30.496986433582,0.3401804,72.37818959,-561,650,78.4,2026-08-05
4779,688223,晶科能源,4.46,-2.41,0.31,-8.48,4.532286841342,0.3419588,57.57382812,-1319,4397,74.4,2026-08-05
4780,688225,亚信安全,14.5,10.86,3.03,-7.79,13.068375028525,0.1818216,62.11712711,64,3248,66.4,2026-08-05
4781,688226,威腾电气,29.7,1.12,0.67,208.8,29.104157617483,0.2503548,65.76084133,377,2194,60.8,2026-08-05
4782,688227,品高股份,81.5,2.52,1.16,-150.3,77.905560544262,0.4138988,64.52321926,-453,2543,65.2,2026-08-05
4783,688228,开普云,75.16,1.42,1.37,-150.56,73.673389097489,0.2871928,66.30090332,-542,2042,69.2,2026-08-05
4784,688229,博睿数据,71.91,1.32,0.75,-68.58,71.282395121108,0.3047208,64.58716563,-377,2529,61.6,2026-08-05
4785,688230,芯导科技,53.02,-0.53,0.25,52.03,52.688757760575,0.2052024,65.65356946,-865,2230,64.4,2026-08-05
4786,688231,隆达股份,28.28,1.25,0.41,47.49,27.841005618941,0.1932696,65.59501525,-165,2250,62.8,2026-08-05
4787,688232,新点软件,19.63,-0.25,0.39,-65.75,19.914317319851,0.1261284,61.20904979,-975,3496,65.2,2026-08-05
4788,688233,神工股份,109.91,4.43,3.02,184.34,99.591524784228,0.36168,73.54782301,553,493,72.0,2026-08-05
4789,688234,天岳先进,94.89,1.46,0.99,-189.99,90.858502192797,0.322822,65.39506954,596,2306,74.8,2026-08-05
4790,688235,百济神州,269.34,-4.01,4.84,63.51,270.965610253954,0.4376128,82.79053233,327,14,85.2,2026-08-05
4791,688236,春立医疗,14.65,-0.54,0.12,22.76,14.749781457483,0.103112,61.5123392,-924,3407,62.8,2026-08-05
4792,688237,超卓航科,60.5,5.88,1.81,367.44,55.794766881732,0.385119090909,66.31350236,2249,2036,63.6,2026-08-05
4793,688238,和元生物,6.07,0.5,0.66,-18.55,6.031315355912,0.2190052,59.87013401,64,3879,68.0,2026-08-05
4794,688239,航宇科技,45.31,1.55,0.58,38.35,44.320461876602,0.2797088,71.38282675,154,833,67.6,2026-08-05
4795,688244,永信至诚,16.09,2.81,0.76,-25.87,15.73866402654,0.1490484,56.76527191,-778,4547,64.4,2026-08-05
4796,688246,嘉和美康,19.65,0.98,0.68,-47.21,19.519070427159,0.2396376,60.08072103,189,3816,63.6,2026-08-05
4797,688247,宣泰医药,8.47,-0.47,0.25,57.96,8.50165239631,0.1810468,61.6582647,-2183,3373,63.6,2026-08-05
4798,688248,南网科技,49.27,1.05,0.34,141.04,48.065178479653,0.4017908,75.63126267,-104,285,73.2,2026-08-05
4799,688249,晶合集成,39.55,0.89,0.27,434.03,38.722666500899,0.3769516,66.29928923,922,2043,76.4,2026-08-05
4800,688251,井松智能,21.47,1.23,0.4,-30.92,21.532885796783,0.1857652,61.73527733,-1237,3355,60.8,2026-08-05
4801,688252,天德钰,18.91,5.47,1.45,28.02,17.886660615281,0.2358308,72.45771123,19,639,62.8,2026-08-05
4802,688253,英诺特,63.9,5.86,0.69,53.86,59.639517094494,0.3367272,64.09851517,1045,2672,59.6,2026-08-05
4803,688255,凯尔达,25.92,1.21,1.19,64.55,25.577402171274,0.1975952,62.22190965,-1471,3218,68.0,2026-08-05
4804,688256,寒武纪,1147.2,0.91,0.64,177.84,1129.9365275817,0.9845228,82.43831802,-2,16,92.8,2026-08-05
4805,688257,新锐股份,59.0,4.48,2.4,16.78,54.50403912115,0.3946504,77.15964736,192,183,66.0,2026-08-05
4806,688258,卓易信息,115.8,0.69,1.68,58.97,111.499066889823,0.4249876,72.01205925,-290,704,71.6,2026-08-05
4807,688259,创耀科技,30.42,1.0,0.36,81.79,30.141726844154,0.2562628,59.57921232,-1163,3954,63.2,2026-08-05
4808,688260,昀冢科技,108.06,1.34,3.38,-61.28,106.05978721943,0.498754339623,64.9411617,489,2429,78.0,2026-08-05
4809,688261,东微半导,72.29,1.85,1.7,398.8,70.914511380602,0.3982628,67.85512497,517,1583,74.0,2026-08-05
4810,688262,国芯科技,27.04,0.56,1.21,-46.67,26.520340062021,0.3317208,62.62735537,343,3088,75.2,2026-08-05
4811,688265,南模生物,36.11,0.45,0.32,1029.52,36.110650454006,0.2110116,65.00042766,-764,2418,64.4,2026-08-05
4812,688266,泽璟制药-U,109.81,-0.49,0.9,22.71,108.48539618995,0.2713956,75.09134034,239,330,70.4,2026-08-05
4813,688267,中触媒,19.21,-0.88,0.14,34.64,19.226295132177,0.2915444,71.99912613,7,709,60.4,2026-08-05
4814,688268,华特气体,143.3,3.09,2.54,135.03,135.845088520108,0.3694568,67.93637378,1902,1570,77.6,2026-08-05
4815,688269,凯立新材,31.91,2.74,0.81,21.57,30.908851429939,0.2098452,69.68678522,340,1151,62.0,2026-08-05
4816,688270,ST臻镭,66.25,0.91,0.94,125.33,65.792798162235,0.4605224,71.46224941,161,818,69.2,2026-08-05
4817,688271,联影医疗,111.6,-1.18,0.17,57.65,113.29427128907,0.323484,71.55159359,-293,808,79.6,2026-08-05
4818,688272,富吉瑞,29.17,4.36,0.96,-41.22,28.101098235722,0.1227212,57.8557045,-1296,4333,59.6,2026-08-05
4819,688273,麦澜德,31.18,0.52,0.31,34.0,30.930317423112,0.1629964,62.22810919,-306,3214,62.4,2026-08-05
4820,688275,万润新能,80.56,0.57,0.94,6.33,78.889096729751,0.2966008,67.24576144,2093,1742,65.2,2026-08-05
4821,688276,百克生物,14.95,-0.73,0.1,-445.01,15.088723881837,0.1522828,54.26746277,-87,4901,64.0,2026-08-05
4822,688277,天智航-U,17.56,-1.57,0.51,-44.08,17.496436407475,0.290833666667,59.58300348,311,3951,69.6,2026-08-05
4823,688278,特宝生物,56.07,-2.66,0.3,34.78,57.274968483783,0.2549812,75.03790004,415,338,67.2,2026-08-05
4824,688279,峰岹科技,167.25,0.54,0.48,54.53,162.741421108669,0.3025728,73.52713981,630,497,62.8,2026-08-05
4825,688280,精进电动-W,5.93,0.0,1.95,-9.57,5.932817428945,0.2377744,62.6337056,-612,3086,69.6,2026-08-05
4826,688281,华秦科技,48.56,0.39,0.17,58.59,48.657194122794,0.298816,67.15803319,-235,1766,63.2,2026-08-05
4827,688282,理工导航,54.76,1.78,0.25,-87.62,53.985234258451,0.254552,63.69558057,-1296,2784,60.0,2026-08-05
4828,688283,坤恒顺维,27.89,1.68,0.25,193.04,27.281065103634,0.1719376,64.65970961,-718,2513,60.0,2026-08-05
4829,688285,高铁电气,7.32,0.14,0.14,56.11,7.313080635224,0.0866652,59.36308201,-1237,4007,60.8,2026-08-05
4830,688286,敏芯股份,43.48,1.05,1.42,-82.16,42.50161187791,0.321534,71.39483376,423,828,65.6,2026-08-05
4831,688288,鸿泉技术,18.42,0.71,0.82,-59.93,18.324570030989,0.0884028,66.80036554,1232,1879,62.0,2026-08-05
4832,688289,圣湘生物,15.16,-1.37,0.32,44.15,15.400361175719,0.2143276,56.99541892,-108,4513,66.4,2026-08-05
4833,688290,景业智能,66.31,8.0,0.95,-218.68,60.882371006199,0.3160724,62.38860375,84,3162,63.2,2026-08-05
4834,688291,金橙子,41.6,0.53,0.54,20.15,40.827711259232,0.269524,73.38520907,48,515,62.4,2026-08-05
4835,688292,浩瀚深度,18.22,3.0,1.15,-25.85,17.798036032516,0.2081484,60.69763605,-139,3633,62.8,2026-08-05
4836,688293,奥浦迈,55.34,1.36,1.11,50.15,55.155467538034,0.2164108,68.96759839,-836,1337,69.2,2026-08-05
4837,688295,中复神鹰,44.33,6.08,0.73,327.51,41.547411866096,0.3341532,68.71091266,704,1394,70.8,2026-08-05
4838,688296,和达科技,16.47,2.23,0.87,-34.89,15.938517886561,0.2379512,65.78523383,1051,2190,64.8,2026-08-05
4839,688297,中无人机,41.65,1.02,0.63,416.76,41.363475367443,0.31015,60.5399022,-1144,3682,73.6,2026-08-05
4840,688298,东方生物,18.96,-0.32,0.14,-10.18,19.029084985604,0.089446,53.87753202,-27,4948,65.6,2026-08-05
4841,688299,长阳科技,12.88,0.08,0.39,83.04,12.864362510322,0.2220256,58.93928851,58,4103,66.0,2026-08-05
4842,688300,联瑞新材,131.28,4.98,2.3,110.63,120.326689610318,0.396006,77.01125233,212,193,73.6,2026-08-05
4843,688301,奕瑞科技,91.43,1.5,0.75,40.08,88.962183866306,0.3159452,73.76655054,168,473,62.8,2026-08-05
4844,688302,海创药业-U,34.67,1.23,0.53,-28.72,33.920068575792,0.1801684,65.33410572,1410,2322,63.2,2026-08-05
4845,688303,大全能源,18.87,-1.41,0.18,-12.56,19.139288133049,0.259014,56.87502914,-214,4534,71.6,2026-08-05
4846,688305,科德数控,56.41,0.05,0.54,82.91,56.571736569204,0.2842992,63.12517686,-87,2938,69.2,2026-08-05
4847,688306,均普智能,9.43,0.21,0.3,-84.4,9.46986928549,0.1623432,58.51483405,-321,4200,66.0,2026-08-05
4848,688307,中润光学,44.36,1.51,1.04,92.51,42.511635064065,0.2854964,72.20843228,189,676,62.8,2026-08-05
4849,688308,欧科亿,97.73,2.55,3.1,19.03,91.894522214747,0.3987932,76.31045375,143,236,72.0,2026-08-05
4850,688309,恒誉环保,67.89,2.2,0.87,31.7,67.123021901542,0.3431948,63.63254807,-1031,2806,62.8,2026-08-05
4851,688310,迈得医疗,14.11,2.47,0.42,-30.45,13.818996783947,0.280908,59.22460412,-412,4037,59.2,2026-08-05
4852,688311,盟升电子,23.75,0.85,0.8,-68.04,23.671897933495,0.2191836,58.30313323,-446,4245,64.8,2026-08-05
4853,688312,燕麦科技,46.89,1.12,1.03,696.63,45.359257778515,0.2602252,70.80758069,417,928,63.6,2026-08-05
4854,688313,仕佳光子,115.01,0.35,1.9,82.57,112.272759110534,0.432376,75.09125736,-303,331,86.8,2026-08-05
4855,688314,康拓医疗,33.88,1.01,0.37,52.54,33.044435455644,0.2281508,62.74018287,-1494,3061,63.6,2026-08-05
4856,688315,诺禾致源,13.42,0.52,0.17,47.41,13.428545400247,0.2819564,66.02520011,513,2116,62.8,2026-08-05
4857,688316,青云科技-U,56.05,-1.99,5.71,-48.92,55.618220989431,0.352022,66.6775623,-700,1920,78.4,2026-08-05
4858,688317,之江生物,16.71,0.0,0.14,-31.09,16.631601004355,0.2408224,53.74935568,-1117,4957,63.6,2026-08-05
4859,688318,财富趋势,83.25,2.2,1.04,216.07,80.82916865649,0.4492196,74.93491735,933,348,71.2,2026-08-05
4860,688319,欧林生物,25.25,3.06,0.62,94.12,24.275553384115,0.258658,59.8587171,-503,3886,63.2,2026-08-05
4861,688320,禾川科技,31.63,1.64,0.74,-212.12,30.989346083322,0.2774344,64.82821366,806,2460,66.4,2026-08-05
4862,688321,微芯生物,27.4,0.18,0.79,107.32,27.364676569167,0.324732,67.84828111,-703,1584,70.8,2026-08-05
4863,688322,奥比中光-W,109.33,0.28,1.39,364.03,108.291382520303,0.4252948,70.95643772,-800,905,84.0,2026-08-05
4864,688323,瑞华泰,26.5,1.42,2.36,-58.66,25.512843284087,0.3220168,60.1934748,-993,3785,64.4,2026-08-05
4865,688325,赛微微电,108.2,1.27,0.2,208.66,106.024201341985,0.3934128,67.64633577,1803,1644,62.0,2026-08-05
4866,688326,经纬恒润-W,70.9,-0.7,0.71,-11.98,71.959925024655,0.3259448,69.51971443,767,1192,64.8,2026-08-05
4867,688327,云从科技-UW,11.47,-0.17,0.85,-229.11,11.531005293456,0.2474036,56.61119474,-2267,4569,76.0,2026-08-05
4868,688328,深科达,72.98,3.55,3.31,63.67,70.021658103479,0.3371468,66.86878026,833,1858,72.8,2026-08-05
4869,688329,艾隆科技,19.4,3.08,0.71,-16.2,18.806245110451,0.0994396,55.84863742,-719,4694,61.6,2026-08-05
4870,688330,宏力达,33.55,-1.06,0.17,82.76,33.778982777269,0.2424568,60.67275153,-572,3642,61.6,2026-08-05
4871,688331,荣昌生物,121.32,2.99,2.36,52.2,116.234863260274,0.38288,77.96343341,183,134,75.2,2026-08-05
4872,688332,中科蓝讯,87.2,1.99,0.91,-662.96,84.005868893299,0.3930452,74.20431661,46,424,70.4,2026-08-05
4873,688333,铂力特,98.4,2.29,1.36,402.27,93.27052286655,0.46904,76.43388905,-55,230,76.8,2026-08-05
4874,688334,西高院,18.43,-0.43,0.1,21.97,18.508239678011,0.1575736,63.30637088,-139,2892,62.0,2026-08-05
4875,688335,复洁科技,20.01,1.01,0.35,-47.58,19.849546874384,0.1669868,51.6674121,-420,5109,58.8,2026-08-05
4876,688336,三生国健,42.88,-0.16,0.44,53.94,42.384253854177,0.3144936,77.87458593,72,142,66.8,2026-08-05
4877,688337,普源精电,44.09,2.51,0.61,104.12,42.513376377828,0.2375036,73.29299375,239,528,63.6,2026-08-05
4878,688338,赛科希德,26.79,-0.04,0.2,36.8,26.882421846383,0.1420644,61.88953389,-1145,3311,62.4,2026-08-05
4879,688339,亿华通-U,17.72,0.11,0.3,-20.88,17.668934921143,0.1430212,51.77532897,-19,5105,66.0,2026-08-05
4880,688343,云天励飞-U,60.36,0.18,0.84,-40.49,59.638371769608,0.3242084,67.37468817,963,1706,72.0,2026-08-05
4881,688345,博力威,55.0,4.19,0.77,50.1,51.620801989751,0.2361236,65.17348192,407,2368,60.4,2026-08-05
4882,688347,华虹宏力,253.0,0.2,1.9,787.54,251.152750659764,0.554326,70.64972932,842,955,85.6,2026-08-05
4883,688348,昱能科技,32.39,-0.64,0.23,-20.53,32.604204519394,0.150996,54.38445509,-19,4883,63.2,2026-08-05
4884,688349,三一重能,15.01,-0.99,0.18,33.33,15.172527486622,0.213302,68.27134389,-258,1496,66.0,2026-08-05
4885,688350,富淼科技,29.86,1.05,0.41,56.07,29.280283967682,0.2679752,63.56440477,-1023,2823,62.0,2026-08-05
4886,688351,微电生理,20.17,-0.88,0.21,81.59,20.369027961408,0.2100992,63.32530929,356,2889,62.0,2026-08-05
4887,688352,颀中科技,15.96,4.45,2.95,-16.19,15.176787859439,0.3094996,70.92589181,-390,917,67.6,2026-08-05
4888,688353,华盛锂电,96.3,1.05,1.3,39.58,93.181177792038,0.436568,65.29912645,1157,2332,72.4,2026-08-05
4889,688355,明志科技,17.37,0.64,0.26,167.52,17.190529210763,0.1060984,57.80838754,7,4342,59.2,2026-08-05
4890,688356,键凯科技,68.19,0.04,0.43,46.13,68.326981125203,0.1945936,64.67096886,149,2511,63.6,2026-08-05
4891,688357,建龙微纳,27.35,0.0,0.12,41.62,27.267743734199,0.17501,64.21670395,726,2639,62.8,2026-08-05
4892,688358,祥生医疗,29.02,0.83,0.33,17.67,29.04677070292,0.1887308,65.58145889,-861,2253,63.2,2026-08-05
4893,688359,三孚新科,96.01,2.65,1.83,429.59,90.957423956531,0.4211496,64.49061183,1402,2556,62.4,2026-08-05
4894,688360,德马科技,15.7,0.77,0.56,27.94,15.520654398285,0.2026788,66.02448396,278,2117,60.0,2026-08-05
4895,688361,中科飞测,340.43,-0.34,1.03,-440.87,333.840413678206,0.4981752,69.61314064,1410,1168,78.8,2026-08-05
4896,688362,甬矽电子,65.9,8.44,4.04,280.63,59.007259614615,0.4546984,67.09212501,1740,1783,78.8,2026-08-05
4897,688363,华熙生物,38.42,-1.69,0.31,71.56,38.796879875202,0.2957036,68.43527477,-259,1459,81.6,2026-08-05
4898,688365,光云科技,16.6,3.69,2.31,293.8,16.038652967521,0.2126292,60.30000835,-2426,3754,70.0,2026-08-05
4899,688366,昊海生科,31.28,-1.36,0.11,24.33,31.575879889346,0.1874348,59.05163094,-1117,4081,66.8,2026-08-05
4900,688367,工大高科,30.63,1.59,0.35,2216.8,29.822771758313,0.2761784,63.34298701,-186,2885,60.4,2026-08-05
4901,688368,晶丰明源,115.91,1.83,0.85,160.66,112.220624988048,0.2708568,69.37266854,1707,1231,68.8,2026-08-05
4902,688369,致远互联,24.63,3.75,7.25,-10.92,23.117891982347,0.3111824,72.89624095,823,584,69.6,2026-08-05
4903,688370,丛麟科技,21.89,-0.32,0.06,69.82,22.037217871294,0.1521076,58.7236276,-663,4151,62.0,2026-08-05
4904,688371,菲沃泰,26.59,2.43,1.0,-105.14,25.057718907992,0.3465228,64.11199174,1698,2668,64.4,2026-08-05
4905,688372,伟测科技,122.47,1.48,1.58,73.02,118.511120370927,0.39435,72.30266982,1543,659,71.2,2026-08-05
4906,688373,盟科药业-U,4.79,-0.21,0.56,-36.63,4.823991260981,0.187586,56.59993999,-1299,4574,64.0,2026-08-05
4907,688375,国博电子,78.74,-0.68,0.25,13701.36,79.257441294061,0.3142468,70.24202614,-89,1023,70.4,2026-08-05
4908,688376,美埃科技,68.07,1.75,0.57,72.63,65.27163519356,0.1901932,64.27515939,759,2621,62.8,2026-08-05
4909,688377,迪威尔,21.0,2.24,0.28,71.53,20.462378964948,0.2238296,63.46785079,-1576,2850,61.2,2026-08-05
4910,688378,奥来德,40.35,3.51,1.08,32.93,38.489006846675,0.367198,74.39932106,45,404,62.4,2026-08-05
4911,688379,华光新材,49.25,2.41,0.9,31.56,47.385184229278,0.2192328,73.20553106,1137,540,62.4,2026-08-05
4912,688380,中微半导,39.02,0.46,1.12,76.21,38.450147104869,0.3192096,73.75950639,247,474,72.4,2026-08-05
4913,688381,帝奥微,30.45,2.28,0.92,-76.43,29.159078687516,0.3637268,62.35927933,616,3170,65.6,2026-08-05
4914,688382,益方生物-U,18.99,-1.15,1.15,-62.02,19.043735397401,0.1947444,55.28552974,261,4784,65.6,2026-08-05
4915,688383,新益昌,105.13,1.22,0.76,125.23,102.588375022833,0.3491716,65.33165831,1671,2323,64.4,2026-08-05
4916,688385,复旦微电,52.99,0.0,0.73,73.58,52.718907015266,0.3430904,66.77136668,-1014,1887,82.8,2026-08-05
4917,688386,泛亚微透,53.78,0.9,0.59,73.75,52.736441490891,0.3276456,71.28871265,1055,851,61.2,2026-08-05
4918,688387,信科移动-U,14.18,3.88,1.19,-94.57,13.569774681221,0.3706428,66.0518042,8,2105,71.6,2026-08-05
4919,688388,嘉元科技,26.27,0.08,1.47,35.96,25.8427391397,0.3225816,72.64807333,288,608,74.0,2026-08-05
4920,688389,普门科技,10.9,-0.64,0.1,35.94,10.901697632963,0.2158152,65.89886582,686,2154,63.2,2026-08-05
4921,688390,固德威,65.93,-1.24,0.79,39.49,66.19993348007,0.2859776,69.51331214,75,1195,71.2,2026-08-05
4922,688391,钜泉科技,25.61,0.63,0.32,189.76,25.393305007365,0.2527904,62.56467601,-441,3104,62.0,2026-08-05
4923,688392,骄成超声,137.04,1.93,1.26,78.82,132.394698672318,0.3683112,71.57782706,1907,801,64.4,2026-08-05
4924,688393,安必平,18.9,0.48,0.48,-240.98,18.945164318344,0.0831332,54.06935527,-584,4927,63.6,2026-08-05
4925,688395,正弦电气,21.75,-0.32,0.42,39.28,21.7857924073,0.129804,67.67337411,-533,1633,60.8,2026-08-05
4926,688396,华润微,58.21,0.1,0.49,58.57,56.860327483356,0.4452364,72.17673456,98,683,79.2,2026-08-05
4927,688398,赛特新材,20.78,0.63,0.07,2287.59,20.610033985897,0.2412536,60.68206733,648,3638,61.2,2026-08-05
4928,688399,硕世生物,27.56,0.22,0.37,40.49,27.21734854079,0.1949832,53.24330816,40,5003,66.8,2026-08-05
4929,688400,凌云光,47.04,0.43,0.84,28.01,46.061846670551,0.3925896,75.09008748,-86,332,74.4,2026-08-05
4930,688401,路维光电,68.16,0.41,0.75,51.3,67.291974582553,0.4245068,75.2703452,70,316,70.8,2026-08-05
4931,688403,汇成股份,23.74,9.4,3.5,-460.14,21.347512778075,0.4097428,67.25731347,1120,1739,70.8,2026-08-05
4932,688408,中信博,27.24,-1.13,0.45,-30.77,27.497798278726,0.2903692,61.22570492,1107,3492,63.6,2026-08-05
4933,688409,富创精密,179.89,3.6,1.48,237.66,167.125243689692,0.4041944,70.64200775,500,956,76.8,2026-08-05
4934,688410,山外山,11.15,-0.45,0.43,22.89,11.196030138066,0.1725792,65.41260296,-641,2298,64.0,2026-08-05
4935,688411,海博思创,212.34,0.02,0.53,47.56,212.978897540638,0.3912428,68.9658263,-1218,1338,68.4,2026-08-05
4936,688416,恒烁股份,70.67,1.25,2.46,39.19,68.149066127258,0.3177808,68.90602583,471,1350,68.4,2026-08-05
4937,688418,震有科技,37.3,2.25,0.83,-39.99,36.069791210576,0.355252,57.66598635,-1257,4365,67.2,2026-08-05
4938,688419,耐科装备,41.31,1.95,1.37,82.61,39.140289812397,0.2512988,68.46851211,243,1445,62.0,2026-08-05
4939,688420,美腾科技,21.57,0.37,0.11,123.21,21.553099396335,0.0718276,56.26522802,-1545,4620,61.6,2026-08-05
4940,688425,铁建重工,4.26,-0.93,0.09,22.87,4.297043561464,0.3696224,69.13179406,-119,1289,68.4,2026-08-05
4941,688426,康为世纪,18.27,1.05,0.31,-33.47,17.989258425475,0.1154608,59.58209408,-674,3953,61.2,2026-08-05
4942,688428,诺诚健华,27.15,1.19,1.3,113.48,26.727895997465,0.2745644,75.61575115,-30,286,66.4,2026-08-05
4943,688429,时创能源,10.19,-0.1,0.13,-9.59,10.11788161456,0.1161584,56.21206389,-207,4627,60.8,2026-08-05
4944,688432,有研硅,36.18,9.74,3.68,225.37,31.482390312695,0.3957396,66.73617669,882,1901,77.2,2026-08-05
4945,688433,华曙高科,84.84,6.99,0.69,-2419.18,77.74232466266,0.3581128,68.78771728,1599,1377,65.2,2026-08-05
4946,688435,英方软件,32.02,1.2,1.23,-55.84,31.798375940235,0.2023792,57.9450035,-2415,4315,64.8,2026-08-05
4947,688439,振华风光,40.15,-0.86,0.25,-149.49,40.375784649856,0.2463788,65.74445988,1088,2204,64.0,2026-08-05
4948,688443,智翔金泰-U,22.97,-1.92,1.13,-14.09,23.586153774224,0.1522124,55.68112705,-298,4726,62.8,2026-08-05
4949,688448,磁谷科技,50.71,2.88,0.42,-256.28,49.303282491324,0.3138692,59.94609368,-116,3860,60.8,2026-08-05
4950,688449,联芸科技,56.57,-1.5,1.19,734.24,55.754679996844,0.344658,74.58701938,230,382,66.0,2026-08-05
4951,688450,光格科技,32.47,2.36,1.3,-118.49,31.304853475909,0.1617924,62.7142495,-402,3067,62.0,2026-08-05
4952,688455,科捷智能,14.72,0.82,0.26,-14.09,14.574805748893,0.0813216,61.77546757,114,3345,60.0,2026-08-05
4953,688456,有研粉材,82.67,5.26,5.0,70.73,76.648401987847,0.358862,77.50504657,1608,163,67.6,2026-08-05
4954,688458,美芯晟,32.98,1.04,0.6,-170.51,32.439863331172,0.2795936,63.9506224,1350,2710,62.8,2026-08-05
4955,688459,哈铁科技,8.15,0.0,0.03,-56.85,8.161983065957,0.1527796,59.95872085,-120,3857,61.2,2026-08-05
4956,688466,金科环境,13.35,0.45,0.53,175.6,13.42506710348,0.0237832,56.81411767,-874,4542,60.8,2026-08-05
4957,688468,科美诊断,6.16,0.16,0.14,68.93,6.143296939573,0.068992,53.88313277,-606,4947,62.4,2026-08-05
4958,688469,芯联集成-U,8.35,0.97,0.8,-198.03,8.142367930116,0.3862216,65.14699019,1375,2378,76.0,2026-08-05
4959,688472,阿特斯,10.36,-1.05,0.27,18.17,10.473436482745,0.307488,65.79809096,-444,2186,74.4,2026-08-05
4960,688475,萤石网络,31.13,-0.48,0.21,29.92,31.247581625742,0.247764,73.8120019,-328,468,72.4,2026-08-05
4961,688478,晶升股份,45.64,1.83,1.38,-180.24,44.069980725427,0.273544,63.49339051,1836,2842,64.8,2026-08-05
4962,688479,友车科技,30.9,0.88,1.24,145.27,31.245970017073,0.2857392,62.32515743,-1475,3185,62.0,2026-08-05
4963,688480,赛恩斯,81.5,3.49,1.09,60.45,77.540848182135,0.351414,72.59813056,538,619,62.4,2026-08-05
4964,688484,南芯科技,35.83,-1.02,0.6,1152.75,35.988039226576,0.2706588,66.2973281,-887,2046,66.4,2026-08-05
4965,688485,九州一轨,55.82,3.37,1.42,-481.83,53.146578299097,0.4877512,68.08946096,1391,1538,64.0,2026-08-05
4966,688486,龙迅股份,45.1,-0.84,0.57,55.33,45.305575603375,0.2638072,75.51512374,94,288,64.0,2026-08-05
4967,688488,艾迪药业,15.7,1.42,1.05,217.13,15.31062771951,0.2416912,70.2655829,1725,1020,66.0,2026-08-05
4968,688489,三未信安,24.08,2.64,0.26,-45.14,23.745270155189,0.1221116,61.16743975,-857,3509,63.2,2026-08-05
4969,688496,*ST清越,0.89,0.0,0.78,-3.09,0.890006512719,0.2056964,49.94421045,23,5160,61.6,2026-08-05
4970,688498,源杰科技,1285.0,-1.0,1.28,222.89,1260.41425904835,0.9774796,77.84526742,-122,145,90.4,2026-08-05
4971,688499,利元亨,36.7,0.41,0.64,82.01,36.160703524971,0.2745084,64.04743869,468,2683,66.4,2026-08-05
4972,688500,慧辰股份,35.92,0.08,1.27,-24.76,35.628793053336,0.2329644,66.77412086,71,1886,64.8,2026-08-05
4973,688501,青达环保,13.31,0.38,0.6,20.48,18.6755158394,0.2149516,68.89770574,1842,1352,62.0,2026-08-05
4974,688502,茂莱光学,381.41,2.26,1.1,-453.25,357.799165450836,0.4199344,68.2414579,1219,1501,73.6,2026-08-05
4975,688503,聚和材料,67.05,1.76,1.8,14.01,64.83065155304,0.3031416,71.47012099,631,817,67.6,2026-08-05
4976,688505,复旦张江,7.48,-0.27,0.16,251.36,7.550052760147,0.1578224,58.51826211,-602,4197,65.2,2026-08-05
4977,688506,百利天恒,296.0,2.1,0.19,-39.45,287.858836354658,0.305908,65.06971,1261,2403,74.4,2026-08-05
4978,688507,索辰科技,177.67,1.8,8.52,-116.62,168.716191544568,0.4760908,74.08338399,68,436,75.6,2026-08-05
4979,688508,芯朋微,78.92,6.97,2.52,190.37,73.390328367357,0.4058828,70.01198139,-39,1072,74.8,2026-08-05
4980,688509,正元地信,4.16,-0.24,0.38,-24.62,4.191458018607,0.1589008,51.92197862,-34,5093,61.2,2026-08-05
4981,688510,航亚科技,21.59,0.61,0.62,70.02,21.682395167654,0.1679952,61.78244989,81,3343,62.8,2026-08-05
4982,688511,天微电子,22.4,2.56,0.44,139.2,21.670492954687,0.1810808,62.49880739,289,3126,61.2,2026-08-05
4983,688512,慧智微-U,13.3,5.56,1.96,-23.66,12.706092798569,0.3168496,58.98087952,-1935,4091,67.6,2026-08-05
4984,688513,苑东生物,45.54,0.0,0.3,39.54,45.470935008095,0.2192544,64.55181593,-566,2537,62.0,2026-08-05
4985,688515,裕太微-U,149.8,0.01,2.58,-69.26,146.681993696807,0.396544,68.13677984,2302,1529,66.4,2026-08-05
4986,688516,奥特维,40.98,0.02,0.52,37.89,40.647877760113,0.2298208,71.02321358,47,892,67.2,2026-08-05
4987,688517,金冠电气,15.65,-0.25,0.35,37.41,15.637766194126,0.1503616,62.11212952,100,3251,60.8,2026-08-05
4988,688518,联赢激光,19.8,0.0,0.9,36.78,19.619402981989,0.298316,71.29114171,-85,850,65.2,2026-08-05
4989,688519,南亚新材,264.11,4.74,1.33,103.43,247.355750099668,0.4844596,73.95303657,-37,449,76.8,2026-08-05
4990,688520,神州细胞,35.84,-1.05,0.19,-23.99,36.141335957237,0.2816648,64.76487776,1134,2486,65.6,2026-08-05
4991,688521,芯原股份,214.49,-0.31,0.85,-82.74,212.421662911254,0.5339524,67.14664437,168,1771,86.0,2026-08-05
4992,688522,纳睿雷达,19.84,0.15,0.51,79.62,19.812354091328,0.183682,63.25343778,-525,2902,64.4,2026-08-05
4993,688523,航天环宇,46.58,2.76,0.54,3105.15,45.692415445662,0.2585516,63.47464984,-567,2848,76.4,2026-08-05
4994,688525,佰维存储,228.4,-2.0,2.95,9.29,228.909107072551,0.5997336,81.89365813,60,22,93.6,2026-08-05
4995,688526,科前生物,12.84,-0.39,0.06,18.88,12.853732934045,0.1734972,63.40086086,241,2865,63.6,2026-08-05
4996,688528,秦川物联,9.25,0.33,0.28,-16.5,9.311642912411,0.0361528,53.37448232,-1125,4990,62.0,2026-08-05
4997,688529,豪森智能,15.89,2.98,0.6,-7.09,15.623741277763,0.1321484,52.87865414,-596,5039,65.2,2026-08-05
4998,688530,欧莱新材,56.7,10.63,13.05,55.76,48.847302898792,0.3366044,68.6271643,1406,1414,71.6,2026-08-05
4999,688531,日联科技,129.1,1.11,1.35,121.05,124.681155151853,0.3278536,72.13921212,164,685,62.8,2026-08-05
5000,688533,上声电子,21.91,0.46,0.22,37.16,21.721954289199,0.1954288,65.29098181,-1096,2336,62.8,2026-08-05
5001,688535,华海诚科,97.8,2.03,2.42,258.96,93.55107617539,0.3669524,63.6437287,-545,2800,74.8,2026-08-05
5002,688536,思瑞浦,239.02,0.15,0.82,78.28,234.902013394897,0.3377068,70.94264622,1266,908,69.6,2026-08-05
5003,688538,和辉光电-U,2.4,-1.23,0.34,-17.63,2.429714933004,0.263756,62.11333603,1118,3250,66.8,2026-08-05
5004,688539,高华科技,26.76,2.14,0.82,-342.06,25.728400164305,0.2837264,65.95651185,125,2132,65.2,2026-08-05
5005,688543,国科军工,38.28,-0.55,0.64,121.46,38.583830071448,0.286854,66.3343437,-1550,2027,71.2,2026-08-05
5006,688545,兴福电子,77.97,2.62,4.05,109.61,73.137898397347,0.3745312,72.70689756,848,606,68.4,2026-08-05
5007,688548,广钢气体,35.42,1.93,1.16,127.29,34.274299558975,0.368794,72.47558368,1468,634,74.4,2026-08-05
5008,688549,中巨芯-U,25.99,11.98,14.7,1505.26,21.530760866938,0.4551344,66.27585713,2577,2054,72.0,2026-08-05
5009,688550,瑞联新材,39.01,-0.56,0.54,39.34,38.056304616435,0.3199448,73.43803394,670,508,64.4,2026-08-05
5010,688551,科威尔,38.59,1.29,0.93,144.13,37.406452137733,0.2644596,69.84724449,1737,1109,60.0,2026-08-05
5011,688552,航天南湖,26.84,0.37,0.21,-582.69,26.631408979827,0.1987692,64.29715211,1713,2614,61.6,2026-08-05
5012,688553,汇宇制药-W,11.03,0.0,0.38,78.92,11.015836872817,0.22829,61.0729741,-219,3545,61.2,2026-08-05
5013,688556,高测股份,8.69,0.46,0.53,-35.93,8.619870576079,0.2886432,59.55797297,-347,3964,67.6,2026-08-05
5014,688557,兰剑智能,19.9,0.1,0.19,230.05,19.58638058194,0.2088648,69.85510551,1234,1105,62.0,2026-08-05
5015,688558,国盛智科,30.48,1.46,0.27,24.5,29.925365374441,0.2573412,70.89985318,-144,919,62.4,2026-08-05
5016,688559,海目星,47.13,-0.15,1.23,115.8,46.654257799592,0.3886332,65.77178573,-902,2192,70.0,2026-08-05
5017,688560,明冠新材,11.79,-0.08,0.42,-36.87,11.806452681716,0.1631268,57.55482439,39,4402,60.8,2026-08-05
5018,688561,奇安信-U,27.62,1.66,0.77,-12.14,27.315871114097,0.3264928,63.16141109,-1830,2922,75.6,2026-08-05
5019,688562,航天软件,14.6,0.9,0.24,-24.87,14.505064925554,0.1881256,58.33593962,-44,4238,62.8,2026-08-05
5020,688563,航材股份,52.27,-0.97,0.4,48.81,52.740686876034,0.3043224,65.81584456,-282,2180,66.4,2026-08-05
5021,688565,力源科技,10.35,0.29,0.35,693.59,10.388879323229,0.1630228,59.78803888,-230,3901,62.8,2026-08-05
5022,688566,吉贝尔,24.71,-0.64,0.14,29.58,24.685886164704,0.2815936,70.72925199,994,941,62.8,2026-08-05
5023,688567,孚能科技,10.23,-0.87,0.28,-22.29,10.36241079721,0.1932292,55.40824209,29,4762,70.4,2026-08-05
5024,688568,中科星图,37.22,0.54,0.53,-50.52,37.111415056681,0.2979964,62.74671021,-1194,3060,76.0,2026-08-05
5025,688569,铁科轨道,16.88,0.6,0.08,49.71,16.755338724307,0.0700484,62.2260067,-268,3215,61.2,2026-08-05
5026,688570,天玛智控,14.8,-0.07,0.05,130.02,14.883078636971,0.0587048,56.43949891,-50,4595,61.2,2026-08-05
5027,688571,杭华股份,9.05,3.9,0.94,34.3,8.570615765462,0.2247248,66.67293838,-1387,1924,64.4,2026-08-05
5028,688573,信宇人,15.93,0.06,0.76,-10.95,15.966489246142,0.1305788,51.55439087,-1263,5116,62.0,2026-08-05
5029,688575,亚辉龙,9.19,-0.76,0.31,73.13,9.260746164722,0.181468,56.56849857,-91,4578,64.8,2026-08-05
5030,688576,西山科技,39.15,-0.51,0.33,90.81,39.324941485648,0.1013676,60.14906808,-1869,3798,60.4,2026-08-05
5031,688577,浙海德曼,41.78,0.05,0.23,98.23,41.328673444806,0.19179,63.04546288,518,2967,60.8,2026-08-05
5032,688578,艾力斯,109.74,-1.24,0.73,19.41,110.513479156852,0.3318196,78.01503843,246,128,74.0,2026-08-05
5033,688579,地纬智能,8.18,1.24,0.37,-41.1,8.149139963762,0.1184304,60.01849833,-675,3836,62.4,2026-08-05
5034,688580,伟思医疗,48.97,-0.35,0.27,19.04,49.0536041882,0.2338044,69.76593363,811,1131,67.6,2026-08-05
5035,688581,安杰思,53.74,0.07,0.26,19.1,53.510456085924,0.3258388,66.68992763,-567,1915,61.2,2026-08-05
5036,688582,芯动联科,41.68,1.04,0.51,1639.48,40.960361703982,0.3993632,71.79439374,92,746,68.8,2026-08-05
5037,688583,思看科技,79.88,0.78,1.04,339.59,79.197868574299,0.3729756,71.37167815,2047,834,61.6,2026-08-05
5038,688584,上海合晶,27.94,3.33,2.26,372.44,26.909021857422,0.3327256,70.55363377,401,972,72.8,2026-08-05
5039,688585,上纬新材,160.48,0.43,0.36,-394.05,159.254398198648,0.4989424,64.25658308,13,2630,77.6,2026-08-05
5040,688586,江航装备,10.75,-0.83,0.19,133.5,10.862505992132,0.1793608,54.86779946,-756,4833,62.8,2026-08-05
5041,688588,凌志软件,10.09,1.71,0.47,-496.23,9.933601011159,0.152594,69.3309474,1625,1239,65.2,2026-08-05
5042,688589,力合微,17.95,-1.16,1.37,-176.66,18.01958316464,0.2678992,63.08948839,50,2949,64.4,2026-08-05
5043,688590,新致软件,14.1,2.99,1.64,635.0,13.618984540072,0.2374928,62.63919151,-1727,3083,68.4,2026-08-05
5044,688591,泰凌微,28.8,0.7,0.88,209.85,28.430404384404,0.234112,67.19213782,-897,1758,65.6,2026-08-05
5045,688592,司南导航,24.1,0.37,0.51,-96.78,23.836843760602,0.2608228,64.52249487,-928,2544,62.0,2026-08-05
5046,688593,新相微,31.9,0.85,1.36,682.61,31.582609802246,0.4191292,66.7455053,1407,1894,66.8,2026-08-05
5047,688595,芯海科技,28.36,-0.39,0.93,-26.2,28.190540115258,0.3208164,62.79802343,1314,3042,67.2,2026-08-05
5048,688596,正帆科技,61.3,6.76,7.89,-174.11,55.360465757181,0.5067224,73.42396774,2015,512,76.0,2026-08-05
5049,688597,煜邦电力,6.71,1.05,0.43,-25.12,6.604077876115,0.1357648,63.359538,-174,2876,61.6,2026-08-05
5050,688598,金博股份,28.56,2.33,2.27,-18.85,27.422433752992,0.33888,67.74816122,1582,1609,66.8,2026-08-05
5051,688599,天合光能,14.07,-1.61,0.4,-29.11,14.284860741532,0.2511692,56.00946167,-180,4668,76.4,2026-08-05
5052,688600,皖仪科技,27.31,-0.47,1.83,75.0,25.88050829007,0.453488,70.6296348,2010,959,61.6,2026-08-05
5053,688601,力芯微,39.47,0.77,0.77,-947.04,38.851983849485,0.3199428,59.61972646,-1288,3943,64.4,2026-08-05
5054,688602,康鹏科技,6.59,-0.6,0.26,-67.99,6.602140115359,0.3081836,57.07044603,-230,4498,61.2,2026-08-05
5055,688603,天承科技,101.3,2.55,1.19,105.5,96.149142306118,0.3209572,69.38381799,587,1228,66.4,2026-08-05
5056,688605,先锋精科,71.88,-0.62,2.53,146.81,70.284583620157,0.3558312,74.30028875,54,414,70.4,2026-08-05
5057,688606,奥泰生物,44.69,-0.13,0.11,45.67,44.766636137765,0.2360552,64.28254882,-238,2619,63.2,2026-08-05
5058,688607,康众医疗,43.38,3.51,1.76,-58.98,40.385589821022,0.3447472,67.06206239,2018,1792,64.0,2026-08-05
5059,688608,恒玄科技,115.1,-0.92,0.7,76.55,115.750701012888,0.3787748,70.26689029,692,1019,74.8,2026-08-05
5060,688609,九联科技,9.49,0.96,1.4,82.06,9.350528932569,0.2512884,62.49966001,-713,3125,69.6,2026-08-05
5061,688610,埃科光电,150.25,4.75,2.24,110.07,139.44102305923,0.3278876,76.44915435,1206,227,63.6,2026-08-05
5062,688611,杭州柯林,61.15,-0.36,0.18,-780.07,61.564148524539,0.341716,59.3663559,-1334,4005,63.2,2026-08-05
5063,688612,威迈斯,32.33,4.39,0.84,25.84,30.817619570475,0.2728636,71.38440967,288,832,60.8,2026-08-05
5064,688613,奥精医疗,15.13,1.0,0.36,367.29,14.952338553698,0.1276736,55.83969726,151,4695,63.6,2026-08-05
5065,688615,合合信息,123.73,0.76,2.21,39.05,121.82583005153,0.4251692,78.75321918,294,95,74.0,2026-08-05
5066,688616,西力科技,10.46,0.29,0.44,25.15,10.433804365609,0.1128344,66.51910447,-553,1968,62.0,2026-08-05
5067,688617,惠泰医疗,212.77,-1.02,0.19,32.81,214.152721516115,0.2417516,75.82705414,174,271,67.2,2026-08-05
5068,688618,三旺通信,28.41,0.28,0.44,-915.13,27.968781780202,0.2720392,66.45240946,1274,1988,63.2,2026-08-05
5069,688619,罗普特,14.05,2.41,0.62,-65.13,13.582125744245,0.190714,57.17380964,-1308,4479,62.8,2026-08-05
5070,688620,安凯微,14.91,3.9,1.49,-74.44,14.260053093446,0.2099536,59.16019484,-1093,4049,67.2,2026-08-05
5071,688621,阳光诺和,61.02,0.23,0.55,82.82,61.061852111274,0.3392132,75.31448794,-247,307,70.0,2026-08-05
5072,688622,*ST禾信,103.02,-4.79,0.43,-236.4,110.008241666303,0.4062076,52.89959338,-1107,5037,59.6,2026-08-05
5073,688623,双元科技,59.71,0.07,0.4,68.56,59.686972362887,0.2424888,56.78412953,80,4544,58.4,2026-08-05
5074,688625,呈和科技,54.22,0.78,0.32,39.03,52.964631845991,0.348436,72.62345832,338,612,61.2,2026-08-05
5075,688626,翔宇医疗,44.54,-0.31,0.3,70.36,44.527497653415,0.2427436,69.22382779,1309,1264,70.4,2026-08-05
5076,688627,精智达,439.84,2.36,1.9,711.33,425.200376195102,0.5410864,74.40222161,147,403,72.4,2026-08-05
5077,688628,优利德,65.65,1.58,1.52,25.28,64.19924189501,0.3485412,68.23092905,-718,1507,63.6,2026-08-05
5078,688629,华丰科技,146.61,2.21,1.13,163.28,143.321907232862,0.464306,79.76190002,-13,63,82.0,2026-08-05
5079,688630,芯碁微装,380.93,5.52,2.04,128.72,353.179019230741,0.4887908,79.33626516,0,76,76.4,2026-08-05
5080,688631,莱斯信息,43.38,0.77,0.21,-138.96,43.08124,0.1912092,60.75557836,-188,3624,64.4,2026-08-05
5081,688633,星球石墨,23.98,1.61,0.76,13.94,23.435068627362,0.2407824,69.19250132,945,1274,59.2,2026-08-05
5082,688636,智明达,19.24,1.26,1.45,46.9,18.879808703071,0.1905624,61.22697958,-1151,3491,64.4,2026-08-05
5083,688638,誉辰智能,32.17,1.61,0.85,-9.85,31.985046622168,0.1160012,54.64392071,-223,4856,62.0,2026-08-05
5084,688639,华恒生物,17.06,-0.81,0.55,25.34,17.118477815814,0.1581028,64.14916576,744,2655,66.4,2026-08-05
5085,688646,ST逸飞,70.03,1.02,0.49,-68.74,69.46380649999,0.559622,63.8109803,585,2754,62.4,2026-08-05
5086,688648,中邮科技,31.67,0.16,0.69,-35.45,31.685343272577,0.1546756,63.13242829,1168,2934,60.8,2026-08-05
5087,688651,盛邦安全,23.17,1.89,1.08,-37.75,22.832200848854,0.1893188,60.02899173,-624,3833,64.4,2026-08-05
5088,688652,京仪装备,140.2,0.5,1.88,126.78,135.271642466398,0.2792912,72.34628628,417,653,72.0,2026-08-05
5089,688653,康希通信,12.5,0.32,1.2,272.1,12.260869303771,0.3103012,66.36112989,30,2016,64.4,2026-08-05
5090,688655,迅捷兴,34.04,2.65,1.59,-212.15,32.222384803738,0.2574048,63.80129404,1127,2755,58.8,2026-08-05
5091,688656,浩欧博,85.96,-1.23,0.12,7692.47,86.431197079361,0.1690336,62.89976074,86,3015,61.2,2026-08-05
5092,688657,浩辰软件,32.85,2.24,1.1,184.16,32.139683638789,0.3770412,71.00468007,793,894,62.0,2026-08-05
5093,688658,悦康药业,12.56,-0.08,0.66,-42.68,12.616309346682,0.165944,53.35033526,-156,4992,63.6,2026-08-05
5094,688659,元琛科技,9.6,1.69,0.52,92.14,9.451752300939,0.0422516,52.97738688,-371,5029,62.0,2026-08-05
5095,688660,电气风电,9.2,0.33,0.75,-11.36,9.091753330034,0.2621904,62.12964852,1241,3240,71.2,2026-08-05
5096,688661,和林微纳,101.33,4.55,1.54,-299.97,95.98181183339,0.3863916,69.14330007,-343,1284,75.6,2026-08-05
5097,688662,富信科技,80.56,2.43,4.33,312.76,74.107730896163,0.3862568,72.51503685,-65,633,67.2,2026-08-05
5098,688663,新风光,54.16,2.67,0.66,638.12,53.101073952168,0.4219756,63.96115113,-740,2707,63.6,2026-08-05
5099,688665,四方光电,45.26,-0.46,0.07,33.91,45.491511206068,0.15397,67.87303044,-1143,1578,60.0,2026-08-05
5100,688667,菱电电控,88.69,0.21,0.31,37.17,87.492447697449,0.227346,72.18365802,550,682,59.6,2026-08-05
5101,688668,鼎通科技,225.19,-0.92,1.06,85.33,224.176927074413,0.3988908,79.33019379,-38,77,74.0,2026-08-05
5102,688669,聚石化学,61.69,3.63,1.33,-31.31,58.130741148207,0.3351944,59.98759219,443,3851,59.2,2026-08-05
5103,688670,金迪克,14.85,0.41,0.34,-20.43,14.894582784633,0.0998036,51.82496548,-896,5102,60.4,2026-08-05
5104,688671,碧兴物联,23.85,0.59,0.95,-27.3,23.353290872291,0.259386,59.00514455,213,4087,60.4,2026-08-05
5105,688676,金盘科技,68.07,-2.31,0.86,69.6,68.775264541439,0.407744,76.92522576,85,198,74.0,2026-08-05
5106,688677,海泰新光,71.86,-0.13,0.61,45.63,70.082196554189,0.3123388,73.93069616,22,450,62.8,2026-08-05
5107,688678,福立旺,17.81,3.79,1.19,39.43,17.052739832404,0.323028,65.22446472,-524,2358,64.0,2026-08-05
5108,688679,通源环境,37.35,-1.71,0.49,2297.35,37.975656570989,0.3074004,60.38138153,-1204,3732,62.4,2026-08-05
5109,688680,海优新材,34.89,-1.88,0.87,-22.35,35.686416155082,0.1551696,56.60201664,-931,4573,61.6,2026-08-05
5110,688681,科汇股份,16.2,0.87,0.52,165.87,16.055433898756,0.1308752,65.2320936,393,2356,64.4,2026-08-05
5111,688682,霍莱沃,31.38,1.1,0.31,123.15,30.947698449038,0.1308528,59.97013639,151,3856,62.0,2026-08-05
5112,688683,莱尔科技,29.1,-0.61,0.13,83.78,28.788503886773,0.175836,67.68657282,-415,1626,60.8,2026-08-05
5113,688685,迈信林,43.17,-3.21,0.96,604.19,43.896927823628,0.4335476,54.08501847,-1696,4926,66.8,2026-08-05
5114,688686,奥普特,114.9,0.72,0.45,54.97,112.90086336869,0.3046516,72.23945769,558,670,66.8,2026-08-05
5115,688687,凯因科技,16.53,-0.42,0.27,115.16,16.528435348433,0.2756912,57.85904755,-365,4332,65.2,2026-08-05
5116,688689,银河微电,37.86,1.97,2.04,74.91,36.283386652724,0.294144666667,68.17549336,1010,1520,68.0,2026-08-05
5117,688690,纳微科技,38.42,2.24,0.83,56.93,37.606712579893,0.316658,75.48838525,742,292,70.8,2026-08-05
5118,688691,灿芯股份,65.02,0.65,2.05,-68.37,63.564176438701,0.2560536,57.10462583,-878,4494,67.2,2026-08-05
5119,688692,达梦数据,244.54,0.22,0.74,45.72,245.440559099221,0.4259572,75.90059132,-213,264,71.2,2026-08-05
5120,688693,锴威特,77.82,20.0,0.89,-79.57,64.137354594207,0.2741312,65.09013521,1644,2398,63.2,2026-08-05
5121,688695,中创股份,19.47,1.41,0.84,-40.05,19.549352989829,0.0806652,56.99475847,-772,4514,64.0,2026-08-05
5122,688696,极米科技,68.58,2.24,0.7,23.88,67.16674368446,0.2388524,64.7749206,957,2480,66.0,2026-08-05
5123,688697,纽威数控,14.39,0.84,0.35,34.56,14.257739002438,0.2375076,69.0172279,138,1319,61.2,2026-08-05
5124,688698,伟创电气,49.7,0.18,0.51,55.31,49.550207734647,0.287954,75.36499852,-16,301,66.4,2026-08-05
5125,688699,明微电子,57.26,3.36,1.89,66.53,53.955224626331,0.3357824,66.35341896,-63,2019,68.8,2026-08-05
5126,688700,东威科技,57.2,1.69,1.34,96.29,55.035530906234,0.2634116,67.377719,794,1704,66.8,2026-08-05
5127,688701,卓锦股份,7.64,-1.29,0.61,-26.22,7.759120859632,0.1294008,57.93646718,842,4316,62.4,2026-08-05
5128,688702,盛科通信-U,369.5,5.44,2.24,-2223.99,355.580661304519,0.539868,68.79681528,299,1374,77.6,2026-08-05
5129,688707,振华新材,10.81,0.46,0.4,-14.38,10.734868461989,0.280062,52.4500783,45,5066,62.4,2026-08-05
5130,688708,佳驰科技,47.18,0.17,0.29,183.32,47.172613480374,0.4111432,65.39661455,1089,2305,62.4,2026-08-05
5131,688709,成都华微,26.4,0.0,0.69,-62.64,26.099647046848,0.2436096,60.178718,551,3791,69.2,2026-08-05
5132,688710,益诺思,78.9,1.94,1.32,227.78,76.39758423593,0.229102,72.41511103,600,646,68.8,2026-08-05
5133,688711,宏微科技,24.45,0.62,1.11,1457.37,24.019920249735,0.332306,63.75209804,285,2768,66.4,2026-08-05
5134,688712,北芯生命,34.51,-2.04,4.77,78.7,33.221759108756,0.2905624,77.61011104,1802,158,60.4,2026-08-05
5135,688716,中研股份,29.25,0.52,1.4,-184.85,28.728097732436,0.2845876,66.15070664,2023,2082,66.8,2026-08-05
5136,688717,艾罗能源,58.62,-0.69,1.43,35.18,58.497628503558,0.2520204,70.69680336,369,944,63.6,2026-08-05
5137,688718,唯赛勃,13.37,1.44,0.26,58.34,13.163700509315,0.0565128,66.31712581,368,2034,60.8,2026-08-05
5138,688719,爱科赛博,47.31,1.0,1.57,-77.69,46.607550417977,0.28926,67.89840178,632,1572,60.8,2026-08-05
5139,688720,艾森股份,61.49,2.23,2.92,200.21,57.776900315516,0.324136,71.48656869,452,815,72.0,2026-08-05
5140,688721,龙图光罩,38.6,1.26,2.47,126.12,37.328510065491,0.2419128,69.35513162,118,1235,63.2,2026-08-05
5141,688722,同益中,14.48,0.35,0.41,22.39,14.38322956492,0.263758,61.83622101,79,3330,66.0,2026-08-05
5142,688726,拉普拉斯,44.3,-0.36,1.18,37.28,43.901521849542,0.3896004,66.98404949,-155,1820,63.2,2026-08-05
5143,688727,恒坤新材,43.36,1.86,3.25,190.45,41.73856362494,0.3051672,68.0277028,477,1549,62.8,2026-08-05
5144,688728,格科微,15.86,1.34,0.75,7312.34,15.462352030265,0.3064076,67.8552611,2010,1582,70.4,2026-08-05
5145,688729,屹唐股份,26.11,3.69,0.9,121.07,24.564351866997,0.3790704,70.53005874,453,976,70.4,2026-08-05
5146,688733,壹石通,28.05,1.34,0.86,3341.09,27.471626797978,0.3049868,60.0418047,-1273,3831,66.0,2026-08-05
5147,688737,中自科技,18.68,1.08,0.41,162.17,18.32854027521,0.0727724,65.70711766,710,2214,62.0,2026-08-05
5148,688739,成大生物,19.92,-0.75,0.12,-1087.12,20.11910901823,0.1596484,55.51655602,-192,4753,64.4,2026-08-05
5149,688750,金天钛业,14.87,0.0,0.44,177.8,14.810540539928,0.291688,59.65829814,1147,3931,62.4,2026-08-05
5150,688755,汉邦科技,25.11,1.58,0.53,38.91,24.695133775121,0.1883248,64.0322681,-1430,2687,61.6,2026-08-05
5151,688757,胜科纳米,31.87,1.89,1.66,433.46,30.78921765596,0.2511016,62.32442187,579,3186,62.4,2026-08-05
5152,688758,赛分科技,26.88,2.75,2.36,78.86,26.367701485277,0.2369404,72.07902407,-588,694,70.4,2026-08-05
5153,688759,必贝特-U,23.07,0.39,1.55,-49.22,22.721028223478,0.270454,62.34879535,316,3174,63.6,2026-08-05
5154,688765,禾元生物-U,34.84,-0.88,1.6,-86.38,34.989101894385,0.2754544,59.67883762,-84,3923,64.0,2026-08-05
5155,688766,普冉股份,361.24,-3.38,4.56,53.48,364.058074985314,0.5635972,80.85714694,78,35,85.6,2026-08-05
5156,688767,博拓生物,38.2,-0.34,0.24,-139.71,38.163716032066,0.362992,64.01908661,-613,2691,66.0,2026-08-05
5157,688768,容知日新,45.85,-0.04,0.16,-44.18,45.972388621023,0.2482164,63.65960197,-894,2797,62.0,2026-08-05
5158,688772,珠海冠宇,14.53,-2.09,0.7,-48.81,14.824107534067,0.3713896,61.32981206,-927,3463,66.0,2026-08-05
5159,688775,影石创新,136.56,-0.58,0.47,161.78,135.708693096594,0.4089772,77.19635108,-58,182,74.0,2026-08-05
5160,688776,国光电气,51.03,0.35,0.49,-34.46,50.64416347691,0.2069708,52.19258055,-21,5077,68.4,2026-08-05
5161,688777,中控技术,105.0,-1.49,0.91,278.09,106.006907048683,0.5141984,71.76471115,-107,753,83.6,2026-08-05
5162,688778,厦钨新能,47.56,-0.61,0.43,24.43,47.439181817549,0.3042152,67.8798078,404,1576,71.2,2026-08-05
5163,688779,五矿新能,7.87,-0.13,0.33,46.72,7.906296839509,0.2641168,59.87291192,-143,3877,71.2,2026-08-05
5164,688781,视涯科技-UW,38.21,-1.04,1.39,-209.87,38.423931850529,0.2812704,64.7656497,1358,2485,61.6,2026-08-05
5165,688783,西安奕材-U,30.4,4.32,7.33,-193.83,27.986793352831,0.373658,62.98895464,1402,2983,71.6,2026-08-05
5166,688785,恒运昌,259.16,2.03,1.75,249.47,249.309297379803,0.3022112,77.59421929,324,159,65.2,2026-08-05
5167,688786,悦安新材,27.45,1.86,1.03,61.68,26.519894730543,0.2792084,67.59673334,-790,1653,60.8,2026-08-05
5168,688787,海天瑞声,110.8,1.03,1.53,198.86,108.703352566926,0.3408724,71.64674303,-666,788,76.0,2026-08-05
5169,688788,科思科技,31.05,-0.38,0.5,-23.41,30.882155258979,0.3186724,65.17075555,249,2369,66.0,2026-08-05
5170,688789,宏华数科,46.45,-2.21,0.32,50.37,47.500604193695,0.1904872,64.43287902,-1169,2575,62.0,2026-08-05
5171,688790,昂瑞微-UW,95.23,-0.44,0.84,-35.3,95.781089776652,0.223394,62.62940917,-1614,3087,62.4,2026-08-05
5172,688793,倍轻松,17.37,-0.17,0.42,-31.72,17.41657371828,0.120066,54.14162986,-138,4918,63.2,2026-08-05
5173,688795,摩尔线程-U,587.78,-0.9,1.06,2352.52,589.635316907948,0.5271732,70.57141323,289,967,84.0,2026-08-05
5174,688796,百奥赛图,115.05,-1.01,1.9,123.55,114.73704258201,0.3549136,70.00246593,-680,1077,66.8,2026-08-05
5175,688798,艾为电子,55.8,-1.22,0.56,63.7,56.095193132592,0.2855124,69.69642537,141,1146,66.0,2026-08-05
5176,688799,华纳药厂,45.1,2.52,0.72,56.06,44.201055445619,0.4134548,62.88817216,-344,3021,64.4,2026-08-05
5177,688800,瑞可达,53.36,0.34,1.28,65.31,51.611190948334,0.3778204,72.61297145,698,616,64.4,2026-08-05
5178,688802,沐曦股份-U,717.5,-1.17,1.63,-726.08,722.373430826523,0.6058368,68.96130709,1091,1340,82.8,2026-08-05
5179,688805,健信超导,41.47,0.0,0.56,75.06,41.487103514484,0.259694,77.31734904,39,179,59.2,2026-08-05
5180,688807,优迅股份,245.24,0.51,3.25,184.57,236.884401836111,0.368,74.6746302,665,372,61.2,2026-08-05
5181,688808,联讯仪器,2019.0,-2.89,1.98,435.83,1951.8783394897,0.9812656,79.29911078,-49,78,83.2,2026-08-05
5182,688809,强一股份,466.58,-1.36,1.75,134.92,458.117258965011,0.4915232,81.7628181,26,26,69.2,2026-08-05
5183,688811,有研复材,23.26,1.57,3.35,10967.3,22.495000842514,0.32734,67.81119837,517,1599,62.8,2026-08-05
5184,688813,泰金新能,107.57,-1.27,5.45,79.36,105.566192700838,0.3981992,73.76808404,797,472,59.6,2026-08-05
5185,688816,易思维,50.88,-0.66,0.34,-42.15,51.138911760427,0.2356144,68.43996594,1339,1455,61.6,2026-08-05
5186,688818,电科蓝天,49.77,0.75,2.38,1450.12,49.014300915689,0.3823872,71.65141503,-17,785,67.6,2026-08-05
5187,688819,天能股份,22.35,-1.24,0.08,72.34,22.683439671786,0.2050228,63.74301954,-1320,2771,66.8,2026-08-05
5188,688820,盛合晶微,137.06,3.66,3.84,333.6,131.364904464084,0.4753392,73.73132001,376,477,82.8,2026-08-05
5189,688981,中芯国际,124.0,-1.16,0.72,194.97,125.21113229994,0.557272,67.64172641,110,1645,88.8,2026-08-05
5190,689009,九号公司-WD,42.27,0.02,0.57,38.24,42.447087393346,0.3208212,67.43469323,-512,1691,76.0,2026-08-05
