股票代码,完整代码,股票简称,交易所,板块,行业,地区,2024-02-06最低价,2024-09-24最低价,2025-04-09最低价,2026-03-24最低价,第一段抬升,第二段抬升,第三段抬升,累计抬升,是否ST
688585,688585.SH,上纬新材,上交所,科创板,化工原料,上海,4.46,5.11,5.86,113.99,14.57%,14.68%,1845.22%,2455.83%,否
300476,300476.SZ,胜宏科技,深交所,创业板,元器件,广东,14.56,27.28,59.0,259.18,87.36%,116.28%,339.29%,1680.08%,否
688183,688183.SH,生益电子,上交所,科创板,元器件,广东,5.58,17.06,19.59,81.3,205.73%,14.83%,315.01%,1356.99%,否
688195,688195.SH,腾景科技,上交所,科创板,元器件,福建,16.33,21.34,29.11,237.9,30.68%,36.41%,717.24%,1356.83%,否
301377,301377.SZ,鼎泰高科,深交所,创业板,机械基件,广东,11.81,15.03,19.44,167.01,27.27%,29.34%,759.10%,1314.14%,否
688498,688498.SH,源杰科技,上交所,科创板,半导体,陕西,80.51,87.1,88.1,1002.0,8.19%,1.15%,1037.34%,1144.57%,否
603929,603929.SH,亚翔集成,上交所,主板,装修装饰,江苏,13.91,20.39,26.68,171.11,46.59%,30.85%,541.34%,1130.12%,否
603256,603256.SH,宏和科技,上交所,主板,玻璃,上海,4.91,6.45,6.63,59.68,31.36%,2.79%,800.15%,1115.48%,否
603516,603516.SH,淳中科技,上交所,主板,IT设备,北京,11.37,24.36,31.95,133.66,114.25%,31.16%,318.34%,1075.55%,否
688519,688519.SH,南亚新材,上交所,科创板,元器件,上海,11.41,17.2,25.01,132.0,50.74%,45.41%,427.79%,1056.88%,否
688313,688313.SH,仕佳光子,上交所,科创板,通信设备,河南,6.8,8.35,12.8,76.5,22.79%,53.29%,497.66%,1025.00%,否
301396,301396.SZ,宏景科技,深交所,创业板,软件服务,广东,13.8,18.4,66.5,145.0,33.33%,261.41%,118.05%,950.72%,否
600113,600113.SH,浙江东日,上交所,主板,区域地产,浙江,5.14,7.84,12.54,52.44,52.53%,59.95%,318.18%,920.23%,否
300139,300139.SZ,晓程科技,深交所,创业板,黄金,北京,5.51,12.49,13.0,54.4,126.68%,4.08%,318.46%,887.30%,否
601869,601869.SH,长飞光纤,上交所,主板,通信设备,湖北,21.66,22.43,28.07,212.79,3.55%,25.14%,658.07%,882.41%,否
688256,688256.SH,寒武纪,上交所,科创板,半导体,北京,101.0,210.5,550.0,970.02,108.42%,161.28%,76.37%,860.42%,否
002384,002384.SZ,东山精密,深交所,主板,元器件,江苏,11.32,19.27,21.62,101.74,70.23%,12.20%,370.58%,798.76%,否
300469,300469.SZ,信息发展,深交所,创业板,软件服务,浙江,6.63,14.47,24.26,58.88,118.25%,67.66%,142.70%,788.08%,否
001267,001267.SZ,汇绿生态,深交所,主板,通信设备,湖北,4.17,4.81,7.1,36.91,15.35%,47.61%,419.86%,785.13%,否
301338,301338.SZ,凯格精机,深交所,创业板,专用机械,广东,18.43,24.42,26.42,160.69,32.50%,8.19%,508.21%,771.89%,否
688125,688125.SH,安达智能,上交所,科创板,专用机械,广东,24.12,24.78,28.14,210.0,2.74%,13.56%,646.27%,770.65%,否
300870,300870.SZ,欧陆通,深交所,创业板,电气设备,深圳,26.35,38.12,80.0,227.88,44.67%,109.86%,184.85%,764.82%,否
300757,300757.SZ,罗博特科,深交所,创业板,专用机械,江苏,39.63,78.88,122.64,328.5,99.04%,55.48%,167.86%,728.92%,否
688027,688027.SH,国盾量子,上交所,科创板,通信设备,安徽,72.16,153.54,228.0,580.08,112.78%,48.50%,154.42%,703.88%,否
688525,688525.SH,佰维存储,上交所,科创板,半导体,深圳,26.83,40.13,52.0,212.97,49.57%,29.58%,309.56%,693.78%,否
300548,300548.SZ,长芯博创,深交所,创业板,通信设备,浙江,17.1,17.19,26.54,135.27,0.53%,54.39%,409.68%,691.05%,否
300209,300209.SZ,行云科技,深交所,创业板,互联网,湖南,1.32,3.73,3.89,10.02,182.58%,4.29%,157.58%,659.09%,否
002565,002565.SZ,顺灏股份,深交所,主板,造纸,上海,2.17,2.5,2.68,16.32,15.21%,7.20%,508.96%,652.07%,否
002290,002290.SZ,禾盛新材,深交所,主板,家用电器,江苏,7.53,10.72,18.85,55.1,42.36%,75.84%,192.31%,631.74%,否
002796,002796.SZ,世嘉科技,深交所,主板,通信设备,江苏,6.52,8.69,8.7,47.69,33.28%,0.12%,448.16%,631.44%,否
301306,301306.SZ,西测测试,深交所,创业板,航空,陕西,17.56,28.61,31.06,128.1,62.93%,8.56%,312.43%,629.50%,否
301209,301209.SZ,联合化学,深交所,创业板,染料涂料,山东,11.68,19.92,35.52,85.2,70.55%,78.31%,139.86%,629.45%,否
600105,600105.SH,永鼎股份,上交所,主板,通信设备,江苏,3.31,3.56,4.56,24.11,7.55%,28.09%,428.73%,628.40%,否
688028,688028.SH,沃尔德,上交所,科创板,机械基件,北京,11.8,13.67,18.01,85.18,15.85%,31.75%,372.96%,621.86%,否
300486,300486.SZ,东杰智能,深交所,创业板,专用机械,山西,3.1,4.8,5.02,22.23,54.84%,4.58%,342.83%,617.10%,否
603308,603308.SH,应流股份,上交所,主板,机械基件,安徽,8.55,9.79,14.71,59.16,14.50%,50.26%,302.18%,591.93%,否
002379,002379.SZ,宏桥控股,深交所,主板,铝,山东,3.61,4.79,8.22,24.95,32.69%,71.61%,203.53%,591.14%,否
300475,300475.SZ,香农芯创,深交所,创业板,元器件,安徽,19.8,22.92,23.24,136.5,15.76%,1.40%,487.35%,589.39%,否
000657,000657.SZ,中钨高新,深交所,主板,小金属,海南,6.78,7.85,8.55,46.64,15.78%,8.92%,445.50%,587.91%,否
301326,301326.SZ,捷邦科技,深交所,创业板,元器件,广东,17.37,29.57,43.91,119.22,70.24%,48.50%,171.51%,586.36%,否
605196,605196.SH,华通线缆,上交所,主板,电气设备,河北,6.0,7.47,10.72,41.18,24.50%,43.51%,284.14%,586.33%,否
300972,300972.SZ,万辰集团,深交所,创业板,食品,福建,26.54,29.49,94.33,181.5,11.12%,219.87%,92.41%,583.87%,否
688629,688629.SH,华丰科技,上交所,科创板,元器件,四川,15.01,18.62,40.11,102.47,24.05%,115.41%,155.47%,582.68%,否
300749,300749.SZ,顶固集创,深交所,创业板,家居用品,广东,4.31,5.22,6.78,28.82,21.11%,29.89%,325.07%,568.68%,否
688656,688656.SH,浩欧博,上交所,科创板,医疗保健,江苏,17.93,21.8,67.0,117.71,21.58%,207.34%,75.69%,556.50%,否
301183,301183.SZ,东田微,深交所,创业板,元器件,湖北,20.62,32.55,36.03,135.05,57.86%,10.69%,274.83%,554.95%,否
002052,002052.SZ,同洲电子,深交所,主板,家用电器,深圳,1.75,1.77,5.7,11.42,1.14%,222.03%,100.35%,552.57%,否
002842,002842.SZ,翔鹭钨业,深交所,主板,小金属,广东,4.59,5.18,5.72,29.9,12.85%,10.42%,422.73%,551.42%,否
688325,688325.SH,赛微微电,上交所,科创板,半导体,广东,18.38,29.6,38.11,119.29,61.04%,28.75%,213.01%,549.02%,否
688227,688227.SH,品高股份,上交所,科创板,软件服务,广东,9.33,11.03,25.77,59.06,18.22%,133.64%,129.18%,533.01%,否
300102,300102.SZ,乾照光电,深交所,创业板,半导体,福建,4.73,6.07,8.6,29.9,28.33%,41.68%,247.67%,532.14%,否
300720,300720.SZ,海川智能,深交所,创业板,电器仪表,广东,8.99,13.0,15.7,56.8,44.61%,20.77%,261.78%,531.81%,否
300857,300857.SZ,协创数据,深交所,创业板,IT设备,深圳,32.02,44.47,81.0,200.55,38.88%,82.15%,147.59%,526.33%,否
300436,300436.SZ,广生堂,深交所,创业板,化学制药,福建,15.42,17.8,24.44,96.23,15.43%,37.30%,293.74%,524.06%,否
002364,002364.SZ,中恒电气,深交所,主板,电气设备,浙江,4.46,6.1,11.25,27.79,36.77%,84.43%,147.02%,523.09%,否
301248,301248.SZ,杰创智能,深交所,创业板,软件服务,广东,8.57,11.97,15.11,53.0,39.67%,26.23%,250.76%,518.44%,否
688011,688011.SH,新光光电,上交所,科创板,元器件,黑龙江,10.85,11.68,13.44,66.58,7.65%,15.07%,395.39%,513.64%,否
300806,300806.SZ,斯迪克,深交所,创业板,塑料,江苏,6.9,9.3,12.98,42.2,34.78%,39.57%,225.12%,511.59%,否
600410,600410.SH,华胜天成,上交所,主板,软件服务,北京,3.94,4.33,6.3,23.89,9.90%,45.50%,279.21%,506.35%,否
000833,000833.SZ,粤桂股份,深交所,主板,综合类,广西,3.94,4.99,10.2,23.77,26.65%,104.41%,133.04%,503.30%,否
300731,300731.SZ,科创新源,深交所,创业板,橡胶,深圳,10.66,13.33,17.7,63.9,25.05%,32.78%,261.02%,499.44%,否
603822,603822.SH,ST嘉澳,上交所,主板,化工原料,浙江,15.68,27.05,47.0,93.26,72.51%,73.75%,98.43%,494.77%,是
688622,688622.SH,*ST禾信,上交所,科创板,电器仪表,广东,14.59,18.3,77.0,86.66,25.43%,320.77%,12.55%,493.97%,是
002046,002046.SZ,国机精工,深交所,主板,机械基件,河南,7.19,9.31,11.86,42.56,29.49%,27.39%,258.85%,491.93%,否
301018,301018.SZ,申菱环境,深交所,创业板,专用机械,广东,14.45,17.76,27.36,85.5,22.91%,54.05%,212.50%,491.70%,否
000533,000533.SZ,顺钠股份,深交所,主板,电气设备,广东,2.73,3.19,4.59,16.01,16.85%,43.89%,248.80%,486.45%,否
300718,300718.SZ,长盛轴承,深交所,创业板,机械基件,浙江,11.24,12.82,63.65,65.66,14.06%,396.49%,3.16%,484.16%,否
605376,605376.SH,博迁新材,上交所,主板,小金属,江苏,14.54,21.13,26.24,84.3,45.32%,24.18%,221.27%,479.78%,否
688702,688702.SH,盛科通信,上交所,科创板,半导体,江苏,27.04,32.73,58.66,154.95,21.04%,79.22%,164.15%,473.04%,否
300604,300604.SZ,长川科技,深交所,创业板,半导体,浙江,20.4,27.13,35.51,116.55,32.99%,30.89%,228.22%,471.32%,否
600289,600289.SH,ST信通,上交所,主板,软件服务,黑龙江,1.32,1.36,5.64,7.47,3.03%,314.71%,32.45%,465.91%,是
001309,001309.SZ,德明利,深交所,主板,半导体,深圳,54.16,61.99,96.69,306.1,14.46%,55.98%,216.58%,465.18%,否
603667,603667.SH,五洲新春,上交所,主板,机械基件,浙江,11.06,12.55,27.73,62.1,13.47%,120.96%,123.95%,461.48%,否
300658,300658.SZ,延江股份,深交所,创业板,纺织,福建,3.77,4.42,4.49,21.16,17.24%,1.58%,371.27%,461.27%,否
002837,002837.SZ,英维克,深交所,主板,专用机械,深圳,17.13,20.76,28.16,95.5,21.19%,35.65%,239.13%,457.50%,否
002428,002428.SZ,云南锗业,深交所,主板,小金属,云南,7.46,11.09,17.62,41.21,48.66%,58.88%,133.88%,452.41%,否
301128,301128.SZ,强瑞技术,深交所,创业板,专用机械,深圳,22.01,40.1,50.0,121.4,82.19%,24.69%,142.80%,451.57%,否
603009,603009.SH,北特科技,上交所,主板,汽车配件,上海,7.96,17.26,32.08,43.68,116.83%,85.86%,36.16%,448.74%,否
000962,000962.SZ,东方钽业,深交所,主板,小金属,宁夏,7.77,10.22,12.02,42.49,31.53%,17.61%,253.49%,446.85%,否
002716,002716.SZ,湖南白银,深交所,主板,小金属,湖南,2.05,2.91,3.0,11.21,41.95%,3.09%,273.67%,446.83%,否
300085,300085.SZ,银之杰,深交所,创业板,软件服务,深圳,8.0,13.08,28.72,43.69,63.50%,119.57%,52.12%,446.12%,否
301075,301075.SZ,多瑞医药,深交所,创业板,化学制药,西藏,13.81,16.65,19.14,75.02,20.56%,14.95%,291.95%,443.23%,否
300342,300342.SZ,天银机电,深交所,创业板,家用电器,江苏,8.1,12.0,13.0,43.85,48.15%,8.33%,237.31%,441.36%,否
688309,688309.SH,恒誉环保,上交所,科创板,环境保护,山东,10.01,10.7,12.34,53.61,6.89%,15.33%,334.44%,435.56%,否
603618,603618.SH,杭电股份,上交所,主板,电气设备,浙江,3.63,4.26,5.23,19.44,17.36%,22.77%,271.70%,435.54%,否
300620,300620.SZ,光库科技,深交所,创业板,通信设备,广东,30.58,30.97,33.43,161.5,1.28%,7.94%,383.10%,428.12%,否
000973,000973.SZ,佛塑科技,深交所,主板,塑料,广东,3.03,3.79,5.12,15.84,25.08%,35.09%,209.38%,422.77%,否
001896,001896.SZ,豫能控股,深交所,主板,火力发电,河南,2.93,3.5,3.51,15.3,19.45%,0.29%,335.90%,422.18%,否
301285,301285.SZ,鸿日达,深交所,创业板,元器件,江苏,13.89,21.43,23.55,72.5,54.28%,9.89%,207.86%,421.96%,否
300991,300991.SZ,创益通,深交所,创业板,元器件,深圳,9.21,12.76,13.6,48.03,38.55%,6.58%,253.16%,421.50%,否
688081,688081.SH,兴图新科,上交所,科创板,软件服务,湖北,6.81,8.73,16.18,35.44,28.19%,85.34%,119.04%,420.41%,否
301550,301550.SZ,斯菱智驱,深交所,创业板,汽车配件,浙江,24.44,34.71,70.0,127.0,42.02%,101.67%,81.43%,419.64%,否
300468,300468.SZ,四方精创,深交所,创业板,软件服务,深圳,6.3,9.0,17.79,32.6,42.86%,97.67%,83.25%,417.46%,否
600301,600301.SH,华锡有色,上交所,主板,小金属,广西,8.67,14.54,17.06,44.78,67.70%,17.33%,162.49%,416.49%,否
300499,300499.SZ,高澜股份,深交所,创业板,专用机械,广东,7.05,9.15,13.26,36.3,29.79%,44.92%,173.76%,414.89%,否
300385,300385.SZ,ST雪浪,深交所,创业板,环境保护,江苏,3.48,3.5,3.7,17.88,0.57%,5.71%,383.24%,413.79%,是
920046,920046.BJ,亿能电力,北交所,北交所,电气设备,江苏,5.88,6.59,13.4,30.18,12.07%,103.34%,125.22%,413.27%,否
002851,002851.SZ,麦格米特,深交所,主板,电气设备,深圳,18.66,22.2,41.37,95.7,18.97%,86.35%,131.33%,412.86%,否
603663,603663.SH,三祥新材,上交所,主板,小金属,福建,7.66,13.22,18.78,39.14,72.58%,42.06%,108.41%,410.97%,否
688607,688607.SH,康众医疗,上交所,科创板,医疗保健,江苏,9.71,10.11,14.21,49.55,4.12%,40.55%,248.70%,410.30%,否
300953,300953.SZ,震裕科技,深交所,创业板,电气设备,浙江,29.83,45.55,100.75,151.66,52.70%,121.19%,50.53%,408.41%,否
300689,300689.SZ,澄天伟业,深交所,创业板,通信设备,深圳,8.65,14.01,23.01,43.97,61.97%,64.24%,91.09%,408.32%,否
301182,301182.SZ,凯旺科技,深交所,创业板,元器件,河南,9.95,19.08,25.0,49.69,91.76%,31.03%,98.76%,399.40%,否
600722,600722.SH,金牛化工,上交所,主板,化工原料,河北,3.02,3.72,4.17,15.07,23.18%,12.10%,261.39%,399.01%,否
301389,301389.SZ,隆扬电子,深交所,创业板,元器件,江苏,9.77,11.83,13.8,48.46,21.08%,16.65%,251.16%,396.01%,否
603306,603306.SH,华懋科技,上交所,主板,汽车配件,福建,14.47,17.35,26.56,71.58,19.90%,53.08%,169.50%,394.68%,否
300816,300816.SZ,艾可蓝,深交所,创业板,汽车配件,安徽,12.89,17.83,21.99,63.62,38.32%,23.33%,189.31%,393.56%,否
000603,000603.SZ,盛达资源,深交所,主板,铅锌,北京,7.11,10.77,11.53,35.09,51.48%,7.06%,204.34%,393.53%,否
301086,301086.SZ,鸿富瀚,深交所,创业板,元器件,深圳,23.29,32.38,34.5,114.02,39.03%,6.55%,230.49%,389.57%,否
688233,688233.SH,神工股份,上交所,科创板,半导体,辽宁,13.94,13.95,18.36,68.01,0.07%,31.61%,270.42%,387.88%,否
600601,600601.SH,方正科技,上交所,主板,元器件,上海,1.93,2.65,3.7,9.37,37.31%,39.62%,153.24%,385.49%,否
300868,300868.SZ,杰美特,深交所,创业板,元器件,深圳,10.43,16.1,23.2,50.5,54.36%,44.10%,117.67%,384.18%,否
301225,301225.SZ,恒勃股份,深交所,创业板,汽车配件,浙江,19.1,21.98,28.4,92.24,15.08%,29.21%,224.79%,382.93%,否
003041,003041.SZ,真爱美家,深交所,主板,纺织,浙江,9.95,10.35,25.1,48.05,4.02%,142.51%,91.43%,382.91%,否
002082,002082.SZ,ST万邦,深交所,主板,中成药,浙江,3.8,4.07,4.82,18.31,7.11%,18.43%,279.88%,381.84%,是
300756,300756.SZ,金马游乐,深交所,创业板,专用机械,广东,8.54,11.51,14.82,41.11,34.78%,28.76%,177.40%,381.38%,否
688158,688158.SH,优刻得,上交所,科创板,软件服务,上海,8.6,9.69,17.92,40.92,12.67%,84.93%,128.35%,375.81%,否
301228,301228.SZ,实朴检测,深交所,创业板,电器仪表,上海,8.11,10.48,18.53,38.52,29.22%,76.81%,107.88%,374.97%,否
000688,000688.SZ,国城矿业,深交所,主板,铅锌,四川,6.91,9.37,9.45,32.8,35.60%,0.85%,247.09%,374.67%,否
300255,300255.SZ,常山药业,深交所,创业板,生物制药,河北,7.56,9.84,15.75,35.71,30.16%,60.06%,126.73%,372.35%,否
600343,600343.SH,航天动力,上交所,主板,机械基件,陕西,6.19,8.1,9.81,29.03,30.86%,21.11%,195.92%,368.98%,否
300819,300819.SZ,聚杰微纤,深交所,创业板,纺织,江苏,8.39,10.21,20.0,39.29,21.69%,95.89%,96.45%,368.30%,否
920223,920223.BJ,荣亿精密,北交所,北交所,机械基件,浙江,3.3,3.6,8.52,15.4,9.09%,136.67%,80.75%,366.67%,否
002916,002916.SZ,深南电路,深交所,主板,元器件,深圳,49.0,87.02,99.0,228.09,77.59%,13.77%,130.39%,365.49%,否
300611,300611.SZ,美力科技,深交所,创业板,汽车配件,浙江,5.81,7.98,22.0,26.9,37.35%,175.69%,22.27%,362.99%,否
688335,688335.SH,复洁科技,上交所,科创板,环境保护,上海,7.35,7.55,7.88,34.03,2.72%,4.37%,331.85%,362.99%,否
300442,300442.SZ,润泽科技,深交所,创业板,软件服务,河北,17.67,22.81,48.15,81.49,29.09%,111.09%,69.24%,361.18%,否
688171,688171.SH,纬德信息,上交所,科创板,软件服务,广东,10.26,11.94,14.51,47.07,16.37%,21.52%,224.40%,358.77%,否
603040,603040.SH,新坐标,上交所,主板,汽车配件,浙江,16.0,19.3,21.2,73.35,20.63%,9.84%,245.99%,358.44%,否
002611,002611.SZ,东方精工,深交所,主板,轻工机械,广东,3.59,5.16,8.66,16.38,43.73%,67.83%,89.15%,356.27%,否
688191,688191.SH,智洋创新,上交所,科创板,软件服务,山东,9.18,13.96,18.91,41.8,52.07%,35.46%,121.05%,355.34%,否
301317,301317.SZ,鑫磊股份,深交所,创业板,机械基件,浙江,10.29,15.0,15.81,46.68,45.77%,5.40%,195.26%,353.64%,否
301042,301042.SZ,安联锐视,深交所,创业板,IT设备,广东,19.17,28.01,28.31,86.88,46.11%,1.07%,206.89%,353.21%,否
000547,000547.SZ,航天发展,深交所,主板,通信设备,福建,5.48,6.24,6.42,24.83,13.87%,2.88%,286.76%,353.10%,否
002130,002130.SZ,沃尔核材,深交所,主板,电气设备,深圳,5.03,10.86,14.8,22.79,115.90%,36.28%,53.99%,353.08%,否
603011,603011.SH,合锻智能,上交所,主板,专用机械,安徽,4.41,5.51,9.07,19.93,24.94%,64.61%,119.74%,351.93%,否
603986,603986.SH,兆易创新,上交所,主板,半导体,北京,57.0,65.0,98.87,256.88,14.04%,52.11%,159.82%,350.67%,否
300684,300684.SZ,中石科技,深交所,创业板,元器件,北京,10.1,14.33,17.03,45.46,41.88%,18.84%,166.94%,350.10%,否
688668,688668.SH,鼎通科技,上交所,科创板,通信设备,广东,28.01,31.48,32.6,126.06,12.39%,3.56%,286.69%,350.05%,否
000534,000534.SZ,万泽股份,深交所,主板,生物制药,广东,8.56,9.19,13.01,38.47,7.36%,41.57%,195.70%,349.42%,否
000988,000988.SZ,华工科技,深交所,主板,专用机械,湖北,23.5,28.36,32.33,105.55,20.68%,14.00%,226.48%,349.15%,否
002361,002361.SZ,神剑股份,深交所,主板,化工原料,安徽,2.39,3.0,4.9,10.73,25.52%,63.33%,118.98%,348.95%,否
300672,300672.SZ,国科微,深交所,创业板,半导体,湖南,36.33,42.01,55.0,163.03,15.63%,30.92%,196.42%,348.75%,否
300329,300329.SZ,海伦钢琴,深交所,创业板,文教休闲,浙江,3.41,4.1,4.85,15.3,20.23%,18.29%,215.46%,348.68%,否
603067,603067.SH,振华股份,上交所,主板,化工原料,湖北,6.83,10.09,14.52,30.6,47.73%,43.90%,110.74%,348.02%,否
300762,300762.SZ,上海瀚讯,深交所,创业板,通信设备,上海,7.3,12.85,17.2,32.66,76.03%,33.85%,89.88%,347.40%,否
688226,688226.SH,威腾电气,上交所,科创板,电气设备,江苏,9.19,14.86,27.08,41.02,61.70%,82.23%,51.48%,346.35%,否
601606,601606.SH,长城军工,上交所,主板,专用机械,安徽,8.11,9.22,10.85,36.0,13.69%,17.68%,231.80%,343.90%,否
301040,301040.SZ,中环海陆,深交所,创业板,机械基件,江苏,8.55,10.1,12.79,37.92,18.13%,26.63%,196.48%,343.51%,否
603843,603843.SH,*ST正平,上交所,主板,建筑工程,青海,1.94,2.43,2.76,8.56,25.26%,13.58%,210.14%,341.24%,是
300503,300503.SZ,昊志机电,深交所,创业板,机械基件,广东,10.22,10.81,17.61,45.03,5.77%,62.90%,155.71%,340.61%,否
301123,301123.SZ,奕东电子,深交所,创业板,元器件,广东,11.1,15.01,15.52,48.88,35.23%,3.40%,214.95%,340.36%,否
605389,605389.SH,长龄液压,上交所,主板,机械基件,江苏,16.1,16.82,24.94,70.88,4.47%,48.28%,184.20%,340.25%,否
002779,002779.SZ,中坚科技,深交所,主板,农用机械,浙江,19.45,29.5,70.83,85.17,51.67%,140.10%,20.25%,337.89%,否
603920,603920.SH,世运电路,上交所,主板,元器件,广东,11.25,20.05,20.92,49.26,78.22%,4.34%,135.47%,337.87%,否
603601,603601.SH,再升科技,上交所,主板,玻璃,重庆,2.45,2.63,2.83,10.71,7.35%,7.60%,278.45%,337.14%,否
603683,603683.SH,晶华新材,上交所,主板,化工原料,上海,6.16,7.35,9.21,26.8,19.32%,25.31%,190.99%,335.06%,否
600580,600580.SH,卧龙电驱,上交所,主板,电气设备,浙江,8.52,10.11,19.15,37.0,18.66%,89.42%,93.21%,334.27%,否
688800,688800.SH,瑞可达,上交所,科创板,元器件,江苏,19.2,19.71,34.35,83.3,2.66%,74.28%,142.50%,333.85%,否
002272,002272.SZ,川润股份,深交所,主板,机械基件,四川,3.69,4.63,6.8,16.0,25.47%,46.87%,135.29%,333.60%,否
603530,603530.SH,神马电力,上交所,主板,电气设备,江苏,13.16,20.41,21.51,56.73,55.09%,5.39%,163.74%,331.08%,否
300115,300115.SZ,长盈精密,深交所,创业板,元器件,深圳,6.97,10.31,17.13,30.02,47.92%,66.15%,75.25%,330.70%,否
300539,300539.SZ,横河精密,深交所,创业板,塑料,浙江,5.98,7.58,10.33,25.75,26.76%,36.28%,149.27%,330.60%,否
002487,002487.SZ,大金重工,深交所,主板,电气设备,辽宁,16.5,17.48,20.82,71.04,5.94%,19.11%,241.21%,330.55%,否
002667,002667.SZ,*ST威领,深交所,主板,小金属,湖南,5.96,6.19,10.35,25.65,3.86%,67.21%,147.83%,330.37%,是
300065,300065.SZ,海兰信,深交所,创业板,船舶,北京,5.06,6.32,11.73,21.71,24.90%,85.60%,85.08%,329.05%,否
603699,603699.SH,纽威股份,上交所,主板,机械基件,江苏,11.25,17.68,21.9,48.18,57.16%,23.87%,120.00%,328.27%,否
601020,601020.SH,华钰矿业,上交所,主板,铅锌,西藏,6.03,10.47,15.02,25.81,73.63%,43.46%,71.84%,328.03%,否
000908,000908.SZ,ST景峰,深交所,主板,化学制药,湖南,1.51,3.74,4.04,6.43,147.68%,8.02%,59.16%,325.83%,是
600418,600418.SH,江淮汽车,上交所,主板,汽车整车,安徽,10.28,20.87,28.26,43.69,103.02%,35.41%,54.60%,325.00%,否
301079,301079.SZ,邵阳液压,深交所,创业板,机械基件,湖南,8.1,13.28,20.11,34.39,63.95%,51.43%,71.01%,324.57%,否
300191,300191.SZ,潜能恒信,深交所,创业板,石油开采,北京,8.39,11.79,12.71,35.58,40.52%,7.80%,179.94%,324.08%,否
300322,300322.SZ,硕贝德,深交所,创业板,元器件,广东,5.39,9.09,9.59,22.83,68.65%,5.50%,138.06%,323.56%,否
002195,002195.SZ,岩山科技,深交所,主板,软件服务,上海,2.12,2.25,4.15,8.91,6.13%,84.44%,114.70%,320.28%,否
300766,300766.SZ,每日互动,深交所,创业板,互联网,浙江,7.75,10.1,30.93,32.52,30.32%,206.24%,5.14%,319.61%,否
688660,688660.SH,电气风电,上交所,科创板,电气设备,上海,2.98,3.03,5.83,12.5,1.68%,92.41%,114.41%,319.46%,否
688418,688418.SH,震有科技,上交所,科创板,通信设备,深圳,8.9,14.46,27.67,37.31,62.47%,91.36%,34.84%,319.21%,否
001696,001696.SZ,宗申动力,深交所,主板,摩托车,重庆,4.45,11.63,16.26,18.62,161.35%,39.81%,14.51%,318.43%,否
603200,603200.SH,上海洗霸,上交所,主板,环境保护,上海,13.18,17.75,29.65,55.09,34.67%,67.04%,85.80%,317.98%,否
300885,300885.SZ,海昌新材,深交所,创业板,机械基件,江苏,5.0,7.75,8.67,20.87,55.00%,11.87%,140.72%,317.40%,否
300179,300179.SZ,四方达,深交所,创业板,矿物制品,河南,4.9,6.5,7.06,20.45,32.65%,8.62%,189.66%,317.35%,否
002342,002342.SZ,巨力索具,深交所,主板,机械基件,河北,2.75,2.96,3.84,11.47,7.64%,29.73%,198.70%,317.09%,否
301137,301137.SZ,哈焊华通,深交所,创业板,机械基件,江苏,10.7,14.83,18.16,44.56,38.60%,22.45%,145.37%,316.45%,否
002246,002246.SZ,北化股份,深交所,主板,化工原料,四川,5.47,8.51,8.6,22.77,55.58%,1.06%,164.77%,316.27%,否
002730,002730.SZ,电光科技,深交所,主板,专用机械,浙江,5.35,6.33,11.56,22.2,18.32%,82.62%,92.04%,314.95%,否
300328,300328.SZ,宜安科技,深交所,创业板,小金属,广东,3.85,5.3,7.54,15.9,37.66%,42.26%,110.88%,312.99%,否
300570,300570.SZ,太辰光,深交所,创业板,通信设备,深圳,26.71,27.04,54.69,110.15,1.24%,102.26%,101.41%,312.39%,否
300943,300943.SZ,春晖智控,深交所,创业板,机械基件,浙江,6.55,10.2,10.41,26.93,55.73%,2.06%,158.69%,311.15%,否
688307,688307.SH,中润光学,上交所,科创板,元器件,浙江,14.34,17.21,20.41,58.88,20.01%,18.59%,188.49%,310.60%,否
002413,002413.SZ,雷科防务,深交所,主板,通信设备,北京,2.96,3.52,3.83,12.15,18.92%,8.81%,217.23%,310.47%,否
600889,600889.SH,*ST京化,上交所,主板,机械基件,江苏,3.35,4.89,12.67,13.75,45.97%,159.10%,8.52%,310.45%,是
688336,688336.SH,三生国健,上交所,科创板,生物制药,上海,16.15,16.31,23.46,66.0,0.99%,43.84%,181.33%,308.67%,否
600183,600183.SH,生益科技,上交所,主板,元器件,广东,13.54,16.69,20.8,55.06,23.26%,24.63%,164.71%,306.65%,否
688282,688282.SH,理工导航,上交所,科创板,通信设备,北京,15.18,21.82,38.33,61.6,43.74%,75.66%,60.71%,305.80%,否
688379,688379.SH,华光新材,上交所,科创板,机械基件,浙江,10.6,13.92,17.65,43.0,31.32%,26.80%,143.63%,305.66%,否
300170,300170.SZ,汉得信息,深交所,创业板,软件服务,上海,4.74,6.57,14.14,19.09,38.61%,115.22%,35.01%,302.74%,否
605100,605100.SH,华丰股份,上交所,主板,机械基件,山东,9.41,10.61,19.5,37.88,12.75%,83.79%,94.26%,302.55%,否
300395,300395.SZ,菲利华,深交所,创业板,玻璃,湖北,22.58,28.81,43.88,90.38,27.59%,52.31%,105.97%,300.27%,否
002149,002149.SZ,西部材料,深交所,主板,小金属,陕西,9.98,12.68,18.23,39.92,27.05%,43.77%,118.98%,300.00%,否
300836,300836.SZ,佰奥智能,深交所,创业板,专用机械,江苏,13.25,32.5,36.07,52.75,145.28%,10.98%,46.24%,298.11%,否
300959,300959.SZ,线上线下,深交所,创业板,电信运营,江苏,18.67,23.8,30.5,74.29,27.48%,28.15%,143.57%,297.91%,否
688523,688523.SH,航天环宇,上交所,科创板,航空,湖南,14.35,15.3,17.75,56.81,6.62%,16.01%,220.06%,295.89%,否
600869,600869.SH,远东股份,上交所,主板,电气设备,青海,3.02,3.48,3.94,11.95,15.23%,13.22%,203.30%,295.70%,否
603216,603216.SH,梦天家居,上交所,主板,家居用品,浙江,8.0,8.93,9.57,31.62,11.62%,7.17%,230.41%,295.25%,否
002008,002008.SZ,大族激光,深交所,主板,专用机械,深圳,15.1,18.72,21.51,59.62,23.97%,14.90%,177.17%,294.83%,否
300432,300432.SZ,富临精工,深交所,创业板,汽车配件,四川,5.53,6.56,13.85,21.78,18.63%,111.13%,57.26%,293.85%,否
300588,300588.SZ,熙菱信息,深交所,创业板,IT设备,新疆,5.96,8.87,9.31,23.41,48.83%,4.96%,151.45%,292.79%,否
688229,688229.SH,博睿数据,上交所,科创板,软件服务,北京,20.46,33.3,38.0,80.18,62.76%,14.11%,111.00%,291.89%,否
002792,002792.SZ,通宇通讯,深交所,主板,通信设备,广东,9.55,10.6,11.1,37.4,10.99%,4.72%,236.94%,291.62%,否
920252,920252.BJ,天宏锂电,北交所,北交所,电气设备,浙江,6.55,6.94,13.06,25.63,5.95%,88.18%,96.25%,291.30%,否
301021,301021.SZ,英诺激光,深交所,创业板,专用机械,深圳,12.22,16.52,22.3,47.77,35.19%,34.99%,114.22%,290.92%,否
301148,301148.SZ,嘉戎技术,深交所,创业板,环境保护,福建,12.16,15.31,15.71,47.29,25.90%,2.61%,201.02%,288.90%,否
002350,002350.SZ,北京科锐,深交所,主板,电气设备,北京,3.75,4.83,5.14,14.56,28.80%,6.42%,183.27%,288.27%,否
002281,002281.SZ,光迅科技,深交所,主板,通信设备,湖北,19.9,26.56,36.24,76.67,33.47%,36.45%,111.56%,285.28%,否
002028,002028.SZ,思源电气,深交所,主板,电气设备,上海,52.02,65.57,68.5,200.3,26.05%,4.47%,192.41%,285.04%,否
300249,300249.SZ,依米康,深交所,创业板,IT设备,四川,4.19,6.68,10.42,16.13,59.43%,55.99%,54.80%,284.96%,否
688322,688322.SH,奥比中光,上交所,科创板,元器件,深圳,18.83,21.16,41.53,72.45,12.37%,96.27%,74.45%,284.76%,否
003018,003018.SZ,金富科技,深交所,主板,塑料,广东,6.28,7.57,8.35,24.01,20.54%,10.30%,187.54%,282.32%,否
301196,301196.SZ,唯科科技,深交所,创业板,专用机械,福建,22.5,27.98,36.0,86.0,24.36%,28.66%,138.89%,282.22%,否
002558,002558.SZ,巨人网络,深交所,主板,互联网,重庆,8.06,9.16,11.63,30.79,13.65%,26.97%,164.75%,282.01%,否
688312,688312.SH,燕麦科技,上交所,科创板,专用机械,深圳,11.5,20.13,20.36,43.86,75.04%,1.14%,115.42%,281.39%,否
688367,688367.SH,工大高科,上交所,科创板,运输设备,安徽,9.1,11.31,13.02,34.6,24.29%,15.12%,165.75%,280.22%,否
300505,300505.SZ,川金诺,深交所,创业板,农药化肥,云南,7.68,10.69,14.1,29.18,39.19%,31.90%,106.95%,279.95%,否
300489,300489.SZ,光智科技,深交所,创业板,专用机械,浙江,10.92,20.11,39.38,41.44,84.16%,95.82%,5.23%,279.49%,否
300648,300648.SZ,星云股份,深交所,创业板,电气设备,福建,13.21,17.78,20.81,49.76,34.60%,17.04%,139.12%,276.68%,否
002545,002545.SZ,东方铁塔,深交所,主板,农药化肥,山东,5.7,5.81,6.67,21.45,1.93%,14.80%,221.59%,276.32%,否
002625,002625.SZ,光启技术,深交所,主板,航空,深圳,10.21,19.05,32.8,38.38,86.58%,72.18%,17.01%,275.91%,否
688200,688200.SH,华峰测控,上交所,科创板,半导体,北京,68.08,76.59,127.9,255.02,12.50%,66.99%,99.39%,274.59%,否
600577,600577.SH,精达股份,上交所,主板,电气设备,安徽,3.03,4.07,5.36,11.35,34.32%,31.70%,111.75%,274.59%,否
000559,000559.SZ,万向钱潮,深交所,主板,汽车配件,浙江,3.91,4.92,5.64,14.64,25.83%,14.63%,159.57%,274.42%,否
300986,300986.SZ,志特新材,深交所,创业板,建筑工程,江西,6.21,7.44,13.82,23.19,19.81%,85.75%,67.80%,273.43%,否
601777,601777.SH,千里科技,上交所,主板,摩托车,重庆,2.44,3.81,6.65,9.11,56.15%,74.54%,36.99%,273.36%,否
002213,002213.SZ,大为股份,深交所,主板,半导体,深圳,7.44,9.51,10.8,27.77,27.82%,13.56%,157.13%,273.25%,否
002112,002112.SZ,三变科技,深交所,主板,电气设备,浙江,6.09,9.11,10.69,22.71,49.59%,17.34%,112.44%,272.91%,否
300137,300137.SZ,先河环保,深交所,创业板,环境保护,河北,3.53,3.66,5.25,13.16,3.68%,43.44%,150.67%,272.80%,否
688630,688630.SH,芯碁微装,上交所,科创板,专用机械,安徽,45.0,47.09,55.95,167.6,4.64%,18.82%,199.55%,272.44%,否
300563,300563.SZ,神宇股份,深交所,创业板,通信设备,江苏,7.8,26.0,27.7,29.05,233.33%,6.54%,4.87%,272.44%,否
603286,603286.SH,日盈电子,上交所,主板,汽车配件,江苏,13.94,15.64,22.22,51.88,12.20%,42.07%,133.48%,272.17%,否
301007,301007.SZ,德迈仕,深交所,创业板,汽车配件,辽宁,8.29,11.45,13.98,30.85,38.12%,22.10%,120.67%,272.14%,否
603316,603316.SH,诚邦股份,上交所,主板,建筑工程,浙江,3.85,4.34,4.46,14.32,12.73%,2.76%,221.08%,271.95%,否
600619,600619.SH,海立股份,上交所,主板,家用电器,上海,4.26,7.18,9.44,15.82,68.54%,31.48%,67.58%,271.36%,否
300421,300421.SZ,力星股份,深交所,创业板,机械基件,江苏,5.93,8.04,11.29,22.0,35.58%,40.42%,94.86%,270.99%,否
300277,300277.SZ,汽轮科技,深交所,创业板,机械基件,浙江,4.92,7.31,10.07,18.23,48.58%,37.76%,81.03%,270.53%,否
688593,688593.SH,新相微,上交所,科创板,半导体,上海,7.74,9.46,13.63,28.63,22.22%,44.08%,110.05%,269.90%,否
600549,600549.SH,厦门钨业,上交所,主板,小金属,福建,13.81,17.52,17.53,51.0,26.86%,0.06%,190.93%,269.30%,否
300895,300895.SZ,铜牛信息,深交所,创业板,软件服务,北京,17.02,25.9,39.28,62.77,52.17%,51.66%,59.80%,268.80%,否
300521,300521.SZ,爱司凯,深交所,创业板,专用机械,广东,6.94,10.18,17.4,25.45,46.69%,70.92%,46.26%,266.71%,否
300131,300131.SZ,英唐智控,深交所,创业板,元器件,深圳,3.38,4.79,5.64,12.37,41.72%,17.75%,119.33%,265.98%,否
603115,603115.SH,海星股份,上交所,主板,铝,江苏,8.83,10.73,11.26,32.25,21.52%,4.94%,186.41%,265.23%,否
688168,688168.SH,安博通,上交所,科创板,软件服务,北京,18.83,27.03,49.0,68.64,43.55%,81.28%,40.08%,264.52%,否
600879,600879.SH,航天电子,上交所,主板,航空,湖北,5.6,7.18,8.02,20.4,28.21%,11.70%,154.36%,264.29%,否
002165,002165.SZ,红宝丽,深交所,主板,化工原料,江苏,2.56,3.23,6.42,9.32,26.17%,98.76%,45.17%,264.06%,否
300666,300666.SZ,江丰电子,深交所,创业板,半导体,浙江,34.6,43.35,64.58,125.48,25.29%,48.97%,94.30%,262.66%,否
688248,688248.SH,南网科技,上交所,科创板,电气设备,广东,17.0,26.3,26.42,61.58,54.71%,0.46%,133.08%,262.24%,否
300835,300835.SZ,龙磁科技,深交所,创业板,矿物制品,安徽,19.41,22.24,30.5,70.27,14.58%,37.14%,130.39%,262.03%,否
300265,300265.SZ,通光线缆,深交所,创业板,电气设备,江苏,4.68,6.37,6.52,16.91,36.11%,2.35%,159.36%,261.32%,否
002298,002298.SZ,中电鑫龙,深交所,主板,电气设备,安徽,3.15,3.94,4.06,11.38,25.08%,3.05%,180.30%,261.27%,否
301365,301365.SZ,矩阵股份,深交所,创业板,建筑工程,深圳,8.08,10.17,15.2,29.15,25.87%,49.46%,91.78%,260.77%,否
300846,300846.SZ,首都在线,深交所,创业板,软件服务,北京,7.57,9.09,16.59,27.31,20.08%,82.51%,64.62%,260.77%,否
301488,301488.SZ,豪恩汽电,深交所,创业板,汽车配件,深圳,35.13,46.32,47.0,126.45,31.85%,1.47%,169.04%,259.95%,否
300010,300010.SZ,ST豆神,深交所,创业板,软件服务,北京,1.64,2.65,5.79,5.9,61.59%,118.49%,1.90%,259.76%,是
600589,600589.SH,大位科技,上交所,主板,软件服务,广东,2.65,2.81,5.25,9.51,6.04%,86.83%,81.14%,258.87%,否
300007,300007.SZ,汉威科技,深交所,创业板,电器仪表,河南,11.52,12.1,26.01,41.2,5.03%,114.96%,58.40%,257.64%,否
300785,300785.SZ,值得买,深交所,创业板,互联网,北京,12.6,17.09,23.47,45.01,35.63%,37.33%,91.78%,257.22%,否
301226,301226.SZ,祥明智能,深交所,创业板,电气设备,江苏,10.6,16.51,19.86,37.72,55.75%,20.29%,89.93%,255.85%,否
603228,603228.SH,景旺电子,上交所,主板,元器件,深圳,15.51,22.79,25.4,55.15,46.94%,11.45%,117.13%,255.58%,否
603988,603988.SH,中电电机,上交所,主板,电气设备,江苏,6.53,13.01,15.72,23.2,99.23%,20.83%,47.58%,255.28%,否
300321,300321.SZ,同大股份,深交所,创业板,塑料,山东,9.01,13.8,28.03,32.0,53.16%,103.12%,14.16%,255.16%,否
300984,300984.SZ,金沃股份,深交所,创业板,机械基件,浙江,14.4,18.5,45.0,51.1,28.47%,143.24%,13.56%,254.86%,否
300046,300046.SZ,台基股份,深交所,创业板,半导体,湖北,8.54,14.91,23.3,30.27,74.59%,56.27%,29.91%,254.45%,否
603766,603766.SH,隆鑫通用,上交所,主板,摩托车,重庆,3.86,6.84,9.22,13.68,77.20%,34.80%,48.37%,254.40%,否
600490,600490.SH,鹏欣资源,上交所,主板,铜,上海,1.94,2.68,3.06,6.87,38.14%,14.18%,124.51%,254.12%,否
301027,301027.SZ,华蓝集团,深交所,创业板,建筑工程,广西,6.02,7.56,9.0,21.31,25.58%,19.05%,136.78%,253.99%,否
301362,301362.SZ,民爆光电,深交所,创业板,电气设备,深圳,25.53,30.18,31.01,90.35,18.21%,2.75%,191.36%,253.90%,否
300409,300409.SZ,道氏技术,深交所,创业板,电气设备,广东,6.77,9.2,11.8,23.85,35.89%,28.26%,102.12%,252.29%,否
603893,603893.SH,瑞芯微,上交所,主板,半导体,福建,41.31,49.66,122.8,145.45,20.21%,147.28%,18.44%,252.09%,否
002261,002261.SZ,拓维信息,深交所,主板,软件服务,湖南,9.65,13.19,22.3,33.77,36.68%,69.07%,51.43%,249.95%,否
600711,600711.SH,盛屯矿业,上交所,主板,小金属,福建,3.08,3.57,4.97,10.77,15.91%,39.22%,116.70%,249.68%,否
920885,920885.BJ,星辰科技,北交所,北交所,电器仪表,广西,5.21,5.22,12.0,18.2,0.19%,129.89%,51.67%,249.33%,否
300990,300990.SZ,同飞股份,深交所,创业板,专用机械,河北,22.05,28.66,32.51,77.01,29.98%,13.43%,136.88%,249.25%,否
300157,300157.SZ,新锦动力,深交所,创业板,专用机械,北京,1.83,2.21,2.28,6.38,20.77%,3.17%,179.82%,248.63%,否
603991,603991.SH,领先股份,上交所,主板,半导体,深圳,27.3,40.46,40.55,95.17,48.21%,0.22%,134.70%,248.61%,否
301070,301070.SZ,开勒股份,深交所,创业板,机械基件,上海,18.09,39.28,47.09,62.88,117.14%,19.88%,33.53%,247.60%,否
300018,300018.SZ,中元股份,深交所,创业板,电气设备,湖北,3.43,4.83,5.38,11.92,40.82%,11.39%,121.56%,247.52%,否
688160,688160.SH,步科股份,上交所,科创板,电器仪表,上海,28.4,31.35,64.0,98.28,10.39%,104.15%,53.56%,246.06%,否
600744,600744.SH,华银电力,上交所,主板,火力发电,湖南,2.3,2.82,3.31,7.95,22.61%,17.38%,140.18%,245.65%,否
688787,688787.SH,海天瑞声,上交所,科创板,软件服务,北京,37.23,41.81,71.01,128.12,12.30%,69.84%,80.43%,244.13%,否
002134,002134.SZ,天津普林,深交所,主板,元器件,天津,5.66,7.74,13.68,19.45,36.75%,76.74%,42.18%,243.64%,否
600498,600498.SH,烽火通信,上交所,主板,通信设备,湖北,12.17,14.42,18.69,41.8,18.49%,29.61%,123.65%,243.47%,否
688319,688319.SH,欧林生物,上交所,科创板,生物制药,四川,7.9,8.13,12.54,27.11,2.91%,54.24%,116.19%,243.16%,否
301237,301237.SZ,和顺科技,深交所,创业板,塑料,浙江,14.58,18.66,19.03,49.89,27.98%,1.98%,162.17%,242.18%,否
688662,688662.SH,富信科技,上交所,科创板,元器件,广东,15.25,20.6,28.76,52.11,35.08%,39.61%,81.19%,241.70%,否
300975,300975.SZ,商络电子,深交所,创业板,元器件,江苏,4.84,7.74,8.15,16.5,59.92%,5.30%,102.45%,240.91%,否
300920,300920.SZ,润阳科技,深交所,创业板,塑料,浙江,10.35,12.7,16.47,35.22,22.71%,29.69%,113.84%,240.29%,否
300520,300520.SZ,科大国创,深交所,创业板,软件服务,安徽,10.31,14.18,18.31,35.02,37.54%,29.13%,91.26%,239.67%,否
002975,002975.SZ,博杰股份,深交所,主板,专用机械,广东,19.42,23.5,24.6,65.8,21.01%,4.68%,167.48%,238.83%,否
002164,002164.SZ,宁波东力,深交所,主板,机械基件,浙江,3.39,3.88,5.87,11.41,14.45%,51.29%,94.38%,236.58%,否
300440,300440.SZ,运达科技,深交所,创业板,软件服务,四川,3.88,5.2,7.47,13.05,34.02%,43.65%,74.70%,236.34%,否
001238,001238.SZ,浙江正特,深交所,主板,家居用品,浙江,13.68,21.1,24.9,46.0,54.24%,18.01%,84.74%,236.26%,否
300995,300995.SZ,奇德新材,深交所,创业板,塑料,广东,9.53,12.87,19.6,32.04,35.05%,52.29%,63.47%,236.20%,否
300509,300509.SZ,新美星,深交所,创业板,专用机械,江苏,3.41,4.83,5.8,11.46,41.64%,20.08%,97.59%,236.07%,否
688141,688141.SH,杰华特,上交所,科创板,半导体,浙江,12.67,13.95,25.6,42.51,10.10%,83.51%,66.05%,235.52%,否
000901,000901.SZ,航天科技,深交所,主板,汽车配件,黑龙江,6.22,9.12,9.13,20.84,46.62%,0.11%,128.26%,235.05%,否
688172,688172.SH,燕东微,上交所,科创板,半导体,北京,11.86,12.09,16.3,39.68,1.94%,34.82%,143.44%,234.57%,否
688663,688663.SH,新风光,上交所,科创板,电气设备,山东,15.9,16.36,20.46,53.16,2.89%,25.06%,159.82%,234.34%,否
002896,002896.SZ,中大力德,深交所,主板,机械基件,浙江,21.74,24.63,62.55,72.38,13.29%,153.96%,15.72%,232.93%,否
002196,002196.SZ,方正电机,深交所,主板,纺织机械,浙江,3.93,4.33,6.4,13.06,10.18%,47.81%,104.06%,232.32%,否
300302,300302.SZ,同有科技,深交所,创业板,IT设备,北京,6.51,10.65,12.51,21.62,63.59%,17.46%,72.82%,232.10%,否
002549,002549.SZ,凯美特气,深交所,主板,环境保护,湖南,5.13,6.04,11.01,17.02,17.74%,82.28%,54.59%,231.77%,否
301213,301213.SZ,观想科技,深交所,创业板,软件服务,四川,19.46,28.9,40.0,64.51,48.51%,38.41%,61.28%,231.50%,否
002639,002639.SZ,雪人集团,深交所,主板,专用机械,福建,4.98,5.11,6.5,16.44,2.61%,27.20%,152.92%,230.12%,否
300005,300005.SZ,探路者,深交所,创业板,服饰,北京,3.54,5.0,8.01,11.66,41.24%,60.20%,45.57%,229.38%,否
688380,688380.SH,中微半导,上交所,科创板,半导体,深圳,12.72,16.81,22.45,41.89,32.15%,33.55%,86.59%,229.32%,否
002734,002734.SZ,利民股份,深交所,主板,农药化肥,江苏,5.04,6.71,10.58,16.59,33.13%,57.68%,56.81%,229.17%,否
688365,688365.SH,光云科技,上交所,科创板,软件服务,浙江,5.29,5.72,9.53,17.4,8.13%,66.61%,82.58%,228.92%,否
300669,300669.SZ,沪宁股份,深交所,创业板,运输设备,浙江,9.03,12.43,17.72,29.67,37.65%,42.56%,67.44%,228.57%,否
300201,300201.SZ,海伦哲,深交所,创业板,工程机械,江苏,3.05,3.12,4.38,10.01,2.30%,40.38%,128.54%,228.20%,否
002970,002970.SZ,锐明技术,深交所,主板,IT设备,深圳,18.94,30.65,38.05,61.88,61.83%,24.14%,62.63%,226.72%,否
600714,600714.SH,金瑞矿业,上交所,主板,化工原料,青海,5.48,7.0,8.61,17.89,27.74%,23.00%,107.78%,226.46%,否
301003,301003.SZ,江苏博云,深交所,创业板,塑料,江苏,14.4,18.57,21.35,47.0,28.96%,14.97%,120.14%,226.39%,否
300602,300602.SZ,飞荣达,深交所,创业板,元器件,深圳,9.05,13.49,15.59,29.4,49.06%,15.57%,88.58%,224.86%,否
002222,002222.SZ,福晶科技,深交所,主板,元器件,福建,18.33,21.96,27.8,59.53,19.80%,26.59%,114.14%,224.77%,否
300063,300063.SZ,天龙集团,深交所,创业板,互联网,广东,3.34,4.12,6.51,10.8,23.35%,58.01%,65.90%,223.35%,否
688610,688610.SH,埃科光电,上交所,科创板,电器仪表,安徽,23.49,26.76,29.43,75.9,13.92%,9.98%,157.90%,223.12%,否
920699,920699.BJ,海达尔,北交所,北交所,家用电器,江苏,11.61,17.6,36.24,37.51,51.59%,105.91%,3.50%,223.08%,否
600326,600326.SH,西藏天路,上交所,主板,水泥,西藏,2.73,5.29,5.64,8.82,93.77%,6.62%,56.38%,223.08%,否
601069,601069.SH,西部黄金,上交所,主板,黄金,新疆,8.88,11.18,13.61,28.67,25.90%,21.74%,110.65%,222.86%,否
300680,300680.SZ,隆盛科技,深交所,创业板,汽车配件,江苏,11.24,15.4,28.0,36.28,37.01%,81.82%,29.57%,222.78%,否
300004,300004.SZ,南风股份,深交所,创业板,电气设备,广东,3.47,4.19,5.59,11.2,20.75%,33.41%,100.36%,222.77%,否
605598,605598.SH,上海港湾,上交所,主板,建筑工程,上海,13.82,16.54,16.95,44.59,19.68%,2.48%,163.07%,222.65%,否
002553,002553.SZ,南方精工,深交所,主板,汽车配件,江苏,7.07,8.5,14.34,22.8,20.23%,68.71%,59.00%,222.49%,否
600513,600513.SH,联环药业,上交所,主板,化学制药,江苏,6.71,8.13,8.3,21.63,21.16%,2.09%,160.60%,222.35%,否
002170,002170.SZ,芭田股份,深交所,主板,农药化肥,深圳,3.76,5.8,8.85,12.07,54.26%,52.59%,36.38%,221.01%,否
301235,301235.SZ,华康洁净,深交所,创业板,医疗保健,湖北,14.03,15.94,16.91,45.0,13.61%,6.09%,166.11%,220.74%,否
001301,001301.SZ,尚太科技,深交所,主板,电气设备,河北,22.71,39.0,50.5,72.8,71.73%,29.49%,44.16%,220.56%,否
301358,301358.SZ,湖南裕能,深交所,创业板,电气设备,湖南,23.01,26.74,27.45,73.72,16.21%,2.66%,168.56%,220.38%,否
688123,688123.SH,聚辰股份,上交所,科创板,半导体,上海,33.75,42.43,60.18,108.02,25.72%,41.83%,79.49%,220.06%,否
600151,600151.SH,航天机电,上交所,主板,汽车配件,上海,3.9,5.06,5.66,12.47,29.74%,11.86%,120.32%,219.74%,否
300753,300753.SZ,爱朋医疗,深交所,创业板,医疗保健,江苏,8.52,10.88,16.88,27.18,27.70%,55.15%,61.02%,219.01%,否
605288,605288.SH,凯迪股份,上交所,主板,电气设备,江苏,27.05,29.14,32.0,86.2,7.73%,9.81%,169.38%,218.67%,否
300184,300184.SZ,力源信息,深交所,创业板,元器件,湖北,3.24,5.58,7.28,10.32,72.22%,30.47%,41.76%,218.52%,否
301373,301373.SZ,凌玮科技,深交所,创业板,化工原料,广东,17.7,19.96,25.6,56.36,12.77%,28.26%,120.16%,218.42%,否
300879,300879.SZ,大叶股份,深交所,创业板,农用机械,浙江,7.89,12.56,13.02,25.12,59.19%,3.66%,92.93%,218.38%,否
300455,300455.SZ,航天智装,深交所,创业板,IT设备,北京,7.25,10.14,11.04,23.07,39.86%,8.88%,108.97%,218.21%,否
688485,688485.SH,九州一轨,上交所,科创板,运输设备,北京,7.21,8.02,8.16,22.94,11.23%,1.75%,181.13%,218.17%,否
600259,600259.SH,中稀有色,上交所,主板,小金属,海南,23.33,23.98,35.63,74.15,2.79%,48.58%,108.11%,217.83%,否
002402,002402.SZ,和而泰,深交所,主板,元器件,深圳,8.87,9.04,15.08,28.13,1.92%,66.81%,86.54%,217.14%,否
301165,301165.SZ,锐捷网络,深交所,创业板,通信设备,福建,24.9,30.37,55.7,78.83,21.97%,83.40%,41.53%,216.59%,否
300113,300113.SZ,顺网科技,深交所,创业板,互联网,浙江,8.78,10.37,14.68,27.78,18.11%,41.56%,89.24%,216.40%,否
603045,603045.SH,福达合金,上交所,主板,小金属,浙江,8.93,9.46,12.38,28.24,5.94%,30.87%,128.11%,216.24%,否
300711,300711.SZ,广哈通信,深交所,创业板,通信设备,广东,7.53,14.97,17.62,23.77,98.80%,17.70%,34.90%,215.67%,否
002335,002335.SZ,科华数据,深交所,主板,电气设备,福建,18.03,18.36,31.98,56.85,1.83%,74.18%,77.77%,215.31%,否
688386,688386.SH,泛亚微透,上交所,科创板,化工原料,江苏,22.8,23.9,40.01,71.8,4.82%,67.41%,79.46%,214.91%,否
688456,688456.SH,有研粉材,上交所,科创板,铜,北京,16.33,26.3,29.24,51.39,61.05%,11.18%,75.75%,214.70%,否
688428,688428.SH,诺诚健华,上交所,科创板,生物制药,北京,7.45,9.53,15.18,23.4,27.92%,59.29%,54.15%,214.09%,否
300807,300807.SZ,天迈科技,深交所,创业板,软件服务,河南,14.73,25.2,28.2,46.12,71.08%,11.90%,63.55%,213.10%,否
002169,002169.SZ,智光电气,深交所,主板,电气设备,广东,4.25,4.39,4.58,13.28,3.29%,4.33%,189.96%,212.47%,否
300927,300927.SZ,江天化学,深交所,创业板,化工原料,江苏,8.61,15.16,20.52,26.88,76.07%,35.36%,30.99%,212.20%,否
001339,001339.SZ,智微智能,深交所,主板,IT设备,深圳,19.18,29.98,36.2,59.85,56.31%,20.75%,65.33%,212.04%,否
600302,600302.SH,ST标准,上交所,主板,纺织机械,陕西,3.41,3.78,4.0,10.62,10.85%,5.82%,165.50%,211.44%,是
603655,603655.SH,朗博科技,上交所,主板,汽车配件,江苏,11.67,13.06,20.5,36.26,11.91%,56.97%,76.88%,210.71%,否
000969,000969.SZ,安泰科技,深交所,主板,小金属,北京,6.18,8.08,10.1,19.17,30.74%,25.00%,89.80%,210.19%,否
301119,301119.SZ,正强股份,深交所,创业板,汽车配件,浙江,13.25,17.02,20.3,41.08,28.45%,19.27%,102.36%,210.04%,否
002278,002278.SZ,神开股份,深交所,主板,化工机械,上海,3.53,4.28,6.21,10.94,21.25%,45.09%,76.17%,209.92%,否
002685,002685.SZ,华东重机,深交所,主板,机床制造,江苏,2.03,3.14,4.6,6.29,54.68%,46.50%,36.74%,209.85%,否
002009,002009.SZ,天奇股份,深交所,主板,工程机械,江苏,7.45,10.18,10.82,23.01,36.64%,6.29%,112.66%,208.86%,否
688272,688272.SH,富吉瑞,上交所,科创板,元器件,北京,11.35,12.89,20.0,34.98,13.57%,55.16%,74.90%,208.19%,否
002943,002943.SZ,宇晶股份,深交所,主板,机床制造,湖南,14.85,18.21,19.8,45.75,22.63%,8.73%,131.06%,208.08%,否
002104,002104.SZ,恒宝股份,深交所,主板,通信设备,江苏,4.88,5.45,6.53,15.03,11.68%,19.82%,130.17%,207.99%,否
002245,002245.SZ,蔚蓝锂芯,深交所,主板,电气设备,江苏,5.4,7.01,10.53,16.63,29.81%,50.21%,57.93%,207.96%,否
301178,301178.SZ,天亿马,深交所,创业板,软件服务,广东,14.55,20.06,24.81,44.8,37.87%,23.68%,80.57%,207.90%,否
300444,300444.SZ,双杰电气,深交所,创业板,电气设备,北京,4.44,5.66,5.86,13.66,27.48%,3.53%,133.11%,207.66%,否
300478,300478.SZ,杭州高新,深交所,创业板,塑料,浙江,7.03,7.14,8.9,21.58,1.56%,24.65%,142.47%,206.97%,否
003036,003036.SZ,泰坦股份,深交所,主板,纺织机械,浙江,6.91,7.57,10.24,21.19,9.55%,35.27%,106.93%,206.66%,否
002595,002595.SZ,豪迈科技,深交所,主板,专用机械,山东,27.33,41.61,50.18,83.8,52.25%,20.60%,67.00%,206.62%,否
002380,002380.SZ,科远智慧,深交所,主板,软件服务,江苏,9.85,15.72,19.08,30.17,59.59%,21.37%,58.12%,206.29%,否
000408,000408.SZ,藏格矿业,深交所,主板,农药化肥,青海,23.55,23.95,31.0,72.08,1.70%,29.44%,132.52%,206.07%,否
605118,605118.SH,力鼎光电,上交所,主板,元器件,福建,12.09,13.84,14.49,37.0,14.47%,4.70%,155.35%,206.04%,否
301043,301043.SZ,绿岛风,深交所,创业板,机械基件,广东,18.01,22.5,23.18,55.1,24.93%,3.02%,137.70%,205.94%,否
301316,301316.SZ,慧博云通,深交所,创业板,软件服务,浙江,13.05,13.52,18.66,39.89,3.60%,38.02%,113.77%,205.67%,否
603803,603803.SH,瑞斯康达,上交所,主板,通信设备,北京,4.64,5.54,7.3,14.18,19.40%,31.77%,94.25%,205.60%,否
603166,603166.SH,福达股份,上交所,主板,汽车配件,广西,4.12,4.71,10.04,12.56,14.32%,113.16%,25.10%,204.85%,否
300077,300077.SZ,国民技术,深交所,创业板,半导体,深圳,6.48,9.82,18.76,19.74,51.54%,91.04%,5.22%,204.63%,否
000815,000815.SZ,美利云,深交所,主板,通信设备,宁夏,6.12,8.08,10.69,18.61,32.03%,32.30%,74.09%,204.08%,否
300192,300192.SZ,科德教育,深交所,创业板,文教休闲,江苏,5.64,9.88,12.44,17.15,75.18%,25.91%,37.86%,204.08%,否
301361,301361.SZ,众智科技,深交所,创业板,电气设备,河南,12.66,21.19,21.85,38.4,67.38%,3.11%,75.74%,203.32%,否
002255,002255.SZ,海陆重工,深交所,主板,专用机械,江苏,3.55,4.21,6.83,10.75,18.59%,62.23%,57.39%,202.82%,否
603121,603121.SH,华培动力,上交所,主板,汽车配件,上海,5.37,6.82,15.01,16.26,27.00%,120.09%,8.33%,202.79%,否
300652,300652.SZ,雷迪克,深交所,创业板,汽车配件,浙江,13.09,18.16,30.63,39.63,38.73%,68.67%,29.38%,202.75%,否
688143,688143.SH,长盈通,上交所,科创板,通信设备,湖北,15.24,17.7,26.19,46.11,16.14%,47.97%,76.06%,202.56%,否
688038,688038.SH,中科通达,上交所,科创板,软件服务,湖北,6.04,8.72,10.73,18.27,44.37%,23.05%,70.27%,202.48%,否
920751,920751.BJ,惠同新材,北交所,北交所,小金属,湖南,6.68,7.9,12.42,20.2,18.26%,57.22%,62.64%,202.40%,否
301265,301265.SZ,华新科技,深交所,创业板,环境保护,北京,6.71,7.67,7.87,20.27,14.31%,2.61%,157.56%,202.09%,否
688008,688008.SH,澜起科技,上交所,科创板,半导体,上海,43.77,47.7,63.14,132.1,8.98%,32.37%,109.22%,201.80%,否
301518,301518.SZ,长华化学,深交所,创业板,化工原料,江苏,12.81,13.7,16.03,38.66,6.95%,17.01%,141.17%,201.80%,否
688093,688093.SH,世华科技,上交所,科创板,化工原料,江苏,9.84,14.0,17.0,29.69,42.28%,21.43%,74.65%,201.73%,否
688510,688510.SH,航亚科技,上交所,科创板,航空,江苏,10.21,13.0,14.56,30.8,27.33%,12.00%,111.54%,201.67%,否
301013,301013.SZ,利和兴,深交所,创业板,专用机械,深圳,6.85,9.43,11.43,20.66,37.66%,21.21%,80.75%,201.61%,否
002448,002448.SZ,中原内配,深交所,主板,汽车配件,河南,4.41,5.22,5.86,13.3,18.37%,12.26%,126.96%,201.59%,否
920571,920571.BJ,国航远洋,北交所,北交所,水运,福建,3.33,3.47,6.1,10.04,4.20%,75.79%,64.59%,201.50%,否
000711,000711.SZ,ST京蓝,深交所,主板,环境保护,黑龙江,1.46,1.57,1.62,4.4,7.53%,3.18%,171.60%,201.37%,是
002546,002546.SZ,新联电子,深交所,主板,电气设备,江苏,3.02,3.13,3.78,9.08,3.64%,20.77%,140.21%,200.66%,否
002167,002167.SZ,东方锆业,深交所,主板,小金属,广东,3.85,5.09,7.02,11.53,32.21%,37.92%,64.25%,199.48%,否
605188,605188.SH,国光连锁,上交所,主板,超市连锁,江西,5.43,6.2,7.04,16.25,14.18%,13.55%,130.82%,199.26%,否
688565,688565.SH,力源科技,上交所,科创板,环境保护,浙江,4.06,4.26,5.49,12.15,4.93%,28.87%,121.31%,199.26%,否
300467,300467.SZ,迅游科技,深交所,创业板,互联网,四川,9.09,12.23,14.37,27.2,34.54%,17.50%,89.28%,199.23%,否
300955,300955.SZ,嘉亨家化,深交所,创业板,日用化工,福建,10.5,11.34,12.84,31.36,8.00%,13.23%,144.24%,198.67%,否
300733,300733.SZ,西菱动力,深交所,创业板,汽车配件,四川,5.78,9.0,11.92,17.26,55.71%,32.44%,44.80%,198.62%,否
301045,301045.SZ,天禄科技,深交所,创业板,元器件,江苏,13.6,15.58,16.55,40.61,14.56%,6.23%,145.38%,198.60%,否
000949,000949.SZ,新乡化纤,深交所,主板,化纤,河南,2.17,3.09,3.55,6.47,42.40%,14.89%,82.25%,198.16%,否
688041,688041.SH,海光信息,上交所,科创板,半导体,天津,68.08,75.61,131.66,202.98,11.06%,74.13%,54.17%,198.15%,否
300980,300980.SZ,祥源新材,深交所,创业板,塑料,湖北,11.35,13.23,16.69,33.79,16.56%,26.15%,102.46%,197.71%,否
300889,300889.SZ,爱克股份,深交所,创业板,电气设备,深圳,8.02,10.61,12.12,23.82,32.29%,14.23%,96.53%,197.01%,否
688013,688013.SH,天臣医疗,上交所,科创板,医疗保健,江苏,11.56,14.48,16.82,34.33,25.26%,16.16%,104.10%,196.97%,否
300572,300572.SZ,安车检测,深交所,创业板,电器仪表,深圳,8.16,11.11,15.8,24.22,36.15%,42.21%,53.29%,196.81%,否
000859,000859.SZ,国风新材,深交所,主板,塑料,安徽,3.04,3.32,5.47,9.02,9.21%,64.76%,64.90%,196.71%,否
300738,300738.SZ,奥飞数据,深交所,创业板,软件服务,广东,6.8,8.97,17.46,20.16,31.91%,94.65%,15.46%,196.47%,否
600392,600392.SH,盛和资源,上交所,主板,小金属,四川,7.07,7.92,10.34,20.9,12.02%,30.56%,102.13%,195.62%,否
300400,300400.SZ,劲拓股份,深交所,创业板,专用机械,深圳,7.36,11.34,12.31,21.68,54.08%,8.55%,76.12%,194.57%,否
688182,688182.SH,灿勤科技,上交所,科创板,通信设备,江苏,8.51,11.06,18.78,25.05,29.96%,69.80%,33.39%,194.36%,否
300035,300035.SZ,中科电气,深交所,创业板,电气设备,湖南,7.18,7.91,12.33,21.1,10.17%,55.88%,71.13%,193.87%,否
688306,688306.SH,均普智能,上交所,科创板,专用机械,浙江,2.97,3.76,7.73,8.72,26.60%,105.59%,12.81%,193.60%,否
002979,002979.SZ,雷赛智能,深交所,主板,专用机械,深圳,11.73,18.34,33.42,34.32,56.35%,82.22%,2.69%,192.58%,否
002772,002772.SZ,众兴菌业,深交所,主板,种植业,甘肃,5.47,5.98,7.61,16.0,9.32%,27.26%,110.25%,192.50%,否
300881,300881.SZ,盛德鑫泰,深交所,创业板,钢加工,江苏,13.92,22.86,24.63,40.71,64.22%,7.74%,65.29%,192.46%,否
300703,300703.SZ,创源股份,深交所,创业板,文教休闲,浙江,6.34,7.27,9.92,18.52,14.67%,36.45%,86.69%,192.11%,否
300593,300593.SZ,新雷能,深交所,创业板,电气设备,北京,7.7,8.77,11.98,22.48,13.90%,36.60%,87.65%,191.95%,否
002085,002085.SZ,万丰奥威,深交所,主板,汽车配件,浙江,4.83,11.88,13.07,14.09,145.96%,10.02%,7.80%,191.72%,否
688237,688237.SH,超卓航科,上交所,科创板,航空,湖北,15.65,15.68,19.99,45.65,0.19%,27.49%,128.36%,191.69%,否
600391,600391.SH,航发科技,上交所,主板,航空,四川,12.9,15.19,19.1,37.57,17.75%,25.74%,96.70%,191.24%,否
002633,002633.SZ,申科股份,深交所,主板,机械基件,浙江,5.99,7.25,8.48,17.42,21.04%,16.97%,105.42%,190.82%,否
002838,002838.SZ,道恩股份,深交所,主板,塑料,山东,7.98,8.58,13.01,23.19,7.52%,51.63%,78.25%,190.60%,否
300378,300378.SZ,鼎捷数智,深交所,创业板,软件服务,上海,12.71,16.9,26.17,36.89,32.97%,54.85%,40.96%,190.24%,否
603319,603319.SH,美湖股份,上交所,主板,汽车配件,湖南,10.8,15.12,24.04,31.33,40.00%,58.99%,30.32%,190.09%,否
300952,300952.SZ,恒辉安防,深交所,创业板,纺织,江苏,11.6,16.23,18.5,33.65,39.91%,13.99%,81.89%,190.09%,否
002600,002600.SZ,领益智造,深交所,主板,元器件,广东,4.3,5.98,6.16,12.45,39.07%,3.01%,102.11%,189.53%,否
001208,001208.SZ,华菱线缆,深交所,主板,电气设备,湖南,6.28,7.99,8.57,18.1,27.23%,7.26%,111.20%,188.22%,否
002357,002357.SZ,富临运业,深交所,主板,公共交通,四川,4.55,5.07,6.16,13.11,11.43%,21.50%,112.82%,188.13%,否
600651,600651.SH,飞乐音响,上交所,主板,电器仪表,上海,2.32,2.91,3.44,6.68,25.43%,18.21%,94.19%,187.93%,否
688097,688097.SH,博众精工,上交所,科创板,专用机械,江苏,18.48,19.14,20.31,53.14,3.57%,6.11%,161.64%,187.55%,否
603698,603698.SH,航天工程,上交所,主板,专用机械,北京,9.8,12.98,15.0,28.16,32.45%,15.56%,87.73%,187.35%,否
300790,300790.SZ,宇瞳光学,深交所,创业板,元器件,广东,7.86,12.01,17.24,22.56,52.80%,43.55%,30.86%,187.02%,否
600988,600988.SH,赤峰黄金,上交所,主板,黄金,内蒙,11.53,18.41,20.39,33.08,59.67%,10.76%,62.24%,186.90%,否
603366,603366.SH,日出东方,上交所,主板,家用电器,江苏,3.7,3.82,7.83,10.6,3.24%,104.97%,35.38%,186.49%,否
002768,002768.SZ,国恩股份,深交所,主板,塑料,山东,16.6,18.0,23.21,47.52,8.43%,28.94%,104.74%,186.27%,否
600592,600592.SH,龙溪股份,上交所,主板,机械基件,福建,6.66,8.16,13.67,19.06,22.52%,67.52%,39.43%,186.19%,否
000571,000571.SZ,新大洲A,深交所,主板,煤炭开采,海南,2.08,3.05,3.28,5.95,46.63%,7.54%,81.40%,186.06%,否
920914,920914.BJ,远航精密,北交所,北交所,小金属,江苏,7.63,7.72,15.59,21.8,1.18%,101.94%,39.83%,185.71%,否
300050,300050.SZ,世纪鼎利,深交所,创业板,通信设备,广东,2.28,3.94,4.02,6.51,72.81%,2.03%,61.94%,185.53%,否
603612,603612.SH,索通发展,上交所,主板,矿物制品,山东,8.77,9.96,13.38,25.03,13.57%,34.34%,87.07%,185.40%,否
301012,301012.SZ,扬电科技,深交所,创业板,电气设备,江苏,10.23,17.92,19.09,29.18,75.17%,6.53%,52.85%,185.24%,否
300132,300132.SZ,青松股份,深交所,创业板,化工原料,福建,2.84,3.57,4.47,8.1,25.70%,25.21%,81.21%,185.21%,否
000158,000158.SZ,常山北明,深交所,主板,软件服务,河北,5.9,10.65,16.62,16.82,80.51%,56.06%,1.20%,185.08%,否
600367,600367.SH,红星发展,上交所,主板,化工原料,贵州,7.47,8.96,11.01,21.26,19.95%,22.88%,93.10%,184.61%,否
603657,603657.SH,春光科技,上交所,主板,家用电器,浙江,8.58,10.09,13.37,24.4,17.60%,32.51%,82.50%,184.38%,否
688611,688611.SH,杭州柯林,上交所,科创板,电气设备,浙江,17.32,27.87,35.35,49.21,60.91%,26.84%,39.21%,184.12%,否
300901,300901.SZ,中胤时尚,深交所,创业板,服饰,浙江,5.27,6.94,10.84,14.95,31.69%,56.20%,37.92%,183.68%,否
300546,300546.SZ,雄帝科技,深交所,创业板,IT设备,深圳,7.43,11.96,13.33,21.06,60.97%,11.45%,57.99%,183.45%,否
301105,301105.SZ,鸿铭股份,深交所,创业板,专用机械,广东,18.53,22.49,25.01,52.48,21.37%,11.20%,109.84%,183.22%,否
300931,300931.SZ,通用电梯,深交所,创业板,运输设备,江苏,4.0,4.95,5.0,11.31,23.75%,1.01%,126.20%,182.75%,否
300696,300696.SZ,爱乐达,深交所,创业板,航空,四川,9.35,11.8,13.81,26.41,26.20%,17.03%,91.24%,182.46%,否
300279,300279.SZ,和晶科技,深交所,创业板,元器件,江苏,3.4,4.35,4.73,9.6,27.94%,8.74%,102.96%,182.35%,否
603130,603130.SH,云中马,上交所,主板,纺织,浙江,14.74,17.13,19.33,41.59,16.21%,12.84%,115.16%,182.16%,否
300399,300399.SZ,天利科技,深交所,创业板,互联网,江西,7.37,12.0,15.9,20.79,62.82%,32.50%,30.75%,182.09%,否
300808,300808.SZ,久量股份,深交所,创业板,家用电器,湖北,9.06,16.69,21.22,25.49,84.22%,27.14%,20.12%,181.35%,否
300260,300260.SZ,新莱应材,深交所,创业板,机械基件,江苏,16.55,17.33,32.18,46.48,4.71%,85.69%,44.44%,180.85%,否
300221,300221.SZ,银禧科技,深交所,创业板,塑料,广东,3.31,5.33,5.83,9.29,61.03%,9.38%,59.35%,180.66%,否
600111,600111.SH,北方稀土,上交所,主板,小金属,内蒙,15.7,16.55,23.46,44.02,5.41%,41.75%,87.64%,180.38%,否
002177,002177.SZ,御银股份,深交所,主板,其他商业,广东,2.63,3.36,3.46,7.37,27.76%,2.98%,113.01%,180.23%,否
605286,605286.SH,同力天启,上交所,主板,运输设备,江苏,16.6,20.59,31.75,46.36,24.04%,54.20%,46.02%,179.28%,否
002571,002571.SZ,德力股份,深交所,主板,家居用品,安徽,3.87,4.02,6.15,10.78,3.88%,52.99%,75.28%,178.55%,否
300473,300473.SZ,德尔股份,深交所,创业板,汽车配件,辽宁,11.08,15.75,21.71,30.84,42.15%,37.84%,42.05%,178.34%,否
002155,002155.SZ,湖南黄金,深交所,主板,黄金,湖南,9.78,15.5,18.57,27.17,58.49%,19.81%,46.31%,177.81%,否
300854,300854.SZ,中兰环保,深交所,创业板,环境保护,深圳,8.21,10.08,11.2,22.8,22.78%,11.11%,103.57%,177.71%,否
002358,002358.SZ,森源电气,深交所,主板,电气设备,河南,2.69,3.3,4.24,7.45,22.68%,28.48%,75.71%,176.95%,否
688176,688176.SH,亚虹医药,上交所,科创板,化学制药,江苏,4.61,5.05,6.8,12.76,9.54%,34.65%,87.65%,176.79%,否
300304,300304.SZ,云意电气,深交所,创业板,汽车配件,江苏,4.42,5.41,6.19,12.23,22.40%,14.42%,97.58%,176.70%,否
600268,600268.SH,国电南自,上交所,主板,电气设备,江苏,4.85,5.87,6.06,13.4,21.03%,3.24%,121.12%,176.29%,否
002126,002126.SZ,银轮股份,深交所,主板,汽车配件,浙江,14.71,16.4,20.49,40.62,11.49%,24.94%,98.24%,176.14%,否
001207,001207.SZ,联科科技,深交所,主板,化工原料,山东,10.17,12.9,16.81,28.08,26.84%,30.31%,67.04%,176.11%,否
002580,002580.SZ,圣阳股份,深交所,主板,电气设备,山东,4.97,6.41,9.8,13.71,28.97%,52.89%,39.90%,175.86%,否
600316,600316.SH,洪都航空,上交所,主板,航空,江西,13.6,20.38,32.7,37.51,49.85%,60.45%,14.71%,175.81%,否
600644,600644.SH,乐山电力,上交所,主板,水力发电,四川,4.38,5.42,6.66,12.08,23.74%,22.88%,81.38%,175.80%,否
002826,002826.SZ,易明医药,深交所,主板,化学制药,西藏,6.52,7.7,8.18,17.98,18.10%,6.23%,119.80%,175.77%,否
603662,603662.SH,柯力传感,上交所,主板,电器仪表,浙江,19.38,25.53,49.5,53.42,31.73%,93.89%,7.92%,175.64%,否
300607,300607.SZ,拓斯达,深交所,创业板,专用机械,广东,8.73,9.56,21.6,24.02,9.51%,125.94%,11.20%,175.14%,否
603122,603122.SH,合富中国,上交所,主板,医药商业,上海,5.43,5.52,5.56,14.92,1.66%,0.72%,168.35%,174.77%,否
300215,300215.SZ,电科院,深交所,创业板,电气设备,江苏,2.97,4.38,5.0,8.16,47.47%,14.16%,63.20%,174.75%,否
600143,600143.SH,金发科技,上交所,主板,塑料,广东,6.05,7.21,8.84,16.61,19.17%,22.61%,87.90%,174.55%,否
300810,300810.SZ,中科海讯,深交所,创业板,船舶,北京,11.35,15.4,29.27,31.16,35.68%,90.06%,6.46%,174.54%,否
603538,603538.SH,美诺华,上交所,主板,化学制药,浙江,9.96,10.03,11.4,27.34,0.70%,13.66%,139.82%,174.50%,否
300236,300236.SZ,上海新阳,深交所,创业板,半导体,上海,25.2,26.73,30.63,69.16,6.07%,14.59%,125.79%,174.44%,否
000612,000612.SZ,焦作万方,深交所,主板,铝,河南,3.91,5.38,5.79,10.73,37.60%,7.62%,85.32%,174.42%,否
603738,603738.SH,泰晶科技,上交所,主板,元器件,湖北,9.0,11.92,12.12,24.64,32.44%,1.68%,103.30%,173.78%,否
002115,002115.SZ,三维通信,深交所,主板,互联网,浙江,4.16,4.52,6.05,11.38,8.65%,33.85%,88.10%,173.56%,否
600191,600191.SH,华资实业,上交所,主板,食品,内蒙,3.77,4.76,6.91,10.31,26.26%,45.17%,49.20%,173.47%,否
300617,300617.SZ,安靠智电,深交所,创业板,电气设备,江苏,20.53,21.92,23.3,56.14,6.77%,6.30%,140.94%,173.45%,否
688455,688455.SH,科捷智能,上交所,科创板,机械基件,山东,7.29,8.01,9.36,19.92,9.88%,16.85%,112.82%,173.25%,否
002956,002956.SZ,西麦食品,深交所,主板,食品,广西,9.12,10.77,15.61,24.91,18.09%,44.94%,59.58%,173.14%,否
605580,605580.SH,恒盛能源,上交所,主板,供气供热,浙江,7.28,7.74,8.88,19.88,6.32%,14.73%,123.87%,173.08%,否
300515,300515.SZ,三德科技,深交所,创业板,电器仪表,湖南,6.25,8.99,12.37,17.02,43.84%,37.60%,37.59%,172.32%,否
688230,688230.SH,芯导科技,上交所,科创板,半导体,上海,21.55,27.95,35.35,58.68,29.70%,26.48%,66.00%,172.30%,否
002005,002005.SZ,ST德豪,深交所,主板,家用电器,安徽,1.01,1.28,1.57,2.74,26.73%,22.66%,74.52%,171.29%,是
000807,000807.SZ,云铝股份,深交所,主板,铝,云南,9.82,12.41,13.47,26.63,26.37%,8.54%,97.70%,171.18%,否
600726,600726.SH,华电能源,上交所,主板,火力发电,黑龙江,1.77,1.98,2.01,4.79,11.86%,1.52%,138.31%,170.62%,否
600176,600176.SH,中国巨石,上交所,主板,玻璃,浙江,8.64,9.33,11.73,23.37,7.99%,25.72%,99.23%,170.49%,否
688350,688350.SH,富淼科技,上交所,科创板,化工原料,江苏,9.32,9.59,11.33,25.16,2.90%,18.14%,122.07%,169.96%,否
300072,300072.SZ,海新能科,深交所,创业板,化工原料,北京,1.89,2.07,2.59,5.1,9.52%,25.12%,96.91%,169.84%,否
300433,300433.SZ,蓝思科技,深交所,创业板,元器件,湖南,10.11,15.13,16.4,27.26,49.65%,8.39%,66.22%,169.63%,否
300448,300448.SZ,浩云科技,深交所,创业板,软件服务,广东,2.69,4.49,5.03,7.25,66.91%,12.03%,44.14%,169.52%,否
688012,688012.SH,中微公司,上交所,科创板,半导体,上海,108.98,115.5,172.8,293.67,5.98%,49.61%,69.95%,169.47%,否
002733,002733.SZ,雄韬股份,深交所,主板,电气设备,深圳,9.63,10.51,12.08,25.94,9.14%,14.94%,114.74%,169.37%,否
688683,688683.SH,莱尔科技,上交所,科创板,元器件,广东,11.53,12.64,18.45,31.02,9.63%,45.97%,68.13%,169.04%,否
603992,603992.SH,松霖科技,上交所,主板,家居用品,福建,12.3,15.25,17.13,33.09,23.98%,12.33%,93.17%,169.02%,否
688506,688506.SH,百利天恒,上交所,科创板,化学制药,四川,97.0,134.55,211.0,260.93,38.71%,56.82%,23.66%,169.00%,否
600986,600986.SH,浙文互联,上交所,主板,互联网,浙江,3.47,4.12,6.33,9.33,18.73%,53.64%,47.39%,168.88%,否
300222,300222.SZ,科大智能,深交所,创业板,电气设备,上海,3.92,5.79,7.52,10.52,47.70%,29.88%,39.89%,168.37%,否
002899,002899.SZ,英派斯,深交所,主板,文教休闲,山东,9.51,13.76,15.51,25.52,44.69%,12.72%,64.54%,168.35%,否
002426,002426.SZ,胜利精密,深交所,主板,元器件,江苏,1.31,1.68,2.26,3.51,28.24%,34.52%,55.31%,167.94%,否
300803,300803.SZ,指南针,深交所,创业板,软件服务,北京,36.41,36.95,51.05,97.5,1.48%,38.16%,90.99%,167.78%,否
603016,603016.SH,新宏泰,上交所,主板,电气设备,江苏,14.2,17.27,22.07,37.95,21.62%,27.79%,71.95%,167.25%,否
920961,920961.BJ,创远信科,北交所,北交所,电器仪表,上海,8.0,8.3,14.3,21.34,3.75%,72.29%,49.23%,166.75%,否
002284,002284.SZ,亚太股份,深交所,主板,汽车配件,浙江,5.09,6.96,8.0,13.57,36.74%,14.94%,69.62%,166.60%,否
000700,000700.SZ,模塑科技,深交所,主板,汽车配件,江苏,4.1,5.6,5.67,10.91,36.59%,1.25%,92.42%,166.10%,否
603019,603019.SH,中科曙光,上交所,主板,IT设备,天津,29.51,35.9,60.01,78.5,21.65%,67.16%,30.81%,166.01%,否
688578,688578.SH,艾力斯,上交所,科创板,化学制药,上海,33.46,40.02,75.56,88.98,19.61%,88.81%,17.76%,165.93%,否
600602,600602.SH,云赛智联,上交所,主板,软件服务,上海,7.56,10.37,17.84,20.1,37.17%,72.03%,12.67%,165.87%,否
002265,002265.SZ,建设工业,深交所,主板,专用机械,云南,7.62,9.0,16.41,20.24,18.11%,82.33%,23.34%,165.62%,否
002488,002488.SZ,金固股份,深交所,主板,汽车配件,浙江,4.21,7.3,10.51,11.17,73.40%,43.97%,6.28%,165.32%,否
000021,000021.SZ,深科技,深交所,主板,元器件,深圳,10.28,13.09,14.93,27.25,27.33%,14.06%,82.52%,165.08%,否
300022,300022.SZ,吉峰科技,深交所,创业板,农用机械,四川,3.17,3.68,6.97,8.38,16.09%,89.40%,20.23%,164.35%,否
002961,002961.SZ,瑞达期货,深交所,主板,多元金融,福建,9.94,10.95,12.47,26.15,10.16%,13.88%,109.70%,163.08%,否
300301,300301.SZ,ST长方,深交所,创业板,半导体,深圳,1.16,1.18,1.66,3.05,1.72%,40.68%,83.73%,162.93%,是
002683,002683.SZ,广东宏大,深交所,主板,化工原料,广东,14.1,20.31,26.52,37.07,44.04%,30.58%,39.78%,162.91%,否
688300,688300.SH,联瑞新材,上交所,科创板,矿物制品,江苏,28.88,37.67,46.75,75.76,30.44%,24.10%,62.05%,162.33%,否
688291,688291.SH,金橙子,上交所,科创板,软件服务,北京,14.0,14.31,16.3,36.71,2.21%,13.91%,125.21%,162.21%,否
603701,603701.SH,德宏股份,上交所,主板,汽车配件,浙江,8.31,10.75,12.36,21.79,29.36%,14.98%,76.29%,162.21%,否
300398,300398.SZ,飞凯材料,深交所,创业板,化工原料,上海,9.01,10.75,14.29,23.61,19.31%,32.93%,65.22%,162.04%,否
301388,301388.SZ,欣灵电气,深交所,创业板,电气设备,浙江,12.43,16.82,17.0,32.56,35.32%,1.07%,91.53%,161.95%,否
002414,002414.SZ,高德红外,深交所,主板,电器仪表,湖北,4.81,5.91,6.75,12.58,22.87%,14.21%,86.37%,161.54%,否
300651,300651.SZ,金陵体育,深交所,创业板,文教休闲,江苏,10.15,10.85,10.96,26.5,6.90%,1.01%,141.79%,161.08%,否
002882,002882.SZ,金龙羽,深交所,主板,电气设备,深圳,10.3,13.33,13.74,26.87,29.42%,3.08%,95.56%,160.87%,否
603173,603173.SH,福斯达,上交所,主板,机械基件,浙江,14.77,17.01,20.2,38.51,15.17%,18.75%,90.64%,160.73%,否
000678,000678.SZ,襄阳轴承,深交所,主板,汽车配件,湖北,4.38,4.74,9.7,11.42,8.22%,104.64%,17.73%,160.73%,否
003002,003002.SZ,壶化股份,深交所,主板,化工原料,山西,9.13,13.6,20.01,23.8,48.96%,47.13%,18.94%,160.68%,否
600203,600203.SH,福日电子,上交所,主板,元器件,福建,4.01,6.7,6.9,10.44,67.08%,2.99%,51.30%,160.35%,否
300828,300828.SZ,锐新科技,深交所,创业板,机械基件,天津,7.45,10.74,12.35,19.35,44.16%,14.99%,56.68%,159.73%,否
603169,603169.SH,兰石重装,上交所,主板,专用机械,甘肃,3.91,4.28,8.54,10.15,9.46%,99.53%,18.85%,159.59%,否
300043,300043.SZ,星辉娱乐,深交所,创业板,互联网,广东,2.05,2.43,2.75,5.32,18.54%,13.17%,93.45%,159.51%,否
002895,002895.SZ,川恒股份,深交所,主板,化工原料,贵州,13.31,17.18,22.37,34.5,29.08%,30.21%,54.22%,159.20%,否
300465,300465.SZ,高伟达,深交所,创业板,软件服务,北京,5.78,7.64,11.72,14.98,32.18%,53.40%,27.82%,159.17%,否
688314,688314.SH,康拓医疗,上交所,科创板,医疗保健,陕西,16.88,22.31,24.02,43.7,32.17%,7.66%,81.93%,158.89%,否
300386,300386.SZ,飞天诚信,深交所,创业板,IT设备,北京,5.44,9.2,10.76,14.07,69.12%,16.96%,30.76%,158.64%,否
300058,300058.SZ,蓝色光标,深交所,创业板,广告包装,北京,5.22,5.25,6.82,13.5,0.57%,29.90%,97.95%,158.62%,否
301201,301201.SZ,诚达药业,深交所,创业板,生物制药,浙江,14.6,16.84,18.0,37.74,15.34%,6.89%,109.67%,158.49%,否
002583,002583.SZ,海能达,深交所,主板,通信设备,深圳,3.7,5.24,8.8,9.56,41.62%,67.94%,8.64%,158.38%,否
301033,301033.SZ,迈普医学,深交所,创业板,医疗保健,广东,22.37,37.7,41.4,57.73,68.53%,9.81%,39.44%,158.07%,否
688582,688582.SH,芯动联科,上交所,科创板,元器件,安徽,21.61,30.82,53.0,55.74,42.62%,71.97%,5.17%,157.94%,否
002836,002836.SZ,新宏泽,深交所,主板,广告包装,广东,4.94,6.06,6.66,12.74,22.67%,9.90%,91.29%,157.89%,否
600505,600505.SH,西昌电力,上交所,主板,水力发电,四川,5.38,8.45,10.6,13.87,57.06%,25.44%,30.85%,157.81%,否
300484,300484.SZ,蓝海华腾,深交所,创业板,电气设备,深圳,6.2,10.5,14.6,15.97,69.35%,39.05%,9.38%,157.58%,否
300407,300407.SZ,凯发电气,深交所,创业板,电气设备,天津,4.69,7.96,8.05,12.08,69.72%,1.13%,50.06%,157.57%,否
002119,002119.SZ,康强电子,深交所,主板,半导体,浙江,7.58,10.31,12.68,19.52,36.02%,22.99%,53.94%,157.52%,否
300913,300913.SZ,兆龙互连,深交所,创业板,通信设备,浙江,17.48,26.3,36.21,45.0,50.46%,37.68%,24.28%,157.44%,否
301158,301158.SZ,德石股份,深交所,创业板,专用机械,山东,9.16,11.38,12.73,23.58,24.24%,11.86%,85.23%,157.42%,否
300750,300750.SZ,宁德时代,深交所,创业板,电气设备,福建,150.82,188.89,210.09,388.0,25.24%,11.22%,84.68%,157.26%,否
002338,002338.SZ,奥普光电,深交所,主板,电器仪表,吉林,18.0,25.9,33.96,46.3,43.89%,31.12%,36.34%,157.22%,否
300054,300054.SZ,鼎龙股份,深交所,创业板,化工原料,湖北,16.13,18.35,24.89,41.46,13.76%,35.64%,66.57%,157.04%,否
688003,688003.SH,天准科技,上交所,科创板,专用机械,江苏,21.12,29.1,37.77,54.15,37.78%,29.79%,43.37%,156.39%,否
000792,000792.SZ,盐湖股份,深交所,主板,农药化肥,青海,13.55,14.55,15.58,34.72,7.38%,7.08%,122.85%,156.24%,否
688400,688400.SH,凌云光,上交所,科创板,专用机械,北京,15.22,16.03,21.15,38.94,5.32%,31.94%,84.11%,155.85%,否
300655,300655.SZ,晶瑞电材,深交所,创业板,半导体,江苏,5.39,6.36,6.8,13.78,18.00%,6.92%,102.65%,155.66%,否
300324,300324.SZ,旋极信息,深交所,创业板,软件服务,北京,1.88,2.31,3.02,4.8,22.87%,30.74%,58.94%,155.32%,否
002347,002347.SZ,泰尔股份,深交所,主板,机械基件,安徽,3.1,3.59,4.7,7.91,15.81%,30.92%,68.30%,155.16%,否
603823,603823.SH,百合花,上交所,主板,染料涂料,浙江,5.86,8.33,8.36,14.95,42.15%,0.36%,78.83%,155.12%,否
600843,600843.SH,上工申贝,上交所,主板,纺织机械,上海,3.58,6.91,8.99,9.12,93.02%,30.10%,1.45%,154.75%,否
300909,300909.SZ,汇创达,深交所,创业板,元器件,深圳,14.25,18.13,19.52,36.29,27.23%,7.67%,85.91%,154.67%,否
002066,002066.SZ,瑞泰科技,深交所,主板,其他建材,北京,7.09,8.12,8.5,18.0,14.53%,4.68%,111.76%,153.88%,否
300528,300528.SZ,幸福蓝海,深交所,创业板,影视音像,江苏,6.0,6.45,6.58,15.22,7.50%,2.02%,131.31%,153.67%,否
603686,603686.SH,福龙马,上交所,主板,环境保护,福建,6.98,7.35,9.94,17.7,5.30%,35.24%,78.07%,153.58%,否
300547,300547.SZ,川环科技,深交所,创业板,汽车配件,四川,11.03,13.2,23.59,27.97,19.67%,78.71%,18.57%,153.58%,否
300252,300252.SZ,金信诺,深交所,创业板,通信设备,深圳,4.82,6.66,8.05,12.22,38.17%,20.87%,51.80%,153.53%,否
300243,300243.SZ,瑞丰高材,深交所,创业板,化工原料,山东,5.12,7.36,7.79,12.96,43.75%,5.84%,66.37%,153.12%,否
300623,300623.SZ,捷捷微电,深交所,创业板,半导体,江苏,10.5,16.74,25.1,26.57,59.43%,49.94%,5.86%,153.05%,否
300127,300127.SZ,银河磁体,深交所,创业板,矿物制品,四川,11.32,13.11,27.95,28.64,15.81%,113.20%,2.47%,153.00%,否
600530,600530.SH,交大昂立,上交所,主板,医疗保健,上海,2.0,2.5,3.88,5.06,25.00%,55.20%,30.41%,153.00%,否
300337,300337.SZ,银邦股份,深交所,创业板,铝,江苏,4.51,7.46,8.54,11.4,65.41%,14.48%,33.49%,152.77%,否
000601,000601.SZ,韶能股份,深交所,主板,水力发电,广东,2.9,3.48,4.91,7.33,20.00%,41.09%,49.29%,152.76%,否
002248,002248.SZ,华东数控,深交所,主板,机床制造,山东,4.6,5.92,6.25,11.62,28.70%,5.57%,85.92%,152.61%,否
688039,688039.SH,当虹科技,上交所,科创板,软件服务,浙江,16.0,19.85,24.73,40.38,24.06%,24.58%,63.28%,152.38%,否
300040,300040.SZ,九洲集团,深交所,创业板,新型电力,黑龙江,3.21,5.06,5.22,8.1,57.63%,3.16%,55.17%,152.34%,否
300804,300804.SZ,广康生化,深交所,创业板,农药化肥,广东,16.99,19.8,21.44,42.87,16.54%,8.28%,99.95%,152.32%,否
300657,300657.SZ,弘信电子,深交所,创业板,元器件,福建,10.98,12.83,24.28,27.7,16.85%,89.24%,14.09%,152.28%,否
002653,002653.SZ,海思科,深交所,主板,化学制药,西藏,19.65,30.93,37.65,49.54,57.40%,21.73%,31.58%,152.11%,否
688419,688419.SH,耐科装备,上交所,科创板,半导体,安徽,15.91,21.02,25.74,40.08,32.12%,22.45%,55.71%,151.92%,否
600855,600855.SH,航天长峰,上交所,主板,专用机械,北京,6.41,9.16,9.37,16.13,42.90%,2.29%,72.15%,151.64%,否
300071,300071.SZ,福石控股,深交所,创业板,广告包装,北京,1.9,2.47,4.02,4.78,30.00%,62.75%,18.91%,151.58%,否
002850,002850.SZ,科达利,深交所,主板,电气设备,深圳,57.1,72.72,97.38,143.5,27.36%,33.91%,47.36%,151.31%,否
920580,920580.BJ,科创新材,北交所,北交所,其他建材,河南,5.05,5.18,10.43,12.69,2.57%,101.35%,21.67%,151.29%,否
300346,300346.SZ,南大光电,深交所,创业板,半导体,江苏,17.35,26.2,33.42,43.58,51.01%,27.56%,30.40%,151.18%,否
603696,603696.SH,安记食品,上交所,主板,食品,福建,6.14,6.67,7.54,15.41,8.63%,13.04%,104.38%,150.98%,否
300830,300830.SZ,金现代,深交所,创业板,软件服务,山东,4.13,5.88,6.2,10.36,42.37%,5.44%,67.10%,150.85%,否
300508,300508.SZ,维宏股份,深交所,创业板,软件服务,上海,13.73,19.52,24.23,34.33,42.17%,24.13%,41.68%,150.04%,否
301261,301261.SZ,恒工精密,深交所,创业板,机械基件,河北,29.71,30.84,65.14,74.21,3.80%,111.22%,13.92%,149.78%,否
600562,600562.SH,国睿科技,上交所,主板,通信设备,江苏,9.79,12.76,18.48,24.45,30.34%,44.83%,32.31%,149.74%,否
603002,603002.SH,宏昌电子,上交所,主板,化工原料,广东,3.64,4.35,4.46,9.09,19.51%,2.53%,103.81%,149.73%,否
688116,688116.SH,天奈科技,上交所,科创板,化工原料,江苏,15.45,19.65,33.8,38.58,27.18%,72.01%,14.14%,149.71%,否
688150,688150.SH,莱特光电,上交所,科创板,元器件,陕西,13.72,15.18,17.03,34.2,10.64%,12.19%,100.82%,149.27%,否
002058,002058.SZ,*ST威尔,深交所,主板,电气设备,上海,7.66,8.04,8.69,19.07,4.96%,8.08%,119.45%,148.96%,是
300644,300644.SZ,南京聚隆,深交所,创业板,塑料,江苏,10.82,16.15,17.18,26.92,49.26%,6.38%,56.69%,148.80%,否
300877,300877.SZ,金春股份,深交所,创业板,纺织,安徽,9.52,10.32,11.43,23.68,8.40%,10.76%,107.17%,148.74%,否
603926,603926.SH,铁流股份,上交所,主板,汽车配件,浙江,6.9,7.46,7.72,17.14,8.12%,3.49%,122.02%,148.41%,否
001283,001283.SZ,豪鹏科技,深交所,主板,电气设备,深圳,26.66,33.34,39.01,66.2,25.06%,17.01%,69.70%,148.31%,否
300303,300303.SZ,聚飞光电,深交所,创业板,半导体,深圳,3.53,4.79,4.91,8.75,35.69%,2.51%,78.21%,147.88%,否
300016,300016.SZ,北陆药业,深交所,创业板,化学制药,北京,3.72,4.84,5.42,9.22,30.11%,11.98%,70.11%,147.85%,否
688330,688330.SH,宏力达,上交所,科创板,电气设备,上海,18.58,19.74,23.98,46.04,6.24%,21.48%,91.99%,147.79%,否
603726,603726.SH,朗迪集团,上交所,主板,家用电器,浙江,8.96,12.36,12.41,22.2,37.95%,0.40%,78.89%,147.77%,否
000006,000006.SZ,深振业A,深交所,主板,区域地产,深圳,3.29,4.27,5.15,8.15,29.79%,20.61%,58.25%,147.72%,否
300220,300220.SZ,金运激光,深交所,创业板,专用机械,湖北,5.27,6.51,11.14,13.05,23.53%,71.12%,17.15%,147.63%,否
300907,300907.SZ,康平科技,深交所,创业板,电气设备,江苏,10.82,16.7,18.5,26.79,54.34%,10.78%,44.81%,147.60%,否
600389,600389.SH,江山股份,上交所,主板,农药化肥,江苏,11.21,12.54,13.99,27.75,11.86%,11.56%,98.36%,147.55%,否
300950,300950.SZ,德固特,深交所,创业板,专用机械,山东,8.2,11.92,12.94,20.25,45.37%,8.56%,56.49%,146.95%,否
002989,002989.SZ,中天精装,深交所,主板,装修装饰,深圳,10.34,17.0,22.69,25.52,64.41%,33.47%,12.47%,146.81%,否
002190,002190.SZ,成飞集成,深交所,主板,汽车配件,四川,11.77,13.91,14.3,29.04,18.18%,2.80%,103.08%,146.73%,否
301421,301421.SZ,波长光电,深交所,创业板,元器件,江苏,32.9,37.58,38.38,81.1,14.22%,2.13%,111.31%,146.50%,否
300578,300578.SZ,会畅科技,深交所,创业板,通信设备,上海,7.86,12.82,14.35,19.37,63.10%,11.93%,34.98%,146.44%,否
688768,688768.SH,容知日新,上交所,科创板,电器仪表,安徽,17.41,22.9,42.16,42.89,31.53%,84.10%,1.73%,146.35%,否
603790,603790.SH,雅运股份,上交所,主板,染料涂料,上海,7.88,8.5,11.84,19.41,7.87%,39.29%,63.94%,146.32%,否
002467,002467.SZ,二六三,深交所,主板,互联网,北京,2.57,3.34,4.29,6.33,29.96%,28.44%,47.55%,146.30%,否
603052,603052.SH,可川科技,上交所,主板,元器件,江苏,22.66,25.91,26.4,55.77,14.34%,1.89%,111.25%,146.12%,否
600021,600021.SH,上海电力,上交所,主板,火力发电,上海,7.4,8.28,8.33,18.19,11.89%,0.60%,118.37%,145.81%,否
300082,300082.SZ,奥克股份,深交所,创业板,化工原料,辽宁,3.69,4.77,4.9,9.07,29.27%,2.73%,85.10%,145.80%,否
300772,300772.SZ,运达股份,深交所,创业板,电气设备,浙江,6.99,9.12,9.69,17.18,30.47%,6.25%,77.30%,145.78%,否
002392,002392.SZ,北京利尔,深交所,主板,其他建材,北京,2.67,3.01,4.08,6.56,12.73%,35.55%,60.78%,145.69%,否
001332,001332.SZ,锡装股份,深交所,主板,专用机械,江苏,20.31,26.3,33.58,49.81,29.49%,27.68%,48.33%,145.25%,否
002632,002632.SZ,道明光学,深交所,主板,塑料,浙江,4.8,6.77,6.8,11.77,41.04%,0.44%,73.09%,145.21%,否
688070,688070.SH,纵横股份,上交所,科创板,航空,四川,19.17,23.1,33.81,47.0,20.50%,46.36%,39.01%,145.17%,否
300323,300323.SZ,华灿光电,深交所,创业板,半导体,湖北,3.95,4.08,5.33,9.68,3.29%,30.64%,81.61%,145.06%,否
300333,300333.SZ,兆日科技,深交所,创业板,IT设备,深圳,3.62,5.44,8.66,8.87,50.28%,59.19%,2.42%,145.03%,否
920407,920407.BJ,驰诚股份,北交所,北交所,电器仪表,河南,7.31,8.19,17.38,17.9,12.04%,112.21%,2.99%,144.87%,否
601086,601086.SH,国芳集团,上交所,主板,百货,甘肃,3.38,3.67,6.97,8.27,8.58%,89.92%,18.65%,144.67%,否
300831,300831.SZ,ST派瑞,深交所,创业板,半导体,陕西,6.5,10.95,11.5,15.9,68.46%,5.02%,38.26%,144.62%,是
600192,600192.SH,长城电工,上交所,主板,电气设备,甘肃,3.43,5.0,5.11,8.39,45.77%,2.20%,64.19%,144.61%,否
300865,300865.SZ,大宏立,深交所,创业板,专用机械,四川,10.0,13.39,17.51,24.44,33.90%,30.77%,39.58%,144.40%,否
600676,600676.SH,交运股份,上交所,主板,汽车配件,上海,2.89,3.19,3.34,7.06,10.38%,4.70%,111.38%,144.29%,否
920879,920879.BJ,基康技术,北交所,北交所,电器仪表,北京,7.73,7.88,15.6,18.87,1.94%,97.97%,20.96%,144.11%,否
000659,000659.SZ,珠海中富,深交所,主板,广告包装,广东,1.5,2.37,2.54,3.66,58.00%,7.17%,44.09%,144.00%,否
600506,600506.SH,统一股份,上交所,主板,石油加工,新疆,8.16,11.0,16.38,19.9,34.80%,48.91%,21.49%,143.87%,否
600366,600366.SH,宁波韵升,上交所,主板,矿物制品,浙江,4.55,5.52,6.98,11.09,21.32%,26.45%,58.88%,143.74%,否
300008,300008.SZ,天海防务,深交所,创业板,船舶,上海,2.98,3.53,4.98,7.26,18.46%,41.08%,45.78%,143.62%,否
300963,300963.SZ,中洲特材,深交所,创业板,小金属,上海,6.8,6.97,12.07,16.56,2.50%,73.17%,37.20%,143.53%,否
003033,003033.SZ,征和工业,深交所,主板,汽车配件,山东,21.58,22.19,31.65,52.52,2.83%,42.63%,65.94%,143.37%,否
300643,300643.SZ,万通智控,深交所,创业板,汽车配件,浙江,6.78,9.87,11.56,16.5,45.58%,17.12%,42.73%,143.36%,否
600793,600793.SH,宜宾纸业,上交所,主板,造纸,四川,7.09,9.0,15.35,17.25,26.94%,70.56%,12.38%,143.30%,否
000600,000600.SZ,建投能源,深交所,主板,火力发电,河北,3.79,4.4,5.4,9.22,16.09%,22.73%,70.74%,143.27%,否
600114,600114.SH,东睦股份,上交所,主板,机械基件,浙江,10.55,13.26,16.03,25.66,25.69%,20.89%,60.07%,143.22%,否
002249,002249.SZ,大洋电机,深交所,主板,电气设备,广东,3.75,4.81,5.45,9.12,28.27%,13.31%,67.34%,143.20%,否
603171,603171.SH,税友股份,上交所,主板,软件服务,浙江,20.17,23.15,35.76,49.01,14.77%,54.47%,37.05%,142.98%,否
300055,300055.SZ,万邦达,深交所,创业板,石油加工,北京,3.76,3.89,4.24,9.12,3.46%,9.00%,115.09%,142.55%,否
605058,605058.SH,澳弘电子,上交所,主板,元器件,江苏,12.04,16.88,17.8,29.17,40.20%,5.45%,63.88%,142.28%,否
301300,301300.SZ,远翔新材,深交所,创业板,化工原料,福建,16.4,20.93,24.24,39.7,27.62%,15.81%,63.78%,142.07%,否
300099,300099.SZ,尤洛卡,深交所,创业板,电器仪表,山东,3.52,4.67,5.28,8.52,32.67%,13.06%,61.36%,142.05%,否
301155,301155.SZ,海力风电,深交所,创业板,电气设备,江苏,33.82,35.55,54.06,81.8,5.12%,52.07%,51.31%,141.87%,否
688619,688619.SH,罗普特,上交所,科创板,软件服务,福建,5.67,5.89,7.24,13.7,3.88%,22.92%,89.23%,141.62%,否
301056,301056.SZ,森赫股份,深交所,创业板,运输设备,浙江,5.55,6.22,6.7,13.38,12.07%,7.72%,99.70%,141.08%,否
300053,300053.SZ,航宇微,深交所,创业板,半导体,广东,6.78,9.27,9.8,16.34,36.73%,5.72%,66.73%,141.00%,否
603236,603236.SH,移远通信,上交所,主板,通信设备,上海,29.78,38.31,56.68,71.69,28.64%,47.95%,26.48%,140.73%,否
300177,300177.SZ,中海达,深交所,创业板,通信设备,广东,3.4,6.58,7.91,8.18,93.53%,20.21%,3.41%,140.59%,否
300241,300241.SZ,瑞丰光电,深交所,创业板,半导体,深圳,2.76,3.92,3.93,6.64,42.03%,0.26%,68.96%,140.58%,否
600895,600895.SH,张江高科,上交所,主板,园区开发,上海,14.11,19.64,22.58,33.94,39.19%,14.97%,50.31%,140.54%,否
300970,300970.SZ,华绿生物,深交所,创业板,种植业,江苏,9.27,10.88,13.69,22.28,17.37%,25.83%,62.75%,140.35%,否
688689,688689.SH,银河微电,上交所,科创板,半导体,江苏,13.21,16.08,17.71,31.74,21.73%,10.14%,79.22%,140.27%,否
002857,002857.SZ,三晖电气,深交所,主板,电器仪表,河南,8.99,10.0,11.69,21.6,11.23%,16.90%,84.77%,140.27%,否
301110,301110.SZ,青木科技,深交所,创业板,互联网,广东,22.22,25.85,35.8,53.38,16.34%,38.49%,49.11%,140.23%,否
601698,601698.SH,中国卫通,上交所,主板,电信运营,北京,12.8,14.3,18.22,30.73,11.72%,27.41%,68.66%,140.08%,否
300227,300227.SZ,光韵达,深交所,创业板,专用机械,深圳,4.21,5.23,6.49,10.1,24.23%,24.09%,55.62%,139.90%,否
603656,603656.SH,泰禾智能,上交所,主板,专用机械,安徽,8.74,9.57,16.38,20.95,9.50%,71.16%,27.90%,139.70%,否
300076,300076.SZ,*ST宁视,深交所,创业板,IT设备,浙江,2.7,3.86,6.02,6.47,42.96%,55.96%,7.48%,139.63%,是
002957,002957.SZ,科瑞技术,深交所,主板,专用机械,深圳,9.97,11.37,12.13,23.89,14.04%,6.68%,96.95%,139.62%,否
688515,688515.SH,裕太微,上交所,科创板,半导体,江苏,46.58,54.66,84.85,111.6,17.35%,55.23%,31.53%,139.59%,否
300916,300916.SZ,朗特智能,深交所,创业板,元器件,深圳,11.83,20.08,22.0,28.34,69.74%,9.56%,28.82%,139.56%,否
603583,603583.SH,捷昌驱动,上交所,主板,电气设备,浙江,12.87,15.22,28.22,30.78,18.26%,85.41%,9.07%,139.16%,否
603232,603232.SH,格尔软件,上交所,主板,软件服务,上海,8.32,10.58,11.0,19.89,27.16%,3.97%,80.82%,139.06%,否
000917,000917.SZ,电广传媒,深交所,主板,广告包装,湖南,3.8,4.88,6.21,9.06,28.42%,27.25%,45.89%,138.42%,否
603093,603093.SH,南华期货,上交所,主板,多元金融,浙江,8.34,9.64,10.38,19.88,15.59%,7.68%,91.52%,138.37%,否
300069,300069.SZ,金利华电,深交所,创业板,电气设备,山西,7.04,11.13,13.46,16.78,58.10%,20.93%,24.67%,138.35%,否
000753,000753.SZ,漳州发展,深交所,主板,综合类,福建,2.56,2.75,4.63,6.1,7.42%,68.36%,31.75%,138.28%,否
603757,603757.SH,大元泵业,上交所,主板,机械基件,浙江,17.71,18.15,18.17,42.14,2.48%,0.11%,131.92%,137.94%,否
301161,301161.SZ,唯万密封,深交所,创业板,工程机械,上海,11.77,14.36,16.34,27.96,22.01%,13.79%,71.11%,137.55%,否
300084,300084.SZ,海默科技,深交所,创业板,专用机械,甘肃,4.16,5.11,5.57,9.88,22.84%,9.00%,77.38%,137.50%,否
300207,300207.SZ,欣旺达,深交所,创业板,电气设备,深圳,11.12,15.2,15.86,26.4,36.69%,4.34%,66.46%,137.41%,否
301081,301081.SZ,严牌股份,深交所,创业板,环境保护,浙江,5.81,6.49,7.63,13.79,11.70%,17.57%,80.73%,137.35%,否
688681,688681.SH,科汇股份,上交所,科创板,电气设备,山东,7.4,8.92,10.13,17.55,20.54%,13.57%,73.25%,137.16%,否
002645,002645.SZ,华宏科技,深交所,主板,专用机械,江苏,6.22,6.25,7.57,14.75,0.48%,21.12%,94.85%,137.14%,否
601615,601615.SH,明阳智能,上交所,主板,电气设备,广东,7.87,8.02,9.05,18.65,1.91%,12.84%,106.08%,136.98%,否
002647,002647.SZ,仁东控股,深交所,主板,多元金融,广东,3.81,4.38,4.99,9.02,14.96%,13.93%,80.76%,136.75%,否
002881,002881.SZ,美格智能,深交所,主板,元器件,深圳,15.95,19.81,34.2,37.76,24.20%,72.64%,10.41%,136.74%,否
605198,605198.SH,安德利,上交所,主板,软饮料,山东,15.24,21.01,35.66,36.06,37.86%,69.73%,1.12%,136.61%,否
301138,301138.SZ,华研精机,深交所,创业板,专用机械,广东,14.02,21.78,24.9,33.17,55.35%,14.33%,33.21%,136.59%,否
688501,688501.SH,青达环保,上交所,科创板,环境保护,山东,9.9,10.81,16.91,23.42,9.19%,56.43%,38.50%,136.57%,否
000042,000042.SZ,中洲控股,深交所,主板,全国地产,深圳,3.61,3.85,5.88,8.54,6.65%,52.73%,45.24%,136.57%,否
600678,600678.SH,ST金顶,上交所,主板,水泥,四川,4.28,5.02,5.63,10.11,17.29%,12.15%,79.57%,136.21%,是
300946,300946.SZ,恒而达,深交所,创业板,机械基件,福建,17.46,21.72,23.7,41.21,24.40%,9.12%,73.88%,136.03%,否
600478,600478.SH,科力远,上交所,主板,电气设备,湖南,2.86,3.22,3.99,6.75,12.59%,23.91%,69.17%,136.01%,否
301291,301291.SZ,明阳电气,深交所,创业板,电气设备,广东,22.8,29.69,36.77,53.7,30.22%,23.85%,46.04%,135.53%,否
301349,301349.SZ,信德新材,深交所,创业板,化工原料,辽宁,22.19,22.47,27.66,52.24,1.26%,23.10%,88.86%,135.42%,否
300867,300867.SZ,圣元环保,深交所,创业板,环境保护,福建,9.1,11.1,12.62,21.42,21.98%,13.69%,69.73%,135.38%,否
002478,002478.SZ,常宝股份,深交所,主板,钢加工,江苏,4.42,4.43,4.93,10.4,0.23%,11.29%,110.95%,135.29%,否
300758,300758.SZ,七彩化学,深交所,创业板,染料涂料,辽宁,5.48,9.93,11.7,12.89,81.20%,17.82%,10.17%,135.22%,否
603969,603969.SH,银龙股份,上交所,主板,其他建材,天津,3.72,4.2,5.03,8.75,12.90%,19.76%,73.96%,135.22%,否
002309,002309.SZ,中利集团,深交所,主板,电气设备,江苏,1.96,2.26,2.31,4.61,15.31%,2.21%,99.57%,135.20%,否
688249,688249.SH,晶合集成,上交所,科创板,半导体,安徽,11.73,13.92,18.6,27.55,18.67%,33.62%,48.12%,134.87%,否
301192,301192.SZ,泰祥股份,深交所,创业板,汽车配件,湖北,10.69,14.29,14.3,25.08,33.68%,0.07%,75.38%,134.61%,否
301157,301157.SZ,华塑科技,深交所,创业板,电气设备,浙江,23.52,28.88,35.37,55.09,22.79%,22.47%,55.75%,134.23%,否
688129,688129.SH,东来技术,上交所,科创板,染料涂料,上海,9.38,11.26,16.82,21.97,20.04%,49.38%,30.62%,134.22%,否
300166,300166.SZ,东方国信,深交所,创业板,软件服务,北京,5.76,6.39,8.32,13.49,10.94%,30.20%,62.14%,134.20%,否
002445,002445.SZ,中南文化,深交所,主板,钢加工,江苏,1.58,1.71,1.95,3.7,8.23%,14.04%,89.74%,134.18%,否
002394,002394.SZ,联发股份,深交所,主板,纺织,江苏,5.41,5.93,6.27,12.65,9.61%,5.73%,101.75%,133.83%,否
300743,300743.SZ,天地数码,深交所,创业板,IT设备,浙江,7.08,11.51,11.9,16.55,62.57%,3.39%,39.08%,133.76%,否
002264,002264.SZ,新华都,深交所,主板,互联网,福建,3.4,4.45,5.05,7.94,30.88%,13.48%,57.23%,133.53%,否
300716,300716.SZ,*ST泉为,深交所,创业板,塑料,广东,5.63,8.21,8.29,13.13,45.83%,0.97%,58.38%,133.21%,是
600206,600206.SH,有研新材,上交所,主板,半导体,北京,8.07,8.92,13.33,18.81,10.53%,49.44%,41.11%,133.09%,否
300801,300801.SZ,泰和科技,深交所,创业板,化工原料,山东,10.31,12.58,13.7,24.02,22.02%,8.90%,75.33%,132.98%,否
300424,300424.SZ,航新科技,深交所,创业板,航空,广东,6.98,11.16,12.16,16.23,59.89%,8.96%,33.47%,132.52%,否
301162,301162.SZ,国能日新,深交所,创业板,软件服务,北京,29.02,30.38,47.47,67.46,4.69%,56.25%,42.11%,132.46%,否
601611,601611.SH,中国核建,上交所,主板,建筑工程,上海,6.09,6.99,8.0,14.14,14.78%,14.45%,76.75%,132.18%,否
301055,301055.SZ,张小泉,深交所,创业板,家居用品,浙江,7.78,10.31,11.81,18.05,32.52%,14.55%,52.84%,132.01%,否
002365,002365.SZ,永安药业,深交所,主板,化学制药,湖北,5.58,6.91,9.27,12.94,23.84%,34.15%,39.59%,131.90%,否
301231,301231.SZ,荣信文化,深交所,创业板,出版业,陕西,12.98,14.77,19.35,30.1,13.79%,31.01%,55.56%,131.90%,否
688268,688268.SH,华特气体,上交所,科创板,化工原料,广东,37.53,39.44,46.65,86.82,5.09%,18.28%,86.11%,131.33%,否
688981,688981.SH,中芯国际,上交所,科创板,半导体,上海,42.06,43.37,83.17,97.25,3.11%,91.77%,16.93%,131.22%,否
000892,000892.SZ,欢瑞世纪,深交所,主板,影视音像,重庆,2.47,2.61,2.85,5.71,5.67%,9.20%,100.35%,131.17%,否
600839,600839.SH,四川长虹,上交所,主板,家用电器,四川,3.68,4.88,8.29,8.5,32.61%,69.88%,2.53%,130.98%,否
605299,605299.SH,舒华体育,上交所,主板,文教休闲,福建,5.97,6.59,7.07,13.78,10.39%,7.28%,94.91%,130.82%,否
603650,603650.SH,彤程新材,上交所,主板,化工原料,上海,20.4,25.26,27.7,47.08,23.82%,9.66%,69.96%,130.78%,否
603078,603078.SH,江化微,上交所,主板,半导体,江苏,9.11,11.58,14.54,21.02,27.11%,25.56%,44.57%,130.74%,否
688049,688049.SH,炬芯科技,上交所,科创板,半导体,广东,18.66,20.03,32.25,43.03,7.34%,61.01%,33.43%,130.60%,否
600173,600173.SH,卧龙新能,上交所,主板,全国地产,浙江,3.24,3.73,5.67,7.47,15.12%,52.01%,31.75%,130.56%,否
002811,002811.SZ,郑中设计,深交所,主板,装修装饰,深圳,5.5,6.82,7.51,12.68,24.00%,10.12%,68.84%,130.55%,否
688362,688362.SH,甬矽电子,上交所,科创板,半导体,浙江,14.88,16.78,22.91,34.3,12.77%,36.53%,49.72%,130.51%,否
300726,300726.SZ,宏达电子,深交所,创业板,元器件,湖南,18.1,21.78,34.53,41.72,20.33%,58.54%,20.82%,130.50%,否
603139,603139.SH,康惠股份,上交所,主板,中成药,陕西,10.5,11.48,15.11,24.2,9.33%,31.62%,60.16%,130.48%,否
600156,600156.SH,华升股份,上交所,主板,纺织,湖南,3.32,3.72,4.06,7.65,12.05%,9.14%,88.42%,130.42%,否
000035,000035.SZ,中国天楹,深交所,主板,环境保护,江苏,3.06,4.1,4.12,7.05,33.99%,0.49%,71.12%,130.39%,否
600645,600645.SH,中源协和,上交所,主板,医疗保健,天津,12.88,17.83,18.9,29.67,38.43%,6.00%,56.98%,130.36%,否
002062,002062.SZ,宏润建设,深交所,主板,建筑工程,浙江,3.13,3.25,4.19,7.21,3.83%,28.92%,72.08%,130.35%,否
688077,688077.SH,大地熊,上交所,科创板,矿物制品,安徽,11.75,13.9,22.01,27.06,18.30%,58.35%,22.94%,130.30%,否
688080,688080.SH,映翰通,上交所,科创板,通信设备,北京,21.44,23.38,34.22,49.36,9.05%,46.36%,44.24%,130.22%,否
601336,601336.SH,新华保险,上交所,主板,保险,北京,28.04,33.2,46.48,64.5,18.40%,40.00%,38.77%,130.03%,否
300044,300044.SZ,*ST赛为,深交所,创业板,软件服务,深圳,3.1,3.87,4.81,7.13,24.84%,24.29%,48.23%,130.00%,是
301186,301186.SZ,超达装备,深交所,创业板,专用机械,江苏,21.89,27.16,29.92,50.32,24.07%,10.16%,68.18%,129.88%,否
603897,603897.SH,长城科技,上交所,主板,电气设备,浙江,12.88,16.99,19.58,29.6,31.91%,15.24%,51.17%,129.81%,否
300650,300650.SZ,太龙股份,深交所,创业板,元器件,福建,6.48,8.71,10.91,14.88,34.41%,25.26%,36.39%,129.63%,否
688136,688136.SH,科兴制药,上交所,科创板,生物制药,山东,10.89,14.07,21.9,25.0,29.20%,55.65%,14.16%,129.57%,否
301053,301053.SZ,远信工业,深交所,创业板,专用机械,浙江,14.4,17.2,19.25,33.04,19.44%,11.92%,71.64%,129.44%,否
002830,002830.SZ,名雕股份,深交所,主板,装修装饰,深圳,8.86,9.45,10.18,20.32,6.66%,7.72%,99.61%,129.35%,否
300353,300353.SZ,东土科技,深交所,创业板,通信设备,北京,8.38,8.68,16.7,19.21,3.58%,92.40%,15.03%,129.24%,否
605088,605088.SH,冠盛股份,上交所,主板,汽车配件,浙江,14.42,16.96,25.0,33.02,17.61%,47.41%,32.08%,128.99%,否
600255,600255.SH,鑫科材料,上交所,主板,小金属,安徽,1.35,1.72,2.57,3.09,27.41%,49.42%,20.23%,128.89%,否
688166,688166.SH,博瑞医药,上交所,科创板,化学制药,江苏,19.63,24.08,32.01,44.9,22.67%,32.93%,40.27%,128.73%,否
300180,300180.SZ,华峰超纤,深交所,创业板,化纤,上海,2.63,4.01,5.76,6.01,52.47%,43.64%,4.34%,128.52%,否
920553,920553.BJ,凯腾精工,北交所,北交所,专用机械,北京,3.72,3.73,8.13,8.5,0.27%,117.96%,4.55%,128.49%,否
301323,301323.SZ,新莱福,深交所,创业板,橡胶,广东,20.7,26.61,31.1,47.28,28.55%,16.87%,52.03%,128.41%,否
300449,300449.SZ,汉邦高科,深交所,创业板,IT设备,北京,3.17,4.88,6.32,7.24,53.94%,29.51%,14.56%,128.39%,否
603499,603499.SH,翔港科技,上交所,主板,广告包装,上海,9.41,16.17,20.23,21.44,71.84%,25.11%,5.98%,127.84%,否
002846,002846.SZ,英联股份,深交所,主板,广告包装,广东,5.83,6.27,7.81,13.26,7.55%,24.56%,69.78%,127.44%,否
688479,688479.SH,友车科技,上交所,科创板,软件服务,上海,13.5,14.32,16.68,30.7,6.07%,16.48%,84.05%,127.41%,否
920523,920523.BJ,德瑞锂电,北交所,北交所,电气设备,广东,9.7,11.31,19.33,22.05,16.60%,70.91%,14.07%,127.32%,否
603088,603088.SH,宁波精达,上交所,主板,机床制造,浙江,5.2,5.96,8.94,11.82,14.62%,50.00%,32.21%,127.31%,否
300880,300880.SZ,迦南智能,深交所,创业板,电器仪表,浙江,10.04,17.21,18.9,22.81,71.41%,9.82%,20.69%,127.19%,否
603416,603416.SH,信捷电气,上交所,主板,电器仪表,江苏,20.44,28.28,43.49,46.43,38.36%,53.78%,6.76%,127.15%,否
300047,300047.SZ,天源迪科,深交所,创业板,软件服务,深圳,5.05,8.17,9.9,11.47,61.78%,21.18%,15.86%,127.13%,否
600135,600135.SH,乐凯胶片,上交所,主板,塑料,河北,4.72,5.25,5.93,10.72,11.23%,12.95%,80.78%,127.12%,否
002510,002510.SZ,天汽模,深交所,主板,汽车配件,天津,2.96,3.76,4.32,6.72,27.03%,14.89%,55.56%,127.03%,否
300408,300408.SZ,三环集团,深交所,创业板,元器件,广东,22.64,29.55,32.68,51.36,30.52%,10.59%,57.16%,126.86%,否
300906,300906.SZ,日月明,深交所,创业板,运输设备,江西,13.02,18.09,19.99,29.5,38.94%,10.50%,47.57%,126.57%,否
002409,002409.SZ,雅克科技,深交所,主板,半导体,江苏,33.69,46.9,48.7,76.25,39.21%,3.84%,56.57%,126.33%,否
301197,301197.SZ,工大科雅,深交所,创业板,软件服务,河北,9.05,11.35,11.88,20.48,25.41%,4.67%,72.39%,126.30%,否
688067,688067.SH,爱威科技,上交所,科创板,医疗保健,湖南,10.91,12.91,14.93,24.68,18.33%,15.65%,65.30%,126.21%,否
605208,605208.SH,永茂泰,上交所,主板,铝,上海,5.31,6.0,8.51,12.0,12.99%,41.83%,41.01%,125.99%,否
002655,002655.SZ,共达电声,深交所,主板,元器件,山东,7.25,9.37,9.95,16.38,29.24%,6.19%,64.62%,125.93%,否
688720,688720.SH,艾森股份,上交所,科创板,半导体,江苏,26.42,28.63,31.0,59.69,8.36%,8.28%,92.55%,125.93%,否
600067,600067.SH,冠城新材,上交所,主板,电气设备,福建,1.66,1.87,1.97,3.75,12.65%,5.35%,90.36%,125.90%,否
600969,600969.SH,郴电国际,上交所,主板,水力发电,湖南,4.34,5.25,5.86,9.8,20.97%,11.62%,67.24%,125.81%,否
688286,688286.SH,敏芯股份,上交所,科创板,半导体,江苏,28.06,31.89,50.0,63.35,13.65%,56.79%,26.70%,125.77%,否
601969,601969.SH,海南矿业,上交所,主板,普钢,海南,4.81,5.55,6.4,10.85,15.38%,15.32%,69.53%,125.57%,否
603508,603508.SH,思维列控,上交所,主板,IT设备,河南,10.6,17.38,21.0,23.9,63.96%,20.83%,13.81%,125.47%,否
002527,002527.SZ,新时达,深交所,主板,电器仪表,上海,5.85,6.07,10.66,13.18,3.76%,75.62%,23.64%,125.30%,否
603015,603015.SH,弘讯科技,上交所,主板,电气设备,浙江,5.27,6.4,10.48,11.86,21.44%,63.75%,13.17%,125.05%,否
300900,300900.SZ,广联航空,深交所,创业板,航空,黑龙江,14.72,14.74,16.46,33.1,0.14%,11.67%,101.09%,124.86%,否
603776,603776.SH,永安行,上交所,主板,公共交通,江苏,7.68,9.39,14.41,17.26,22.27%,53.46%,19.78%,124.74%,否
300242,300242.SZ,佳云科技,深交所,创业板,互联网,广东,2.0,2.28,3.2,4.49,14.00%,40.35%,40.31%,124.50%,否
600768,600768.SH,宁波富邦,上交所,主板,铝,浙江,6.71,7.45,7.58,15.06,11.03%,1.74%,98.68%,124.44%,否
002725,002725.SZ,跃岭股份,深交所,主板,汽车配件,浙江,6.35,7.8,8.65,14.25,22.83%,10.90%,64.74%,124.41%,否
000415,000415.SZ,渤海租赁,深交所,主板,多元金融,新疆,1.81,2.26,2.58,4.06,24.86%,14.16%,57.36%,124.31%,否
002534,002534.SZ,西子洁能,深交所,主板,专用机械,浙江,7.12,9.11,9.88,15.97,27.95%,8.45%,61.64%,124.30%,否
600841,600841.SH,动力新科,上交所,主板,汽车配件,上海,3.51,3.71,4.22,7.86,5.70%,13.75%,86.26%,123.93%,否
600593,600593.SH,大连圣亚,上交所,主板,旅游景点,辽宁,15.68,16.45,33.89,35.1,4.91%,106.02%,3.57%,123.85%,否
002544,002544.SZ,普天科技,深交所,主板,通信设备,广东,11.13,16.69,18.89,24.91,49.96%,13.18%,31.87%,123.81%,否
002140,002140.SZ,东华科技,深交所,主板,建筑工程,安徽,5.73,6.53,8.8,12.8,13.96%,34.76%,45.45%,123.39%,否
603727,603727.SH,博迈科,上交所,主板,石油开采,天津,8.47,9.36,11.25,18.91,10.51%,20.19%,68.09%,123.26%,否
300430,300430.SZ,*ST益通,深交所,创业板,电器仪表,北京,7.85,10.19,14.21,17.52,29.81%,39.45%,23.29%,123.18%,是
002787,002787.SZ,华源控股,深交所,主板,广告包装,江苏,5.09,6.35,6.69,11.36,24.75%,5.35%,69.81%,123.18%,否
301127,301127.SZ,武汉天源,深交所,创业板,环境保护,湖北,6.86,7.89,12.03,15.31,15.01%,52.47%,27.27%,123.18%,否
601177,601177.SH,杭齿前进,上交所,主板,机械基件,浙江,6.28,6.88,12.92,14.01,9.55%,87.79%,8.44%,123.09%,否
300135,300135.SZ,宝利国际,深交所,创业板,石油加工,江苏,1.7,2.42,3.25,3.79,42.35%,34.30%,16.62%,122.94%,否
600288,600288.SH,大恒科技,上交所,主板,元器件,北京,6.18,6.9,7.2,13.77,11.65%,4.35%,91.25%,122.82%,否
600783,600783.SH,鲁信创投,上交所,主板,专用机械,山东,8.72,10.14,10.32,19.4,16.28%,1.78%,87.98%,122.48%,否
002312,002312.SZ,川发龙蟒,深交所,主板,化工原料,四川,4.93,7.74,9.6,10.96,57.00%,24.03%,14.17%,122.31%,否
600475,600475.SH,华光环能,上交所,主板,电气设备,江苏,7.99,8.24,8.28,17.76,3.13%,0.49%,114.49%,122.28%,否
000670,000670.SZ,盈方微,深交所,主板,元器件,湖北,3.81,4.47,4.84,8.45,17.32%,8.28%,74.59%,121.78%,否
002296,002296.SZ,辉煌科技,深交所,主板,通信设备,河南,4.82,7.49,8.8,10.69,55.39%,17.49%,21.48%,121.78%,否
000555,000555.SZ,神州信息,深交所,主板,软件服务,深圳,7.07,8.62,9.33,15.68,21.92%,8.24%,68.06%,121.78%,否
600769,600769.SH,祥龙电业,上交所,主板,水务,湖北,5.28,6.77,8.35,11.71,28.22%,23.34%,40.24%,121.78%,否
300348,300348.SZ,长亮科技,深交所,创业板,软件服务,深圳,5.95,7.79,10.52,13.19,30.92%,35.04%,25.38%,121.68%,否
000823,000823.SZ,超声电子,深交所,主板,元器件,广东,5.69,7.53,7.8,12.6,32.34%,3.59%,61.54%,121.44%,否
300581,300581.SZ,晨曦航空,深交所,创业板,航空,陕西,5.58,7.02,8.31,12.35,25.81%,18.38%,48.62%,121.33%,否
688273,688273.SH,麦澜德,上交所,科创板,医疗保健,江苏,17.64,19.86,23.45,39.02,12.59%,18.08%,66.40%,121.20%,否
603097,603097.SH,江苏华辰,上交所,主板,电气设备,江苏,14.61,18.23,19.05,32.31,24.78%,4.50%,69.61%,121.15%,否
605028,605028.SH,世茂能源,上交所,主板,供气供热,浙江,11.76,12.21,13.89,26.0,3.83%,13.76%,87.19%,121.09%,否
301010,301010.SZ,晶雪节能,深交所,创业板,其他建材,江苏,9.2,11.05,12.74,20.33,20.11%,15.29%,59.58%,120.98%,否
600635,600635.SH,大众公用,上交所,主板,供气供热,上海,2.54,2.88,3.24,5.61,13.39%,12.50%,73.15%,120.87%,否
300792,300792.SZ,壹网壹创,深交所,创业板,互联网,浙江,14.99,15.51,18.65,33.09,3.47%,20.25%,77.43%,120.75%,否
000831,000831.SZ,中国稀土,深交所,主板,小金属,江西,20.4,22.35,33.84,45.0,9.56%,51.41%,32.98%,120.59%,否
002769,002769.SZ,普路通,深交所,主板,仓储物流,广东,4.78,5.1,5.49,10.54,6.69%,7.65%,91.99%,120.50%,否
300965,300965.SZ,恒宇信通,深交所,创业板,航空,北京,22.35,23.17,35.04,49.22,3.67%,51.23%,40.47%,120.22%,否
300397,300397.SZ,天和防务,深交所,创业板,通信设备,陕西,5.17,7.86,10.27,11.38,52.03%,30.66%,10.81%,120.12%,否
002209,002209.SZ,达意隆,深交所,主板,轻工机械,广东,6.17,7.7,8.17,13.58,24.80%,6.10%,66.22%,120.10%,否
300120,300120.SZ,经纬辉开,深交所,创业板,元器件,天津,3.49,5.02,6.57,7.68,43.84%,30.88%,16.89%,120.06%,否
603607,603607.SH,京华激光,上交所,主板,造纸,浙江,9.73,13.88,14.38,21.38,42.65%,3.60%,48.68%,119.73%,否
002470,002470.SZ,金正大,深交所,主板,农药化肥,山东,1.22,1.33,1.56,2.68,9.02%,17.29%,71.79%,119.67%,否
300150,300150.SZ,世纪瑞尔,深交所,创业板,软件服务,北京,2.25,3.1,3.55,4.94,37.78%,14.52%,39.15%,119.56%,否
301198,301198.SZ,喜悦智行,深交所,创业板,塑料,浙江,6.24,7.51,7.63,13.7,20.35%,1.60%,79.55%,119.55%,否
002418,002418.SZ,康盛股份,深交所,主板,家用电器,浙江,1.8,1.96,2.4,3.95,8.89%,22.45%,64.58%,119.44%,否
600730,600730.SH,*ST高科,上交所,主板,文教休闲,北京,3.83,4.32,5.25,8.4,12.79%,21.53%,60.00%,119.32%,是
300930,300930.SZ,屹通新材,深交所,创业板,小金属,浙江,12.09,18.68,20.1,26.47,54.51%,7.60%,31.69%,118.94%,否
300660,300660.SZ,江苏雷利,深交所,创业板,电气设备,江苏,18.52,22.71,39.28,40.53,22.62%,72.96%,3.18%,118.84%,否
000801,000801.SZ,四川九洲,深交所,主板,家用电器,四川,6.3,8.08,12.61,13.78,28.25%,56.06%,9.28%,118.73%,否
301024,301024.SZ,霍普股份,深交所,创业板,建筑工程,上海,15.01,18.67,21.32,32.8,24.38%,14.19%,53.85%,118.52%,否
002946,002946.SZ,新乳业,深交所,主板,乳制品,四川,8.1,9.4,15.1,17.7,16.05%,60.64%,17.22%,118.52%,否
300618,300618.SZ,寒锐钴业,深交所,创业板,小金属,江苏,18.0,21.49,27.48,39.3,19.39%,27.87%,43.01%,118.33%,否
002767,002767.SZ,先锋电子,深交所,主板,电器仪表,浙江,9.04,11.19,11.86,19.73,23.78%,5.99%,66.36%,118.25%,否
002676,002676.SZ,顺威股份,深交所,主板,家用电器,广东,2.92,3.97,4.98,6.37,35.96%,25.44%,27.91%,118.15%,否
688267,688267.SH,中触媒,上交所,科创板,化工原料,辽宁,12.42,16.38,19.8,27.09,31.88%,20.88%,36.82%,118.12%,否
600797,600797.SH,浙大网新,上交所,主板,软件服务,浙江,3.95,4.87,7.85,8.61,23.29%,61.19%,9.68%,117.97%,否
601616,601616.SH,广电电气,上交所,主板,电气设备,上海,2.19,2.74,3.41,4.77,25.11%,24.45%,39.88%,117.81%,否
301202,301202.SZ,朗威股份,深交所,创业板,机械基件,江苏,16.12,24.13,30.75,35.08,49.69%,27.43%,14.08%,117.62%,否
603898,603898.SH,好莱客,上交所,主板,家居用品,广东,6.82,7.3,8.28,14.84,7.04%,13.42%,79.23%,117.60%,否
600075,600075.SH,新疆天业,上交所,主板,化工原料,新疆,3.16,3.74,3.96,6.87,18.35%,5.88%,73.48%,117.41%,否
600096,600096.SH,云天化,上交所,主板,农药化肥,云南,15.26,18.48,21.63,33.1,21.10%,17.05%,53.03%,116.91%,否
000677,000677.SZ,ST海龙,深交所,主板,化纤,山东,1.97,2.52,4.05,4.27,27.92%,60.71%,5.43%,116.75%,是
603150,603150.SH,万朗磁塑,上交所,主板,塑料,安徽,20.0,22.95,25.34,43.35,14.75%,10.41%,71.07%,116.75%,否
002067,002067.SZ,景兴纸业,深交所,主板,造纸,浙江,2.33,2.69,3.09,5.05,15.45%,14.87%,63.43%,116.74%,否
688323,688323.SH,瑞华泰,上交所,科创板,塑料,深圳,9.09,9.15,11.62,19.7,0.66%,26.99%,69.54%,116.72%,否
605277,605277.SH,新亚电子,上交所,主板,元器件,浙江,9.79,11.21,12.65,21.21,14.50%,12.85%,67.67%,116.65%,否
002295,002295.SZ,精艺股份,深交所,主板,铜,广东,4.52,5.05,5.81,9.78,11.73%,15.05%,68.33%,116.37%,否
300320,300320.SZ,海达股份,深交所,创业板,橡胶,江苏,4.52,7.99,8.35,9.78,76.77%,4.51%,17.13%,116.37%,否
603280,603280.SH,南方路机,上交所,主板,工程机械,福建,15.21,18.41,18.7,32.91,21.04%,1.58%,75.99%,116.37%,否
300994,300994.SZ,久祺股份,深交所,创业板,文教休闲,浙江,7.11,8.86,9.49,15.38,24.61%,7.11%,62.07%,116.32%,否
300596,300596.SZ,利安隆,深交所,创业板,化工原料,天津,18.22,22.61,23.82,39.41,24.09%,5.35%,65.45%,116.30%,否
300066,300066.SZ,三川智慧,深交所,创业板,电器仪表,江西,2.79,3.08,3.37,6.03,10.39%,9.42%,78.93%,116.13%,否
300535,300535.SZ,达威股份,深交所,创业板,化工原料,四川,8.51,11.25,11.69,18.38,32.20%,3.91%,57.23%,115.98%,否
600319,600319.SH,亚星化学,上交所,主板,化工原料,山东,3.22,3.65,4.32,6.94,13.35%,18.36%,60.65%,115.53%,否
002074,002074.SZ,国轩高科,深交所,主板,电气设备,安徽,16.23,18.04,18.41,34.98,11.15%,2.05%,90.01%,115.53%,否
301028,301028.SZ,鼎熔岩,深交所,创业板,专用机械,福建,6.09,8.46,9.01,13.12,38.92%,6.50%,45.62%,115.44%,否
600160,600160.SH,巨化股份,上交所,主板,化工原料,浙江,15.66,16.4,23.0,33.73,4.73%,40.24%,46.65%,115.39%,否
301063,301063.SZ,海锅股份,深交所,创业板,电气设备,江苏,10.71,13.26,20.88,23.06,23.81%,57.47%,10.44%,115.31%,否
002469,002469.SZ,三维化学,深交所,主板,化工原料,山东,4.0,4.77,7.11,8.6,19.25%,49.06%,20.96%,115.00%,否
603320,603320.SH,迪贝电气,上交所,主板,电气设备,浙江,8.91,12.06,13.21,19.15,35.35%,9.54%,44.97%,114.93%,否
301299,301299.SZ,卓创资讯,深交所,创业板,互联网,山东,29.43,36.8,46.55,63.25,25.04%,26.49%,35.88%,114.92%,否
300145,300145.SZ,南方泵业,深交所,创业板,机械基件,浙江,2.02,2.24,3.07,4.34,10.89%,37.05%,41.37%,114.85%,否
920110,920110.BJ,雷特科技,北交所,北交所,电气设备,广东,14.82,14.84,27.57,31.82,0.13%,85.78%,15.42%,114.71%,否
688216,688216.SH,气派科技,上交所,科创板,半导体,深圳,12.18,14.38,14.65,26.15,18.06%,1.88%,78.50%,114.70%,否
300126,300126.SZ,锐奇股份,深交所,创业板,轻工机械,上海,3.42,4.23,4.8,7.34,23.68%,13.48%,52.92%,114.62%,否
688646,688646.SH,ST逸飞,上交所,科创板,专用机械,湖北,21.2,22.83,29.73,45.46,7.69%,30.22%,52.91%,114.43%,是
002788,002788.SZ,鹭燕医药,深交所,主板,医药商业,福建,6.1,7.12,7.23,13.08,16.72%,1.54%,80.91%,114.43%,否
001206,001206.SZ,依依股份,深交所,主板,造纸,天津,9.39,11.71,13.78,20.12,24.71%,17.68%,46.01%,114.27%,否
300335,300335.SZ,迪森股份,深交所,创业板,供气供热,广东,3.3,3.82,4.16,7.07,15.76%,8.90%,69.95%,114.24%,否
600725,600725.SH,云维股份,上交所,主板,商贸代理,云南,1.98,2.33,2.62,4.24,17.68%,12.45%,61.83%,114.14%,否
688235,688235.SH,百济神州,上交所,科创板,生物制药,北京,100.65,143.6,194.44,215.42,42.67%,35.40%,10.79%,114.03%,否
688591,688591.SH,泰凌微,上交所,科创板,半导体,上海,15.73,15.86,29.96,33.63,0.83%,88.90%,12.25%,113.80%,否
688103,688103.SH,国力电子,上交所,科创板,元器件,江苏,25.33,27.64,41.2,54.15,9.12%,49.06%,31.43%,113.78%,否
301263,301263.SZ,泰恩康,深交所,创业板,医药商业,广东,11.65,12.2,16.75,24.9,4.72%,37.30%,48.66%,113.73%,否
300111,300111.SZ,向日葵,深交所,创业板,化学制药,浙江,1.83,2.13,2.33,3.91,16.39%,9.39%,67.81%,113.66%,否
301273,301273.SZ,瑞晨环保,深交所,创业板,机械基件,上海,12.75,13.83,16.72,27.24,8.47%,20.90%,62.92%,113.65%,否
300922,300922.SZ,天秦装备,深交所,创业板,专用机械,河北,8.43,11.47,15.38,18.01,36.06%,34.09%,17.10%,113.64%,否
300281,300281.SZ,金明精机,深交所,创业板,专用机械,广东,3.02,4.37,5.42,6.45,44.70%,24.03%,19.00%,113.58%,否
000722,000722.SZ,湖南发展,深交所,主板,水力发电,湖南,6.55,8.51,12.72,13.98,29.92%,49.47%,9.91%,113.44%,否
300447,300447.SZ,全信股份,深交所,创业板,电气设备,江苏,8.01,10.6,10.8,17.09,32.33%,1.89%,58.24%,113.36%,否
603358,603358.SH,华达科技,上交所,主板,汽车配件,江苏,17.0,28.3,32.0,36.27,66.47%,13.07%,13.34%,113.35%,否
300773,300773.SZ,拉卡拉,深交所,创业板,软件服务,北京,11.03,12.04,14.31,23.51,9.16%,18.85%,64.29%,113.15%,否
688181,688181.SH,八亿时空,上交所,科创板,元器件,北京,14.05,15.53,20.61,29.92,10.53%,32.71%,45.17%,112.95%,否
603109,603109.SH,神驰机电,上交所,主板,电气设备,重庆,10.35,12.82,15.86,22.04,23.86%,23.71%,38.97%,112.95%,否
002440,002440.SZ,闰土股份,深交所,主板,染料涂料,浙江,4.98,5.44,5.8,10.6,9.24%,6.62%,82.76%,112.85%,否
688035,688035.SH,德邦科技,上交所,科创板,半导体,山东,25.5,27.08,31.24,54.25,6.20%,15.36%,73.66%,112.75%,否
603486,603486.SH,科沃斯,上交所,主板,家用电器,江苏,27.76,40.84,42.3,59.04,47.12%,3.57%,39.57%,112.68%,否
603131,603131.SH,上海沪工,上交所,主板,专用机械,上海,9.25,12.94,14.39,19.66,39.89%,11.21%,36.62%,112.54%,否
002651,002651.SZ,利君股份,深交所,主板,航空,四川,4.17,4.85,5.27,8.86,16.31%,8.66%,68.12%,112.47%,否
688138,688138.SH,清溢光电,上交所,科创板,半导体,深圳,11.91,16.43,21.0,25.3,37.95%,27.81%,20.48%,112.43%,否
000536,000536.SZ,华映科技,深交所,主板,元器件,福建,2.02,2.67,3.6,4.29,32.18%,34.83%,19.17%,112.38%,否
688371,688371.SH,菲沃泰,上交所,科创板,元器件,江苏,8.44,9.05,12.8,17.92,7.23%,41.44%,40.00%,112.32%,否
002815,002815.SZ,崇达技术,深交所,主板,元器件,深圳,6.33,7.56,8.27,13.44,19.43%,9.39%,62.52%,112.32%,否
601727,601727.SH,上海电气,上交所,主板,电气设备,上海,3.75,3.76,6.46,7.96,0.27%,71.81%,23.22%,112.27%,否
688600,688600.SH,皖仪科技,上交所,科创板,电器仪表,安徽,10.7,12.03,15.0,22.71,12.43%,24.69%,51.40%,112.24%,否
002029,002029.SZ,七匹狼,深交所,主板,服饰,福建,4.46,4.99,5.52,9.46,11.88%,10.62%,71.38%,112.11%,否
002001,002001.SZ,新和成,深交所,主板,化学制药,浙江,15.9,18.77,19.58,33.7,18.05%,4.32%,72.11%,111.95%,否
688299,688299.SH,长阳科技,上交所,科创板,元器件,浙江,7.3,11.75,13.02,15.46,60.96%,10.81%,18.74%,111.78%,否
300032,300032.SZ,金龙机电,深交所,创业板,元器件,浙江,2.81,3.31,3.32,5.95,17.79%,0.30%,79.22%,111.74%,否
600179,600179.SH,安通控股,上交所,主板,水运,福建,1.96,2.14,2.5,4.15,9.18%,16.82%,66.00%,111.73%,否
600108,600108.SH,亚盛集团,上交所,主板,种植业,甘肃,2.23,2.36,3.1,4.72,5.83%,31.36%,52.26%,111.66%,否
603106,603106.SH,恒银科技,上交所,主板,IT设备,天津,4.14,5.79,6.29,8.76,39.86%,8.64%,39.27%,111.59%,否
600967,600967.SH,内蒙一机,上交所,主板,运输设备,内蒙,6.51,6.61,9.58,13.77,1.54%,44.93%,43.74%,111.52%,否
300507,300507.SZ,苏奥传感,深交所,创业板,汽车配件,江苏,3.69,5.02,5.58,7.8,36.04%,11.16%,39.78%,111.38%,否
603036,603036.SH,如通股份,上交所,主板,专用机械,江苏,8.35,9.01,11.45,17.65,7.90%,27.08%,54.15%,111.38%,否
301279,301279.SZ,金道科技,深交所,创业板,工程机械,浙江,12.13,16.0,17.03,25.64,31.90%,6.44%,50.56%,111.38%,否
002161,002161.SZ,远望谷,深交所,主板,通信设备,深圳,3.29,4.03,4.61,6.95,22.49%,14.39%,50.76%,111.25%,否
688508,688508.SH,芯朋微,上交所,科创板,半导体,江苏,26.32,29.51,39.7,55.6,12.12%,34.53%,40.05%,111.25%,否
002657,002657.SZ,中科金财,深交所,主板,软件服务,北京,10.28,11.28,14.89,21.7,9.73%,32.00%,45.74%,111.09%,否
688255,688255.SH,凯尔达,上交所,科创板,机械基件,浙江,12.18,16.61,25.0,25.7,36.37%,50.51%,2.80%,111.00%,否
000520,000520.SZ,凤凰航运,深交所,主板,水运,湖北,1.92,2.26,3.44,4.05,17.71%,52.21%,17.73%,110.94%,否
000899,000899.SZ,赣能股份,深交所,主板,火力发电,江西,6.22,7.47,8.58,13.11,20.10%,14.86%,52.80%,110.77%,否
603112,603112.SH,华翔股份,上交所,主板,机械基件,山西,7.82,11.26,12.2,16.45,43.99%,8.35%,34.84%,110.36%,否
301259,301259.SZ,艾布鲁,深交所,创业板,环境保护,湖南,14.1,26.02,28.02,29.66,84.54%,7.69%,5.85%,110.35%,否
001256,001256.SZ,炜冈科技,深交所,主板,轻工机械,浙江,11.26,13.46,21.12,23.68,19.54%,56.91%,12.12%,110.30%,否
688239,688239.SH,航宇科技,上交所,科创板,航空,贵州,26.06,26.88,35.99,54.8,3.15%,33.89%,52.26%,110.28%,否
600990,600990.SH,四创电子,上交所,主板,通信设备,安徽,10.42,15.98,16.7,21.91,53.36%,4.51%,31.20%,110.27%,否
002355,002355.SZ,兴民智通,深交所,主板,汽车配件,山东,3.05,4.53,4.73,6.41,48.52%,4.42%,35.52%,110.16%,否
300006,300006.SZ,莱美药业,深交所,创业板,化学制药,重庆,2.12,2.68,2.77,4.45,26.42%,3.36%,60.65%,109.91%,否
001222,001222.SZ,源飞宠物,深交所,主板,文教休闲,浙江,8.87,10.33,11.33,18.6,16.46%,9.68%,64.17%,109.70%,否
300417,300417.SZ,南华仪器,深交所,创业板,电器仪表,广东,5.58,8.04,8.51,11.7,44.09%,5.85%,37.49%,109.68%,否
002539,002539.SZ,云图控股,深交所,主板,农药化肥,四川,6.23,7.0,7.26,13.06,12.36%,3.71%,79.89%,109.63%,否
600066,600066.SH,宇通客车,上交所,主板,汽车整车,河南,14.86,22.32,23.61,31.15,50.20%,5.78%,31.94%,109.62%,否
603203,603203.SH,快克智能,上交所,主板,专用机械,江苏,16.22,18.19,19.27,34.0,12.15%,5.94%,76.44%,109.62%,否
000620,000620.SZ,盈新发展,深交所,主板,全国地产,北京,1.37,1.41,1.47,2.87,2.92%,4.26%,95.24%,109.49%,否
002185,002185.SZ,华天科技,深交所,主板,半导体,甘肃,5.7,7.41,8.48,11.94,30.00%,14.44%,40.80%,109.47%,否
300091,300091.SZ,*ST金灵,深交所,创业板,机械基件,江苏,1.4,1.47,2.16,2.93,5.00%,46.94%,35.65%,109.29%,是
603211,603211.SH,晋拓股份,上交所,主板,汽车配件,上海,11.3,13.0,13.1,23.64,15.04%,0.77%,80.46%,109.20%,否
688395,688395.SH,正弦电气,上交所,科创板,机械基件,深圳,11.31,12.91,15.27,23.66,14.15%,18.28%,54.94%,109.20%,否
688699,688699.SH,明微电子,上交所,科创板,半导体,深圳,20.18,22.88,27.0,42.2,13.38%,18.01%,56.30%,109.12%,否
300383,300383.SZ,光环新网,深交所,创业板,软件服务,北京,6.94,8.03,12.61,14.51,15.71%,57.04%,15.07%,109.08%,否
300947,300947.SZ,德必集团,深交所,创业板,房产服务,上海,7.6,13.62,13.8,15.88,79.21%,1.32%,15.07%,108.95%,否
301280,301280.SZ,珠城科技,深交所,创业板,元器件,浙江,23.71,33.03,42.5,49.53,39.31%,28.67%,16.54%,108.90%,否
605069,605069.SH,正和生态,上交所,主板,环境保护,北京,5.63,5.67,7.35,11.76,0.71%,29.63%,60.00%,108.88%,否
002967,002967.SZ,广电计量,深交所,主板,电器仪表,广东,9.48,12.38,19.01,19.79,30.59%,53.55%,4.10%,108.76%,否
000953,000953.SZ,中哲精化,深交所,主板,化学制药,广西,3.11,3.68,4.41,6.49,18.33%,19.84%,47.17%,108.68%,否
300530,300530.SZ,领湃科技,深交所,创业板,电气设备,湖南,11.84,14.86,18.24,24.7,25.51%,22.75%,35.42%,108.61%,否
003017,003017.SZ,大洋生物,深交所,主板,化工原料,浙江,13.75,15.21,17.01,28.68,10.62%,11.83%,68.61%,108.58%,否
000777,000777.SZ,中核科技,深交所,主板,机械基件,江苏,10.58,13.01,14.5,22.06,22.97%,11.45%,52.14%,108.51%,否
600835,600835.SH,上海机电,上交所,主板,运输设备,上海,9.93,10.95,16.83,20.7,10.27%,53.70%,22.99%,108.46%,否
002137,002137.SZ,实益达,深交所,主板,元器件,深圳,3.85,4.98,5.64,8.02,29.35%,13.25%,42.20%,108.31%,否
601133,601133.SH,柏诚股份,上交所,主板,建筑工程,江苏,8.19,9.22,9.23,17.06,12.58%,0.11%,84.83%,108.30%,否
300341,300341.SZ,麦克奥迪,深交所,创业板,电气设备,福建,6.68,9.41,12.97,13.9,40.87%,37.83%,7.17%,108.08%,否
002396,002396.SZ,星网锐捷,深交所,主板,通信设备,福建,12.21,13.89,16.07,25.4,13.76%,15.69%,58.06%,108.03%,否
002588,002588.SZ,史丹利,深交所,主板,农药化肥,山东,4.72,6.62,7.42,9.8,40.25%,12.08%,32.08%,107.63%,否
300632,300632.SZ,光莆股份,深交所,创业板,半导体,福建,6.56,8.92,9.05,13.62,35.98%,1.46%,50.50%,107.62%,否
301191,301191.SZ,菲菱科思,深交所,创业板,通信设备,深圳,57.33,61.0,75.6,119.0,6.40%,23.93%,57.41%,107.57%,否
000977,000977.SZ,浪潮信息,深交所,主板,IT设备,山东,26.82,32.03,41.57,55.66,19.43%,29.78%,33.89%,107.53%,否
300695,300695.SZ,兆丰股份,深交所,创业板,汽车配件,浙江,31.72,34.52,47.15,65.77,8.83%,36.59%,39.49%,107.35%,否
002917,002917.SZ,金奥博,深交所,主板,化工原料,深圳,5.75,7.56,10.65,11.92,31.48%,40.87%,11.92%,107.30%,否
600866,600866.SH,星湖科技,上交所,主板,饲料,广东,3.35,4.84,6.18,6.93,44.48%,27.69%,12.14%,106.87%,否
600063,600063.SH,皖维高新,上交所,主板,化纤,安徽,3.11,3.21,3.91,6.43,3.22%,21.81%,64.45%,106.75%,否
300945,300945.SZ,曼卡龙,深交所,创业板,服饰,浙江,7.13,8.15,9.94,14.74,14.31%,21.96%,48.29%,106.73%,否
002026,002026.SZ,山东威达,深交所,主板,机械基件,山东,5.9,7.53,8.4,12.19,27.63%,11.55%,45.12%,106.61%,否
603086,603086.SH,先达股份,上交所,主板,农药化肥,山东,3.34,3.68,4.67,6.9,10.18%,26.90%,47.75%,106.59%,否
603118,603118.SH,共进股份,上交所,主板,通信设备,深圳,5.21,6.58,7.31,10.76,26.30%,11.09%,47.20%,106.53%,否
300876,300876.SZ,蒙泰高新,深交所,创业板,化纤,广东,11.83,13.66,23.2,24.43,15.47%,69.84%,5.30%,106.51%,否
688079,688079.SH,美迪凯,上交所,科创板,元器件,浙江,5.66,6.11,7.21,11.68,7.95%,18.00%,62.00%,106.36%,否
300960,300960.SZ,通业科技,深交所,创业板,运输设备,深圳,10.74,17.89,20.39,22.16,66.57%,13.97%,8.68%,106.33%,否
002708,002708.SZ,光洋股份,深交所,主板,汽车配件,江苏,5.44,6.76,9.09,11.22,24.26%,34.47%,23.43%,106.25%,否
300263,300263.SZ,隆华科技,深交所,创业板,专用机械,河南,4.5,5.42,5.82,9.27,20.44%,7.38%,59.28%,106.00%,否
000680,000680.SZ,山推股份,深交所,主板,工程机械,山东,5.35,7.14,7.36,11.02,33.46%,3.08%,49.73%,105.98%,否
605086,605086.SH,龙高股份,上交所,主板,矿物制品,福建,15.59,18.45,21.0,32.11,18.35%,13.82%,52.90%,105.97%,否
603980,603980.SH,吉华集团,上交所,主板,染料涂料,浙江,2.94,3.27,3.62,6.05,11.22%,10.70%,67.13%,105.78%,否
688193,688193.SH,仁度生物,上交所,科创板,医疗保健,上海,22.5,23.41,30.6,46.27,4.04%,30.71%,51.21%,105.64%,否
300837,300837.SZ,浙矿股份,深交所,创业板,专用机械,浙江,16.58,16.93,17.8,34.07,2.11%,5.14%,91.40%,105.49%,否
600758,600758.SH,辽宁能源,上交所,主板,煤炭开采,辽宁,2.44,2.77,3.05,5.01,13.52%,10.11%,64.26%,105.33%,否
300098,300098.SZ,高新兴,深交所,创业板,软件服务,广东,2.45,3.66,3.9,5.03,49.39%,6.56%,28.97%,105.31%,否
600141,600141.SH,兴发集团,上交所,主板,农药化肥,湖北,14.85,17.91,19.24,30.48,20.61%,7.43%,58.42%,105.25%,否
002923,002923.SZ,润都股份,深交所,主板,化学制药,广东,7.02,7.92,14.22,14.4,12.82%,79.55%,1.27%,105.13%,否
300555,300555.SZ,ST路通,深交所,创业板,通信设备,江苏,5.8,6.21,7.78,11.89,7.07%,25.28%,52.83%,105.00%,是
300564,300564.SZ,筑博设计,深交所,创业板,建筑工程,西藏,6.66,8.46,9.9,13.64,27.03%,17.02%,37.78%,104.80%,否
300599,300599.SZ,雄塑科技,深交所,创业板,塑料,广东,4.26,4.86,5.84,8.72,14.08%,20.16%,49.32%,104.69%,否
002210,002210.SZ,飞马国际,深交所,主板,环境保护,深圳,1.29,1.5,2.0,2.64,16.28%,33.33%,32.00%,104.65%,否
600184,600184.SH,光电股份,上交所,主板,专用机械,湖北,7.11,8.43,10.93,14.54,18.57%,29.66%,33.03%,104.50%,否
605003,605003.SH,众望布艺,上交所,主板,纺织,浙江,13.04,13.82,15.16,26.66,5.98%,9.70%,75.86%,104.45%,否
002468,002468.SZ,申通快递,深交所,主板,仓储物流,浙江,6.36,10.14,10.28,13.0,59.43%,1.38%,26.46%,104.40%,否
300543,300543.SZ,朗科智能,深交所,创业板,元器件,深圳,5.0,7.4,8.08,10.22,48.00%,9.19%,26.49%,104.40%,否
301087,301087.SZ,可孚医疗,深交所,创业板,医疗保健,湖南,26.03,29.9,30.8,53.2,14.87%,3.01%,72.73%,104.38%,否
603080,603080.SH,新疆火炬,上交所,主板,供气供热,新疆,10.39,13.38,13.6,21.22,28.78%,1.64%,56.03%,104.23%,否
603507,603507.SH,振江股份,上交所,主板,电气设备,江苏,17.51,20.08,21.25,35.75,14.68%,5.83%,68.24%,104.17%,否
601579,601579.SH,会稽山,上交所,主板,红黄酒,浙江,7.65,9.06,11.3,15.58,18.43%,24.72%,37.88%,103.66%,否
300083,300083.SZ,创世纪,深交所,创业板,机床制造,广东,3.57,5.5,6.8,7.27,54.06%,23.64%,6.91%,103.64%,否
688082,688082.SH,盛美上海,上交所,科创板,半导体,上海,71.35,78.0,91.5,145.28,9.32%,17.31%,58.78%,103.62%,否
002774,002774.SZ,快意电梯,深交所,主板,运输设备,广东,4.91,5.43,6.26,9.99,10.59%,15.29%,59.58%,103.46%,否
600865,600865.SH,百大集团,上交所,主板,百货,浙江,5.27,6.28,7.8,10.72,19.17%,24.20%,37.44%,103.42%,否
603189,603189.SH,*ST网达,上交所,主板,软件服务,上海,8.91,14.1,14.68,18.12,58.25%,4.11%,23.43%,103.37%,是
001317,001317.SZ,三羊马,深交所,主板,铁路,重庆,21.3,21.63,30.18,43.29,1.55%,39.53%,43.44%,103.24%,否
300701,300701.SZ,森霸传感,深交所,创业板,元器件,河南,5.28,7.3,7.79,10.73,38.26%,6.71%,37.74%,103.22%,否
001316,001316.SZ,润贝航科,深交所,主板,批发业,深圳,20.74,25.24,26.29,42.12,21.70%,4.16%,60.21%,103.09%,否
002778,002778.SZ,中晟高科,深交所,主板,环境保护,江苏,9.09,9.5,13.93,18.46,4.51%,46.63%,32.52%,103.08%,否
301059,301059.SZ,金三江,深交所,创业板,化工原料,广东,6.21,7.79,8.36,12.61,25.44%,7.32%,50.84%,103.06%,否
300195,300195.SZ,长荣股份,深交所,创业板,轻工机械,天津,3.61,4.12,4.75,7.33,14.13%,15.29%,54.32%,103.05%,否
600237,600237.SH,铜峰电子,上交所,主板,元器件,安徽,3.98,4.94,5.53,8.08,24.12%,11.94%,46.11%,103.02%,否
301112,301112.SZ,信邦智能,深交所,创业板,专用机械,广东,15.3,18.15,18.6,31.05,18.63%,2.48%,66.94%,102.94%,否
002006,002006.SZ,精工科技,深交所,主板,专用机械,浙江,8.48,10.72,14.22,17.2,26.42%,32.65%,20.96%,102.83%,否
600756,600756.SH,浪潮软件,上交所,主板,软件服务,山东,8.53,10.52,12.18,17.3,23.33%,15.78%,42.04%,102.81%,否
300446,300446.SZ,航天智造,深交所,创业板,汽车配件,河北,9.45,11.33,16.22,19.16,19.89%,43.16%,18.13%,102.75%,否
605055,605055.SH,迎丰股份,上交所,主板,纺织,浙江,4.03,4.18,4.26,8.17,3.72%,1.91%,91.78%,102.73%,否
688051,688051.SH,佳华科技,上交所,科创板,软件服务,北京,14.57,15.2,18.4,29.53,4.32%,21.05%,60.49%,102.68%,否
605228,605228.SH,神通科技,上交所,主板,汽车配件,浙江,6.76,7.83,8.01,13.7,15.83%,2.30%,71.04%,102.66%,否
688122,688122.SH,西部超导,上交所,科创板,小金属,陕西,33.22,33.5,42.6,67.24,0.84%,27.16%,57.84%,102.41%,否
002927,002927.SZ,泰永长征,深交所,主板,电气设备,贵州,8.35,10.12,10.82,16.9,21.20%,6.92%,56.19%,102.40%,否
002128,002128.SZ,电投能源,深交所,主板,煤炭开采,内蒙,14.14,16.23,17.22,28.61,14.78%,6.10%,66.14%,102.33%,否
002148,002148.SZ,北纬科技,深交所,主板,互联网,北京,3.52,4.83,5.25,7.12,37.22%,8.70%,35.62%,102.27%,否
301219,301219.SZ,腾远钴业,深交所,创业板,小金属,江西,28.01,34.14,39.73,56.65,21.89%,16.37%,42.59%,102.25%,否
301068,301068.SZ,大地海洋,深交所,创业板,环境保护,浙江,15.58,18.32,29.01,31.51,17.59%,58.35%,8.62%,102.25%,否
000681,000681.SZ,视觉中国,深交所,主板,互联网,江苏,9.86,10.97,16.1,19.93,11.26%,46.76%,23.79%,102.13%,否
300727,300727.SZ,润禾材料,深交所,创业板,化工原料,浙江,14.5,20.46,27.96,29.29,41.10%,36.66%,4.76%,102.00%,否
301233,301233.SZ,盛帮股份,深交所,创业板,汽车配件,四川,23.08,33.14,36.36,46.62,43.59%,9.72%,28.22%,101.99%,否
300319,300319.SZ,麦捷科技,深交所,创业板,元器件,深圳,5.69,8.21,8.6,11.49,44.29%,4.75%,33.60%,101.93%,否
000420,000420.SZ,吉林化纤,深交所,主板,化纤,吉林,2.18,2.81,3.08,4.4,28.90%,9.61%,42.86%,101.83%,否
003015,003015.SZ,日久光电,深交所,主板,元器件,江苏,7.02,10.78,11.47,14.16,53.56%,6.40%,23.45%,101.71%,否
300078,300078.SZ,思创智联,深交所,创业板,软件服务,浙江,1.9,2.41,2.6,3.83,26.84%,7.88%,47.31%,101.58%,否
301092,301092.SZ,争光股份,深交所,创业板,化工原料,浙江,15.53,19.81,24.8,31.3,27.56%,25.19%,26.21%,101.55%,否
600698,600698.SH,湖南天雁,上交所,主板,汽车配件,湖南,3.38,4.6,4.95,6.81,36.09%,7.61%,37.58%,101.48%,否
688192,688192.SH,迪哲医药,上交所,科创板,生物制药,江苏,24.82,32.89,43.12,49.98,32.51%,31.10%,15.91%,101.37%,否
002627,002627.SZ,三峡旅游,深交所,主板,旅游景点,湖北,3.86,4.51,4.8,7.77,16.84%,6.43%,61.87%,101.30%,否
688326,688326.SH,经纬恒润,上交所,科创板,汽车配件,北京,55.3,61.2,68.51,111.31,10.67%,11.94%,62.47%,101.28%,否
603966,603966.SH,法兰泰克,上交所,主板,专用机械,江苏,5.5,6.52,6.88,11.07,18.55%,5.52%,60.90%,101.27%,否
300553,300553.SZ,集智股份,深交所,创业板,电器仪表,浙江,16.95,18.81,31.98,34.08,10.97%,70.02%,6.57%,101.06%,否
600641,600641.SH,先导基电,上交所,主板,半导体,上海,9.16,9.83,12.88,18.41,7.31%,31.03%,42.93%,100.98%,否
002879,002879.SZ,长缆科技,深交所,主板,电气设备,湖南,9.68,11.73,13.32,19.45,21.18%,13.55%,46.02%,100.93%,否
002097,002097.SZ,山河智能,深交所,主板,工程机械,湖南,4.74,5.43,5.79,9.52,14.56%,6.63%,64.42%,100.84%,否
920392,920392.BJ,佳合科技,北交所,北交所,广告包装,江苏,9.63,10.21,16.51,19.33,6.02%,61.70%,17.08%,100.73%,否
000875,000875.SZ,电投绿能,深交所,主板,火力发电,吉林,3.48,4.56,4.87,6.98,31.03%,6.80%,43.33%,100.57%,否
300815,300815.SZ,玉禾田,深交所,创业板,环境保护,安徽,9.93,11.11,13.96,19.91,11.88%,25.65%,42.62%,100.50%,否
002324,002324.SZ,普利特,深交所,主板,塑料,上海,7.05,7.1,8.07,14.12,0.71%,13.66%,74.97%,100.28%,否
000599,000599.SZ,青岛双星,深交所,主板,汽车配件,山东,2.9,3.75,4.5,5.8,29.31%,20.00%,28.89%,100.00%,否
000889,000889.SZ,中嘉博创,深交所,主板,通信设备,河北,1.54,1.66,2.15,3.08,7.79%,29.52%,43.26%,100.00%,否
603637,603637.SH,镇海股份,上交所,主板,建筑工程,浙江,5.3,5.95,7.8,10.6,12.26%,31.09%,35.90%,100.00%,否
603817,603817.SH,海峡环保,上交所,主板,环境保护,福建,4.12,4.64,4.89,8.24,12.62%,5.39%,68.51%,100.00%,否
300921,300921.SZ,南凌科技,深交所,创业板,互联网,深圳,12.09,17.3,19.91,24.16,43.09%,15.09%,21.35%,99.83%,否
300200,300200.SZ,高盟新材,深交所,创业板,化工原料,北京,4.8,6.73,8.2,9.59,40.21%,21.84%,16.95%,99.79%,否
688208,688208.SH,道通科技,上交所,科创板,IT设备,深圳,15.53,23.41,28.94,31.0,50.74%,23.62%,7.12%,99.61%,否
300278,300278.SZ,华昌达,深交所,创业板,专用机械,湖北,2.27,3.01,4.39,4.53,32.60%,45.85%,3.19%,99.56%,否
300292,300292.SZ,吴通控股,深交所,创业板,互联网,江苏,2.21,3.37,3.81,4.41,52.49%,13.06%,15.75%,99.55%,否
300640,300640.SZ,德艺文创,深交所,创业板,家居用品,福建,3.33,4.03,4.26,6.64,21.02%,5.71%,55.87%,99.40%,否
000887,000887.SZ,中鼎股份,深交所,主板,汽车配件,安徽,8.66,11.66,13.88,17.26,34.64%,19.04%,24.35%,99.31%,否
002903,002903.SZ,宇环数控,深交所,主板,机床制造,湖南,12.56,14.23,15.93,25.03,13.30%,11.95%,57.12%,99.28%,否
002279,002279.SZ,久其软件,深交所,主板,软件服务,北京,3.94,4.95,5.11,7.85,25.63%,3.23%,53.62%,99.24%,否
600667,600667.SH,太极实业,上交所,主板,半导体,江苏,4.7,5.18,5.61,9.36,10.21%,8.30%,66.84%,99.15%,否
002012,002012.SZ,凯恩股份,深交所,主板,造纸,浙江,3.2,3.7,3.9,6.37,15.62%,5.41%,63.33%,99.06%,否
002664,002664.SZ,信质集团,深交所,主板,汽车配件,浙江,9.5,11.38,12.6,18.91,19.79%,10.72%,50.08%,99.05%,否
300128,300128.SZ,锦富技术,深交所,创业板,元器件,江苏,2.97,3.26,4.12,5.91,9.76%,26.38%,43.45%,98.99%,否
000856,000856.SZ,冀东装备,深交所,主板,专用机械,河北,5.57,6.06,8.06,11.08,8.80%,33.00%,37.47%,98.92%,否
002501,002501.SZ,*ST利源,深交所,主板,铝,吉林,0.88,1.06,1.65,1.75,20.45%,55.66%,6.06%,98.86%,是
300256,300256.SZ,星星科技,深交所,创业板,元器件,江西,1.76,2.23,3.31,3.5,26.70%,48.43%,5.74%,98.86%,否
002040,002040.SZ,南京港,深交所,主板,港口,江苏,4.88,5.53,6.29,9.7,13.32%,13.74%,54.21%,98.77%,否
301222,301222.SZ,浙江恒威,深交所,创业板,电气设备,浙江,15.26,19.5,21.14,30.32,27.79%,8.41%,43.42%,98.69%,否
688015,688015.SH,交控科技,上交所,科创板,运输设备,北京,10.52,14.68,16.67,20.9,39.54%,13.56%,25.37%,98.67%,否
300231,300231.SZ,银信科技,深交所,创业板,软件服务,北京,5.94,7.94,8.37,11.8,33.67%,5.42%,40.98%,98.65%,否
002887,002887.SZ,绿茵生态,深交所,主板,环境保护,天津,5.23,5.55,5.83,10.38,6.12%,5.05%,78.04%,98.47%,否
001268,001268.SZ,联合精密,深交所,主板,机械基件,广东,14.3,15.09,15.63,28.38,5.52%,3.58%,81.57%,98.46%,否
688518,688518.SH,联赢激光,上交所,科创板,专用机械,深圳,11.07,11.81,13.28,21.95,6.68%,12.45%,65.29%,98.28%,否
001360,001360.SZ,南矿集团,深交所,主板,工程机械,江西,9.96,12.01,12.14,19.74,20.58%,1.08%,62.60%,98.19%,否
002474,002474.SZ,榕基软件,深交所,主板,软件服务,福建,3.76,4.61,5.1,7.44,22.61%,10.63%,45.88%,97.87%,否
000551,000551.SZ,创元科技,深交所,主板,专用机械,江苏,6.41,8.63,9.5,12.68,34.63%,10.08%,33.47%,97.82%,否
301022,301022.SZ,海泰科,深交所,创业板,专用机械,山东,14.08,17.3,19.3,27.84,22.87%,11.56%,44.25%,97.73%,否
920346,920346.BJ,威贸电子,北交所,北交所,元器件,上海,9.92,10.8,18.8,19.61,8.87%,74.07%,4.31%,97.68%,否
000558,000558.SZ,天府文旅,深交所,主板,旅游景点,四川,2.15,2.3,3.6,4.25,6.98%,56.52%,18.06%,97.67%,否
600980,600980.SH,北矿科技,上交所,主板,专用机械,北京,10.22,13.09,14.07,20.19,28.08%,7.49%,43.50%,97.55%,否
302132,302132.SZ,中航成飞,深交所,创业板,航空,陕西,33.42,39.3,53.9,66.01,17.59%,37.15%,22.47%,97.52%,否
600733,600733.SH,北汽蓝谷,上交所,主板,汽车整车,北京,3.56,6.3,6.57,7.03,76.97%,4.29%,7.00%,97.47%,否
300352,300352.SZ,ST信源,深交所,创业板,软件服务,北京,3.08,3.76,3.97,6.08,22.08%,5.59%,53.15%,97.40%,是
600650,600650.SH,锦江在线,上交所,主板,公共交通,上海,6.44,10.1,11.5,12.7,56.83%,13.86%,10.43%,97.20%,否
603977,603977.SH,国泰集团,上交所,主板,化工原料,江西,7.46,9.29,12.17,14.71,24.53%,31.00%,20.87%,97.18%,否
000993,000993.SZ,闽东电力,深交所,主板,水力发电,福建,6.89,7.92,8.48,13.57,14.95%,7.07%,60.02%,96.95%,否
002438,002438.SZ,江苏神通,深交所,主板,机械基件,江苏,7.96,9.4,9.45,15.66,18.09%,0.53%,65.71%,96.73%,否
603005,603005.SH,晶方科技,上交所,主板,半导体,江苏,13.44,17.46,23.82,26.43,29.91%,36.43%,10.96%,96.65%,否
300234,300234.SZ,开尔新材,深交所,创业板,陶瓷,浙江,2.98,3.68,3.93,5.86,23.49%,6.79%,49.11%,96.64%,否
300805,300805.SZ,电声股份,深交所,创业板,广告包装,广东,5.33,6.6,7.92,10.48,23.83%,20.00%,32.32%,96.62%,否
603390,603390.SH,通达电气,上交所,主板,汽车配件,广东,5.55,7.58,7.9,10.91,36.58%,4.22%,38.10%,96.58%,否
301001,301001.SZ,凯淳股份,深交所,创业板,互联网,上海,13.71,18.0,22.2,26.93,31.29%,23.33%,21.31%,96.43%,否
003019,003019.SZ,宸展光电,深交所,主板,元器件,福建,14.82,22.44,25.63,29.09,51.42%,14.22%,13.50%,96.29%,否
002247,002247.SZ,聚力文化,深交所,主板,其他建材,浙江,1.34,1.51,1.93,2.63,12.69%,27.81%,36.27%,96.27%,否
301568,301568.SZ,思泰克,深交所,创业板,专用机械,福建,24.02,25.1,27.07,47.1,4.50%,7.85%,73.99%,96.09%,否
688528,688528.SH,秦川物联,上交所,科创板,电器仪表,四川,5.09,6.9,7.31,9.98,35.56%,5.94%,36.53%,96.07%,否
002125,002125.SZ,湘潭电化,深交所,主板,化工原料,湖南,6.3,8.47,8.52,12.35,34.44%,0.59%,44.95%,96.03%,否
002171,002171.SZ,楚江新材,深交所,主板,铜,安徽,5.31,5.63,7.44,10.4,6.03%,32.15%,39.78%,95.86%,否
600323,600323.SH,瀚蓝环境,上交所,主板,环境保护,广东,14.61,18.47,22.8,28.61,26.42%,23.44%,25.48%,95.82%,否
300712,300712.SZ,永福股份,深交所,创业板,建筑工程,福建,14.75,17.93,19.49,28.86,21.56%,8.70%,48.08%,95.66%,否
300586,300586.SZ,美联新材,深交所,创业板,化工原料,广东,4.37,5.99,7.15,8.55,37.07%,19.37%,19.58%,95.65%,否
600623,600623.SH,华谊集团,上交所,主板,化工原料,上海,5.01,5.75,6.27,9.8,14.77%,9.04%,56.30%,95.61%,否
002801,002801.SZ,微光股份,深交所,主板,电气设备,浙江,15.87,17.68,25.77,31.04,11.41%,45.76%,20.45%,95.59%,否
688329,688329.SH,艾隆科技,上交所,科创板,专用机械,江苏,11.3,12.04,12.8,22.1,6.55%,6.31%,72.66%,95.58%,否
300697,300697.SZ,电工合金,深交所,创业板,铜,江苏,7.11,9.7,11.55,13.9,36.43%,19.07%,20.35%,95.50%,否
000793,000793.SZ,*ST华闻,深交所,主板,出版业,海南,1.32,1.38,2.08,2.58,4.55%,50.72%,24.04%,95.45%,是
300976,300976.SZ,达瑞电子,深交所,创业板,元器件,广东,27.11,39.1,44.79,52.93,44.23%,14.55%,18.17%,95.24%,否
600435,600435.SH,北方导航,上交所,主板,专用机械,北京,7.08,8.9,10.21,13.82,25.71%,14.72%,35.36%,95.20%,否
300013,300013.SZ,新宁物流,深交所,创业板,仓储物流,河南,1.86,2.27,3.3,3.63,22.04%,45.37%,10.00%,95.16%,否
603188,603188.SH,亚邦股份,上交所,主板,染料涂料,江苏,2.27,2.68,3.14,4.43,18.06%,17.16%,41.08%,95.15%,否
000617,000617.SZ,中油资本,深交所,主板,多元金融,新疆,5.1,5.16,6.02,9.95,1.18%,16.67%,65.28%,95.10%,否
002377,002377.SZ,国创高新,深交所,主板,其他建材,湖北,1.62,1.73,2.12,3.16,6.79%,22.54%,49.06%,95.06%,否
300176,300176.SZ,鸿特科技,深交所,创业板,汽车配件,广东,3.43,4.93,5.08,6.69,43.73%,3.04%,31.69%,95.04%,否
600775,600775.SH,南京熊猫,上交所,主板,通信设备,江苏,6.85,7.56,7.87,13.36,10.36%,4.10%,69.76%,95.04%,否
301234,301234.SZ,五洲医疗,深交所,创业板,医疗保健,安徽,17.83,20.85,22.65,34.74,16.94%,8.63%,53.38%,94.84%,否
300235,300235.SZ,方直科技,深交所,创业板,软件服务,深圳,6.2,8.09,8.36,12.07,30.48%,3.34%,44.38%,94.68%,否
600578,600578.SH,京能电力,上交所,主板,火力发电,北京,2.62,3.15,3.35,5.1,20.23%,6.35%,52.24%,94.66%,否
000029,000029.SZ,深深房A,深交所,主板,区域地产,深圳,9.51,12.2,12.81,18.51,28.29%,5.00%,44.50%,94.64%,否
688047,688047.SH,龙芯中科,上交所,科创板,半导体,北京,68.5,88.12,124.5,133.1,28.64%,41.28%,6.91%,94.31%,否
001229,001229.SZ,魅视科技,深交所,主板,IT设备,广东,20.39,23.16,25.51,39.61,13.59%,10.15%,55.27%,94.26%,否
688117,688117.SH,圣诺生物,上交所,科创板,生物制药,四川,16.46,23.5,25.11,31.92,42.77%,6.85%,27.12%,93.92%,否
300423,300423.SZ,昇辉科技,深交所,创业板,电气设备,山东,4.38,5.18,5.89,8.49,18.26%,13.71%,44.14%,93.84%,否
000554,000554.SZ,泰山石油,深交所,主板,石油贸易,山东,4.19,4.96,5.0,8.12,18.38%,0.81%,62.40%,93.79%,否
600973,600973.SH,宝胜股份,上交所,主板,电气设备,江苏,3.16,3.4,3.87,6.12,7.59%,13.82%,58.14%,93.67%,否
300259,300259.SZ,新天科技,深交所,创业板,电器仪表,河南,2.32,2.49,2.8,4.49,7.33%,12.45%,60.36%,93.53%,否
600821,600821.SH,金开新能,上交所,主板,新型电力,天津,4.91,5.05,5.32,9.5,2.85%,5.35%,78.57%,93.48%,否
688625,688625.SH,呈和科技,上交所,科创板,化工原料,广东,26.2,29.84,42.23,50.66,13.89%,41.52%,19.96%,93.36%,否
000905,000905.SZ,厦门港务,深交所,主板,港口,福建,5.43,5.56,6.46,10.49,2.39%,16.19%,62.38%,93.19%,否
603213,603213.SH,镇洋发展,上交所,主板,化工原料,浙江,6.62,7.46,7.72,12.78,12.69%,3.49%,65.54%,93.05%,否
002025,002025.SZ,航天电器,深交所,主板,元器件,贵州,32.26,44.1,53.1,62.24,36.70%,20.41%,17.21%,92.93%,否
002483,002483.SZ,润邦股份,深交所,主板,专用机械,江苏,3.37,4.19,5.29,6.5,24.33%,26.25%,22.87%,92.88%,否
002383,002383.SZ,合众思壮,深交所,主板,通信设备,北京,4.78,6.0,6.15,9.21,25.52%,2.50%,49.76%,92.68%,否
002225,002225.SZ,濮耐股份,深交所,主板,其他建材,河南,2.58,3.18,4.28,4.97,23.26%,34.59%,16.12%,92.64%,否
001211,001211.SZ,双枪科技,深交所,主板,家居用品,浙江,13.13,14.34,17.36,25.28,9.22%,21.06%,45.62%,92.54%,否
300562,300562.SZ,乐心医疗,深交所,创业板,医疗保健,广东,6.29,10.23,11.0,12.11,62.64%,7.53%,10.09%,92.53%,否
000697,000697.SZ,炼石航空,深交所,主板,航空,陕西,4.63,5.61,7.25,8.91,21.17%,29.23%,22.90%,92.44%,否
603068,603068.SH,博通集成,上交所,主板,半导体,上海,15.81,19.17,25.91,30.41,21.25%,35.16%,17.37%,92.35%,否
605507,605507.SH,国邦医药,上交所,主板,化学制药,浙江,13.13,17.71,18.63,25.23,34.88%,5.19%,35.43%,92.16%,否
301038,301038.SZ,深水规院,深交所,创业板,建筑工程,深圳,10.42,13.98,15.11,20.02,34.17%,8.08%,32.50%,92.13%,否
300777,300777.SZ,中简科技,深交所,创业板,化纤,江苏,17.82,19.98,30.4,34.23,12.12%,52.15%,12.60%,92.09%,否
002757,002757.SZ,南兴股份,深交所,主板,专用机械,广东,9.95,11.42,14.9,19.11,14.77%,30.47%,28.26%,92.06%,否
001258,001258.SZ,立新能源,深交所,主板,新型电力,新疆,5.5,5.75,7.34,10.56,4.55%,27.65%,43.87%,92.00%,否
300674,300674.SZ,宇信科技,深交所,创业板,软件服务,北京,9.98,11.11,18.92,19.16,11.32%,70.30%,1.27%,91.98%,否
002144,002144.SZ,宏达高科,深交所,主板,纺织,浙江,6.96,8.47,8.78,13.36,21.70%,3.66%,52.16%,91.95%,否
603733,603733.SH,仙鹤股份,上交所,主板,造纸,浙江,11.53,15.17,19.67,22.11,31.57%,29.66%,12.40%,91.76%,否
300457,300457.SZ,赢合科技,深交所,创业板,专用机械,深圳,12.18,13.87,15.02,23.35,13.88%,8.29%,55.46%,91.71%,否
300429,300429.SZ,强力新材,深交所,创业板,化工原料,江苏,6.24,9.11,9.7,11.96,45.99%,6.48%,23.30%,91.67%,否
603192,603192.SH,汇得科技,上交所,主板,化工原料,上海,11.54,13.1,13.77,22.11,13.52%,5.11%,60.57%,91.59%,否
300247,300247.SZ,融捷健康,深交所,创业板,医疗保健,安徽,2.24,2.44,2.81,4.29,8.93%,15.16%,52.67%,91.52%,否
603585,603585.SH,苏利股份,上交所,主板,农药化肥,江苏,9.14,10.41,12.92,17.49,13.89%,24.11%,35.37%,91.36%,否
300092,300092.SZ,科新机电,深交所,创业板,专用机械,四川,7.38,8.93,9.8,14.12,21.00%,9.74%,44.08%,91.33%,否
002054,002054.SZ,德美化工,深交所,主板,染料涂料,广东,4.26,4.56,4.94,8.15,7.04%,8.33%,64.98%,91.31%,否
920014,920014.BJ,特瑞斯,北交所,北交所,专用机械,江苏,7.25,7.48,10.46,13.87,3.17%,39.84%,32.60%,91.31%,否
600749,600749.SH,西藏旅游,上交所,主板,旅游景点,西藏,7.8,10.18,10.2,14.92,30.51%,0.20%,46.27%,91.28%,否
300855,300855.SZ,图南股份,深交所,创业板,小金属,江苏,17.78,19.25,20.19,34.0,8.27%,4.88%,68.40%,91.23%,否
002593,002593.SZ,日上集团,深交所,主板,钢加工,福建,2.62,2.63,3.63,5.01,0.38%,38.02%,38.02%,91.22%,否
603079,603079.SH,圣达生物,上交所,主板,食品,浙江,8.13,10.42,14.1,15.54,28.17%,35.32%,10.21%,91.14%,否
600829,600829.SH,人民同泰,上交所,主板,医药商业,黑龙江,4.96,5.22,6.4,9.48,5.24%,22.61%,48.12%,91.13%,否
601609,601609.SH,金田股份,上交所,主板,铜,浙江,4.75,4.9,5.17,9.07,3.16%,5.51%,75.44%,90.95%,否
688616,688616.SH,西力科技,上交所,科创板,电器仪表,浙江,6.62,7.24,9.27,12.64,9.37%,28.04%,36.35%,90.94%,否
600137,600137.SH,浪莎股份,上交所,主板,服饰,四川,10.44,11.52,12.34,19.93,10.34%,7.12%,61.51%,90.90%,否
002480,002480.SZ,新筑股份,深交所,主板,运输设备,四川,3.06,4.01,4.57,5.84,31.05%,13.97%,27.79%,90.85%,否
300821,300821.SZ,东岳硅材,深交所,创业板,化工原料,山东,5.72,6.17,6.64,10.91,7.87%,7.62%,64.31%,90.73%,否
002575,002575.SZ,群兴玩具,深交所,主板,文教休闲,广东,4.4,4.52,7.61,8.39,2.73%,68.36%,10.25%,90.68%,否
603399,603399.SH,永杉锂业,上交所,主板,小金属,辽宁,5.22,6.31,7.02,9.95,20.88%,11.25%,41.74%,90.61%,否
605566,605566.SH,福莱蒽特,上交所,主板,染料涂料,浙江,12.92,13.94,15.0,24.6,7.89%,7.60%,64.00%,90.40%,否
002205,002205.SZ,国统股份,深交所,主板,水泥,新疆,6.4,6.65,7.68,12.18,3.91%,15.49%,58.59%,90.31%,否
301066,301066.SZ,万事利,深交所,创业板,纺织,浙江,7.01,7.99,10.14,13.34,13.98%,26.91%,31.56%,90.30%,否
002929,002929.SZ,润建股份,深交所,主板,通信设备,广西,23.66,24.44,39.21,45.02,3.30%,60.43%,14.82%,90.28%,否
300095,300095.SZ,华伍股份,深交所,创业板,专用机械,江西,4.85,5.45,5.5,9.22,12.37%,0.92%,67.64%,90.10%,否
600163,600163.SH,中闽能源,上交所,主板,新型电力,福建,3.33,4.35,4.71,6.33,30.63%,8.28%,34.39%,90.09%,否
300286,300286.SZ,安科瑞,深交所,创业板,电器仪表,上海,14.3,15.09,18.82,27.18,5.52%,24.72%,44.42%,90.07%,否
601877,601877.SH,正泰电器,上交所,主板,电气设备,浙江,17.4,18.33,20.67,33.04,5.34%,12.77%,59.85%,89.89%,否
002950,002950.SZ,奥美医疗,深交所,主板,医疗保健,湖北,6.02,7.09,7.21,11.42,17.77%,1.69%,58.39%,89.70%,否
000920,000920.SZ,沃顿科技,深交所,主板,塑料,贵州,6.33,7.68,8.67,11.99,21.33%,12.89%,38.29%,89.42%,否
002217,002217.SZ,合力泰,深交所,主板,元器件,福建,1.22,1.23,1.87,2.31,0.82%,52.03%,23.53%,89.34%,否
300605,300605.SZ,恒锋信息,深交所,创业板,软件服务,福建,6.92,9.86,10.2,13.1,42.49%,3.45%,28.43%,89.31%,否
601798,601798.SH,蓝科高新,上交所,主板,化工机械,甘肃,4.37,5.07,5.2,8.27,16.02%,2.56%,59.04%,89.24%,否
300154,300154.SZ,瑞凌股份,深交所,创业板,机械基件,深圳,3.99,4.86,7.29,7.55,21.80%,50.00%,3.57%,89.22%,否
002741,002741.SZ,光华科技,深交所,主板,化工原料,广东,9.0,11.07,12.47,17.03,23.00%,12.65%,36.57%,89.22%,否
600509,600509.SH,天富能源,上交所,主板,火力发电,新疆,4.26,5.02,5.54,8.06,17.84%,10.36%,45.49%,89.20%,否
600815,600815.SH,厦工股份,上交所,主板,工程机械,福建,1.93,1.99,2.25,3.65,3.11%,13.07%,62.22%,89.12%,否
300512,300512.SZ,中亚股份,深交所,创业板,专用机械,浙江,4.5,5.61,5.76,8.51,24.67%,2.67%,47.74%,89.11%,否
002492,002492.SZ,恒基达鑫,深交所,主板,仓储物流,广东,3.74,4.29,4.35,7.07,14.71%,1.40%,62.53%,89.04%,否
601116,601116.SH,三江购物,上交所,主板,超市连锁,浙江,7.14,7.55,9.91,13.48,5.74%,31.26%,36.02%,88.80%,否
000809,000809.SZ,和展能源,深交所,主板,电气设备,辽宁,1.95,1.96,2.8,3.68,0.51%,42.86%,31.43%,88.72%,否
000975,000975.SZ,山金国际,深交所,主板,黄金,内蒙,13.6,16.58,17.7,25.65,21.91%,6.76%,44.92%,88.60%,否
002472,002472.SZ,双环传动,深交所,主板,汽车配件,浙江,18.51,20.76,26.12,34.91,12.16%,25.82%,33.65%,88.60%,否
002139,002139.SZ,拓邦股份,深交所,主板,元器件,深圳,6.4,9.15,10.68,12.06,42.97%,16.72%,12.92%,88.44%,否
603158,603158.SH,腾龙股份,上交所,主板,汽车配件,江苏,5.8,6.54,7.0,10.92,12.76%,7.03%,56.00%,88.28%,否
002806,002806.SZ,华锋股份,深交所,主板,汽车配件,广东,6.8,8.58,10.41,12.8,26.18%,21.33%,22.96%,88.24%,否
600737,600737.SH,中粮糖业,上交所,主板,食品,新疆,7.75,8.65,9.45,14.58,11.61%,9.25%,54.29%,88.13%,否
300776,300776.SZ,帝尔激光,深交所,创业板,专用机械,湖北,37.6,40.92,52.5,70.7,8.83%,28.30%,34.67%,88.03%,否
002886,002886.SZ,沃特股份,深交所,主板,塑料,深圳,10.39,12.45,14.31,19.53,19.83%,14.94%,36.48%,87.97%,否
300382,300382.SZ,斯莱克,深交所,创业板,专用机械,江苏,5.65,7.4,8.15,10.61,30.97%,10.14%,30.18%,87.79%,否
605358,605358.SH,立昂微,上交所,主板,半导体,浙江,17.22,18.43,19.5,32.32,7.03%,5.81%,65.74%,87.69%,否
002658,002658.SZ,雪迪龙,深交所,主板,环境保护,北京,4.67,5.45,5.63,8.76,16.70%,3.30%,55.60%,87.58%,否
603758,603758.SH,秦安股份,上交所,主板,汽车配件,重庆,6.63,6.65,8.78,12.43,0.30%,32.03%,41.57%,87.48%,否
000045,000045.SZ,深纺织A,深交所,主板,元器件,深圳,6.82,8.06,8.4,12.78,18.18%,4.22%,52.14%,87.39%,否
002204,002204.SZ,大连重工,深交所,主板,专用机械,辽宁,3.33,4.04,5.03,6.24,21.32%,24.50%,24.06%,87.39%,否
301085,301085.SZ,亚康股份,深交所,创业板,软件服务,北京,31.31,41.39,47.0,58.54,32.19%,13.55%,24.55%,86.97%,否
603217,603217.SH,元利科技,上交所,主板,化工原料,山东,11.34,12.62,14.22,21.19,11.29%,12.68%,49.02%,86.86%,否
600712,600712.SH,南宁百货,上交所,主板,百货,广西,3.15,3.56,4.68,5.88,13.02%,31.46%,25.64%,86.67%,否
301118,301118.SZ,恒光股份,深交所,创业板,化工原料,湖南,11.9,14.4,18.82,22.21,21.01%,30.69%,18.01%,86.64%,否
300491,300491.SZ,通合科技,深交所,创业板,电气设备,河北,12.48,12.73,13.73,23.28,2.00%,7.86%,69.56%,86.54%,否
301169,301169.SZ,零点有数,深交所,创业板,文教休闲,北京,26.52,30.38,31.64,49.42,14.56%,4.15%,56.19%,86.35%,否
600618,600618.SH,氯碱化工,上交所,主板,化工原料,上海,6.52,7.49,8.3,12.15,14.88%,10.81%,46.39%,86.35%,否
000530,000530.SZ,冰山冷热,深交所,主板,机械基件,辽宁,3.06,3.66,4.22,5.7,19.61%,15.30%,35.07%,86.27%,否
002825,002825.SZ,纳尔股份,深交所,主板,化工原料,上海,5.16,6.19,6.6,9.61,19.96%,6.62%,45.61%,86.24%,否
000407,000407.SZ,胜利股份,深交所,主板,供气供热,山东,2.47,2.68,2.76,4.6,8.50%,2.99%,66.67%,86.23%,否
600470,600470.SH,六国化工,上交所,主板,农药化肥,安徽,3.55,4.03,4.84,6.61,13.52%,20.10%,36.57%,86.20%,否
301099,301099.SZ,雅创电子,深交所,创业板,元器件,上海,24.5,29.53,37.5,45.61,20.53%,26.99%,21.63%,86.16%,否
600584,600584.SH,长电科技,上交所,主板,半导体,江苏,20.63,27.5,28.9,38.39,33.30%,5.09%,32.84%,86.09%,否
603811,603811.SH,诚意药业,上交所,主板,化学制药,浙江,5.78,6.26,7.21,10.75,8.30%,15.18%,49.10%,85.99%,否
600960,600960.SH,渤海汽车,上交所,主板,汽车配件,山东,2.53,2.7,2.78,4.7,6.72%,2.96%,69.06%,85.77%,否
000796,000796.SZ,凯撒旅业,深交所,主板,旅游服务,海南,2.7,3.06,3.3,5.01,13.33%,7.84%,51.82%,85.56%,否
002093,002093.SZ,国脉科技,深交所,主板,文教休闲,福建,4.98,5.97,8.83,9.24,19.88%,47.91%,4.64%,85.54%,否
603759,603759.SH,海天股份,上交所,主板,水务,四川,5.46,5.62,6.95,10.13,2.93%,23.67%,45.76%,85.53%,否
300148,300148.SZ,天舟文化,深交所,创业板,出版业,湖南,2.21,2.7,3.41,4.1,22.17%,26.30%,20.23%,85.52%,否
601399,601399.SH,国机重装,上交所,主板,工程机械,四川,2.33,2.61,2.62,4.32,12.02%,0.38%,64.89%,85.41%,否
002117,002117.SZ,东港股份,深交所,主板,广告包装,山东,5.41,6.21,9.71,10.03,14.79%,56.36%,3.30%,85.40%,否
300238,300238.SZ,冠昊生物,深交所,创业板,医疗保健,广东,7.93,9.33,10.17,14.7,17.65%,9.00%,44.54%,85.37%,否
603697,603697.SH,有友食品,上交所,主板,食品,重庆,5.57,5.72,9.91,10.32,2.69%,73.25%,4.14%,85.28%,否
300453,300453.SZ,三鑫医疗,深交所,创业板,医疗保健,江西,4.88,6.15,7.28,9.04,26.02%,18.37%,24.18%,85.25%,否
300420,300420.SZ,五洋自控,深交所,创业板,机械基件,江苏,1.87,2.1,2.25,3.46,12.30%,7.14%,53.78%,85.03%,否
002648,002648.SZ,卫星化学,深交所,主板,化工原料,浙江,13.25,15.01,15.9,24.48,13.28%,5.93%,53.96%,84.75%,否
002654,002654.SZ,万润科技,深交所,主板,互联网,深圳,7.07,9.02,9.72,13.06,27.58%,7.76%,34.36%,84.72%,否
300387,300387.SZ,富邦科技,深交所,创业板,农药化肥,湖北,4.49,6.44,8.1,8.29,43.43%,25.78%,2.35%,84.63%,否
688296,688296.SH,和达科技,上交所,科创板,软件服务,浙江,7.09,8.08,9.86,13.09,13.96%,22.03%,32.76%,84.63%,否
300786,300786.SZ,国林科技,深交所,创业板,环境保护,山东,7.52,10.33,11.03,13.88,37.37%,6.78%,25.84%,84.57%,否
600558,600558.SH,大西洋,上交所,主板,钢加工,四川,2.9,3.24,3.85,5.35,11.72%,18.83%,38.96%,84.48%,否
688218,688218.SH,江苏北人,上交所,科创板,专用机械,江苏,12.4,12.58,16.99,22.85,1.45%,35.06%,34.49%,84.27%,否
300872,300872.SZ,天阳科技,深交所,创业板,软件服务,西藏,8.67,10.7,12.33,15.97,23.41%,15.23%,29.52%,84.20%,否
688682,688682.SH,霍莱沃,上交所,科创板,软件服务,上海,21.71,24.57,26.78,39.93,13.17%,8.99%,49.10%,83.92%,否
605162,605162.SH,新中港,上交所,主板,供气供热,浙江,5.64,6.14,6.32,10.37,8.87%,2.93%,64.08%,83.87%,否
002371,002371.SZ,北方华创,深交所,主板,半导体,北京,238.12,278.13,424.08,437.79,16.80%,52.48%,3.23%,83.85%,否
600995,600995.SH,南网储能,上交所,主板,水力发电,云南,7.97,8.92,9.03,14.65,11.92%,1.23%,62.24%,83.81%,否
600575,600575.SH,淮河能源,上交所,主板,火力发电,安徽,2.15,3.32,3.34,3.95,54.42%,0.60%,18.26%,83.72%,否
300291,300291.SZ,百纳千成,深交所,创业板,影视音像,北京,3.56,3.99,4.05,6.54,12.08%,1.50%,61.48%,83.71%,否
301117,301117.SZ,佳缘科技,深交所,创业板,软件服务,四川,22.2,24.28,24.7,40.75,9.37%,1.73%,64.98%,83.56%,否
600605,600605.SH,汇通能源,上交所,主板,房产服务,上海,14.63,26.44,26.62,26.8,80.72%,0.68%,0.68%,83.19%,否
300721,300721.SZ,怡达股份,深交所,创业板,化工原料,江苏,7.01,10.45,11.5,12.84,49.07%,10.05%,11.65%,83.17%,否
300229,300229.SZ,拓尔思,深交所,创业板,软件服务,北京,9.56,11.75,15.64,17.51,22.91%,33.11%,11.96%,83.16%,否
002773,002773.SZ,康弘药业,深交所,主板,化学制药,四川,13.66,16.74,23.0,25.01,22.55%,37.40%,8.74%,83.09%,否
600458,600458.SH,时代新材,上交所,主板,塑料,湖南,6.91,8.88,10.88,12.64,28.51%,22.52%,16.18%,82.92%,否
600751,600751.SH,海航科技,上交所,主板,水运,天津,1.99,2.2,2.39,3.64,10.55%,8.64%,52.30%,82.91%,否
600415,600415.SH,小商品城,上交所,主板,商品城,浙江,7.04,8.4,11.71,12.87,19.32%,39.40%,9.91%,82.81%,否
688095,688095.SH,福昕软件,上交所,科创板,软件服务,福建,37.01,48.9,49.18,67.62,32.13%,0.57%,37.49%,82.71%,否
300024,300024.SZ,机器人,深交所,创业板,专用机械,辽宁,8.01,9.24,13.87,14.63,15.36%,50.11%,5.48%,82.65%,否
002114,002114.SZ,罗平锌电,深交所,主板,铅锌,云南,4.42,4.85,5.15,8.07,9.73%,6.19%,56.70%,82.58%,否
603798,603798.SH,康普顿,上交所,主板,石油加工,山东,6.71,7.08,7.29,12.25,5.51%,2.97%,68.04%,82.56%,否
301130,301130.SZ,西点药业,深交所,创业板,化学制药,吉林,15.23,22.32,22.83,27.8,46.55%,2.28%,21.77%,82.53%,否
688190,688190.SH,云路股份,上交所,科创板,矿物制品,山东,51.02,62.11,80.0,93.0,21.74%,28.80%,16.25%,82.28%,否
688543,688543.SH,国科军工,上交所,科创板,专用机械,江西,34.02,35.5,45.55,62.0,4.35%,28.31%,36.11%,82.25%,否
603085,603085.SH,天成自控,上交所,主板,汽车配件,浙江,5.55,7.69,8.77,10.11,38.56%,14.04%,15.28%,82.16%,否
300940,300940.SZ,南极光,深交所,创业板,元器件,深圳,11.84,11.94,12.06,21.51,0.84%,1.01%,78.36%,81.67%,否
002263,002263.SZ,大东南,深交所,主板,塑料,浙江,1.73,1.9,2.02,3.14,9.83%,6.32%,55.45%,81.50%,否
300566,300566.SZ,激智科技,深交所,创业板,元器件,浙江,9.63,13.05,14.6,17.45,35.51%,11.88%,19.52%,81.20%,否
688297,688297.SH,中无人机,上交所,科创板,航空,四川,26.78,28.3,34.12,48.5,5.68%,20.57%,42.15%,81.11%,否
300501,300501.SZ,海顺新材,深交所,创业板,广告包装,上海,8.83,11.21,12.3,15.99,26.95%,9.72%,30.00%,81.09%,否
002400,002400.SZ,省广集团,深交所,主板,广告包装,广东,4.54,4.72,5.95,8.22,3.96%,26.06%,38.15%,81.06%,否
002389,002389.SZ,航天彩虹,深交所,主板,航空,浙江,11.59,13.57,17.51,20.98,17.08%,29.03%,19.82%,81.02%,否
000425,000425.SZ,徐工机械,深交所,主板,工程机械,江苏,5.63,6.58,7.98,10.19,16.87%,21.28%,27.69%,80.99%,否
688355,688355.SH,明志科技,上交所,科创板,机械基件,江苏,10.51,13.12,14.2,19.02,24.83%,8.23%,33.94%,80.97%,否
301330,301330.SZ,熵基科技,深交所,创业板,IT设备,广东,18.02,20.71,20.96,32.61,14.93%,1.21%,55.58%,80.97%,否
300404,300404.SZ,博济医药,深交所,创业板,医疗保健,广东,5.03,7.05,7.77,9.1,40.16%,10.21%,17.12%,80.91%,否
300752,300752.SZ,隆利科技,深交所,创业板,元器件,深圳,8.9,12.94,15.16,16.1,45.39%,17.16%,6.20%,80.90%,否
002692,002692.SZ,远程股份,深交所,主板,电气设备,江苏,2.82,3.56,3.9,5.1,26.24%,9.55%,30.77%,80.85%,否
300745,300745.SZ,欣锐科技,深交所,创业板,汽车配件,深圳,12.58,13.37,13.75,22.75,6.28%,2.84%,65.45%,80.84%,否
688128,688128.SH,中国电研,上交所,科创板,专用机械,广东,14.02,15.72,18.13,25.35,12.13%,15.33%,39.82%,80.81%,否
688026,688026.SH,洁特生物,上交所,科创板,医疗保健,广东,8.36,10.22,11.58,15.1,22.25%,13.31%,30.40%,80.62%,否
300517,300517.SZ,海波重科,深交所,创业板,建筑工程,湖北,5.82,7.64,7.67,10.51,31.27%,0.39%,37.03%,80.58%,否
301287,301287.SZ,康力源,深交所,创业板,文教休闲,江苏,21.21,22.88,24.13,38.3,7.87%,5.46%,58.72%,80.58%,否
002286,002286.SZ,保龄宝,深交所,主板,食品,山东,5.04,5.97,6.45,9.1,18.45%,8.04%,41.09%,80.56%,否
600120,600120.SH,浙江东方,上交所,主板,多元金融,浙江,3.03,3.59,5.02,5.47,18.48%,39.83%,8.96%,80.53%,否
300634,300634.SZ,彩讯股份,深交所,创业板,软件服务,深圳,12.7,13.84,19.3,22.92,8.98%,39.45%,18.76%,80.47%,否
601991,601991.SH,大唐发电,上交所,主板,火力发电,北京,2.25,2.53,2.73,4.06,12.44%,7.91%,48.72%,80.44%,否
301193,301193.SZ,家联科技,深交所,创业板,家居用品,浙江,11.84,13.23,13.43,21.36,11.74%,1.51%,59.05%,80.41%,否
301212,301212.SZ,联盛化学,深交所,创业板,化工原料,浙江,13.98,16.87,18.02,25.22,20.67%,6.82%,39.96%,80.40%,否
603706,603706.SH,东方环宇,上交所,主板,供气供热,新疆,10.51,13.49,15.6,18.96,28.35%,15.64%,21.54%,80.40%,否
300206,300206.SZ,理邦仪器,深交所,创业板,医疗保健,深圳,7.29,8.86,9.55,13.15,21.54%,7.79%,37.70%,80.38%,否
301335,301335.SZ,天元宠物,深交所,创业板,文教休闲,浙江,13.34,16.93,17.4,24.05,26.91%,2.78%,38.22%,80.28%,否
301073,301073.SZ,君亭酒店,深交所,创业板,酒店餐饮,浙江,13.9,14.88,19.1,25.02,7.05%,28.36%,30.99%,80.00%,否
601100,601100.SH,恒立液压,上交所,主板,工程机械,江苏,49.52,52.0,68.0,89.1,5.01%,30.77%,31.03%,79.93%,否
300133,300133.SZ,华策影视,深交所,创业板,影视音像,浙江,3.88,4.98,5.91,6.98,28.35%,18.67%,18.10%,79.90%,否
601519,601519.SH,大智慧,上交所,主板,软件服务,上海,5.78,5.85,8.0,10.39,1.21%,36.75%,29.88%,79.76%,否
688432,688432.SH,有研硅,上交所,科创板,半导体,北京,7.45,8.85,9.86,13.39,18.79%,11.41%,35.80%,79.73%,否
603606,603606.SH,东方电缆,上交所,主板,电气设备,浙江,34.27,44.71,46.74,61.59,30.46%,4.54%,31.77%,79.72%,否
603332,603332.SH,苏州龙杰,上交所,主板,化纤,江苏,6.4,6.9,7.37,11.5,7.81%,6.81%,56.04%,79.69%,否
002437,002437.SZ,誉衡药业,深交所,主板,化学制药,黑龙江,1.67,1.84,2.12,3.0,10.18%,15.22%,41.51%,79.64%,否
605589,605589.SH,圣泉集团,上交所,主板,化工原料,山东,16.11,17.43,22.47,28.92,8.19%,28.92%,28.70%,79.52%,否
603025,603025.SH,大豪科技,上交所,主板,纺织机械,北京,8.0,10.85,11.37,14.36,35.62%,4.79%,26.30%,79.50%,否
300589,300589.SZ,江龙船艇,深交所,创业板,船舶,广东,8.46,10.12,10.18,15.18,19.62%,0.59%,49.12%,79.43%,否
300371,300371.SZ,汇中股份,深交所,创业板,电器仪表,河北,6.49,7.84,8.2,11.64,20.80%,4.59%,41.95%,79.35%,否
000655,000655.SZ,金岭矿业,深交所,主板,普钢,山东,4.59,5.2,5.85,8.23,13.29%,12.50%,40.68%,79.30%,否
001218,001218.SZ,丽臣实业,深交所,主板,化工原料,湖南,13.12,13.23,13.66,23.52,0.84%,3.25%,72.18%,79.27%,否
600310,600310.SH,广西能源,上交所,主板,水力发电,广西,2.65,3.38,3.95,4.75,27.55%,16.86%,20.25%,79.25%,否
001234,001234.SZ,泰慕士,深交所,主板,服饰,江苏,13.98,14.56,14.66,25.05,4.15%,0.69%,70.87%,79.18%,否
603660,603660.SH,苏州科达,上交所,主板,IT设备,江苏,4.95,5.03,5.41,8.86,1.62%,7.55%,63.77%,78.99%,否
301065,301065.SZ,本立科技,深交所,创业板,化学制药,浙江,11.81,17.05,19.6,21.13,44.37%,14.96%,7.81%,78.92%,否
300904,300904.SZ,威力传动,深交所,创业板,电气设备,宁夏,33.82,34.78,47.0,60.49,2.84%,35.14%,28.70%,78.86%,否
600010,600010.SH,包钢股份,上交所,主板,普钢,内蒙,1.37,1.39,1.63,2.45,1.46%,17.27%,50.31%,78.83%,否
002315,002315.SZ,焦点科技,深交所,主板,互联网,江苏,21.53,24.25,30.46,38.47,12.63%,25.61%,26.30%,78.68%,否
301167,301167.SZ,建研设计,深交所,创业板,建筑工程,安徽,8.57,10.9,11.25,15.31,27.19%,3.21%,36.09%,78.65%,否
002616,002616.SZ,长青集团,深交所,主板,环境保护,广东,3.41,3.81,4.75,6.09,11.73%,24.67%,28.21%,78.59%,否
688056,688056.SH,莱伯泰科,上交所,科创板,电器仪表,北京,17.71,20.51,26.52,31.62,15.81%,29.30%,19.23%,78.54%,否
002443,002443.SZ,金洲管道,深交所,主板,钢加工,浙江,4.61,5.19,5.25,8.23,12.58%,1.16%,56.76%,78.52%,否
300809,300809.SZ,华辰装备,深交所,创业板,机床制造,江苏,17.76,18.21,31.24,31.68,2.53%,71.55%,1.41%,78.38%,否
301011,301011.SZ,华立科技,深交所,创业板,文教休闲,广东,11.8,14.55,20.99,21.03,23.31%,44.26%,0.19%,78.22%,否
688088,688088.SH,虹软科技,上交所,科创板,软件服务,浙江,21.43,23.97,36.37,38.18,11.85%,51.73%,4.98%,78.16%,否
601789,601789.SH,宁波建工,上交所,主板,建筑工程,浙江,3.11,3.4,4.38,5.54,9.32%,28.82%,26.48%,78.14%,否
301503,301503.SZ,智迪科技,深交所,创业板,IT设备,广东,18.54,25.8,28.0,32.98,39.16%,8.53%,17.79%,77.89%,否
688099,688099.SH,晶晨股份,上交所,科创板,半导体,上海,44.13,49.5,60.6,78.43,12.17%,22.42%,29.42%,77.72%,否
300412,300412.SZ,迦南科技,深交所,创业板,医疗保健,浙江,2.73,3.21,4.05,4.85,17.58%,26.17%,19.75%,77.66%,否
300143,300143.SZ,盈康生命,深交所,创业板,医疗保健,山东,6.54,7.23,8.12,11.61,10.55%,12.31%,42.98%,77.52%,否
688146,688146.SH,中船特气,上交所,科创板,半导体,河北,22.58,24.9,25.57,40.08,10.27%,2.69%,56.75%,77.50%,否
688659,688659.SH,元琛科技,上交所,科创板,环境保护,安徽,5.03,5.23,5.58,8.92,3.98%,6.69%,59.86%,77.34%,否
300001,300001.SZ,特锐德,深交所,创业板,电气设备,山东,15.5,17.18,21.04,27.48,10.84%,22.47%,30.61%,77.29%,否
300824,300824.SZ,北鼎股份,深交所,创业板,家用电器,深圳,5.5,7.07,7.87,9.75,28.55%,11.32%,23.89%,77.27%,否
300826,300826.SZ,测绘股份,深交所,创业板,建筑工程,江苏,8.64,11.55,12.24,15.31,33.68%,5.97%,25.08%,77.20%,否
601608,601608.SH,中信重工,上交所,主板,专用机械,河南,3.33,3.38,3.87,5.9,1.50%,14.50%,52.45%,77.18%,否
002901,002901.SZ,大博医疗,深交所,主板,医疗保健,福建,23.04,25.87,31.45,40.8,12.28%,21.57%,29.73%,77.08%,否
603089,603089.SH,正裕工业,上交所,主板,汽车配件,浙江,6.54,7.15,7.34,11.58,9.33%,2.66%,57.77%,77.06%,否
688101,688101.SH,三达膜,上交所,科创板,环境保护,陕西,8.7,11.26,11.8,15.4,29.43%,4.80%,30.51%,77.01%,否
300340,300340.SZ,科恒股份,深交所,创业板,电气设备,广东,5.91,7.32,7.66,10.46,23.86%,4.64%,36.55%,76.99%,否
002942,002942.SZ,新农股份,深交所,主板,农药化肥,浙江,10.07,11.12,13.81,17.82,10.43%,24.19%,29.04%,76.96%,否
920925,920925.BJ,锦好医疗,北交所,北交所,医疗保健,广东,9.2,10.61,11.54,16.28,15.33%,8.77%,41.07%,76.96%,否
002973,002973.SZ,侨银股份,深交所,主板,环境保护,广东,7.01,7.65,9.0,12.4,9.13%,17.65%,37.78%,76.89%,否
300134,300134.SZ,大富科技,深交所,创业板,通信设备,安徽,5.57,8.18,9.05,9.85,46.86%,10.64%,8.84%,76.84%,否
300073,300073.SZ,当升科技,深交所,创业板,电气设备,北京,27.82,29.45,33.6,49.19,5.86%,14.09%,46.40%,76.82%,否
000922,000922.SZ,佳电股份,深交所,主板,电气设备,黑龙江,7.5,8.85,9.22,13.26,18.00%,4.18%,43.82%,76.80%,否
001231,001231.SZ,农心科技,深交所,主板,农药化肥,陕西,12.24,13.42,14.74,21.63,9.64%,9.84%,46.74%,76.72%,否
603728,603728.SH,鸣志电器,上交所,主板,电气设备,上海,31.03,34.11,48.68,54.83,9.93%,42.71%,12.63%,76.70%,否
300998,300998.SZ,宁波方正,深交所,创业板,专用机械,浙江,12.11,13.41,13.57,21.39,10.73%,1.19%,57.63%,76.63%,否
300587,300587.SZ,天铁科技,深交所,创业板,橡胶,浙江,3.02,3.56,4.09,5.33,17.88%,14.89%,30.32%,76.49%,否
688373,688373.SH,盟科药业,上交所,科创板,化学制药,上海,3.23,3.69,4.67,5.69,14.24%,26.56%,21.84%,76.16%,否
002021,002021.SZ,中捷资源,深交所,主板,纺织机械,浙江,1.63,1.73,1.76,2.87,6.13%,1.73%,63.07%,76.07%,否
001333,001333.SZ,光华股份,深交所,主板,化工原料,浙江,13.68,15.59,17.53,24.08,13.96%,12.44%,37.36%,76.02%,否
603568,603568.SH,伟明环保,上交所,主板,环境保护,浙江,14.46,17.46,18.2,25.45,20.75%,4.24%,39.84%,76.00%,否
920058,920058.BJ,华洋赛车,北交所,北交所,摩托车,浙江,15.2,15.85,23.5,26.74,4.28%,48.26%,13.79%,75.92%,否
603895,603895.SH,天永智能,上交所,主板,专用机械,上海,14.53,15.66,19.82,25.55,7.78%,26.56%,28.91%,75.84%,否
000791,000791.SZ,甘肃能源,深交所,主板,水力发电,甘肃,4.55,5.62,6.35,8.0,23.52%,12.99%,25.98%,75.82%,否
300299,300299.SZ,富春股份,深交所,创业板,互联网,福建,3.27,3.84,4.53,5.74,17.43%,17.97%,26.71%,75.54%,否
000566,000566.SZ,海南海药,深交所,主板,化学制药,海南,2.9,3.58,3.76,5.09,23.45%,5.03%,35.37%,75.52%,否
600844,600844.SH,金煤科技,上交所,主板,化工原料,内蒙,2.23,2.34,2.59,3.91,4.93%,10.68%,50.97%,75.34%,否
603013,603013.SH,亚普股份,上交所,主板,汽车配件,江苏,11.29,12.99,13.38,19.78,15.06%,3.00%,47.83%,75.20%,否
688060,688060.SH,云涌科技,上交所,科创板,IT设备,江苏,23.35,26.15,28.51,40.88,11.99%,9.02%,43.39%,75.07%,否
603681,603681.SH,永冠新材,上交所,主板,化工原料,上海,9.38,10.14,10.64,16.42,8.10%,4.93%,54.32%,75.05%,否
688234,688234.SH,天岳先进,上交所,科创板,半导体,山东,41.04,45.81,49.71,71.8,11.62%,8.51%,44.44%,74.95%,否
600984,600984.SH,建设机械,上交所,主板,工程机械,陕西,2.15,2.23,3.02,3.76,3.72%,35.43%,24.50%,74.88%,否
002023,002023.SZ,海特高新,深交所,主板,航空,四川,5.65,8.26,8.3,9.88,46.19%,0.48%,19.04%,74.87%,否
002337,002337.SZ,赛象科技,深交所,主板,化工机械,天津,3.3,3.84,4.21,5.77,16.36%,9.64%,37.05%,74.85%,否
603755,603755.SH,日辰股份,上交所,主板,食品,山东,15.19,21.9,23.5,26.55,44.17%,7.31%,12.98%,74.79%,否
603312,603312.SH,西典新能,上交所,主板,电气设备,江苏,24.06,27.76,32.38,42.04,15.38%,16.64%,29.83%,74.73%,否
002090,002090.SZ,金智科技,深交所,主板,电气设备,江苏,5.99,7.19,7.3,10.46,20.03%,1.53%,43.29%,74.62%,否
300101,300101.SZ,振芯科技,深交所,创业板,通信设备,四川,11.35,12.65,14.52,19.81,11.45%,14.78%,36.43%,74.54%,否
002151,002151.SZ,北斗星通,深交所,主板,通信设备,北京,21.01,22.7,22.83,36.64,8.04%,0.57%,60.49%,74.39%,否
300571,300571.SZ,平治信息,深交所,创业板,互联网,浙江,17.62,18.93,22.81,30.72,7.43%,20.50%,34.68%,74.35%,否
002132,002132.SZ,恒星科技,深交所,主板,钢加工,河南,2.02,2.24,2.58,3.52,10.89%,15.18%,36.43%,74.26%,否
688651,688651.SH,盛邦安全,上交所,科创板,软件服务,北京,22.14,24.63,28.4,38.58,11.25%,15.31%,35.85%,74.25%,否
600346,600346.SH,恒力石化,上交所,主板,石油加工,辽宁,11.37,12.51,14.67,19.81,10.03%,17.27%,35.04%,74.23%,否
603020,603020.SH,爱普股份,上交所,主板,食品,上海,5.43,6.28,7.41,9.45,15.65%,17.99%,27.53%,74.03%,否
300182,300182.SZ,捷成股份,深交所,创业板,影视音像,北京,3.18,3.97,4.39,5.53,24.84%,10.58%,25.97%,73.90%,否
300603,300603.SZ,立昂技术,深交所,创业板,通信设备,新疆,6.11,7.37,8.94,10.62,20.62%,21.30%,18.79%,73.81%,否
300213,300213.SZ,佳讯飞鸿,深交所,创业板,通信设备,北京,4.26,6.06,6.53,7.4,42.25%,7.76%,13.32%,73.71%,否
603087,603087.SH,甘李药业,上交所,主板,生物制药,北京,32.5,37.63,40.4,56.4,15.78%,7.36%,39.60%,73.54%,否
002405,002405.SZ,四维图新,深交所,主板,软件服务,北京,5.55,7.38,7.4,9.62,32.97%,0.27%,30.00%,73.33%,否
603181,603181.SH,皇马科技,上交所,主板,化工原料,浙江,8.05,8.59,9.82,13.95,6.71%,14.32%,42.06%,73.29%,否
601198,601198.SH,东兴证券,上交所,主板,证券,北京,7.18,8.2,9.8,12.44,14.21%,19.51%,26.94%,73.26%,否
000837,000837.SZ,秦川机床,深交所,主板,机床制造,陕西,5.88,6.89,10.1,10.17,17.18%,46.59%,0.69%,72.96%,否
300011,300011.SZ,鼎汉技术,深交所,创业板,运输设备,北京,4.32,6.05,6.25,7.47,40.05%,3.31%,19.52%,72.92%,否
301428,301428.SZ,世纪恒通,深交所,创业板,互联网,贵州,20.25,23.58,30.51,35.01,16.44%,29.39%,14.75%,72.89%,否
603105,603105.SH,芯能科技,上交所,主板,电气设备,浙江,6.82,7.1,7.54,11.78,4.11%,6.20%,56.23%,72.73%,否
300105,300105.SZ,龙源技术,深交所,创业板,环境保护,山东,3.99,5.36,5.63,6.89,34.34%,5.04%,22.38%,72.68%,否
600405,600405.SH,动力源,上交所,主板,电气设备,北京,3.2,3.58,3.88,5.52,11.87%,8.38%,42.27%,72.50%,否
603012,603012.SH,创力集团,上交所,主板,专用机械,上海,4.07,4.15,4.66,7.02,1.97%,12.29%,50.64%,72.48%,否
002670,002670.SZ,国盛证券,深交所,主板,证券,江西,8.14,8.93,10.88,14.01,9.71%,21.84%,28.77%,72.11%,否
000938,000938.SZ,紫光股份,深交所,主板,IT设备,北京,14.43,18.54,22.71,24.83,28.48%,22.49%,9.34%,72.07%,否
300629,300629.SZ,新劲刚,深交所,创业板,元器件,广东,12.85,15.28,16.41,22.11,18.91%,7.40%,34.73%,72.06%,否
300121,300121.SZ,阳谷华泰,深交所,创业板,化工原料,山东,6.64,6.9,9.16,11.42,3.92%,32.75%,24.67%,71.99%,否
600455,600455.SH,博通股份,上交所,主板,文教休闲,陕西,14.51,16.58,19.66,24.95,14.27%,18.58%,26.91%,71.95%,否
300775,300775.SZ,三角防务,深交所,创业板,航空,陕西,19.41,19.78,21.15,33.37,1.91%,6.93%,57.78%,71.92%,否
002747,002747.SZ,埃斯顿,深交所,主板,机械基件,江苏,11.32,11.92,15.8,19.46,5.30%,32.55%,23.16%,71.91%,否
600871,600871.SH,石化油服,上交所,主板,石油开采,北京,1.63,1.72,1.73,2.8,5.52%,0.58%,61.85%,71.78%,否
000752,000752.SZ,*ST西发,深交所,主板,啤酒,西藏,5.84,6.61,7.13,10.03,13.18%,7.87%,40.67%,71.75%,是
603219,603219.SH,富佳股份,上交所,主板,家用电器,浙江,8.87,11.62,11.78,15.21,31.00%,1.38%,29.12%,71.48%,否
603912,603912.SH,佳力图,上交所,主板,专用机械,江苏,4.92,5.76,6.81,8.43,17.07%,18.23%,23.79%,71.34%,否
301517,301517.SZ,陕西华达,深交所,创业板,元器件,陕西,30.12,38.3,41.15,51.57,27.16%,7.44%,25.32%,71.22%,否
001209,001209.SZ,洪兴股份,深交所,主板,服饰,广东,11.01,11.53,12.88,18.85,4.72%,11.71%,46.35%,71.21%,否
002642,002642.SZ,荣联科技,深交所,主板,软件服务,北京,4.26,5.85,6.08,7.29,37.32%,3.93%,19.90%,71.13%,否
003003,003003.SZ,天元股份,深交所,主板,广告包装,广东,6.97,7.35,7.84,11.92,5.45%,6.67%,52.04%,71.02%,否
600982,600982.SH,宁波能源,上交所,主板,供气供热,浙江,3.17,3.33,3.98,5.42,5.05%,19.52%,36.18%,70.98%,否
002020,002020.SZ,京新药业,深交所,主板,化学制药,浙江,8.44,10.59,12.66,14.43,25.47%,19.55%,13.98%,70.97%,否
603218,603218.SH,日月股份,上交所,主板,电气设备,浙江,8.36,10.5,10.66,14.29,25.60%,1.52%,34.05%,70.93%,否
600121,600121.SH,郑州煤电,上交所,主板,煤炭开采,河南,2.92,3.15,3.34,4.99,7.88%,6.03%,49.40%,70.89%,否
300579,300579.SZ,数字认证,深交所,创业板,软件服务,北京,15.87,19.92,23.5,27.11,25.52%,17.97%,15.36%,70.83%,否
603165,603165.SH,荣晟环保,上交所,主板,造纸,浙江,8.28,9.86,10.76,14.14,19.08%,9.13%,31.41%,70.77%,否
688777,688777.SH,中控技术,上交所,科创板,专用机械,浙江,36.5,38.8,44.05,62.3,6.30%,13.53%,41.43%,70.68%,否
000026,000026.SZ,飞亚达,深交所,主板,服饰,深圳,7.8,8.9,8.99,13.31,14.10%,1.01%,48.05%,70.64%,否
300610,300610.SZ,晨化股份,深交所,创业板,化工原料,江苏,6.15,7.82,8.03,10.49,27.15%,2.69%,30.64%,70.57%,否
300327,300327.SZ,中颖电子,深交所,创业板,半导体,上海,13.65,17.06,18.87,23.28,24.98%,10.61%,23.37%,70.55%,否
002617,002617.SZ,露笑科技,深交所,主板,电气设备,浙江,4.31,5.02,6.0,7.35,16.47%,19.52%,22.50%,70.53%,否
600743,600743.SH,华远控股,上交所,主板,区域地产,北京,1.05,1.27,1.48,1.79,20.95%,16.54%,20.95%,70.48%,否
600724,600724.SH,宁波富达,上交所,主板,综合类,浙江,3.24,3.59,3.94,5.52,10.80%,9.75%,40.10%,70.37%,否
300214,300214.SZ,日科化学,深交所,创业板,化工原料,山东,4.01,4.35,4.83,6.83,8.48%,11.03%,41.41%,70.32%,否
603373,603373.SH,安邦护卫,上交所,主板,仓储物流,浙江,23.49,24.91,26.12,40.0,6.05%,4.86%,53.14%,70.29%,否
002215,002215.SZ,诺普信,深交所,主板,农药化肥,深圳,5.65,7.76,8.4,9.6,37.35%,8.25%,14.29%,69.91%,否
002434,002434.SZ,万里扬,深交所,主板,汽车配件,浙江,4.45,4.87,5.74,7.56,9.44%,17.86%,31.71%,69.89%,否
603506,603506.SH,南都物业,上交所,主板,房产服务,浙江,6.74,7.45,8.65,11.45,10.53%,16.11%,32.37%,69.88%,否
002522,002522.SZ,浙江众成,深交所,主板,塑料,浙江,3.02,3.07,3.59,5.13,1.66%,16.94%,42.90%,69.87%,否
002631,002631.SZ,德尔未来,深交所,主板,家居用品,江苏,3.71,3.82,4.64,6.3,2.96%,21.47%,35.78%,69.81%,否
600851,600851.SH,海欣股份,上交所,主板,化学制药,上海,4.2,4.82,5.6,7.13,14.76%,16.18%,27.32%,69.76%,否
600444,600444.SH,国机通用,上交所,主板,专用机械,安徽,9.59,11.48,12.4,16.28,19.71%,8.01%,31.29%,69.76%,否
002228,002228.SZ,合兴包装,深交所,主板,广告包装,福建,2.17,2.52,2.67,3.68,16.13%,5.95%,37.83%,69.59%,否
300031,300031.SZ,宝通科技,深交所,创业板,互联网,江苏,11.37,14.18,19.03,19.28,24.71%,34.20%,1.31%,69.57%,否
300829,300829.SZ,金丹科技,深交所,创业板,食品,河南,11.3,12.51,15.34,19.16,10.71%,22.62%,24.90%,69.56%,否
300631,300631.SZ,久吾高科,深交所,创业板,环境保护,江苏,14.5,16.65,17.4,24.57,14.83%,4.50%,41.21%,69.45%,否
688173,688173.SH,希荻微,上交所,科创板,半导体,广东,7.85,7.89,10.2,13.3,0.51%,29.28%,30.39%,69.43%,否
600877,600877.SH,电科芯片,上交所,主板,半导体,重庆,8.94,10.77,10.88,15.14,20.47%,1.02%,39.15%,69.35%,否
300932,300932.SZ,三友联众,深交所,创业板,电气设备,广东,7.76,10.01,12.41,13.14,28.99%,23.98%,5.88%,69.33%,否
600128,600128.SH,苏豪弘业,上交所,主板,商贸代理,江苏,5.89,6.72,7.87,9.97,14.09%,17.11%,26.68%,69.27%,否
002516,002516.SZ,旷达科技,深交所,主板,汽车配件,湖南,3.2,3.78,3.95,5.41,18.12%,4.50%,36.96%,69.06%,否
600080,600080.SH,ST金花,上交所,主板,中成药,陕西,4.62,5.72,6.23,7.81,23.81%,8.92%,25.36%,69.05%,是
300369,300369.SZ,绿盟科技,深交所,创业板,软件服务,北京,4.97,5.81,5.83,8.4,16.90%,0.34%,44.08%,69.01%,否
300663,300663.SZ,科蓝软件,深交所,创业板,软件服务,北京,7.8,11.33,12.51,13.15,45.26%,10.41%,5.12%,68.59%,否
601360,601360.SH,三六零,上交所,主板,互联网,天津,6.24,7.01,8.98,10.52,12.34%,28.10%,17.15%,68.59%,否
000417,000417.SZ,合百集团,深交所,主板,百货,安徽,3.82,4.22,5.08,6.44,10.47%,20.38%,26.77%,68.59%,否
600838,600838.SH,上海九百,上交所,主板,百货,上海,5.81,6.7,7.2,9.79,15.32%,7.46%,35.97%,68.50%,否
000576,000576.SZ,甘化科工,深交所,主板,电气设备,广东,5.09,5.48,5.83,8.57,7.66%,6.39%,47.00%,68.37%,否
003023,003023.SZ,彩虹集团,深交所,主板,家用电器,四川,12.28,15.19,16.1,20.66,23.70%,5.99%,28.32%,68.24%,否
601155,601155.SH,新城控股,上交所,主板,区域地产,江苏,8.33,10.25,11.53,14.01,23.05%,12.49%,21.51%,68.19%,否
301100,301100.SZ,风光股份,深交所,创业板,化工原料,辽宁,10.61,12.05,13.03,17.84,13.57%,8.13%,36.91%,68.14%,否
600329,600329.SH,达仁堂,上交所,主板,中成药,天津,24.35,27.05,29.25,40.9,11.09%,8.13%,39.83%,67.97%,否
300707,300707.SZ,威唐工业,深交所,创业板,汽车配件,江苏,9.02,10.12,11.18,15.14,12.20%,10.47%,35.42%,67.85%,否
300370,300370.SZ,安控科技,深交所,创业板,电器仪表,四川,1.54,1.85,2.25,2.58,20.13%,21.62%,14.67%,67.53%,否
600032,600032.SH,浙江新能,上交所,主板,新型电力,浙江,6.01,6.75,8.15,10.06,12.31%,20.74%,23.44%,67.39%,否
000735,000735.SZ,罗牛山,深交所,主板,农业综合,海南,3.95,4.71,6.34,6.61,19.24%,34.61%,4.26%,67.34%,否
600222,600222.SH,太龙药业,上交所,主板,中成药,河南,3.82,4.46,4.51,6.39,16.75%,1.12%,41.69%,67.28%,否
002526,002526.SZ,山东矿机,深交所,主板,工程机械,山东,1.92,2.11,3.01,3.21,9.90%,42.65%,6.64%,67.19%,否
600210,600210.SH,紫江企业,上交所,主板,广告包装,上海,3.93,4.95,5.7,6.57,25.95%,15.15%,15.26%,67.18%,否
002206,002206.SZ,海利得,深交所,主板,化纤,浙江,3.47,3.58,3.76,5.8,3.17%,5.03%,54.26%,67.15%,否
300228,300228.SZ,富瑞特装,深交所,创业板,化工机械,江苏,5.35,5.54,5.78,8.94,3.55%,4.33%,54.67%,67.10%,否
600218,600218.SH,全柴动力,上交所,主板,汽车配件,安徽,5.45,6.62,6.89,9.1,21.47%,4.08%,32.08%,66.97%,否
603315,603315.SH,福鞍股份,上交所,主板,环境保护,辽宁,8.07,8.46,9.89,13.47,4.83%,16.90%,36.20%,66.91%,否
002406,002406.SZ,远东传动,深交所,主板,汽车配件,河南,4.11,4.86,5.73,6.86,18.25%,17.90%,19.72%,66.91%,否
300557,300557.SZ,理工光科,深交所,创业板,电器仪表,湖北,19.06,22.31,25.13,31.8,17.05%,12.64%,26.54%,66.84%,否
688571,688571.SH,杭华股份,上交所,科创板,染料涂料,浙江,4.22,4.81,5.91,7.04,13.98%,22.87%,19.12%,66.82%,否
000830,000830.SZ,鲁西化工,深交所,主板,化工原料,山东,8.97,9.96,10.76,14.95,11.04%,8.03%,38.94%,66.67%,否
002995,002995.SZ,天地在线,深交所,主板,互联网,北京,12.73,13.18,14.15,21.21,3.53%,7.36%,49.89%,66.61%,否
300675,300675.SZ,建科院,深交所,创业板,建筑工程,深圳,8.5,11.53,11.66,14.16,35.65%,1.13%,21.44%,66.59%,否
001319,001319.SZ,铭科精技,深交所,主板,汽车配件,广东,14.18,17.9,18.95,23.62,26.23%,5.87%,24.64%,66.57%,否
603238,603238.SH,诺邦股份,上交所,主板,纺织,浙江,8.83,9.22,12.57,14.7,4.42%,36.33%,16.95%,66.48%,否
002928,002928.SZ,华夏航空,深交所,主板,空运,贵州,4.58,5.22,6.82,7.61,13.97%,30.65%,11.58%,66.16%,否
301203,301203.SZ,国泰环保,深交所,创业板,环境保护,浙江,23.31,24.26,25.54,38.7,4.08%,5.28%,51.53%,66.02%,否
601016,601016.SH,节能风电,上交所,主板,新型电力,北京,2.61,2.69,2.73,4.33,3.07%,1.49%,58.61%,65.90%,否
002159,002159.SZ,三特索道,深交所,主板,旅游服务,湖北,10.98,12.87,13.13,18.21,17.21%,2.02%,38.69%,65.85%,否
002103,002103.SZ,广博股份,深交所,主板,文教休闲,浙江,4.83,5.12,6.87,8.01,6.00%,34.18%,16.59%,65.84%,否
603048,603048.SH,浙江黎明,上交所,主板,汽车配件,浙江,11.11,12.33,12.96,18.41,10.98%,5.11%,42.05%,65.71%,否
300971,300971.SZ,博亚精工,深交所,创业板,机械基件,湖北,12.53,16.62,17.35,20.74,32.64%,4.39%,19.54%,65.52%,否
300834,300834.SZ,星辉环材,深交所,创业板,化工原料,广东,13.21,16.39,16.99,21.85,24.07%,3.66%,28.61%,65.40%,否
600148,600148.SH,长春一东,上交所,主板,汽车配件,吉林,10.31,14.46,14.5,17.05,40.25%,0.28%,17.59%,65.37%,否
300590,300590.SZ,移为通信,深交所,创业板,通信设备,上海,6.45,9.92,10.21,10.65,53.80%,2.92%,4.31%,65.12%,否
300211,300211.SZ,*ST亿通,深交所,创业板,通信设备,江苏,4.58,5.44,7.37,7.56,18.78%,35.48%,2.58%,65.07%,是
002990,002990.SZ,盛视科技,深交所,主板,软件服务,深圳,17.03,19.4,22.3,28.1,13.92%,14.95%,26.01%,65.00%,否
301398,301398.SZ,星源卓镁,深交所,创业板,汽车配件,浙江,27.0,32.54,39.67,44.55,20.52%,21.91%,12.30%,65.00%,否
603788,603788.SH,宁波高发,上交所,主板,汽车配件,浙江,8.69,11.31,12.3,14.33,30.15%,8.75%,16.50%,64.90%,否
688466,688466.SH,金科环境,上交所,科创板,环境保护,北京,9.92,10.62,13.77,16.35,7.06%,29.66%,18.74%,64.82%,否
600429,600429.SH,三元股份,上交所,主板,乳制品,北京,3.41,3.72,4.03,5.62,9.09%,8.33%,39.45%,64.81%,否
600654,600654.SH,中安科,上交所,主板,仓储物流,湖北,1.93,2.21,2.53,3.18,14.51%,14.48%,25.69%,64.77%,否
300224,300224.SZ,正海磁材,深交所,创业板,矿物制品,山东,8.22,8.25,12.32,13.54,0.36%,49.33%,9.90%,64.72%,否
300722,300722.SZ,新余国科,深交所,创业板,航空,江西,16.53,19.11,24.02,27.2,15.61%,25.69%,13.24%,64.55%,否
002715,002715.SZ,登云股份,深交所,主板,汽车配件,广东,8.49,10.12,11.53,13.97,19.20%,13.93%,21.16%,64.55%,否
300873,300873.SZ,海晨股份,深交所,创业板,仓储物流,江苏,13.0,13.5,16.2,21.38,3.85%,20.00%,31.98%,64.46%,否
300488,300488.SZ,恒锋工具,深交所,创业板,机械基件,浙江,15.7,17.83,25.59,25.81,13.57%,43.52%,0.86%,64.39%,否
603613,603613.SH,国联股份,上交所,主板,互联网,北京,14.8,18.8,20.76,24.33,27.03%,10.43%,17.20%,64.39%,否
300388,300388.SZ,节能国祯,深交所,创业板,环境保护,安徽,4.82,5.49,6.18,7.92,13.90%,12.57%,28.16%,64.32%,否
002775,002775.SZ,文科股份,深交所,主板,建筑工程,广东,2.38,2.52,2.75,3.91,5.88%,9.13%,42.18%,64.29%,否
000409,000409.SZ,云鼎科技,深交所,主板,软件服务,山东,5.91,7.47,9.01,9.7,26.40%,20.62%,7.66%,64.13%,否
301061,301061.SZ,匠心家居,深交所,创业板,家居用品,江苏,45.0,47.6,48.88,73.8,5.78%,2.69%,50.98%,64.00%,否
002183,002183.SZ,怡亚通,深交所,主板,仓储物流,深圳,3.13,3.22,3.84,5.13,2.88%,19.25%,33.59%,63.90%,否
600817,600817.SH,宇通重工,上交所,主板,专用机械,河南,6.48,9.05,9.64,10.62,39.66%,6.52%,10.17%,63.89%,否
600212,600212.SH,绿能慧充,上交所,主板,电气设备,山东,4.34,4.46,6.85,7.11,2.76%,53.59%,3.80%,63.82%,否
600517,600517.SH,国网英大,上交所,主板,多元金融,上海,3.87,4.35,4.45,6.34,12.40%,2.30%,42.47%,63.82%,否
301107,301107.SZ,瑜欣电子,深交所,创业板,机械基件,重庆,15.8,20.73,23.27,25.85,31.20%,12.25%,11.09%,63.61%,否
002465,002465.SZ,海格通信,深交所,主板,通信设备,广东,8.57,8.6,9.65,14.02,0.35%,12.21%,45.28%,63.59%,否
688553,688553.SH,汇宇制药,上交所,科创板,化学制药,四川,9.45,10.06,13.02,15.45,6.46%,29.42%,18.66%,63.49%,否
605133,605133.SH,嵘泰股份,上交所,主板,汽车配件,江苏,15.31,17.62,24.14,25.03,15.09%,37.00%,3.69%,63.49%,否
002538,002538.SZ,ST司特,深交所,主板,农药化肥,安徽,4.04,4.67,5.39,6.6,15.59%,15.42%,22.45%,63.37%,是
600805,600805.SH,悦达投资,上交所,主板,综合类,江苏,3.13,3.5,3.77,5.11,11.82%,7.71%,35.54%,63.26%,否
300768,300768.SZ,迪普科技,深交所,创业板,软件服务,浙江,9.36,12.6,14.21,15.28,34.62%,12.78%,7.53%,63.25%,否
605001,605001.SH,威奥股份,上交所,主板,运输设备,山东,4.2,5.06,5.45,6.85,20.48%,7.71%,25.69%,63.10%,否
000985,000985.SZ,大庆华科,深交所,主板,化工原料,黑龙江,11.12,13.49,13.96,18.13,21.31%,3.48%,29.87%,63.04%,否
603111,603111.SH,康尼机电,上交所,主板,运输设备,江苏,3.83,5.05,5.58,6.24,31.85%,10.50%,11.83%,62.92%,否
002194,002194.SZ,武汉凡谷,深交所,主板,通信设备,湖北,6.01,8.37,8.72,9.79,39.27%,4.18%,12.27%,62.90%,否
002752,002752.SZ,昇兴股份,深交所,主板,广告包装,福建,3.57,4.33,4.83,5.81,21.29%,11.55%,20.29%,62.75%,否
300866,300866.SZ,安克创新,深交所,创业板,元器件,湖南,65.98,68.4,69.98,107.25,3.67%,2.31%,53.26%,62.55%,否
300654,300654.SZ,世纪天鸿,深交所,创业板,出版业,山东,6.38,7.76,8.4,10.37,21.63%,8.25%,23.45%,62.54%,否
600996,600996.SH,贵广网络,上交所,主板,影视音像,贵州,5.61,7.54,7.56,9.11,34.40%,0.27%,20.50%,62.39%,否
002948,002948.SZ,青岛银行,深交所,主板,银行,山东,3.03,3.15,3.91,4.92,3.96%,24.13%,25.83%,62.38%,否
300673,300673.SZ,佩蒂股份,深交所,创业板,饲料,浙江,8.82,11.43,12.3,14.32,29.59%,7.61%,16.42%,62.36%,否
002106,002106.SZ,莱宝高科,深交所,主板,元器件,深圳,6.55,7.53,8.06,10.62,14.96%,7.04%,31.76%,62.14%,否
605588,605588.SH,冠石科技,上交所,主板,元器件,江苏,29.49,34.53,39.91,47.8,17.09%,15.58%,19.77%,62.09%,否
601077,601077.SH,渝农商行,上交所,主板,银行,重庆,4.23,4.93,5.82,6.85,16.55%,18.05%,17.70%,61.94%,否
600388,600388.SH,龙净环保,上交所,主板,环境保护,福建,10.65,10.8,11.17,17.24,1.41%,3.43%,54.34%,61.88%,否
000912,000912.SZ,泸天化,深交所,主板,农药化肥,四川,3.04,3.92,4.01,4.92,28.95%,2.30%,22.69%,61.84%,否
601963,601963.SH,重庆银行,上交所,主板,银行,重庆,6.63,6.92,9.23,10.72,4.37%,33.38%,16.14%,61.69%,否
600796,600796.SH,钱江生化,上交所,主板,环境保护,浙江,3.7,4.1,4.71,5.98,10.81%,14.88%,26.96%,61.62%,否
002520,002520.SZ,日发精机,深交所,主板,机床制造,浙江,3.36,3.96,4.73,5.43,17.86%,19.44%,14.80%,61.61%,否
000519,000519.SZ,中兵红箭,深交所,主板,专用机械,河南,9.79,12.02,15.52,15.82,22.78%,29.12%,1.93%,61.59%,否
301439,301439.SZ,泓淋电力,深交所,创业板,电气设备,山东,9.46,10.87,11.41,15.27,14.90%,4.97%,33.83%,61.42%,否
002671,002671.SZ,龙泉股份,深交所,主板,水泥,山东,3.15,3.53,3.64,5.08,12.06%,3.12%,39.56%,61.27%,否
002442,002442.SZ,龙星科技,深交所,主板,化工原料,河北,3.38,4.02,5.13,5.45,18.93%,27.61%,6.24%,61.24%,否
688113,688113.SH,联测科技,上交所,科创板,专用机械,江苏,22.08,23.31,24.09,35.6,5.57%,3.35%,47.78%,61.23%,否
688187,688187.SH,时代电气,上交所,科创板,运输设备,湖南,31.5,42.11,42.8,50.75,33.68%,1.64%,18.57%,61.11%,否
300883,300883.SZ,龙利得,深交所,创业板,造纸,安徽,3.75,4.02,4.3,6.04,7.20%,6.97%,40.47%,61.07%,否
600235,600235.SH,民丰特纸,上交所,主板,造纸,浙江,3.8,4.5,4.85,6.12,18.42%,7.78%,26.19%,61.05%,否
603565,603565.SH,中谷物流,上交所,主板,水运,上海,6.7,7.25,9.6,10.79,8.21%,32.41%,12.40%,61.04%,否
603022,603022.SH,新通联,上交所,主板,广告包装,上海,6.03,6.24,6.59,9.71,3.48%,5.61%,47.34%,61.03%,否
600860,600860.SH,京城股份,上交所,主板,专用机械,北京,7.1,7.72,9.13,11.43,8.73%,18.26%,25.19%,60.99%,否
600571,600571.SH,信雅达,上交所,主板,软件服务,浙江,8.15,9.0,12.88,13.12,10.43%,43.11%,1.86%,60.98%,否
000951,000951.SZ,中国重汽,深交所,主板,汽车整车,山东,13.41,14.38,18.68,21.58,7.23%,29.90%,15.52%,60.92%,否
600716,600716.SH,凤凰股份,上交所,主板,区域地产,江苏,2.61,2.75,2.78,4.2,5.36%,1.09%,51.08%,60.92%,否
000034,000034.SZ,神州数码,深交所,主板,软件服务,深圳,20.15,24.0,31.61,32.42,19.11%,31.71%,2.56%,60.89%,否
300981,300981.SZ,中红医疗,深交所,创业板,医疗保健,河北,8.31,9.43,9.9,13.36,13.48%,4.98%,34.95%,60.77%,否
002063,002063.SZ,远光软件,深交所,主板,软件服务,广东,4.22,4.72,5.21,6.78,11.85%,10.38%,30.13%,60.66%,否
002243,002243.SZ,力合科创,深交所,主板,广告包装,深圳,5.49,5.83,6.97,8.82,6.19%,19.55%,26.54%,60.66%,否
300230,300230.SZ,永利股份,深交所,创业板,塑料,上海,2.79,3.21,3.59,4.48,15.05%,11.84%,24.79%,60.57%,否
600100,600100.SH,同方股份,上交所,主板,IT设备,北京,4.84,5.1,6.34,7.77,5.37%,24.31%,22.56%,60.54%,否
002036,002036.SZ,联创电子,深交所,主板,元器件,江西,5.41,6.7,8.35,8.68,23.84%,24.63%,3.95%,60.44%,否
601288,601288.SH,农业银行,上交所,主板,银行,北京,4.01,4.63,5.03,6.43,15.46%,8.64%,27.83%,60.35%,否
688566,688566.SH,吉贝尔,上交所,科创板,化学制药,江苏,17.49,18.63,20.77,28.03,6.52%,11.49%,34.95%,60.26%,否
601216,601216.SH,君正集团,上交所,主板,化工原料,内蒙,3.36,3.6,4.63,5.38,7.14%,28.61%,16.20%,60.12%,否
000902,000902.SZ,新洋丰,深交所,主板,农药化肥,湖北,9.42,11.24,12.4,15.08,19.32%,10.32%,21.61%,60.08%,否
000987,000987.SZ,越秀资本,深交所,主板,多元金融,广东,5.1,5.13,5.81,8.16,0.59%,13.26%,40.45%,60.00%,否
002760,002760.SZ,凤形股份,深交所,主板,机械基件,江西,12.2,12.84,14.2,19.52,5.25%,10.59%,37.46%,60.00%,否
300694,300694.SZ,蠡湖股份,深交所,创业板,汽车配件,江苏,6.8,7.6,10.0,10.88,11.76%,31.58%,8.80%,60.00%,否
688030,688030.SH,山石网科,上交所,科创板,软件服务,江苏,9.21,10.15,13.21,14.72,10.21%,30.15%,11.43%,59.83%,否
688613,688613.SH,奥精医疗,上交所,科创板,医疗保健,北京,12.44,13.01,13.15,19.88,4.58%,1.08%,51.18%,59.81%,否
002691,002691.SZ,*ST冀凯,深交所,主板,专用机械,河北,4.64,4.82,6.37,7.41,3.88%,32.16%,16.33%,59.70%,是
600784,600784.SH,鲁银投资,上交所,主板,综合类,山东,4.11,4.87,5.16,6.56,18.49%,5.95%,27.13%,59.61%,否
002102,002102.SZ,ST能特,深交所,主板,化学制药,湖北,1.88,2.26,2.65,3.0,20.21%,17.26%,13.21%,59.57%,是
002666,002666.SZ,德联集团,深交所,主板,化工原料,广东,3.19,3.58,3.7,5.09,12.23%,3.35%,37.57%,59.56%,否
300193,300193.SZ,佳士科技,深交所,创业板,专用机械,深圳,5.11,7.48,7.97,8.15,46.38%,6.55%,2.26%,59.49%,否
688219,688219.SH,会通股份,上交所,科创板,塑料,安徽,6.26,6.65,9.26,9.98,6.23%,39.25%,7.78%,59.42%,否
000061,000061.SZ,农产品,深交所,主板,农业综合,深圳,5.0,5.53,7.16,7.97,10.60%,29.48%,11.31%,59.40%,否
002395,002395.SZ,双象股份,深交所,主板,塑料,江苏,10.64,12.62,13.61,16.96,18.61%,7.84%,24.61%,59.40%,否
000605,000605.SZ,渤海股份,深交所,主板,水务,北京,4.1,4.41,6.0,6.53,7.56%,36.05%,8.83%,59.27%,否
000757,000757.SZ,浩物股份,深交所,主板,汽车服务,四川,2.82,2.9,2.92,4.49,2.84%,0.69%,53.77%,59.22%,否
600099,600099.SH,林海股份,上交所,主板,汽车整车,江苏,6.18,7.42,7.8,9.83,20.06%,5.12%,26.03%,59.06%,否
000886,000886.SZ,海南高速,深交所,主板,区域地产,海南,3.49,4.33,5.25,5.55,24.07%,21.25%,5.71%,59.03%,否
300987,300987.SZ,川网传媒,深交所,创业板,互联网,四川,10.44,11.75,12.33,16.6,12.55%,4.94%,34.63%,59.00%,否
002933,002933.SZ,新兴装备,深交所,主板,航空,北京,19.5,23.89,26.55,31.0,22.51%,11.13%,16.76%,58.97%,否
301009,301009.SZ,可靠股份,深交所,创业板,造纸,浙江,6.8,7.08,8.94,10.81,4.12%,26.27%,20.92%,58.97%,否
601319,601319.SH,中国人保,上交所,主板,保险,北京,4.94,6.12,6.48,7.85,23.89%,5.88%,21.14%,58.91%,否
603528,603528.SH,多伦科技,上交所,主板,软件服务,江苏,4.89,6.05,6.2,7.77,23.72%,2.48%,25.32%,58.90%,否
002550,002550.SZ,千红制药,深交所,主板,生物制药,江苏,4.32,4.95,5.38,6.86,14.58%,8.69%,27.51%,58.80%,否
600858,600858.SH,银座股份,上交所,主板,百货,山东,3.48,4.07,4.32,5.52,16.95%,6.14%,27.78%,58.62%,否
600460,600460.SH,士兰微,上交所,主板,半导体,浙江,16.09,17.61,20.81,25.52,9.45%,18.17%,22.63%,58.61%,否
603303,603303.SH,得邦照明,上交所,主板,家用电器,浙江,8.33,9.97,10.71,13.2,19.69%,7.42%,23.25%,58.46%,否
000685,000685.SZ,中山公用,深交所,主板,水务,广东,6.62,7.26,8.18,10.49,9.67%,12.67%,28.24%,58.46%,否
603099,603099.SH,长白山,上交所,主板,旅游景点,吉林,22.23,23.8,29.73,35.22,7.06%,24.92%,18.47%,58.43%,否
000631,000631.SZ,顺发恒能,深交所,主板,综合类,浙江,2.23,2.34,2.43,3.53,4.93%,3.85%,45.27%,58.30%,否
600596,600596.SH,新安股份,上交所,主板,化工原料,浙江,6.64,6.94,7.53,10.51,4.52%,8.50%,39.58%,58.28%,否
300074,300074.SZ,华平股份,深交所,创业板,软件服务,上海,2.51,3.16,3.43,3.97,25.90%,8.54%,15.74%,58.17%,否
603496,603496.SH,恒为科技,上交所,主板,IT设备,上海,17.12,21.06,21.77,27.07,23.01%,3.37%,24.35%,58.12%,否
301379,301379.SZ,天山电子,深交所,创业板,元器件,广西,14.99,15.38,19.78,23.7,2.60%,28.61%,19.82%,58.11%,否
600778,600778.SH,友好集团,上交所,主板,百货,新疆,3.83,4.36,5.61,6.05,13.84%,28.67%,7.84%,57.96%,否
603598,603598.SH,引力传媒,上交所,主板,互联网,北京,11.69,11.7,13.59,18.46,0.09%,16.15%,35.84%,57.91%,否
301175,301175.SZ,中科环保,深交所,创业板,环境保护,北京,3.99,4.26,5.02,6.3,6.77%,17.84%,25.50%,57.89%,否
000719,000719.SZ,中原传媒,深交所,主板,出版业,河南,7.69,10.44,10.9,12.14,35.76%,4.41%,11.38%,57.87%,否
002416,002416.SZ,爱施德,深交所,主板,电器连锁,深圳,7.4,9.27,10.43,11.68,25.27%,12.51%,11.98%,57.84%,否
002998,002998.SZ,优彩资源,深交所,主板,化纤,江苏,4.69,4.99,5.24,7.4,6.40%,5.01%,41.22%,57.78%,否
000965,000965.SZ,天保基建,深交所,主板,区域地产,天津,2.22,2.89,3.1,3.5,30.18%,7.27%,12.90%,57.66%,否
688509,688509.SH,正元地信,上交所,科创板,软件服务,北京,2.67,2.92,3.0,4.2,9.36%,2.74%,40.00%,57.30%,否
600638,600638.SH,新黄浦,上交所,主板,区域地产,上海,3.69,4.0,4.2,5.79,8.40%,5.00%,37.86%,56.91%,否
002662,002662.SZ,峰璟股份,深交所,主板,汽车配件,北京,2.27,2.66,2.89,3.56,17.18%,8.65%,23.18%,56.83%,否
603339,603339.SH,四方科技,上交所,主板,专用机械,江苏,7.61,9.42,9.51,11.93,23.78%,0.96%,25.45%,56.77%,否
300271,300271.SZ,华宇软件,深交所,创业板,软件服务,北京,4.16,4.8,5.86,6.52,15.38%,22.08%,11.26%,56.73%,否
002530,002530.SZ,金财互联,深交所,主板,专用机械,江苏,5.4,6.37,7.54,8.46,17.96%,18.37%,12.20%,56.67%,否
300937,300937.SZ,药易购,深交所,创业板,医药商业,四川,17.83,18.18,20.69,27.93,1.96%,13.81%,34.99%,56.65%,否
002663,002663.SZ,普邦股份,深交所,主板,建筑工程,广东,1.33,1.36,1.38,2.08,2.26%,1.47%,50.72%,56.39%,否
601890,601890.SH,亚星锚链,上交所,主板,船舶,江苏,6.35,6.61,7.57,9.93,4.09%,14.52%,31.18%,56.38%,否
601700,601700.SH,风范股份,上交所,主板,电气设备,江苏,3.41,3.71,3.9,5.33,8.80%,5.12%,36.67%,56.30%,否
000504,000504.SZ,*ST生物,深交所,主板,医疗保健,湖南,6.24,6.85,7.35,9.75,9.78%,7.30%,32.65%,56.25%,是
600158,600158.SH,中体产业,上交所,主板,文教休闲,天津,6.25,6.77,7.2,9.76,8.32%,6.35%,35.56%,56.16%,否
301238,301238.SZ,瑞泰新材,深交所,创业板,化工原料,江苏,11.72,12.73,14.2,18.3,8.62%,11.55%,28.87%,56.14%,否
600736,600736.SH,苏州高新,上交所,主板,园区开发,江苏,3.71,4.12,4.82,5.79,11.05%,16.99%,20.12%,56.06%,否
002057,002057.SZ,中钢天源,深交所,主板,矿物制品,安徽,5.57,5.98,6.55,8.69,7.36%,9.53%,32.67%,56.01%,否
002328,002328.SZ,新朋股份,深交所,主板,汽车配件,上海,4.0,4.31,4.52,6.24,7.75%,4.87%,38.05%,56.00%,否
600561,600561.SH,江西长运,上交所,主板,公共交通,江西,3.86,4.28,4.58,6.02,10.88%,7.01%,31.44%,55.96%,否
002244,002244.SZ,滨江集团,深交所,主板,区域地产,浙江,6.18,8.45,9.34,9.63,36.73%,10.53%,3.10%,55.83%,否
600356,600356.SH,恒丰纸业,上交所,主板,造纸,黑龙江,5.15,6.25,6.57,8.02,21.36%,5.12%,22.07%,55.73%,否
000990,000990.SZ,诚志股份,深交所,主板,化工原料,江西,5.96,6.42,6.74,9.28,7.72%,4.98%,37.69%,55.70%,否
301298,301298.SZ,东利机械,深交所,创业板,汽车配件,河北,9.25,11.36,11.68,14.4,22.81%,2.82%,23.29%,55.68%,否
301289,301289.SZ,国缆检测,深交所,创业板,电器仪表,上海,32.23,35.72,38.58,50.14,10.83%,8.01%,29.96%,55.57%,否
603676,603676.SH,卫信康,上交所,主板,化学制药,西藏,6.3,7.38,7.9,9.8,17.14%,7.05%,24.05%,55.56%,否
000881,000881.SZ,中广核技,深交所,主板,化工原料,辽宁,4.61,5.93,5.98,7.17,28.63%,0.84%,19.90%,55.53%,否
002479,002479.SZ,富春环保,深交所,主板,新型电力,浙江,3.28,3.81,4.21,5.1,16.16%,10.50%,21.14%,55.49%,否
300527,300527.SZ,ST应急,深交所,创业板,专用机械,湖北,4.94,6.47,6.9,7.68,30.97%,6.65%,11.30%,55.47%,是
002398,002398.SZ,垒知集团,深交所,主板,其他建材,福建,3.1,3.31,3.83,4.81,6.77%,15.71%,25.59%,55.16%,否
001202,001202.SZ,炬申股份,深交所,主板,仓储物流,广东,10.28,10.9,13.41,15.94,6.03%,23.03%,18.87%,55.06%,否
300545,300545.SZ,联得装备,深交所,创业板,专用机械,深圳,18.84,22.71,23.38,29.21,20.54%,2.95%,24.94%,55.04%,否
605398,605398.SH,新炬网络,上交所,主板,软件服务,上海,16.34,16.4,24.43,25.31,0.37%,48.96%,3.60%,54.90%,否
300702,300702.SZ,天宇股份,深交所,创业板,化学制药,浙江,13.16,13.55,17.3,20.38,2.96%,27.68%,17.80%,54.86%,否
000758,000758.SZ,中色股份,深交所,主板,铅锌,北京,3.98,4.1,4.33,6.16,3.02%,5.61%,42.26%,54.77%,否
600423,600423.SH,*ST柳化,上交所,主板,农药化肥,广西,2.18,2.26,2.58,3.37,3.67%,14.16%,30.62%,54.59%,是
000970,000970.SZ,中科三环,深交所,主板,矿物制品,北京,7.15,8.1,10.33,11.05,13.29%,27.53%,6.97%,54.55%,否
300933,300933.SZ,中辰股份,深交所,创业板,电气设备,江苏,4.88,5.53,5.68,7.54,13.32%,2.71%,32.75%,54.51%,否
603931,603931.SH,格林达,上交所,主板,化工原料,浙江,16.8,16.92,21.3,25.94,0.71%,25.89%,21.78%,54.40%,否
300349,300349.SZ,金卡智能,深交所,创业板,电器仪表,浙江,8.42,10.4,10.73,13.0,23.52%,3.17%,21.16%,54.39%,否
600320,600320.SH,振华重工,上交所,主板,专用机械,上海,2.85,3.36,3.66,4.4,17.89%,8.93%,20.22%,54.39%,否
000155,000155.SZ,川能动力,深交所,主板,新型电力,四川,8.65,9.3,9.52,13.34,7.51%,2.37%,40.13%,54.22%,否
300962,300962.SZ,中金辐照,深交所,创业板,医疗保健,深圳,10.18,12.43,12.61,15.69,22.10%,1.45%,24.43%,54.13%,否
600637,600637.SH,东方明珠,上交所,主板,影视音像,上海,6.05,6.34,6.96,9.32,4.79%,9.78%,33.91%,54.05%,否
300079,300079.SZ,数码视讯,深交所,创业板,IT设备,北京,3.35,4.17,4.22,5.16,24.48%,1.20%,22.27%,54.03%,否
300479,300479.SZ,神思电子,深交所,创业板,软件服务,山东,11.6,14.44,16.44,17.86,24.48%,13.85%,8.64%,53.97%,否
300160,300160.SZ,秀强股份,深交所,创业板,家用电器,江苏,3.69,4.36,4.41,5.68,18.16%,1.15%,28.80%,53.93%,否
600983,600983.SH,惠而浦,上交所,主板,家用电器,安徽,6.56,6.86,7.7,10.09,4.57%,12.24%,31.04%,53.81%,否
603527,603527.SH,众源新材,上交所,主板,铜,安徽,6.23,7.0,7.33,9.58,12.36%,4.71%,30.70%,53.77%,否
601369,601369.SH,陕鼓动力,上交所,主板,机械基件,陕西,6.52,7.49,8.08,10.02,14.88%,7.88%,24.01%,53.68%,否
300123,300123.SZ,ST亚光,深交所,创业板,半导体,湖南,3.94,4.45,4.8,6.05,12.94%,7.87%,26.04%,53.55%,是
002303,002303.SZ,美盈森,深交所,主板,造纸,深圳,2.26,2.63,2.87,3.47,16.37%,9.13%,20.91%,53.54%,否
688628,688628.SH,优利德,上交所,科创板,电器仪表,广东,26.1,27.23,29.73,40.07,4.33%,9.18%,34.78%,53.52%,否
688620,688620.SH,安凯微,上交所,科创板,半导体,广东,6.55,6.58,9.98,10.05,0.46%,51.67%,0.70%,53.44%,否
688381,688381.SH,帝奥微,上交所,科创板,半导体,江苏,13.22,14.71,16.64,20.28,11.27%,13.12%,21.88%,53.40%,否
688579,688579.SH,地纬智能,上交所,科创板,软件服务,山东,6.71,7.27,7.94,10.29,8.35%,9.22%,29.60%,53.35%,否
603299,603299.SH,苏盐井神,上交所,主板,食品,江苏,6.92,10.02,10.03,10.61,44.80%,0.10%,5.78%,53.32%,否
002203,002203.SZ,海亮股份,深交所,主板,铜,浙江,8.03,8.06,8.51,12.3,0.37%,5.58%,44.54%,53.18%,否
600926,600926.SH,杭州银行,上交所,主板,银行,浙江,10.59,12.26,14.01,16.22,15.77%,14.27%,15.77%,53.16%,否
002386,002386.SZ,天原股份,深交所,主板,化工原料,四川,3.5,3.69,3.81,5.36,5.43%,3.25%,40.68%,53.14%,否
000421,000421.SZ,南京公用,深交所,主板,供气供热,江苏,4.18,4.62,5.01,6.4,10.53%,8.44%,27.74%,53.11%,否
002753,002753.SZ,永东股份,深交所,主板,化工原料,山西,4.67,5.36,5.57,7.15,14.78%,3.92%,28.37%,53.10%,否
603976,603976.SH,正川股份,上交所,主板,医疗保健,重庆,11.53,13.54,15.02,17.65,17.43%,10.93%,17.51%,53.08%,否
300926,300926.SZ,博俊科技,深交所,创业板,汽车配件,江苏,17.91,18.0,21.16,27.4,0.50%,17.56%,29.49%,52.99%,否
600051,600051.SH,宁波联合,上交所,主板,综合类,浙江,4.57,5.26,5.51,6.98,15.10%,4.75%,26.68%,52.74%,否
688061,688061.SH,灿瑞科技,上交所,科创板,半导体,上海,20.0,21.15,23.86,30.53,5.75%,12.81%,27.95%,52.65%,否
688151,688151.SH,华强科技,上交所,科创板,医疗保健,湖北,12.46,12.98,14.92,19.02,4.17%,14.95%,27.48%,52.65%,否
600107,600107.SH,*ST尔雅,上交所,主板,服饰,湖北,3.67,3.81,3.91,5.6,3.81%,2.62%,43.22%,52.59%,是
002912,002912.SZ,中新赛克,深交所,主板,IT设备,深圳,16.72,16.8,20.25,25.5,0.48%,20.54%,25.93%,52.51%,否
000582,000582.SZ,北部湾港,深交所,主板,港口,广西,6.75,7.07,8.02,10.29,4.74%,13.44%,28.30%,52.44%,否
300665,300665.SZ,飞鹿股份,深交所,创业板,染料涂料,湖南,4.56,4.99,5.14,6.95,9.43%,3.01%,35.21%,52.41%,否
002301,002301.SZ,齐心集团,深交所,主板,文教休闲,深圳,4.33,4.85,5.71,6.59,12.01%,17.73%,15.41%,52.19%,否
688484,688484.SH,南芯科技,上交所,科创板,半导体,上海,22.1,25.46,28.33,33.63,15.20%,11.27%,18.71%,52.17%,否
603968,603968.SH,醋化股份,上交所,主板,化工原料,江苏,8.24,8.38,8.54,12.53,1.70%,1.91%,46.72%,52.06%,否
002441,002441.SZ,众业达,深交所,主板,电气设备,广东,6.15,6.18,6.8,9.34,0.49%,10.03%,37.35%,51.87%,否
601113,601113.SH,华鼎股份,上交所,主板,化纤,浙江,2.72,2.95,3.4,4.13,8.46%,15.25%,21.47%,51.84%,否
601137,601137.SH,博威合金,上交所,主板,小金属,浙江,11.75,13.49,15.14,17.84,14.81%,12.23%,17.83%,51.83%,否
000665,000665.SZ,湖北广电,深交所,主板,影视音像,湖北,3.05,3.62,3.95,4.63,18.69%,9.12%,17.22%,51.80%,否
605018,605018.SH,长华集团,上交所,主板,汽车配件,浙江,6.61,7.02,8.34,10.03,6.20%,18.80%,20.26%,51.74%,否
600679,600679.SH,上海凤凰,上交所,主板,文教休闲,上海,7.6,9.45,9.73,11.53,24.34%,2.96%,18.50%,51.71%,否
603182,603182.SH,嘉华股份,上交所,主板,食品,山东,9.23,10.54,11.67,13.98,14.19%,10.72%,19.79%,51.46%,否
601107,601107.SH,四川成渝,上交所,主板,路桥,四川,3.98,4.54,5.2,6.02,14.07%,14.54%,15.77%,51.26%,否
000419,000419.SZ,通程控股,深交所,主板,百货,湖南,3.62,4.38,4.95,5.47,20.99%,13.01%,10.51%,51.10%,否
600615,600615.SH,鑫源智造,上交所,主板,铝,重庆,7.17,8.6,10.0,10.83,19.94%,16.28%,8.30%,51.05%,否
688595,688595.SH,芯海科技,上交所,科创板,半导体,深圳,19.8,23.09,29.01,29.88,16.62%,25.64%,3.00%,50.91%,否
002334,002334.SZ,英威腾,深交所,主板,电气设备,深圳,5.23,5.53,6.55,7.89,5.74%,18.44%,20.46%,50.86%,否
002193,002193.SZ,ST如意,深交所,主板,纺织,山东,3.78,3.93,4.25,5.7,3.97%,8.14%,34.12%,50.79%,是
002820,002820.SZ,桂发祥,深交所,主板,食品,天津,6.77,7.06,9.31,10.2,4.28%,31.87%,9.56%,50.66%,否
600251,600251.SH,冠农股份,上交所,主板,农业综合,新疆,6.58,6.7,7.21,9.91,1.82%,7.61%,37.45%,50.61%,否
000058,000058.SZ,深赛格,深交所,主板,商品城,深圳,5.24,6.04,6.91,7.89,15.27%,14.40%,14.18%,50.57%,否
002043,002043.SZ,兔宝宝,深交所,主板,其他建材,浙江,9.45,9.88,9.95,14.22,4.55%,0.71%,42.91%,50.48%,否
688592,688592.SH,司南导航,上交所,科创板,通信设备,上海,25.88,29.46,33.33,38.92,13.83%,13.14%,16.77%,50.39%,否
002649,002649.SZ,博彦科技,深交所,主板,软件服务,北京,7.37,8.68,10.0,11.08,17.77%,15.21%,10.80%,50.34%,否
000783,000783.SZ,长江证券,深交所,主板,证券,湖北,4.51,5.01,5.73,6.78,11.09%,14.37%,18.32%,50.33%,否
002824,002824.SZ,和胜股份,深交所,主板,铝,广东,11.16,12.16,12.29,16.76,8.96%,1.07%,36.37%,50.18%,否
002548,002548.SZ,金新农,深交所,主板,饲料,深圳,3.41,3.57,4.05,5.12,4.69%,13.45%,26.42%,50.15%,否
601068,601068.SH,中铝国际,上交所,主板,建筑工程,北京,3.57,3.88,3.95,5.36,8.68%,1.80%,35.70%,50.14%,否
301258,301258.SZ,富士莱,深交所,创业板,化学制药,江苏,19.66,20.22,20.56,29.5,2.85%,1.68%,43.48%,50.05%,否
002412,002412.SZ,汉森制药,深交所,主板,中成药,湖南,4.08,5.13,5.21,6.12,25.74%,1.56%,17.47%,50.00%,否
300428,300428.SZ,立中集团,深交所,创业板,汽车配件,河北,13.0,13.7,14.2,19.5,5.38%,3.65%,37.32%,50.00%,否
300549,300549.SZ,优德精密,深交所,创业板,专用机械,江苏,10.52,12.41,13.52,15.77,17.97%,8.94%,16.64%,49.90%,否
605111,605111.SH,新洁能,上交所,主板,半导体,江苏,25.7,26.62,28.12,38.51,3.58%,5.63%,36.95%,49.84%,否
600409,600409.SH,三友化工,上交所,主板,化纤,河北,4.42,4.68,4.81,6.62,5.88%,2.78%,37.63%,49.77%,否
002399,002399.SZ,海普瑞,深交所,主板,化学制药,深圳,6.9,9.12,9.72,10.33,32.17%,6.58%,6.28%,49.71%,否
301270,301270.SZ,汉仪股份,深交所,创业板,软件服务,北京,20.24,25.0,25.5,30.25,23.52%,2.00%,18.63%,49.46%,否
300941,300941.SZ,创识科技,深交所,创业板,IT设备,福建,13.12,14.94,16.45,19.6,13.87%,10.11%,19.15%,49.39%,否
301208,301208.SZ,中亦科技,深交所,创业板,软件服务,北京,21.9,25.91,28.84,32.71,18.31%,11.31%,13.42%,49.36%,否
688489,688489.SH,三未信安,上交所,科创板,IT设备,北京,24.5,26.11,28.39,36.58,6.57%,8.73%,28.85%,49.31%,否
300088,300088.SZ,长信科技,深交所,创业板,元器件,安徽,3.92,4.61,4.66,5.85,17.60%,1.08%,25.54%,49.23%,否
600257,600257.SH,大湖股份,上交所,主板,渔业,湖南,3.92,4.31,4.49,5.85,9.95%,4.18%,30.29%,49.23%,否
000766,000766.SZ,通化金马,深交所,主板,化学制药,吉林,12.44,13.64,15.66,18.56,9.65%,14.81%,18.52%,49.20%,否
688203,688203.SH,海正生材,上交所,科创板,塑料,浙江,7.38,8.0,8.51,11.01,8.40%,6.37%,29.38%,49.19%,否
300519,300519.SZ,新光药业,深交所,创业板,中成药,浙江,9.6,10.55,11.13,14.32,9.90%,5.50%,28.66%,49.17%,否
600082,600082.SH,ST海泰,上交所,主板,园区开发,天津,2.3,2.34,2.37,3.43,1.74%,1.28%,44.73%,49.13%,是
600604,600604.SH,市北高新,上交所,主板,园区开发,上海,3.49,3.69,4.0,5.2,5.73%,8.40%,30.00%,49.00%,否
600526,600526.SH,菲达环保,上交所,主板,环境保护,浙江,3.45,3.75,4.15,5.14,8.70%,10.67%,23.86%,48.99%,否
002014,002014.SZ,永新股份,深交所,主板,塑料,安徽,7.7,8.43,10.69,11.47,9.48%,26.81%,7.30%,48.96%,否
301149,301149.SZ,隆华新材,深交所,创业板,化工原料,山东,7.52,7.95,8.32,11.2,5.72%,4.65%,34.62%,48.94%,否
300232,300232.SZ,洲明科技,深交所,创业板,元器件,深圳,4.66,5.25,5.27,6.94,12.66%,0.38%,31.69%,48.93%,否
002736,002736.SZ,国信证券,深交所,主板,证券,深圳,7.49,9.08,9.47,11.15,21.23%,4.30%,17.74%,48.87%,否
600098,600098.SH,广州发展,上交所,主板,火力发电,广东,4.96,5.65,5.91,7.38,13.91%,4.60%,24.87%,48.79%,否
301390,301390.SZ,经纬股份,深交所,创业板,建筑工程,浙江,23.67,25.02,28.5,35.21,5.70%,13.91%,23.54%,48.75%,否
300068,300068.SZ,ST南都,深交所,创业板,电气设备,浙江,9.27,11.81,12.45,13.78,27.40%,5.42%,10.68%,48.65%,是
002797,002797.SZ,第一创业,深交所,主板,证券,深圳,4.79,5.25,6.42,7.12,9.60%,22.29%,10.90%,48.64%,否
920946,920946.BJ,森萱医药,北交所,北交所,化学制药,江苏,6.16,6.17,9.03,9.15,0.16%,46.35%,1.33%,48.54%,否
000063,000063.SZ,中兴通讯,深交所,主板,通信设备,深圳,21.56,24.63,28.67,32.0,14.24%,16.40%,11.61%,48.42%,否
300217,300217.SZ,东方电热,深交所,创业板,家用电器,江苏,3.41,3.63,3.72,5.06,6.45%,2.48%,36.02%,48.39%,否
688338,688338.SH,赛科希德,上交所,科创板,医疗保健,北京,18.49,20.01,21.28,27.41,8.22%,6.35%,28.81%,48.24%,否
603551,603551.SH,奥普科技,上交所,主板,家居用品,浙江,7.68,9.24,9.4,11.38,20.31%,1.73%,21.06%,48.18%,否
600456,600456.SH,宝钛股份,上交所,主板,小金属,陕西,21.2,25.54,27.51,31.4,20.47%,7.71%,14.14%,48.11%,否
300688,300688.SZ,创业黑马,深交所,创业板,文教休闲,北京,16.43,21.75,21.79,24.31,32.38%,0.18%,11.56%,47.96%,否
600339,600339.SH,中油工程,上交所,主板,石油开采,新疆,2.63,2.9,2.98,3.89,10.27%,2.76%,30.54%,47.91%,否
301131,301131.SZ,聚赛龙,深交所,创业板,塑料,广东,26.0,28.0,29.8,38.45,7.69%,6.43%,29.03%,47.88%,否
600267,600267.SH,海正药业,上交所,主板,化学制药,浙江,6.46,7.07,8.13,9.54,9.44%,14.99%,17.34%,47.68%,否
603081,603081.SH,大丰实业,上交所,主板,专用机械,浙江,7.62,8.82,8.94,11.24,15.75%,1.36%,25.73%,47.51%,否
002138,002138.SZ,顺络电子,深交所,主板,元器件,深圳,22.92,23.15,23.18,33.8,1.00%,0.13%,45.82%,47.47%,否
300466,300466.SZ,赛摩智能,深交所,创业板,电器仪表,江苏,5.62,6.29,6.87,8.28,11.92%,9.22%,20.52%,47.33%,否
002489,002489.SZ,浙江永强,深交所,主板,家居用品,浙江,2.18,2.67,2.73,3.21,22.48%,2.25%,17.58%,47.25%,否
002343,002343.SZ,慈文传媒,深交所,主板,影视音像,江西,4.05,5.09,5.21,5.96,25.68%,2.36%,14.40%,47.16%,否
002053,002053.SZ,云南能投,深交所,主板,新型电力,云南,8.45,9.96,10.27,12.43,17.87%,3.11%,21.03%,47.10%,否
603041,603041.SH,美思德,上交所,主板,化工原料,江苏,7.82,8.88,9.63,11.5,13.55%,8.45%,19.42%,47.06%,否
301290,301290.SZ,东星医疗,深交所,创业板,医疗保健,江苏,16.6,18.72,19.82,24.4,12.77%,5.88%,23.11%,46.99%,否
600850,600850.SH,电科数字,上交所,主板,软件服务,上海,14.91,17.44,21.05,21.9,16.97%,20.70%,4.04%,46.88%,否
600742,600742.SH,富维股份,上交所,主板,汽车配件,吉林,6.53,7.64,7.67,9.59,17.00%,0.39%,25.03%,46.86%,否
300820,300820.SZ,英杰电气,深交所,创业板,电气设备,四川,30.66,34.31,38.02,44.97,11.90%,10.81%,18.28%,46.67%,否
603700,603700.SH,宁水集团,上交所,主板,电器仪表,浙江,8.36,9.11,9.12,12.26,8.97%,0.11%,34.43%,46.65%,否
301088,301088.SZ,戎美股份,深交所,创业板,服饰,江苏,9.24,10.46,10.75,13.55,13.20%,2.77%,26.05%,46.65%,否
000544,000544.SZ,中原环保,深交所,主板,环境保护,河南,5.6,7.04,7.6,8.21,25.71%,7.95%,8.03%,46.61%,否
300314,300314.SZ,戴维医疗,深交所,创业板,医疗保健,浙江,8.23,9.98,10.1,12.06,21.26%,1.20%,19.41%,46.54%,否
002598,002598.SZ,ST章鼓,深交所,主板,机械基件,山东,5.89,7.05,7.87,8.62,19.69%,11.63%,9.53%,46.35%,是
002515,002515.SZ,金字火腿,深交所,主板,食品,浙江,3.82,4.03,4.75,5.59,5.50%,17.87%,17.68%,46.34%,否
600731,600731.SH,湖南海利,上交所,主板,农药化肥,湖南,4.5,4.79,5.63,6.58,6.44%,17.54%,16.87%,46.22%,否
600814,600814.SH,杭州解百,上交所,主板,百货,浙江,4.94,5.87,7.12,7.22,18.83%,21.29%,1.40%,46.15%,否
002292,002292.SZ,奥飞娱乐,深交所,主板,影视音像,广东,5.03,5.31,7.15,7.35,5.57%,34.65%,2.80%,46.12%,否
688317,688317.SH,之江生物,上交所,科创板,医疗保健,上海,12.58,14.22,14.88,18.38,13.04%,4.64%,23.52%,46.10%,否
603073,603073.SH,彩蝶实业,上交所,主板,纺织,浙江,12.48,12.73,12.77,18.22,2.00%,0.31%,42.68%,45.99%,否
603070,603070.SH,万控智造,上交所,主板,电气设备,浙江,9.7,10.18,10.4,14.16,4.95%,2.16%,36.15%,45.98%,否
002422,002422.SZ,科伦药业,深交所,主板,化学制药,四川,22.25,25.72,30.86,32.48,15.60%,19.98%,5.25%,45.98%,否
003039,003039.SZ,顺控发展,深交所,主板,水务,广东,10.12,10.84,12.0,14.77,7.11%,10.70%,23.08%,45.95%,否
600573,600573.SH,惠泉啤酒,上交所,主板,啤酒,福建,7.49,9.14,10.53,10.93,22.03%,15.21%,3.80%,45.93%,否
600249,600249.SH,两面针,上交所,主板,日用化工,广西,3.67,3.85,4.43,5.35,4.90%,15.06%,20.77%,45.78%,否
002039,002039.SZ,黔源电力,深交所,主板,水力发电,贵州,12.76,14.51,14.88,18.6,13.71%,2.55%,25.00%,45.77%,否
001338,001338.SZ,永顺泰,深交所,主板,啤酒,广东,8.11,8.97,10.51,11.82,10.60%,17.17%,12.46%,45.75%,否
600261,600261.SH,阳光照明,上交所,主板,家用电器,浙江,2.32,2.45,2.68,3.38,5.60%,9.39%,26.12%,45.69%,否
002863,002863.SZ,今飞凯达,深交所,主板,汽车配件,浙江,3.47,3.66,3.89,5.05,5.48%,6.28%,29.82%,45.53%,否
601117,601117.SH,中国化学,上交所,主板,建筑工程,北京,5.83,6.51,6.9,8.47,11.66%,5.99%,22.75%,45.28%,否
002552,002552.SZ,宝鼎科技,深交所,主板,元器件,浙江,10.46,10.73,11.1,15.19,2.58%,3.45%,36.85%,45.22%,否
600810,600810.SH,神马股份,上交所,主板,化纤,河南,5.05,6.16,6.67,7.33,21.98%,8.28%,9.90%,45.15%,否
300664,300664.SZ,鹏鹞环保,深交所,创业板,环境保护,江苏,3.88,4.13,4.38,5.63,6.44%,6.05%,28.54%,45.10%,否
600901,600901.SH,江苏金租,上交所,主板,多元金融,江苏,4.42,4.46,4.94,6.41,0.90%,10.76%,29.76%,45.02%,否
688285,688285.SH,高铁电气,上交所,科创板,运输设备,陕西,5.4,6.06,6.85,7.83,12.22%,13.04%,14.31%,45.00%,否
600131,600131.SH,国网信通,上交所,主板,通信设备,四川,13.41,16.28,17.11,19.44,21.40%,5.10%,13.62%,44.97%,否
002449,002449.SZ,国星光电,深交所,主板,半导体,广东,5.19,6.6,6.98,7.52,27.17%,5.76%,7.74%,44.89%,否
688560,688560.SH,明冠新材,上交所,科创板,电气设备,江西,10.08,10.55,10.78,14.6,4.66%,2.18%,35.44%,44.84%,否
301223,301223.SZ,中荣股份,深交所,创业板,广告包装,广东,12.36,14.03,14.44,17.9,13.51%,2.92%,23.96%,44.82%,否
002743,002743.SZ,富煌钢构,深交所,主板,钢加工,安徽,3.52,3.64,4.56,5.09,3.41%,25.27%,11.62%,44.60%,否
002906,002906.SZ,华阳集团,深交所,主板,汽车配件,广东,18.45,23.88,25.71,26.65,29.43%,7.66%,3.66%,44.44%,否
002556,002556.SZ,辉隆股份,深交所,主板,农药化肥,安徽,3.85,4.51,5.37,5.56,17.14%,19.07%,3.54%,44.42%,否
002034,002034.SZ,旺能环境,深交所,主板,环境保护,浙江,12.0,13.28,15.49,17.32,10.67%,16.64%,11.81%,44.33%,否
603183,603183.SH,建研院,上交所,主板,建筑工程,江苏,2.91,3.12,3.36,4.2,7.22%,7.69%,25.00%,44.33%,否
300311,300311.SZ,ST任子行,深交所,创业板,软件服务,深圳,3.41,3.8,4.73,4.92,11.44%,24.47%,4.02%,44.28%,是
002817,002817.SZ,黄山胶囊,深交所,主板,化学制药,安徽,4.97,5.21,5.4,7.17,4.83%,3.65%,32.78%,44.27%,否
002712,002712.SZ,思美传媒,深交所,主板,广告包装,浙江,3.39,3.6,4.2,4.89,6.19%,16.67%,16.43%,44.25%,否
600000,600000.SH,浦发银行,上交所,主板,银行,上海,6.86,8.66,9.86,9.89,26.24%,13.86%,0.30%,44.17%,否
002864,002864.SZ,盘龙药业,深交所,主板,中成药,陕西,22.0,22.76,24.05,31.7,3.45%,5.67%,31.81%,44.09%,否
601599,601599.SH,浙文影业,上交所,主板,纺织,浙江,2.57,2.97,2.98,3.7,15.56%,0.34%,24.16%,43.97%,否
300359,300359.SZ,全通教育,深交所,创业板,文教休闲,广东,3.3,4.19,4.52,4.75,26.97%,7.88%,5.09%,43.94%,否
603999,603999.SH,读者传媒,上交所,主板,出版业,甘肃,4.56,4.78,5.29,6.56,4.82%,10.67%,24.01%,43.86%,否
002095,002095.SZ,生意宝,深交所,主板,互联网,浙江,11.05,12.46,13.2,15.89,12.76%,5.94%,20.38%,43.80%,否
600031,600031.SH,三一重工,上交所,主板,工程机械,北京,13.02,16.09,18.15,18.72,23.58%,12.80%,3.14%,43.78%,否
002226,002226.SZ,江南化工,深交所,主板,化工原料,安徽,3.66,3.78,5.0,5.26,3.28%,32.28%,5.20%,43.72%,否
688352,688352.SH,颀中科技,上交所,科创板,半导体,安徽,8.26,8.29,9.99,11.87,0.36%,20.51%,18.82%,43.70%,否
002574,002574.SZ,明牌珠宝,深交所,主板,服饰,浙江,3.74,3.99,4.92,5.37,6.68%,23.31%,9.15%,43.58%,否
002313,002313.SZ,日海智能,深交所,主板,通信设备,深圳,5.72,6.46,7.07,8.21,12.94%,9.44%,16.12%,43.53%,否
600649,600649.SH,城投控股,上交所,主板,区域地产,上海,3.03,3.29,4.14,4.34,8.58%,25.84%,4.83%,43.23%,否
600919,600919.SH,江苏银行,上交所,主板,银行,江苏,7.32,7.6,9.24,10.45,3.83%,21.58%,13.10%,42.76%,否
002835,002835.SZ,同为股份,深交所,主板,IT设备,深圳,10.36,13.43,13.72,14.77,29.63%,2.16%,7.65%,42.57%,否
601518,601518.SH,吉林高速,上交所,主板,路桥,吉林,1.95,2.31,2.62,2.78,18.46%,13.42%,6.11%,42.56%,否
601318,601318.SH,中国平安,上交所,主板,保险,深圳,40.37,44.47,48.36,57.5,10.16%,8.75%,18.90%,42.43%,否
600278,600278.SH,东方创业,上交所,主板,商贸代理,上海,4.93,5.72,5.8,7.02,16.02%,1.40%,21.03%,42.39%,否
300725,300725.SZ,药石科技,深交所,创业板,化学制药,江苏,23.56,25.33,27.07,33.48,7.51%,6.87%,23.68%,42.11%,否
600276,600276.SH,恒瑞医药,上交所,主板,化学制药,江苏,37.2,42.24,45.86,52.81,13.55%,8.57%,15.15%,41.96%,否
600728,600728.SH,佳都科技,上交所,主板,软件服务,广东,3.87,3.94,4.15,5.49,1.81%,5.33%,32.29%,41.86%,否
600883,600883.SH,博闻科技,上交所,主板,种植业,云南,5.22,5.46,6.46,7.4,4.60%,18.32%,14.55%,41.76%,否
300174,300174.SZ,元力股份,深交所,创业板,化工原料,福建,10.89,12.03,12.7,15.43,10.47%,5.57%,21.50%,41.69%,否
600833,600833.SH,第一医药,上交所,主板,医药商业,上海,7.91,10.68,10.9,11.2,35.02%,2.06%,2.75%,41.59%,否
300041,300041.SZ,回天新材,深交所,创业板,化工原料,湖北,7.03,7.1,7.26,9.95,1.00%,2.25%,37.05%,41.54%,否
002145,002145.SZ,钛能化学,深交所,主板,化工原料,甘肃,3.18,3.36,3.78,4.5,5.66%,12.50%,19.05%,41.51%,否
603633,603633.SH,徕木股份,上交所,主板,汽车配件,上海,5.16,5.88,6.2,7.3,13.95%,5.44%,17.74%,41.47%,否
000995,000995.SZ,皇台酒业,深交所,主板,白酒,甘肃,9.63,10.23,11.71,13.61,6.23%,14.47%,16.23%,41.33%,否
000813,000813.SZ,德展健康,深交所,主板,化学制药,新疆,2.23,2.44,2.79,3.15,9.42%,14.34%,12.90%,41.26%,否
002559,002559.SZ,亚威股份,深交所,主板,机床制造,江苏,6.53,6.95,7.61,9.22,6.43%,9.50%,21.16%,41.19%,否
301113,301113.SZ,雅艺科技,深交所,创业板,家居用品,浙江,16.33,18.46,19.03,23.05,13.04%,3.09%,21.12%,41.15%,否
600516,600516.SH,方大炭素,上交所,主板,矿物制品,甘肃,3.99,4.0,4.48,5.63,0.25%,12.00%,25.67%,41.10%,否
601825,601825.SH,沪农商行,上交所,主板,银行,上海,6.09,6.89,8.24,8.59,13.14%,19.59%,4.25%,41.05%,否
002678,002678.SZ,珠江钢琴,深交所,主板,文教休闲,广东,3.46,3.57,3.66,4.86,3.18%,2.52%,32.79%,40.46%,否
688001,688001.SH,华兴源创,上交所,科创板,专用机械,江苏,20.08,21.45,21.69,28.18,6.82%,1.12%,29.92%,40.34%,否
001217,001217.SZ,华尔泰,深交所,主板,化工原料,安徽,8.06,8.73,9.27,11.3,8.31%,6.19%,21.90%,40.20%,否
600959,600959.SH,江苏有线,上交所,主板,影视音像,江苏,2.62,2.75,2.9,3.67,4.96%,5.45%,26.55%,40.08%,否
002589,002589.SZ,瑞康医药,深交所,主板,医药商业,山东,2.05,2.31,2.51,2.87,12.68%,8.66%,14.34%,40.00%,否
600433,600433.SH,冠豪高新,上交所,主板,造纸,广东,2.3,2.66,3.04,3.22,15.65%,14.29%,5.92%,40.00%,否
002282,002282.SZ,博深股份,深交所,主板,机械基件,河北,4.77,5.87,6.28,6.67,23.06%,6.98%,6.21%,39.83%,否
600282,600282.SH,南钢股份,上交所,主板,普钢,江苏,3.61,4.06,4.18,5.04,12.47%,2.96%,20.57%,39.61%,否
002239,002239.SZ,奥特佳,深交所,主板,汽车配件,江苏,2.02,2.34,2.36,2.82,15.84%,0.85%,19.49%,39.60%,否
603199,603199.SH,九华旅游,上交所,主板,旅游景点,安徽,27.88,32.41,35.0,38.92,16.25%,7.99%,11.20%,39.60%,否
300802,300802.SZ,矩子科技,深交所,创业板,专用机械,上海,12.41,13.23,13.79,17.31,6.61%,4.23%,25.53%,39.48%,否
002462,002462.SZ,嘉事堂,深交所,主板,医药商业,北京,9.78,10.51,11.25,13.62,7.46%,7.04%,21.07%,39.26%,否
603856,603856.SH,东宏股份,上交所,主板,塑料,山东,8.89,9.86,10.12,12.38,10.91%,2.64%,22.33%,39.26%,否
300737,300737.SZ,科顺股份,深交所,创业板,其他建材,广东,4.08,4.13,4.17,5.68,1.23%,0.97%,36.21%,39.22%,否
301353,301353.SZ,普莱得,深交所,创业板,专用机械,浙江,18.25,21.28,22.29,25.4,16.60%,4.75%,13.95%,39.18%,否
601688,601688.SH,华泰证券,上交所,主板,证券,江苏,13.1,13.11,14.6,18.22,0.08%,11.37%,24.79%,39.08%,否
002344,002344.SZ,海宁皮城,深交所,主板,商品城,浙江,3.02,3.16,3.49,4.2,4.64%,10.44%,20.34%,39.07%,否
002211,002211.SZ,ST宏达,深交所,主板,橡胶,上海,2.41,2.47,2.78,3.35,2.49%,12.55%,20.50%,39.00%,是
301048,301048.SZ,金鹰重工,深交所,创业板,运输设备,湖北,6.99,7.93,8.57,9.71,13.45%,8.07%,13.30%,38.91%,否
000676,000676.SZ,智度股份,深交所,主板,互联网,广东,5.25,6.13,6.41,7.29,16.76%,4.57%,13.73%,38.86%,否
002551,002551.SZ,尚荣医疗,深交所,主板,医疗保健,深圳,2.37,2.46,2.57,3.29,3.80%,4.47%,28.02%,38.82%,否
600640,600640.SH,国脉文化,上交所,主板,影视音像,上海,8.25,9.68,10.11,11.45,17.33%,4.44%,13.25%,38.79%,否
600064,600064.SH,南京高科,上交所,主板,园区开发,江苏,5.75,5.81,6.55,7.98,1.04%,12.74%,21.83%,38.78%,否
600897,600897.SH,厦门空港,上交所,主板,机场,福建,10.96,13.15,13.32,15.17,19.98%,1.29%,13.89%,38.41%,否
603848,603848.SH,好太太,上交所,主板,家居用品,广东,10.82,11.74,12.7,14.97,8.50%,8.18%,17.87%,38.35%,否
300034,300034.SZ,钢研高纳,深交所,创业板,航空,北京,12.64,12.94,14.61,17.47,2.37%,12.91%,19.58%,38.21%,否
603160,603160.SH,汇顶科技,上交所,主板,半导体,深圳,48.04,55.5,62.6,66.35,15.53%,12.79%,5.99%,38.11%,否
002233,002233.SZ,塔牌集团,深交所,主板,水泥,广东,6.42,6.68,7.73,8.86,4.05%,15.72%,14.62%,38.01%,否
600495,600495.SH,晋西车轴,上交所,主板,运输设备,山西,3.01,3.37,3.61,4.15,11.96%,7.12%,14.96%,37.87%,否
600760,600760.SH,中航沈飞,上交所,主板,航空,山东,34.3,37.81,41.66,47.26,10.23%,10.18%,13.44%,37.78%,否
688207,688207.SH,格灵深瞳,上交所,科创板,软件服务,北京,9.95,10.35,11.36,13.7,4.02%,9.76%,20.60%,37.69%,否
002566,002566.SZ,益盛药业,深交所,主板,中成药,吉林,5.31,6.05,6.12,7.31,13.94%,1.16%,19.44%,37.66%,否
300788,300788.SZ,中信出版,深交所,创业板,出版业,北京,21.48,23.0,25.57,29.57,7.08%,11.17%,15.64%,37.66%,否
601398,601398.SH,工商银行,上交所,主板,银行,北京,5.27,5.73,6.74,7.25,8.73%,17.63%,7.57%,37.57%,否
300534,300534.SZ,陇神戎发,深交所,创业板,中成药,甘肃,6.3,7.13,7.83,8.65,13.17%,9.82%,10.47%,37.30%,否
600880,600880.SH,博瑞传播,上交所,主板,广告包装,四川,3.38,3.65,3.78,4.64,7.99%,3.56%,22.75%,37.28%,否
002079,002079.SZ,苏州固锝,深交所,主板,电气设备,江苏,6.8,7.86,7.98,9.33,15.59%,1.53%,16.92%,37.21%,否
603206,603206.SH,嘉环科技,上交所,主板,通信设备,江苏,10.82,12.92,14.26,14.84,19.41%,10.37%,4.07%,37.15%,否
000635,000635.SZ,英力特,深交所,主板,化工原料,宁夏,5.71,5.91,6.75,7.83,3.50%,14.21%,16.00%,37.13%,否
603515,603515.SH,欧普照明,上交所,主板,家用电器,上海,13.43,14.69,14.86,18.41,9.38%,1.16%,23.89%,37.08%,否
002876,002876.SZ,三利谱,深交所,主板,元器件,深圳,17.52,18.4,19.95,24.01,5.02%,8.42%,20.35%,37.04%,否
603617,603617.SH,君禾股份,上交所,主板,机械基件,浙江,5.03,5.04,5.36,6.89,0.20%,6.35%,28.54%,36.98%,否
300759,300759.SZ,康龙化成,深交所,创业板,化学制药,北京,18.51,20.42,20.47,25.35,10.32%,0.24%,23.84%,36.95%,否
000619,000619.SZ,海螺新材,深交所,主板,其他建材,安徽,4.01,4.16,4.66,5.49,3.74%,12.02%,17.81%,36.91%,否
600272,600272.SH,开开实业,上交所,主板,医药商业,上海,8.78,10.4,11.68,12.02,18.45%,12.31%,2.91%,36.90%,否
600660,600660.SH,福耀玻璃,上交所,主板,汽车配件,福建,40.19,50.7,51.88,55.01,26.15%,2.33%,6.03%,36.87%,否
688320,688320.SH,禾川科技,上交所,科创板,电器仪表,浙江,21.12,21.6,27.27,28.9,2.27%,26.25%,5.98%,36.84%,否
688247,688247.SH,宣泰医药,上交所,科创板,化学制药,上海,6.57,7.6,8.49,8.99,15.68%,11.71%,5.89%,36.83%,否
600167,600167.SH,联美控股,上交所,主板,供气供热,辽宁,4.8,5.19,5.28,6.56,8.13%,1.73%,24.24%,36.67%,否
601162,601162.SH,天风证券,上交所,主板,证券,湖北,2.7,2.71,3.57,3.69,0.37%,31.73%,3.36%,36.67%,否
688563,688563.SH,航材股份,上交所,科创板,航空,北京,42.52,45.11,48.52,58.02,6.09%,7.56%,19.58%,36.45%,否
605378,605378.SH,野马电池,上交所,主板,电气设备,浙江,13.95,14.18,17.36,19.03,1.65%,22.43%,9.62%,36.42%,否
605158,605158.SH,华达新材,上交所,主板,钢加工,浙江,5.2,6.49,6.89,7.09,24.81%,6.16%,2.90%,36.35%,否
600653,600653.SH,申华控股,上交所,主板,汽车服务,辽宁,1.24,1.3,1.65,1.69,4.84%,26.92%,2.42%,36.29%,否
300514,300514.SZ,友讯达,深交所,创业板,电器仪表,深圳,9.05,11.59,12.19,12.32,28.07%,5.18%,1.07%,36.13%,否
000852,000852.SZ,石化机械,深交所,主板,化工机械,湖北,4.94,5.19,5.53,6.72,5.06%,6.55%,21.52%,36.03%,否
601368,601368.SH,绿城水务,上交所,主板,水务,广西,3.72,4.17,4.42,5.06,12.10%,6.00%,14.48%,36.02%,否
603367,603367.SH,辰欣药业,上交所,主板,化学制药,山东,11.34,11.9,12.86,15.42,4.94%,8.07%,19.91%,35.98%,否
003020,003020.SZ,立方制药,深交所,主板,化学制药,安徽,16.49,16.8,18.02,22.41,1.88%,7.26%,24.36%,35.90%,否
600386,600386.SH,北巴传媒,上交所,主板,汽车服务,北京,2.79,3.34,3.59,3.79,19.71%,7.49%,5.57%,35.84%,否
000966,000966.SZ,长源电力,深交所,主板,火力发电,湖北,3.61,4.03,4.51,4.9,11.63%,11.91%,8.65%,35.73%,否
688302,688302.SH,海创药业,上交所,科创板,生物制药,四川,26.91,27.29,33.12,36.52,1.41%,21.36%,10.27%,35.71%,否
301276,301276.SZ,嘉曼服饰,深交所,创业板,服饰,北京,15.88,17.31,18.38,21.55,9.01%,6.18%,17.25%,35.71%,否
601838,601838.SH,成都银行,上交所,主板,银行,四川,12.27,13.7,16.52,16.65,11.65%,20.58%,0.79%,35.70%,否
600054,600054.SH,黄山旅游,上交所,主板,旅游景点,安徽,9.28,10.42,11.08,12.58,12.28%,6.33%,13.54%,35.56%,否
000548,000548.SZ,湖南投资,深交所,主板,路桥,湖南,3.72,4.04,4.2,5.04,8.60%,3.96%,20.00%,35.48%,否
003008,003008.SZ,开普检测,深交所,主板,电气设备,河南,15.62,16.1,17.28,21.15,3.07%,7.33%,22.40%,35.40%,否
603096,603096.SH,新经典,上交所,主板,出版业,天津,12.14,14.88,16.08,16.43,22.57%,8.06%,2.18%,35.34%,否
600293,600293.SH,三峡新材,上交所,主板,玻璃,湖北,2.3,2.41,2.46,3.11,4.78%,2.07%,26.42%,35.22%,否
603069,603069.SH,海汽集团,上交所,主板,公共交通,海南,12.77,15.06,15.7,17.25,17.93%,4.25%,9.87%,35.08%,否
002540,002540.SZ,亚太科技,深交所,主板,铝,江苏,4.48,4.98,5.45,6.05,11.16%,9.44%,11.01%,35.04%,否
300288,300288.SZ,朗玛信息,深交所,创业板,软件服务,贵州,8.96,11.1,11.28,12.1,23.88%,1.62%,7.27%,35.04%,否
002157,002157.SZ,正邦科技,深交所,主板,农业综合,江西,2.23,2.61,2.83,3.01,17.04%,8.43%,6.36%,34.98%,否
600662,600662.SH,外服控股,上交所,主板,文教休闲,上海,3.63,4.02,4.72,4.89,10.74%,17.41%,3.60%,34.71%,否
300793,300793.SZ,佳禾智能,深交所,创业板,IT设备,广东,10.27,11.8,12.01,13.83,14.90%,1.78%,15.15%,34.66%,否
600909,600909.SH,华安证券,上交所,主板,证券,安徽,4.1,4.41,4.9,5.52,7.56%,11.11%,12.65%,34.63%,否
000532,000532.SZ,华金资本,深交所,主板,多元金融,广东,9.9,10.88,12.02,13.31,9.90%,10.48%,10.73%,34.44%,否
002152,002152.SZ,广电运通,深交所,主板,IT设备,广东,8.51,9.39,10.62,11.43,10.34%,13.10%,7.63%,34.31%,否
002584,002584.SZ,西陇科学,深交所,主板,化工原料,广东,5.54,6.17,7.43,7.44,11.37%,20.42%,0.13%,34.30%,否
002701,002701.SZ,奥瑞金,深交所,主板,广告包装,北京,3.65,4.17,4.8,4.9,14.25%,15.11%,2.08%,34.25%,否
300188,300188.SZ,国投智能,深交所,创业板,软件服务,福建,9.21,11.27,11.7,12.35,22.37%,3.82%,5.56%,34.09%,否
002999,002999.SZ,天禾股份,深交所,主板,批发业,广东,4.8,5.12,5.98,6.43,6.67%,16.80%,7.53%,33.96%,否
000523,000523.SZ,红棉股份,深交所,主板,食品,广东,2.45,2.46,3.01,3.28,0.41%,22.36%,8.97%,33.88%,否
600803,600803.SH,新奥股份,上交所,主板,供气供热,河北,16.91,18.03,19.3,22.6,6.62%,7.04%,17.10%,33.65%,否
600834,600834.SH,申通地铁,上交所,主板,公共交通,上海,5.8,6.79,7.0,7.75,17.07%,3.09%,10.71%,33.62%,否
001366,001366.SZ,播恩集团,深交所,主板,饲料,江西,9.32,9.66,10.0,12.45,3.65%,3.52%,24.50%,33.58%,否
002978,002978.SZ,安宁股份,深交所,主板,小金属,四川,23.61,24.3,27.73,31.48,2.92%,14.12%,13.52%,33.33%,否
000607,000607.SZ,华媒控股,深交所,主板,广告包装,浙江,3.0,3.07,3.19,4.0,2.33%,3.91%,25.39%,33.33%,否
603351,603351.SH,威尔药业,上交所,主板,化学制药,江苏,17.65,19.85,19.97,23.52,12.46%,0.60%,17.78%,33.26%,否
002287,002287.SZ,奇正藏药,深交所,主板,中成药,西藏,16.55,18.46,20.27,22.04,11.54%,9.80%,8.73%,33.17%,否
603638,603638.SH,艾迪精密,上交所,主板,专用机械,山东,14.48,14.76,16.35,19.27,1.93%,10.77%,17.86%,33.08%,否
002362,002362.SZ,汉王科技,深交所,主板,软件服务,北京,13.44,15.45,16.5,17.85,14.96%,6.80%,8.18%,32.81%,否
600162,600162.SH,香江控股,上交所,主板,全国地产,深圳,1.28,1.34,1.48,1.7,4.69%,10.45%,14.86%,32.81%,否
600825,600825.SH,新华传媒,上交所,主板,出版业,上海,4.08,4.12,5.22,5.4,0.98%,26.70%,3.45%,32.35%,否
600864,600864.SH,哈投股份,上交所,主板,证券,黑龙江,4.71,4.8,5.32,6.23,1.91%,10.83%,17.11%,32.27%,否
600643,600643.SH,爱建集团,上交所,主板,多元金融,上海,3.83,4.1,4.29,5.06,7.05%,4.63%,17.95%,32.11%,否
603116,603116.SH,红蜻蜓,上交所,主板,服饰,浙江,3.99,4.1,4.15,5.27,2.76%,1.22%,26.99%,32.08%,否
002939,002939.SZ,长城证券,深交所,主板,证券,深圳,6.6,6.8,7.15,8.7,3.03%,5.15%,21.68%,31.82%,否
300540,300540.SZ,蜀道装备,深交所,创业板,专用机械,四川,14.3,18.45,18.63,18.84,29.02%,0.98%,1.13%,31.75%,否
000885,000885.SZ,城发环境,深交所,主板,环境保护,河南,9.97,10.62,11.83,13.13,6.52%,11.39%,10.99%,31.70%,否
600503,600503.SH,华丽家族,上交所,主板,区域地产,上海,1.74,1.79,2.03,2.29,2.87%,13.41%,12.81%,31.61%,否
601702,601702.SH,华峰铝业,上交所,主板,铝,上海,14.3,14.77,15.68,18.81,3.29%,6.16%,19.96%,31.54%,否
603321,603321.SH,梅轮电梯,上交所,主板,运输设备,浙江,5.12,5.62,6.11,6.73,9.77%,8.72%,10.15%,31.45%,否
300942,300942.SZ,易瑞生物,深交所,创业板,医疗保健,深圳,6.17,6.39,6.9,8.11,3.57%,7.98%,17.54%,31.44%,否
603029,603029.SH,天鹅股份,上交所,主板,农用机械,山东,13.2,13.33,17.12,17.34,0.98%,28.43%,1.29%,31.36%,否
300770,300770.SZ,新媒股份,深交所,创业板,影视音像,广东,29.31,34.41,34.72,38.5,17.40%,0.90%,10.89%,31.35%,否
300685,300685.SZ,艾德生物,深交所,创业板,医疗保健,福建,16.2,17.7,19.38,21.27,9.26%,9.49%,9.75%,31.30%,否
000925,000925.SZ,众合科技,深交所,主板,运输设备,浙江,5.23,5.5,6.52,6.86,5.16%,18.55%,5.21%,31.17%,否
600628,600628.SH,新世界,上交所,主板,百货,上海,5.3,5.93,6.55,6.94,11.89%,10.46%,5.95%,30.94%,否
600298,600298.SH,安琪酵母,上交所,主板,食品,湖北,29.8,32.39,33.47,39.01,8.69%,3.33%,16.55%,30.91%,否
601939,601939.SH,建设银行,上交所,主板,银行,北京,6.99,7.32,8.77,9.15,4.72%,19.81%,4.33%,30.90%,否
002051,002051.SZ,中工国际,深交所,主板,建筑工程,北京,6.25,6.72,7.31,8.16,7.52%,8.78%,11.63%,30.56%,否
002609,002609.SZ,捷顺科技,深交所,主板,软件服务,深圳,6.22,6.81,7.29,8.12,9.49%,7.05%,11.39%,30.55%,否
002673,002673.SZ,西部证券,深交所,主板,证券,陕西,5.44,6.4,6.95,7.09,17.65%,8.59%,2.01%,30.33%,否
601512,601512.SH,中新集团,上交所,主板,园区开发,江苏,6.46,6.56,6.83,8.41,1.55%,4.12%,23.13%,30.19%,否
000507,000507.SZ,珠海港,深交所,主板,新型电力,广东,4.17,4.45,4.79,5.42,6.71%,7.64%,13.15%,29.98%,否
300699,300699.SZ,光威复材,深交所,创业板,化纤,山东,24.5,25.46,26.58,31.84,3.92%,4.40%,19.79%,29.96%,否
300194,300194.SZ,福安药业,深交所,创业板,化学制药,重庆,2.95,3.75,3.77,3.83,27.12%,0.53%,1.59%,29.83%,否
600425,600425.SH,青松建化,上交所,主板,水泥,新疆,3.09,3.13,3.73,4.01,1.29%,19.17%,7.51%,29.77%,否
603578,603578.SH,三星新材,上交所,主板,家用电器,浙江,9.5,10.82,11.66,12.32,13.89%,7.76%,5.66%,29.68%,否
601827,601827.SH,三峰环境,上交所,主板,环境保护,重庆,6.69,7.75,7.83,8.66,15.84%,1.03%,10.60%,29.45%,否
001324,001324.SZ,长青科技,深交所,主板,运输设备,江苏,13.68,14.41,14.61,17.67,5.34%,1.39%,20.94%,29.17%,否
600824,600824.SH,益民集团,上交所,主板,百货,上海,2.96,3.04,3.65,3.82,2.70%,20.07%,4.66%,29.05%,否
002689,002689.SZ,ST远智,深交所,主板,运输设备,辽宁,2.62,2.64,2.88,3.38,0.76%,9.09%,17.36%,29.01%,是
688057,688057.SH,金达莱,上交所,科创板,环境保护,江西,8.93,9.29,9.33,11.52,4.03%,0.43%,23.47%,29.00%,否
600874,600874.SH,创业环保,上交所,主板,环境保护,天津,4.63,4.9,5.31,5.97,5.83%,8.37%,12.43%,28.94%,否
000779,000779.SZ,甘咨询,深交所,主板,建筑工程,甘肃,6.5,6.86,7.69,8.36,5.54%,12.10%,8.71%,28.62%,否
603385,603385.SH,惠达卫浴,上交所,主板,家居用品,河北,4.82,5.0,5.36,6.19,3.73%,7.20%,15.49%,28.42%,否
601555,601555.SH,东吴证券,上交所,主板,证券,江苏,6.03,6.21,7.27,7.74,2.99%,17.07%,6.46%,28.36%,否
601033,601033.SH,永兴股份,上交所,主板,环境保护,广东,12.1,12.31,14.6,15.45,1.74%,18.60%,5.82%,27.69%,否
300029,300029.SZ,*ST天龙,深交所,创业板,建筑工程,江苏,3.71,3.75,4.19,4.73,1.08%,11.73%,12.89%,27.49%,是
002608,002608.SZ,江苏国信,深交所,主板,火力发电,江苏,6.26,6.82,6.95,7.98,8.95%,1.91%,14.82%,27.48%,否
688126,688126.SH,沪硅产业,上交所,科创板,半导体,上海,13.55,13.78,16.93,17.27,1.70%,22.86%,2.01%,27.45%,否
002419,002419.SZ,天虹股份,深交所,主板,百货,深圳,4.05,4.16,4.61,5.16,2.72%,10.82%,11.93%,27.41%,否
000570,000570.SZ,苏常柴A,深交所,主板,农用机械,江苏,4.09,4.41,4.61,5.21,7.82%,4.54%,13.02%,27.38%,否
600125,600125.SH,铁龙物流,上交所,主板,铁路,辽宁,4.83,5.2,5.66,6.15,7.66%,8.85%,8.66%,27.33%,否
600697,600697.SH,欧亚集团,上交所,主板,百货,吉林,8.9,9.57,10.03,11.33,7.53%,4.81%,12.96%,27.30%,否
000541,000541.SZ,佛山照明,深交所,主板,家用电器,广东,4.31,4.56,5.44,5.48,5.80%,19.30%,0.74%,27.15%,否
601099,601099.SH,太平洋,上交所,主板,证券,云南,2.89,3.18,3.31,3.67,10.03%,4.09%,10.88%,26.99%,否
000750,000750.SZ,国海证券,深交所,主板,证券,广西,2.97,3.01,3.53,3.77,1.35%,17.28%,6.80%,26.94%,否
600853,600853.SH,龙建股份,上交所,主板,建筑工程,黑龙江,2.91,3.04,3.17,3.69,4.47%,4.28%,16.40%,26.80%,否
600483,600483.SH,福能股份,上交所,主板,新型电力,福建,8.01,9.01,9.02,10.14,12.48%,0.11%,12.42%,26.59%,否
603648,603648.SH,畅联股份,上交所,主板,仓储物流,上海,7.28,7.77,8.48,9.21,6.73%,9.14%,8.61%,26.51%,否
600713,600713.SH,南京医药,上交所,主板,医药商业,江苏,3.85,4.22,4.55,4.87,9.61%,7.82%,7.03%,26.49%,否
000828,000828.SZ,东莞控股,深交所,主板,路桥,广东,8.12,8.85,9.28,10.27,8.99%,4.86%,10.67%,26.48%,否
000728,000728.SZ,国元证券,深交所,主板,证券,安徽,5.81,6.53,6.96,7.34,12.39%,6.58%,5.46%,26.33%,否
000782,000782.SZ,恒申新材,深交所,主板,化纤,广东,3.92,4.05,4.32,4.95,3.32%,6.67%,14.58%,26.28%,否
000581,000581.SZ,威孚高科,深交所,主板,汽车配件,江苏,15.89,16.07,17.02,20.06,1.13%,5.91%,17.86%,26.24%,否
603324,603324.SH,盛剑科技,上交所,主板,环境保护,上海,18.3,20.71,21.22,23.1,13.17%,2.46%,8.86%,26.23%,否
603010,603010.SH,万盛股份,上交所,主板,化工原料,浙江,7.91,8.4,8.65,9.98,6.19%,2.98%,15.38%,26.17%,否
688420,688420.SH,美腾科技,上交所,科创板,专用机械,天津,18.0,18.01,18.61,22.69,0.06%,3.33%,21.92%,26.06%,否
002375,002375.SZ,亚厦股份,深交所,主板,装修装饰,浙江,2.92,3.15,3.24,3.68,7.88%,2.86%,13.58%,26.03%,否
300315,300315.SZ,掌趣科技,深交所,创业板,互联网,北京,3.77,4.13,4.21,4.75,9.55%,1.94%,12.83%,25.99%,否
688075,688075.SH,安旭生物,上交所,科创板,医疗保健,浙江,28.98,31.3,33.55,36.5,8.01%,7.19%,8.79%,25.95%,否
002186,002186.SZ,全聚德,深交所,主板,酒店餐饮,北京,7.83,8.67,9.48,9.85,10.73%,9.34%,3.90%,25.80%,否
688009,688009.SH,中国通号,上交所,科创板,运输设备,北京,4.27,4.86,5.24,5.37,13.82%,7.82%,2.48%,25.76%,否
300360,300360.SZ,炬华科技,深交所,创业板,电器仪表,浙江,12.7,13.1,14.39,15.91,3.15%,9.85%,10.56%,25.28%,否
600734,600734.SH,*ST实达,上交所,主板,软件服务,福建,2.89,2.94,3.56,3.61,1.73%,21.09%,1.40%,24.91%,是
603075,603075.SH,热威股份,上交所,主板,家用电器,浙江,15.72,16.5,17.01,19.59,4.96%,3.09%,15.17%,24.62%,否
000731,000731.SZ,四川美丰,深交所,主板,农药化肥,四川,5.69,6.53,6.6,7.09,14.76%,1.07%,7.42%,24.60%,否
605339,605339.SH,南侨食品,上交所,主板,食品,上海,12.64,14.47,15.18,15.75,14.48%,4.91%,3.75%,24.60%,否
002330,002330.SZ,得利斯,深交所,主板,食品,山东,3.52,3.66,4.02,4.38,3.98%,9.84%,8.96%,24.43%,否
002926,002926.SZ,华西证券,深交所,主板,证券,四川,6.55,6.57,7.52,8.15,0.31%,14.46%,8.38%,24.43%,否
600794,600794.SH,保税科技,上交所,主板,仓储物流,江苏,2.84,2.99,3.08,3.53,5.28%,3.01%,14.61%,24.30%,否
000717,000717.SZ,中南股份,深交所,主板,普钢,广东,1.91,1.95,2.15,2.37,2.09%,10.26%,10.23%,24.08%,否
000928,000928.SZ,中钢国际,深交所,主板,建筑工程,吉林,5.03,5.29,5.62,6.24,5.17%,6.24%,11.03%,24.06%,否
000411,000411.SZ,英特集团,深交所,主板,医药商业,浙江,8.32,9.1,9.33,10.32,9.38%,2.53%,10.61%,24.04%,否
000156,000156.SZ,华数传媒,深交所,主板,影视音像,浙江,5.67,6.14,6.83,7.03,8.29%,11.24%,2.93%,23.99%,否
300847,300847.SZ,中船汉光,深交所,创业板,化工原料,河北,12.3,13.95,14.83,15.25,13.41%,6.31%,2.83%,23.98%,否
000919,000919.SZ,金陵药业,深交所,主板,化学制药,江苏,5.38,5.83,5.9,6.66,8.36%,1.20%,12.88%,23.79%,否
000030,000030.SZ,富奥股份,深交所,主板,汽车配件,吉林,3.8,4.39,4.55,4.7,15.53%,3.64%,3.30%,23.68%,否
000597,000597.SZ,东北制药,深交所,主板,化学制药,辽宁,3.8,4.14,4.62,4.7,8.95%,11.59%,1.73%,23.68%,否
600178,600178.SH,东安动力,上交所,主板,汽车配件,黑龙江,8.39,8.73,8.88,10.37,4.05%,1.72%,16.78%,23.60%,否
603860,603860.SH,中公高科,上交所,主板,建筑工程,北京,22.6,24.91,25.23,27.92,10.22%,1.28%,10.66%,23.54%,否
300625,300625.SZ,三雄极光,深交所,创业板,家用电器,广东,8.88,9.37,9.73,10.96,5.52%,3.84%,12.64%,23.42%,否
000333,000333.SZ,美的集团,深交所,主板,家用电器,广东,59.02,66.2,68.42,72.8,12.17%,3.35%,6.40%,23.35%,否
000652,000652.SZ,泰达股份,深交所,主板,批发业,天津,2.99,3.15,3.33,3.68,5.35%,5.71%,10.51%,23.08%,否
688606,688606.SH,奥泰生物,上交所,科创板,医疗保健,浙江,50.92,55.16,61.82,62.52,8.33%,12.07%,1.13%,22.78%,否
000563,000563.SZ,陕国投A,深交所,主板,多元金融,陕西,2.65,2.82,3.1,3.25,6.42%,9.93%,4.84%,22.64%,否
600642,600642.SH,申能股份,上交所,主板,火力发电,上海,7.19,7.57,8.68,8.79,5.29%,14.66%,1.27%,22.25%,否
600037,600037.SH,歌华有线,上交所,主板,影视音像,北京,5.73,5.99,6.36,7.0,4.54%,6.18%,10.06%,22.16%,否
300425,300425.SZ,中建环能,深交所,创业板,环境保护,四川,3.76,3.99,4.36,4.59,6.12%,9.27%,5.28%,22.07%,否
000978,000978.SZ,桂林旅游,深交所,主板,旅游景点,广西,5.18,5.59,5.62,6.31,7.92%,0.54%,12.28%,21.81%,否
603053,603053.SH,成都燃气,上交所,主板,供气供热,四川,7.98,8.21,8.92,9.7,2.88%,8.65%,8.74%,21.55%,否
000810,000810.SZ,创维数字,深交所,主板,家用电器,四川,8.42,8.83,10.0,10.23,4.87%,13.25%,2.30%,21.50%,否
600512,600512.SH,腾达建设,上交所,主板,建筑工程,浙江,1.83,1.92,1.99,2.22,4.92%,3.65%,11.56%,21.31%,否
002078,002078.SZ,太阳纸业,深交所,主板,造纸,山东,11.92,12.29,13.52,14.45,3.10%,10.01%,6.88%,21.22%,否
600682,600682.SH,南京新百,上交所,主板,生物制药,江苏,5.11,5.24,5.5,6.17,2.54%,4.96%,12.18%,20.74%,否
600704,600704.SH,物产中大,上交所,主板,仓储物流,浙江,4.06,4.14,4.58,4.9,1.97%,10.63%,6.99%,20.69%,否
002011,002011.SZ,盾安环境,深交所,主板,家用电器,浙江,9.7,9.76,10.27,11.66,0.62%,5.23%,13.53%,20.21%,否
002714,002714.SZ,牧原股份,深交所,主板,农业综合,河南,35.3,36.05,40.58,42.3,2.12%,12.57%,4.24%,19.83%,否
600059,600059.SH,古越龙山,上交所,主板,红黄酒,浙江,7.19,7.76,8.14,8.61,7.93%,4.90%,5.77%,19.75%,否
600378,600378.SH,昊华科技,上交所,主板,化工原料,四川,24.86,25.63,25.81,29.74,3.10%,0.70%,15.23%,19.63%,否
000900,000900.SZ,现代投资,深交所,主板,路桥,湖南,3.29,3.43,3.67,3.93,4.26%,7.00%,7.08%,19.45%,否
603018,603018.SH,华设集团,上交所,主板,建筑工程,江苏,5.95,6.26,7.04,7.1,5.21%,12.46%,0.85%,19.33%,否
600182,600182.SH,S佳通,上交所,主板,汽车配件,黑龙江,11.36,12.37,13.28,13.53,8.89%,7.36%,1.88%,19.10%,否
600017,600017.SH,日照港,上交所,主板,港口,山东,2.53,2.64,2.88,3.01,4.35%,9.09%,4.51%,18.97%,否
688505,688505.SH,复旦张江,上交所,科创板,化学制药,上海,6.24,6.5,6.8,7.42,4.17%,4.62%,9.12%,18.91%,否
300656,300656.SZ,民德电子,深交所,创业板,IT设备,深圳,16.95,17.68,19.1,20.13,4.31%,8.03%,5.39%,18.76%,否
002500,002500.SZ,山西证券,深交所,主板,证券,山西,4.52,4.94,5.29,5.36,9.29%,7.09%,1.32%,18.58%,否
601236,601236.SH,红塔证券,上交所,主板,证券,云南,6.55,6.79,6.99,7.76,3.66%,2.95%,11.02%,18.47%,否
603345,603345.SH,安井食品,上交所,主板,食品,福建,68.61,70.62,76.4,81.25,2.93%,8.18%,6.35%,18.42%,否
600369,600369.SH,西南证券,上交所,主板,证券,重庆,3.4,3.62,3.86,4.02,6.47%,6.63%,4.15%,18.24%,否
603995,603995.SH,甬金股份,上交所,主板,特种钢,浙江,13.88,15.91,16.23,16.4,14.63%,2.01%,1.05%,18.16%,否
601375,601375.SH,中原证券,上交所,主板,证券,河南,3.31,3.5,3.62,3.9,5.74%,3.43%,7.73%,17.82%,否
000883,000883.SZ,湖北能源,深交所,主板,水力发电,湖北,4.09,4.56,4.6,4.81,11.49%,0.88%,4.57%,17.60%,否
002061,002061.SZ,浙江交科,深交所,主板,建筑工程,浙江,3.15,3.38,3.62,3.7,7.30%,7.10%,2.21%,17.46%,否
600351,600351.SH,亚宝药业,上交所,主板,中成药,山西,5.2,5.31,5.35,6.1,2.12%,0.75%,14.02%,17.31%,否
000927,000927.SZ,中国铁物,深交所,主板,仓储物流,天津,2.27,2.33,2.35,2.66,2.64%,0.86%,13.19%,17.18%,否
600185,600185.SH,珠免集团,上交所,主板,旅游服务,广东,4.87,4.89,5.52,5.7,0.41%,12.88%,3.26%,17.04%,否
601377,601377.SH,兴业证券,上交所,主板,证券,福建,5.14,5.24,5.42,6.01,1.95%,3.44%,10.89%,16.93%,否
600008,600008.SH,首创环保,上交所,主板,水务,北京,2.65,2.83,2.94,3.09,6.79%,3.89%,5.10%,16.60%,否
600908,600908.SH,无锡银行,上交所,主板,银行,江苏,4.82,4.97,5.28,5.62,3.11%,6.24%,6.44%,16.60%,否
600963,600963.SH,岳阳林纸,上交所,主板,造纸,湖南,3.9,4.0,4.13,4.51,2.56%,3.25%,9.20%,15.64%,否
002966,002966.SZ,苏州银行,深交所,主板,银行,江苏,6.89,6.96,7.71,7.93,1.02%,10.78%,2.85%,15.09%,否
600754,600754.SH,锦江酒店,上交所,主板,酒店餐饮,上海,22.42,23.23,24.29,25.76,3.61%,4.56%,6.05%,14.90%,否
300470,300470.SZ,中密控股,深交所,创业板,机械基件,四川,30.06,30.62,31.87,34.38,1.86%,4.08%,7.88%,14.37%,否
002116,002116.SZ,中国海诚,深交所,主板,建筑工程,上海,8.42,8.56,8.98,9.63,1.66%,4.91%,7.24%,14.37%,否
688533,688533.SH,上声电子,上交所,科创板,汽车配件,江苏,21.35,23.44,23.53,24.4,9.79%,0.38%,3.70%,14.29%,否
600717,600717.SH,天津港,上交所,主板,港口,天津,3.84,4.24,4.25,4.38,10.42%,0.24%,3.06%,14.06%,否
000498,000498.SZ,山东路桥,深交所,主板,建筑工程,山东,4.84,4.98,5.35,5.51,2.89%,7.43%,2.99%,13.84%,否
603066,603066.SH,音飞储存,上交所,主板,仓储物流,江苏,8.27,9.05,9.07,9.4,9.43%,0.22%,3.64%,13.66%,否
600196,600196.SH,复星医药,上交所,主板,化学制药,上海,21.08,22.36,22.88,23.8,6.07%,2.33%,4.02%,12.90%,否
301332,301332.SZ,德尔玛,深交所,创业板,家用电器,广东,7.7,8.34,8.36,8.64,8.31%,0.24%,3.35%,12.21%,否
000089,000089.SZ,深圳机场,深交所,主板,机场,深圳,5.9,5.99,6.23,6.55,1.53%,4.01%,5.14%,11.02%,否
001213,001213.SZ,中铁特货,深交所,主板,铁路,北京,3.55,3.72,3.89,3.92,4.79%,4.57%,0.77%,10.42%,否
002932,002932.SZ,*ST明德,深交所,主板,医疗保健,湖北,14.82,15.46,16.1,16.31,4.32%,4.14%,1.30%,10.05%,是
601860,601860.SH,紫金银行,上交所,主板,银行,江苏,2.4,2.43,2.58,2.64,1.25%,6.17%,2.33%,10.00%,否
000166,000166.SZ,申万宏源,深交所,主板,证券,新疆,4.23,4.26,4.52,4.65,0.71%,6.10%,2.88%,9.93%,否
301559,301559.SZ,中集环科,深交所,创业板,专用机械,江苏,13.83,14.08,14.16,15.13,1.81%,0.57%,6.85%,9.40%,否
002302,002302.SZ,西部建设,深交所,主板,水泥,新疆,5.27,5.43,5.46,5.48,3.04%,0.55%,0.37%,3.98%,否
